d1_disease_id,d1_disease_label,d2_disease_id,d2_disease_label,drug_labels,trial_count_total
MONDO:0005498,Botulism,MONDO:0009672,Proximal spinal muscular atrophy type 3,['AMIFAMPRIDINE'],2
MONDO:0005498,Botulism,MONDO:0018556,Lambert-Eaton myasthenic syndrome,['AMIFAMPRIDINE'],3
MONDO:0005498,Botulism,MONDO:0009688,Myasthenia gravis,['AMIFAMPRIDINE'],4
MONDO:0011399,Alpha-thalassemia,MONDO:0012197,Idiopathic aplastic anemia,['DEFERITAZOLE'],3
MONDO:0011399,Alpha-thalassemia,MONDO:0011012,Dietary iron overload disease,"['DEFERITAZOLE', ""(S)-3'-(OH)-DESAZADESFERRITHIOCIN-POLYETHER, MAGNESIUM SALT""]",2
MONDO:0011399,Alpha-thalassemia,MONDO:0020721,X-linked sideroblastic anemia,"['DEFERITAZOLE', ""(S)-3'-(OH)-DESAZADESFERRITHIOCIN-POLYETHER, MAGNESIUM SALT""]",2
MONDO:0011399,Alpha-thalassemia,MONDO:0015253,Diamond-Blackfan anemia,['DEFERITAZOLE'],3
MONDO:0011399,Alpha-thalassemia,MONDO:0019402,Beta-thalassemia,"['DEFERITAZOLE', 'SYNTHETIC DOUBLE-STRANDED SIRNA OLIGONUCLEOTIDE DIRECTED AGAINST TMPRSS6 MRNA AND COVALENTLY LINKED TO A LIGAND CONTAINING THREE N-ACETYLGALACTOSAMINE RESIDUES', 'MITAPIVAT', ""(S)-3'-(OH)-DESAZADESFERRITHIOCIN-POLYETHER, MAGNESIUM SALT""]",4
MONDO:0019736,Dense deposit disease,MONDO:0018904,Primary membranoproliferative glomerulonephritis,['ENALAPRIL MALEATE'],2
MONDO:0019736,Dense deposit disease,MONDO:0013892,C3 glomerulonephritis,['ENALAPRIL MALEATE'],2
MONDO:0019736,Dense deposit disease,MONDO:0008542,Tetralogy of Fallot,['ENALAPRIL MALEATE'],3
MONDO:0010745,Beta-thalassemia-X-linked thrombocytopenia syndrome,MONDO:0008558,autoimmune thrombocytopenic purpura,['ELTROMBOPAG OLAMINE'],17
MONDO:0010745,Beta-thalassemia-X-linked thrombocytopenia syndrome,MONDO:0010518,Wiskott-Aldrich syndrome,['ELTROMBOPAG OLAMINE'],2
MONDO:0010745,Beta-thalassemia-X-linked thrombocytopenia syndrome,MONDO:0009276,Bernard-Soulier syndrome,['ELTROMBOPAG OLAMINE'],2
MONDO:0010745,Beta-thalassemia-X-linked thrombocytopenia syndrome,MONDO:0015912,MYH9-related disease,['ELTROMBOPAG OLAMINE'],2
MONDO:0010745,Beta-thalassemia-X-linked thrombocytopenia syndrome,MONDO:0019391,Fanconi anemia,['ELTROMBOPAG OLAMINE'],2
MONDO:0017160,Behavioral variant of frontotemporal dementia,MONDO:0010857,Semantic dementia,['LATOZINEMAB'],4
MONDO:0017160,Behavioral variant of frontotemporal dementia,MONDO:0015059,Progressive non-fluent aphasia,['LATOZINEMAB'],4
MONDO:0018177,glioblastoma,MONDO:0018876,mantle cell lymphoma,"['SARGRAMOSTIM', 'DURVALUMAB', 'CHEMBL4303800', 'VELIPARIB', 'CHEMBL78', 'CARMUSTINE', 'VOXTALISIB', 'IBRUTINIB', 'LEVOLEUCOVORIN', 'CHEMBL3210645', 'BEVACIZUMAB', 'DASATINIB', 'CHEMBL1740907', 'PALBOCICLIB', 'IXAZOMIB CITRATE', 'VISMODEGIB', 'ETOPOSIDE', 'EVEROLIMUS', 'VALPROIC ACID', 'TOCILIZUMAB', 'CISPLATIN', '7-ETHYL-10-HYDROXYCAMPTOTHECIN', 'RAMUCIRUMAB', 'ABEMACICLIB', 'TEMSIROLIMUS', 'DARATUMUMAB', 'CHEMBL3560003', 'ENZASTAURIN', 'FLUDARABINE', 'CYCLOPHOSPHAMIDE ANHYDROUS', 'BORTEZOMIB', 'ACALABRUTINIB', 'TIPIFARNIB', 'CHEMBL558551', 'SORAFENIB', 'CYCLOPHOSPHAMIDE', 'PEMBROLIZUMAB', 'ATEZOLIZUMAB', 'NIVOLUMAB', 'DEXAMETHASONE VALARATE', 'VORINOSTAT', 'CHEMBL2141644', 'BUPARLISIB', 'BELINOSTAT']",14
MONDO:0018177,glioblastoma,MONDO:0018906,follicular lymphoma,"['SARGRAMOSTIM', 'DURVALUMAB', 'CHEMBL4303800', 'CHEMBL78', 'CARMUSTINE', 'IBRUTINIB', 'CHEMBL3210645', 'BEVACIZUMAB', 'DASATINIB', 'CHEMBL1740907', 'ETOPOSIDE', 'IXAZOMIB CITRATE', 'VISMODEGIB', 'TOCILIZUMAB', '7-ETHYL-10-HYDROXYCAMPTOTHECIN', 'DARATUMUMAB', 'ENZASTAURIN', 'FLUDARABINE', 'CYCLOPHOSPHAMIDE ANHYDROUS', 'BORTEZOMIB', 'ACALABRUTINIB', 'CHEMBL558551', 'IDASANUTLIN', 'CYCLOPHOSPHAMIDE', 'PEMBROLIZUMAB', 'ATEZOLIZUMAB', 'NIVOLUMAB', 'DEXAMETHASONE VALARATE', 'VORINOSTAT', 'BUPARLISIB', 'BELINOSTAT']",102
MONDO:0018177,glioblastoma,MONDO:0009693,plasma cell myeloma,"['TADALAFIL', 'CHEMBL78', 'IBRUTINIB', 'BEVACIZUMAB', 'CHEMBL1740907', 'ETOPOSIDE', 'CHEMBL48', 'TOCILIZUMAB', 'CISPLATIN', 'CHEMBL3560003', 'IPILIMUMAB', 'DUAL MTOR KINASE AND DNA-PK INHIBITOR', 'POMALIDOMIDE', 'SUNITINIB', 'CHEMBL4578973', 'VATALANIB', 'SORAFENIB', 'PERIFOSINE', 'MOTEXAFIN GADOLINIUM', 'ISOTRETINOIN', 'VORINOSTAT', 'TOPOTECAN', 'DEFACTINIB', 'ACALABRUTINIB', 'DURVALUMAB', 'BROMODOMAIN AND EXTRA-TERMINAL (BET) PROTEINS 2, 3, AND 4 INHIBITOR', 'DASATINIB', 'AVUTOMETINIB', 'DUAL TORC1/2 INHIBITOR', 'ABEMACICLIB', 'CHEMBL2136735', 'CILENGITIDE', 'LERIGLITAZONE', 'TEMSIROLIMUS', 'DARATUMUMAB', 'FLUDARABINE', 'CETUXIMAB', 'APREPITANT', 'TIPIFARNIB', '6-O-BENZYLGUANINE', 'IDASANUTLIN', 'CHEMBL3186743', 'SAPANISERTIB', 'CATEQUENTINIB', 'DEXAMETHASONE VALARATE', 'RUXOLITINIB', 'CHEMBL1825138', 'SARGRAMOSTIM', 'ERDAFITINIB', 'CELECOXIB', 'CHEMBL3210645', 'PALBOCICLIB', 'IXAZOMIB CITRATE', 'VISMODEGIB', 'DITIOCARB', 'ONATASERTIB', 'ENZASTAURIN', 'CYCLOPHOSPHAMIDE ANHYDROUS', 'BORTEZOMIB', 'VANDETANIB', 'HYDROXYCHLOROQUINE', 'CHEMBL558551', 'METFORMIN', 'ATORVASTATIN', 'NIVOLUMAB', 'BENDAMUSTINE-VORINOSTAT FUSION MOLECULE', 'CHEMBL2141644', 'OLAPTESED PEGOL', 'MARIZOMIB', 'BELINOSTAT', 'CHEMBL4303800', 'ADAVOSERTIB', 'CARMUSTINE', 'LEVOLEUCOVORIN', 'EVEROLIMUS', 'TINOSTAMUSTINE', 'SELINEXOR', 'DEXAMETHASONE', 'AUTOLOGOUS DENDRITIC CELLS PULSED WITH RNA FROM GLIOMA STEM CELLS', 'BASILIXIMAB', 'AFATINIB', 'CABOZANTINIB', 'LENVATINIB', 'ITRACONAZOLE', 'CYCLOPHOSPHAMIDE', 'PEMBROLIZUMAB']",14
MONDO:0018177,glioblastoma,MONDO:0006456,thymoma,"['CHEMBL3186743', 'ETOPOSIDE', 'BOSUTINIB', 'PEMBROLIZUMAB', 'CHEMBL48', 'SELINEXOR', 'CHEMBL4303800', 'ATEZOLIZUMAB', 'CISPLATIN', 'RAMUCIRUMAB', 'SUNITINIB', 'BELINOSTAT', 'BEVACIZUMAB', 'BUPARLISIB', 'CYCLOPHOSPHAMIDE ANHYDROUS']",13
MONDO:0018177,glioblastoma,MONDO:0005060,liposarcoma,"['PALBOCICLIB', 'PAZOPANIB', 'REGORAFENIB', 'CHEMBL4303800', 'AXITINIB', 'PAZOPANIB HYDROCHLORIDE', 'EVOFOSFAMIDE', 'SUNITINIB MALATE', 'ONFEKAFUSP ALFA', 'BEVACIZUMAB', 'RIBOCICLIB', 'CYCLOPHOSPHAMIDE ANHYDROUS']",78
MONDO:0018177,glioblastoma,MONDO:0005072,neuroblastoma,"['SARGRAMOSTIM', 'TEMOZOLOMIDE', 'CHEMBL4303800', 'L-EFLORNITHINE', 'CARMUSTINE', 'CELECOXIB', 'PAZOPANIB HYDROCHLORIDE', 'CHEMBL3210645', 'RIBOCICLIB', 'BEVACIZUMAB', 'DASATINIB', 'CHEMBL1740907', 'PALBOCICLIB', 'ETOPOSIDE', 'ALECTINIB', 'TOPOTECAN HYDROCHLORIDE', 'CISPLATIN', '7-ETHYL-10-HYDROXYCAMPTOTHECIN', 'ABEMACICLIB', 'TEMSIROLIMUS', 'CHEMBL3560003', 'ENZASTAURIN', 'FLUDARABINE', 'CYCLOPHOSPHAMIDE ANHYDROUS', 'BORTEZOMIB', 'IPILIMUMAB', 'VANDETANIB', 'CHEMBL558551', 'LEVETIRACETAM', 'IRINOTECAN', 'GEFITINIB', 'SORAFENIB', 'CYCLOPHOSPHAMIDE', 'CERITINIB', 'CATEQUENTINIB', 'PEMBROLIZUMAB', 'ISOTRETINOIN', 'NIVOLUMAB', 'ATEZOLIZUMAB', 'VORINOSTAT', 'TOPOTECAN']",13
MONDO:0018177,glioblastoma,MONDO:0019087,Cholangiocarcinoma,"['DURVALUMAB', 'PEMIGATINIB', 'CHEMBL4303800', 'LEVOLEUCOVORIN', 'RRX-001', 'BEVACIZUMAB', 'OLAPARIB', 'DASATINIB', 'ALECTINIB', 'EVEROLIMUS', 'CHEMBL48', 'REGORAFENIB', 'INFIGRATINIB', 'CISPLATIN', '7-ETHYL-10-HYDROXYCAMPTOTHECIN', 'CAPECITABINE', 'IPILIMUMAB', 'CETUXIMAB', 'HYDROXYCHLOROQUINE', 'SUNITINIB', 'SORAFENIB', 'CHEMBL3186743', 'TIVOZANIB', 'CERITINIB', 'CATEQUENTINIB', 'PEMBROLIZUMAB', 'NIVOLUMAB', 'DEXAMETHASONE VALARATE']",53
MONDO:0018177,glioblastoma,MONDO:0005055,Kaposi\'s sarcoma,"['CHEMBL1740907', 'PALBOCICLIB', 'ETOPOSIDE', 'PEMBROLIZUMAB', 'RITONAVIR', 'CHEMBL48', 'CHEMBL4303800', 'SUNITINIB', 'AXITINIB', 'PAZOPANIB HYDROCHLORIDE', 'ABEMACICLIB', 'BEVACIZUMAB']",3
MONDO:0018177,glioblastoma,MONDO:0015564,Castleman disease,"['BORTEZOMIB', 'ETOPOSIDE', 'CHEMBL1740907', 'TOCILIZUMAB', 'CHEMBL4303800', 'CHEMBL558551', 'CHEMBL3560003', 'CYCLOPHOSPHAMIDE ANHYDROUS']",69
MONDO:0018177,glioblastoma,MONDO:0013730,graft versus host disease,"['SARGRAMOSTIM', 'CANNABIDIOL', 'CHEMBL78', 'IBRUTINIB', 'CHEMBL3210645', 'ETOPOSIDE', 'EVEROLIMUS', 'TOCILIZUMAB', 'IMATINIB', 'CHEMBL3560003', 'FLUDARABINE', 'CYCLOPHOSPHAMIDE ANHYDROUS', 'BORTEZOMIB', 'HYDROXYCHLOROQUINE', 'BASILIXIMAB', 'ATORVASTATIN', 'CYCLOPHOSPHAMIDE', 'GANCICLOVIR', 'DEXAMETHASONE VALARATE', 'CHEMBL2141644', 'RUXOLITINIB']",128
MONDO:0018177,glioblastoma,MONDO:0001734,tuberous sclerosis,"['CHEMBL3560003', 'EVEROLIMUS']",48
MONDO:0018177,glioblastoma,MONDO:0100280,Waldenstrom macroglobulinemia,"['IBRUTINIB', 'CHEMBL3210645', 'DASATINIB', 'CHEMBL1740907', 'ETOPOSIDE', 'IXAZOMIB CITRATE', 'VISMODEGIB', 'EVEROLIMUS', 'DEXAMETHASONE', 'DARATUMUMAB', 'ENZASTAURIN', 'FLUDARABINE', 'CYCLOPHOSPHAMIDE ANHYDROUS', 'BORTEZOMIB', 'CHEMBL558551', 'PERIFOSINE', 'SAPANISERTIB', 'CYCLOPHOSPHAMIDE', 'PEMBROLIZUMAB', 'ATEZOLIZUMAB', 'SILDENAFIL', 'DEXAMETHASONE VALARATE', 'CHEMBL2141644', 'ACALABRUTINIB']",10
MONDO:0018177,glioblastoma,MONDO:0011719,gastrointestinal stromal tumor,"['CHEMBL1988437', 'TEMOZOLOMIDE', 'PAZOPANIB HYDROCHLORIDE', 'SUNITINIB MALATE', 'LEVOLEUCOVORIN', 'BEVACIZUMAB', 'DASATINIB', 'DUAL TORC1/2 INHIBITOR', 'PALBOCICLIB', 'EVEROLIMUS', 'CHEMBL48', 'REGORAFENIB', 'INFIGRATINIB', 'CISPLATIN', '7-ETHYL-10-HYDROXYCAMPTOTHECIN', 'PONATINIB', 'IMATINIB', 'CRENOLANIB', 'EPACADOSTAT', 'IPILIMUMAB', 'VANDETANIB', 'OLARATUMAB', 'SUNITINIB', 'PEXIDARTINIB', 'CHEMBL4578973', 'CABOZANTINIB', 'SORAFENIB', 'PERIFOSINE', 'PAZOPANIB', 'CATEQUENTINIB', 'PEMBROLIZUMAB', 'NIVOLUMAB', 'BUPARLISIB']",17
MONDO:0018177,glioblastoma,MONDO:0011996,"chronic myelogenous leukemia, BCR-ABL1 positive","['SARGRAMOSTIM', 'AVELUMAB', 'CHEMBL78', 'CHEMBL3210645', 'BEVACIZUMAB', 'DASATINIB', 'HYDROXYUREA', 'ETOPOSIDE', 'BOSUTINIB', 'EVEROLIMUS', 'VALPROIC ACID', 'SELINEXOR', 'PONATINIB', 'LERIGLITAZONE', 'TEMSIROLIMUS', 'IMATINIB', 'CHEMBL3560003', 'FLUDARABINE', 'CYCLOPHOSPHAMIDE ANHYDROUS', 'BORTEZOMIB', 'AUTOLOGOUS DENDRITIC CELLS PULSED WITH RNA FROM GLIOMA STEM CELLS', 'IPILIMUMAB', 'TIPIFARNIB', 'VATALANIB', 'IDASANUTLIN', 'CHEMBL75', 'SORAFENIB', 'PERIFOSINE', 'ATEZOLIZUMAB', 'ISOTRETINOIN', 'NIVOLUMAB', 'VORINOSTAT', 'CHEMBL2141644', 'RUXOLITINIB']",26
MONDO:0018177,glioblastoma,MONDO:0016642,meningioma,"['HYDROXYUREA', 'VISMODEGIB', 'EVEROLIMUS', 'IPILIMUMAB', 'PEMBROLIZUMAB', 'NIVOLUMAB', 'VISTUSERTIB', 'ABEMACICLIB', 'LERIGLITAZONE', 'BEVACIZUMAB', 'CABOZANTINIB', 'OLAPARIB']",4
MONDO:0018177,glioblastoma,MONDO:0800029,interstitial lung disease 2,"['VISMODEGIB', 'LOSARTAN', 'NINTEDANIB', 'CYCLOPHOSPHAMIDE', 'CHEMBL558551', 'SILDENAFIL', 'MACITENTAN', 'CHEMBL2136735']",2
MONDO:0018177,glioblastoma,MONDO:0005100,systemic sclerosis,"['TADALAFIL', 'VALPROIC ACID', 'NINTEDANIB', 'CYCLOPHOSPHAMIDE', 'TOCILIZUMAB', 'CHEMBL558551', 'FLUDARABINE', 'SILDENAFIL', 'TOFACITINIB', 'IMATINIB', 'MACITENTAN', 'CHEMBL2136735', 'CHEMBL3210645', 'CHEMBL3560003', 'CYCLOPHOSPHAMIDE ANHYDROUS']",74
MONDO:0018177,glioblastoma,MONDO:0010826,childhood absence epilepsy,"['CANNABIDIOL', 'VALPROIC ACID']",8
MONDO:0018177,glioblastoma,MONDO:0016532,Lennox-Gastaut syndrome,['CANNABIDIOL'],14
MONDO:0018177,glioblastoma,MONDO:0016264,Autoimmune hepatitis,['CANNABIDIOL'],5
MONDO:0018177,glioblastoma,MONDO:0010383,fragile X syndrome,"['MEMANTINE', 'SERTRALINE', 'CANNABIDIOL', 'METFORMIN']",6
MONDO:0018177,glioblastoma,MONDO:0007739,Huntington disease,"['MEMANTINE HYDROCHLORIDE', 'SERTRALINE', 'CANNABIDIOL', 'MEMANTINE']",5
MONDO:0018177,glioblastoma,MONDO:0018301,interstitial cystitis,"['GABAPENTIN', 'CHEMBL3210645', 'CANNABIDIOL']",6
MONDO:0018177,glioblastoma,MONDO:0004976,Amyotrophic lateral sclerosis,"['IBUDILAST', 'BOSUTINIB', 'CANNABIDIOL', 'ITRACONAZOLE', 'VALPROIC ACID', 'TAMOXIFEN', 'MEMANTINE HYDROCHLORIDE', 'RITONAVIR', 'TOCILIZUMAB', 'CHEMBL558551', 'BASILIXIMAB', 'CELECOXIB', 'FINGOLIMOD', 'LERIGLITAZONE', 'MEMANTINE', 'CHEMBL3210645', 'CHEMBL3560003', 'TALAMPANEL']",5
MONDO:0018177,glioblastoma,MONDO:0007959,Medulloblastoma,"['TEMOZOLOMIDE', 'ADAVOSERTIB', 'CHEMBL78', 'CARMUSTINE', 'CELECOXIB', 'LEVOLEUCOVORIN', 'BEVACIZUMAB', 'CHEMBL1740907', 'PALBOCICLIB', 'ETOPOSIDE', 'VISMODEGIB', 'VALPROIC ACID', 'TOPOTECAN HYDROCHLORIDE', 'CISPLATIN', '7-ETHYL-10-HYDROXYCAMPTOTHECIN', 'CYCLOPHOSPHAMIDE ANHYDROUS', 'POMALIDOMIDE', 'TIPIFARNIB', 'CHEMBL558551', 'ISOTRETINOIN', 'NIVOLUMAB', 'IMIQUIMOD', 'VORINOSTAT', 'TOPOTECAN']",23
MONDO:0018177,glioblastoma,MONDO:0019963,Bronchial neuroendocrine tumor,"['PEMBROLIZUMAB', 'DURVALUMAB', 'PAZOPANIB HYDROCHLORIDE', 'TEMOZOLOMIDE']",7
MONDO:0018177,glioblastoma,MONDO:0005580,Squamous cell carcinoma of the esophagus,"['DURVALUMAB', 'PEMBROLIZUMAB', 'ATEZOLIZUMAB', 'NIVOLUMAB', 'LENVATINIB']",7
MONDO:0018177,glioblastoma,MONDO:0006486,Uveal melanoma,"['DURVALUMAB', 'TEMOZOLOMIDE', 'PEMBROLIZUMAB', 'NIVOLUMAB', 'CEDIRANIB', 'SUNITINIB MALATE', 'BEVACIZUMAB']",12
MONDO:0018177,glioblastoma,MONDO:0015686,Primary peritoneal carcinoma,"['DURVALUMAB', 'RALIMETINIB', 'NINTEDANIB', 'CYCLOPHOSPHAMIDE', 'ATEZOLIZUMAB', 'PEMBROLIZUMAB', 'AVELUMAB', 'NIVOLUMAB', 'CEDIRANIB', 'PAZOPANIB HYDROCHLORIDE', 'BEVACIZUMAB', 'OLAPARIB']",25
MONDO:0018177,glioblastoma,MONDO:0006468,Anaplastic thyroid carcinoma,"['PEMBROLIZUMAB', 'DURVALUMAB']",7
MONDO:0018177,glioblastoma,MONDO:0015277,Medullary thyroid carcinoma,"['PEMBROLIZUMAB', 'DURVALUMAB', 'SUNITINIB MALATE', 'LENVATINIB']",2
MONDO:0018177,glioblastoma,MONDO:0006292,Pleural mesothelioma,"['AUTOLOGOUS DENDRITIC CELLS PULSED WITH RNA FROM GLIOMA STEM CELLS', 'DURVALUMAB', 'NINTEDANIB', 'PEMBROLIZUMAB', 'ATEZOLIZUMAB', 'NIVOLUMAB', 'BEVACIZUMAB']",16
MONDO:0018177,glioblastoma,MONDO:0005028,Adenocarcinoma of the esophagus,"['DURVALUMAB', 'PEMBROLIZUMAB', 'ATEZOLIZUMAB', 'NIVOLUMAB', 'FLUOROURACIL', 'LENVATINIB']",2
MONDO:0018177,glioblastoma,MONDO:0016698,Ependymoma,"['CHEMBL3186743', 'ETOPOSIDE', 'TEMOZOLOMIDE', 'CYCLOPHOSPHAMIDE', 'POMALIDOMIDE', 'NIVOLUMAB', 'CARMUSTINE', 'IMIQUIMOD', 'BEVACIZUMAB', 'MARIZOMIB', 'CYCLOPHOSPHAMIDE ANHYDROUS']",68
MONDO:0018177,glioblastoma,MONDO:0009688,Myasthenia gravis,"['SARGRAMOSTIM', 'ETOPOSIDE', 'TOCILIZUMAB', 'TOFACITINIB', 'CARMUSTINE', 'CHEMBL78', 'CHEMBL3210645', 'CYCLOPHOSPHAMIDE ANHYDROUS']",67
MONDO:0018177,glioblastoma,MONDO:0007915,systemic lupus erythematosus,"['CHOLECALCIFEROL', 'DARATUMUMAB', 'ATORVASTATIN', 'HYDROXYCHLOROQUINE', 'TOCILIZUMAB', 'FLUDARABINE', 'TOFACITINIB', 'DEXAMETHASONE VALARATE', 'LERIGLITAZONE', 'MEMANTINE', 'CHEMBL3210645', 'CHEMBL3560003', 'CYCLOPHOSPHAMIDE ANHYDROUS']",157
MONDO:0018177,glioblastoma,MONDO:0016367,dermatomyositis,"['DEXAMETHASONE', 'TOCILIZUMAB', 'TOFACITINIB']",6
MONDO:0018177,glioblastoma,MONDO:0010030,Primary Sjgren syndrome,"['HYDROXYCHLOROQUINE', 'CHEMBL3210645', 'TOFACITINIB']",4
MONDO:0018177,glioblastoma,MONDO:0005312,Pouchitis,['TOFACITINIB'],2
MONDO:0018177,glioblastoma,MONDO:0019338,sarcoidosis,"['ATORVASTATIN', 'CHEMBL558551', 'TOFACITINIB', 'DEXAMETHASONE VALARATE', 'CHEMBL3560003', 'CYCLOPHOSPHAMIDE ANHYDROUS']",67
MONDO:0018177,glioblastoma,MONDO:0009061,Cystic fibrosis,"['ITRACONAZOLE', 'LOSARTAN', 'HYDROXYCHLOROQUINE', 'SILDENAFIL', 'LERIGLITAZONE', 'OLAPARIB']",3
MONDO:0018177,glioblastoma,MONDO:0019200,Retinitis pigmentosa,"['HYDROXYCHLOROQUINE', 'VALPROIC ACID']",5
MONDO:0018177,glioblastoma,MONDO:0005657,aspergillosis,['ITRACONAZOLE'],24
MONDO:0018177,glioblastoma,MONDO:0015243,allergic bronchopulmonary aspergillosis,['ITRACONAZOLE'],10
MONDO:0018177,glioblastoma,MONDO:0005706,coccidioidomycosis,"['SERTRALINE', 'ITRACONAZOLE']",4
MONDO:0018177,glioblastoma,MONDO:0007037,achondroplasia,['INFIGRATINIB'],5
MONDO:0018177,glioblastoma,MONDO:0007650,MALT lymphoma,"['BORTEZOMIB', 'ETOPOSIDE', 'ATEZOLIZUMAB', 'CHEMBL558551', '7-ETHYL-10-HYDROXYCAMPTOTHECIN', 'VORINOSTAT', 'CHEMBL3210645', 'FLUDARABINE', 'DASATINIB', 'CYCLOPHOSPHAMIDE ANHYDROUS']",69
MONDO:0018177,glioblastoma,MONDO:0012105,Granulomatosis with polyangiitis,"['CHEMBL3210645', 'CYCLOPHOSPHAMIDE ANHYDROUS']",102
MONDO:0018177,glioblastoma,MONDO:0009692,Primary myelofibrosis,"['HYDROXYUREA', 'POMALIDOMIDE', 'TIPIFARNIB', 'CHEMBL558551', 'NIVOLUMAB', 'FLUDARABINE', 'IMATINIB', 'VATALANIB', 'GLASDEGIB', 'CHEMBL2141644', 'CHEMBL3210645', 'RUXOLITINIB', 'CAPTOPRIL', 'CYCLOPHOSPHAMIDE ANHYDROUS']",84
MONDO:0018177,glioblastoma,MONDO:0019124,microscopic polyangiitis,"['CHEMBL3210645', 'CYCLOPHOSPHAMIDE ANHYDROUS']",83
MONDO:0018177,glioblastoma,MONDO:0019438,AL amyloidosis,"['BORTEZOMIB', 'IXAZOMIB CITRATE', 'CYCLOPHOSPHAMIDE', 'POMALIDOMIDE', 'SELINEXOR', 'CHEMBL558551', 'DEXAMETHASONE VALARATE', 'DEXAMETHASONE', 'DARATUMUMAB', 'CYCLOPHOSPHAMIDE ANHYDROUS']",70
MONDO:0018177,glioblastoma,MONDO:0018868,metachromatic leukodystrophy,['CYCLOPHOSPHAMIDE ANHYDROUS'],76
MONDO:0018177,glioblastoma,MONDO:0008558,autoimmune thrombocytopenic purpura,"['BORTEZOMIB', 'CHEMBL1740907', 'IXAZOMIB CITRATE', 'ATORVASTATIN', 'DEXAMETHASONE VALARATE', 'ROMIPLOSTIM', 'DARATUMUMAB', 'CHEMBL3210645', 'CYCLOPHOSPHAMIDE ANHYDROUS']",69
MONDO:0018177,glioblastoma,MONDO:0009499,Krabbe disease,['CYCLOPHOSPHAMIDE ANHYDROUS'],74
MONDO:0018177,glioblastoma,MONDO:0010006,Sandhoff disease,"['LEVOLEUCOVORIN', 'CYCLOPHOSPHAMIDE ANHYDROUS']",67
MONDO:0018177,glioblastoma,MONDO:0019019,osteogenesis imperfecta,['CYCLOPHOSPHAMIDE ANHYDROUS'],67
MONDO:0018177,glioblastoma,MONDO:0010100,Tay-Sachs disease,"['LEVOLEUCOVORIN', 'CYCLOPHOSPHAMIDE ANHYDROUS']",67
MONDO:0018177,glioblastoma,MONDO:0018149,GM1 gangliosidosis,['CYCLOPHOSPHAMIDE ANHYDROUS'],67
MONDO:0018177,glioblastoma,MONDO:0018150,Gaucher disease,"['CHEMBL3560003', 'CYCLOPHOSPHAMIDE ANHYDROUS']",67
MONDO:0018177,glioblastoma,MONDO:0005029,essential thrombocythemia,"['HYDROXYUREA', 'POMALIDOMIDE', 'CHEMBL78', 'GLASDEGIB', 'VORINOSTAT', 'IDASANUTLIN', 'RUXOLITINIB']",22
MONDO:0018177,glioblastoma,MONDO:0009891,acquired polycythemia vera,"['CHEMBL3186743', 'HYDROXYUREA', 'POMALIDOMIDE', 'FLUDARABINE', 'CHEMBL78', 'IMATINIB', 'GLASDEGIB', 'VORINOSTAT', 'IDASANUTLIN', 'CHEMBL2141644', 'CHEMBL3210645', 'RUXOLITINIB', 'DASATINIB']",22
MONDO:0018177,glioblastoma,MONDO:0005149,Idiopathic/heritable pulmonary arterial hypertension,"['HYDROXYUREA', 'TADALAFIL', 'LOSARTAN', 'SILDENAFIL', 'MACITENTAN', 'IMATINIB', 'CHEMBL3560003', 'OLAPARIB', 'CARVEDILOL']",9
MONDO:0018177,glioblastoma,MONDO:0007187,Gorlin syndrome,"['VISMODEGIB', 'NIVOLUMAB', 'IPILIMUMAB']",70
MONDO:0018177,glioblastoma,MONDO:0019454,Refractory anemia with excess blasts,"['VISMODEGIB', 'VALPROIC ACID, SODIUM']",2
MONDO:0018177,glioblastoma,MONDO:0019353,Stargardt disease,['METFORMIN'],5
MONDO:0018177,glioblastoma,MONDO:0016681,Gliosarcoma,"['POMALIDOMIDE', 'IMMUNOGLOBULIN G1-KAPPA, ANTI-[ HOMO SAPIENS  EGFR  (EPIDERMAL GROWTH FACTOR RECEPTOR, RECEPTOR TYROSINE-PROTEIN  KINASE ERBB-1, ERBB1, HER1, HER-1, ERBB)], HUMANIZED  AND CHIMERIC MONOCLONAL ANTIBODY  CONJUGATED TO AURISTATIN  F', 'AVELUMAB', 'AXITINIB', 'BEVACIZUMAB', 'OLAPARIB']",4
MONDO:0018177,glioblastoma,MONDO:0019210,Cutaneous neuroendocrine carcinoma,"['PEMBROLIZUMAB', 'PAZOPANIB HYDROCHLORIDE', 'AVELUMAB']",12
MONDO:0018177,glioblastoma,MONDO:0009348,Classic Hodgkin lymphoma,"['CYCLOPHOSPHAMIDE', 'NIVOLUMAB', 'AVELUMAB', 'PEMBROLIZUMAB']",12
MONDO:0018177,glioblastoma,MONDO:0006639,Adrenocortical carcinoma,"['NIVOLUMAB', 'EO2401', 'SUNITINIB MALATE', 'OLAPARIB']",3
MONDO:0018177,glioblastoma,MONDO:0017190,Sporadic pheochromocytoma/secreting paraganglioma,"['NIVOLUMAB', 'EO2401', 'SUNITINIB MALATE']",10
MONDO:0018177,glioblastoma,MONDO:0019402,Beta-thalassemia,"['HYDROXYUREA', 'CHEMBL558551', 'FLUDARABINE', 'SILDENAFIL', 'CHEMBL3210645', 'CHEMBL3560003']",31
MONDO:0018177,glioblastoma,MONDO:0006806,intermediate uveitis,"['DEXAMETHASONE VALARATE', 'TOCILIZUMAB', 'CHEMBL3560003']",15
MONDO:0018177,glioblastoma,MONDO:0009290,glycogen storage disease II,['CHEMBL3560003'],13
MONDO:0018177,glioblastoma,MONDO:0007803,multiple system atrophy,['CHEMBL3560003'],12
MONDO:0018177,glioblastoma,MONDO:0020562,Pleomorphic liposarcoma,['NINTEDANIB'],2
MONDO:0018177,glioblastoma,MONDO:0002142,Undifferentiated pleomorphic sarcoma,"['PALBOCICLIB', 'NINTEDANIB', 'PEMBROLIZUMAB', 'NIVOLUMAB', 'AXITINIB', 'PAZOPANIB HYDROCHLORIDE', 'SUNITINIB MALATE', 'EVOFOSFAMIDE']",4
MONDO:0018177,glioblastoma,MONDO:0002728,Rhabdoid tumor,"['PALBOCICLIB', 'TEMOZOLOMIDE', 'NINTEDANIB', 'CYCLOPHOSPHAMIDE', 'TOPOTECAN HYDROCHLORIDE', 'PEMBROLIZUMAB', 'NIVOLUMAB', 'AXITINIB', 'PAZOPANIB HYDROCHLORIDE']",2
MONDO:0018177,glioblastoma,MONDO:0016238,Solitary fibrous tumor,"['PALBOCICLIB', 'NINTEDANIB', 'NIVOLUMAB', 'AXITINIB', 'PAZOPANIB HYDROCHLORIDE', 'SUNITINIB MALATE']",2
MONDO:0018177,glioblastoma,MONDO:0020563,Dedifferentiated liposarcoma,"['PALBOCICLIB', 'CABAZITAXEL', 'PAZOPANIB HYDROCHLORIDE', 'NINTEDANIB']",3
MONDO:0018177,glioblastoma,MONDO:0019373,Desmoplastic small round cell tumor,"['PALBOCICLIB', 'PAZOPANIB HYDROCHLORIDE', 'NINTEDANIB']",3
MONDO:0018177,glioblastoma,MONDO:0020561,Myxoid/round cell liposarcoma,"['CYCLOPHOSPHAMIDE', 'PAZOPANIB HYDROCHLORIDE', 'PEMBROLIZUMAB', 'NINTEDANIB']",2
MONDO:0018177,glioblastoma,MONDO:0019180,Hereditary hemorrhagic telangiectasia,['BEVACIZUMAB'],16
MONDO:0018177,glioblastoma,MONDO:0019082,Bullous pemphigoid,['CHEMBL3210645'],8
MONDO:0018177,glioblastoma,MONDO:0100244,paroxysmal nocturnal hemoglobinuria,"['CHEMBL3210645', 'FLUDARABINE']",36
MONDO:0018177,glioblastoma,MONDO:0005103,Well-differentiated liposarcoma,"['PALBOCICLIB', 'PAZOPANIB HYDROCHLORIDE']",2
MONDO:0018177,glioblastoma,MONDO:0011934,Dermatofibrosarcoma protuberans,"['PALBOCICLIB', 'PAZOPANIB HYDROCHLORIDE']",4
MONDO:0018177,glioblastoma,MONDO:0002629,Osteosarcoma,"['PALBOCICLIB', 'OLAPARIB', 'ATEZOLIZUMAB', 'NIVOLUMAB', 'PAZOPANIB HYDROCHLORIDE', 'SUNITINIB MALATE', 'LENVATINIB']",4
MONDO:0018177,glioblastoma,MONDO:0017314,Vascular Ehlers-Danlos syndrome,['ENZASTAURIN'],7
MONDO:0018177,glioblastoma,MONDO:0015247,Opsoclonus-myoclonus syndrome,"['CYCLOPHOSPHAMIDE', 'DEXAMETHASONE']",4
MONDO:0018177,glioblastoma,MONDO:0017844,Szary syndrome,"['CYCLOPHOSPHAMIDE', 'ATEZOLIZUMAB', 'NIVOLUMAB']",2
MONDO:0018177,glioblastoma,MONDO:0019475,Subcutaneous panniculitis-like T-cell lymphoma,"['CYCLOPHOSPHAMIDE', 'NIVOLUMAB']",2
MONDO:0018177,glioblastoma,MONDO:0009837,Papilloma of choroid plexus,"['CYCLOPHOSPHAMIDE', 'TEMOZOLOMIDE', 'IRINOTECAN']",2
MONDO:0018177,glioblastoma,MONDO:0019004,Nephroblastoma,"['CYCLOPHOSPHAMIDE', 'ATEZOLIZUMAB', 'NIVOLUMAB']",3
MONDO:0018177,glioblastoma,MONDO:0005789,Hepatitis delta,"['RITONAVIR', 'NIVOLUMAB']",75
MONDO:0018177,glioblastoma,MONDO:0018907,Craniopharyngioma,['NIVOLUMAB'],69
MONDO:0018177,glioblastoma,MONDO:0020547,Chronic graft versus host disease,['GLASDEGIB'],2
MONDO:0018177,glioblastoma,MONDO:0018871,Acute myelomonocytic leukemia,['DEXAMETHASONE'],2
MONDO:0018177,glioblastoma,MONDO:0019127,polymyositis,['DEXAMETHASONE'],2
MONDO:0018177,glioblastoma,MONDO:0012521,Herpes simplex virus encephalitis,['DEXAMETHASONE'],2
MONDO:0018177,glioblastoma,MONDO:0100130,Adult acute respiratory distress syndrome,['DEXAMETHASONE'],2
MONDO:0018177,glioblastoma,MONDO:0006702,Chronic inflammatory demyelinating polyneuropathy,"['FINGOLIMOD', 'DEXAMETHASONE']",2
MONDO:0018177,glioblastoma,MONDO:0003646,Neuroendocrine tumor of the rectum,"['PEMBROLIZUMAB', 'TEMOZOLOMIDE']",7
MONDO:0018177,glioblastoma,MONDO:0019960,VIPoma,['TEMOZOLOMIDE'],58
MONDO:0018177,glioblastoma,MONDO:0015065,Ileal neuroendocrine tumor,['TEMOZOLOMIDE'],58
MONDO:0018177,glioblastoma,MONDO:0002882,Neuroendocrine tumor of the colon,"['PEMBROLIZUMAB', 'TEMOZOLOMIDE']",7
MONDO:0018177,glioblastoma,MONDO:0003111,Neuroendocrine tumor of stomach,['TEMOZOLOMIDE'],58
MONDO:0018177,glioblastoma,MONDO:0016722,Pineoblastoma,"['TEMOZOLOMIDE', 'DASATINIB', 'IRINOTECAN']",2
MONDO:0018177,glioblastoma,MONDO:0100347,Carcinoid syndrome,['TEMOZOLOMIDE'],58
MONDO:0018177,glioblastoma,MONDO:0015069,Neuroendocrine tumor of anal canal,['TEMOZOLOMIDE'],58
MONDO:0018177,glioblastoma,MONDO:0019964,Thymic neuroendocrine tumor,"['PAZOPANIB HYDROCHLORIDE', 'TEMOZOLOMIDE']",2
MONDO:0018177,glioblastoma,MONDO:0019957,PPoma,['TEMOZOLOMIDE'],58
MONDO:0018177,glioblastoma,MONDO:0015066,Neuroendocrine neoplasm of appendix,['TEMOZOLOMIDE'],58
MONDO:0018177,glioblastoma,MONDO:0019959,Glucagonoma,['TEMOZOLOMIDE'],58
MONDO:0018177,glioblastoma,MONDO:0019955,GRFoma,['TEMOZOLOMIDE'],58
MONDO:0018177,glioblastoma,MONDO:0006976,Somatostatinoma,['TEMOZOLOMIDE'],58
MONDO:0018177,glioblastoma,MONDO:0005136,Malaria,['LEVETIRACETAM'],2
MONDO:0018177,glioblastoma,MONDO:0007295,Rolandic epilepsy,['LEVETIRACETAM'],2
MONDO:0018177,glioblastoma,MONDO:0006451,Thymic carcinoma,"['PEMBROLIZUMAB', 'ATEZOLIZUMAB', 'NIVOLUMAB', 'SUNITINIB MALATE', 'LENVATINIB']",2
MONDO:0018177,glioblastoma,MONDO:0016974,Thymoma type B,"['PEMBROLIZUMAB', 'NIVOLUMAB', 'LENVATINIB']",2
MONDO:0018177,glioblastoma,MONDO:0010604,Hemophilia B,['VALPROIC ACID'],12
MONDO:0018177,glioblastoma,MONDO:0010679,Duchenne muscular dystrophy,"['TADALAFIL', 'TAMOXIFEN', 'SILDENAFIL']",11
MONDO:0018177,glioblastoma,MONDO:0010200,Wilson disease,['CELECOXIB'],10
MONDO:0018177,glioblastoma,MONDO:0019091,Bronchopulmonary dysplasia,['SILDENAFIL'],4
MONDO:0018177,glioblastoma,MONDO:0019067,Idiopathic steroid-sensitive nephrotic syndrome,"['VALPROIC ACID, SODIUM']",2
MONDO:0018177,glioblastoma,MONDO:0019006,Genetic steroid-resistant nephrotic syndrome,"['VALPROIC ACID, SODIUM']",2
MONDO:0018177,glioblastoma,MONDO:0009669,Proximal spinal muscular atrophy type 1,"['VALPROIC ACID, SODIUM']",2
MONDO:0018177,glioblastoma,MONDO:0019157,Acquired idiopathic sideroblastic anemia,"['VALPROIC ACID, SODIUM']",2
MONDO:0018177,glioblastoma,MONDO:0010726,Rett syndrome,['FINGOLIMOD'],2
MONDO:0018177,glioblastoma,MONDO:0016356,Diffuse cutaneous systemic sclerosis,['POMALIDOMIDE'],6
MONDO:0018177,glioblastoma,MONDO:0016682,Giant cell glioblastoma,['POMALIDOMIDE'],4
MONDO:0018177,glioblastoma,MONDO:0017366,Hereditary pheochromocytoma-paraganglioma,['SUNITINIB MALATE'],4
MONDO:0018177,glioblastoma,MONDO:0016748,Hemangioblastoma,['SUNITINIB MALATE'],3
MONDO:0018177,glioblastoma,MONDO:0008667,Von Hippel-Lindau disease,['SUNITINIB MALATE'],3
MONDO:0018177,glioblastoma,MONDO:0009691,Classic mycosis fungoides,['ATEZOLIZUMAB'],3
MONDO:0018177,glioblastoma,MONDO:0018842,Primary effusion lymphoma,['ATEZOLIZUMAB'],2
MONDO:0018177,glioblastoma,MONDO:0019369,Complex regional pain syndrome,['CETUXIMAB'],18
MONDO:0018177,glioblastoma,MONDO:0018271,Peripheral primitive neuroectodermal tumor,['PAZOPANIB HYDROCHLORIDE'],2
MONDO:0018177,glioblastoma,MONDO:0017242,Cutaneous collagenous vasculopathy,['PAZOPANIB HYDROCHLORIDE'],2
MONDO:0018177,glioblastoma,MONDO:0100339,Friedreich ataxia,['LERIGLITAZONE'],3
MONDO:0018177,glioblastoma,MONDO:0024686,"tenosynovial giant cell tumor, diffuse type",['PEXIDARTINIB'],6
MONDO:0018177,glioblastoma,MONDO:0005737,Ebola hemorrhagic fever,"['CHEMBL3186743', 'ATORVASTATIN', 'SUNITINIB']",4
MONDO:0018177,glioblastoma,MONDO:0005512,Malignant peritoneal mesothelioma,['PEMBROLIZUMAB'],7
MONDO:0018177,glioblastoma,MONDO:0018016,Classic neuroendocrine tumor of appendix,['PEMBROLIZUMAB'],7
MONDO:0018177,glioblastoma,MONDO:0003345,Klatskin tumor,['PEMBROLIZUMAB'],7
MONDO:0018177,glioblastoma,MONDO:0004132,Squamous cell carcinoma of the anal canal,['PEMBROLIZUMAB'],7
MONDO:0018177,glioblastoma,MONDO:0020560,Atypical teratoid rhabdoid tumor,['NIVOLUMAB'],10
MONDO:0018177,glioblastoma,MONDO:0003582,Hereditary breast and/or ovarian cancer syndrome,['OLAPARIB'],3
MONDO:0018177,glioblastoma,MONDO:0015278,Familial pancreatic carcinoma,['OLAPARIB'],3
MONDO:0018177,glioblastoma,MONDO:0019522,"Autosomal recessive generalized dystrophic epidermolysis bullosa, intermediate form",['LOSARTAN'],2
MONDO:0018177,glioblastoma,MONDO:0009179,"Autosomal recessive generalized dystrophic epidermolysis bullosa, severe form",['LOSARTAN'],2
MONDO:0018177,glioblastoma,MONDO:0020333,Aggressive systemic mastocytosis,['DASATINIB'],2
MONDO:0018177,glioblastoma,MONDO:0020331,Indolent systemic mastocytosis,['DASATINIB'],2
MONDO:0019562,Localized scleroderma,MONDO:0019082,Bullous pemphigoid,['DUPILUMAB'],4
MONDO:0018998,Leber congenital amaurosis,MONDO:0018906,follicular lymphoma,['PREDNISONE'],188
MONDO:0018998,Leber congenital amaurosis,MONDO:0012105,Granulomatosis with polyangiitis,['PREDNISONE'],31
MONDO:0018998,Leber congenital amaurosis,MONDO:0007915,systemic lupus erythematosus,['PREDNISONE'],105
MONDO:0018998,Leber congenital amaurosis,MONDO:0018876,mantle cell lymphoma,['PREDNISONE'],111
MONDO:0018998,Leber congenital amaurosis,MONDO:0009693,plasma cell myeloma,['PREDNISONE'],103
MONDO:0018998,Leber congenital amaurosis,MONDO:0013730,graft versus host disease,['PREDNISONE'],246
MONDO:0018998,Leber congenital amaurosis,MONDO:0015943,eosinophilic granulomatosis with polyangiitis,['PREDNISONE'],14
MONDO:0018998,Leber congenital amaurosis,MONDO:0019127,polymyositis,['PREDNISONE'],12
MONDO:0018998,Leber congenital amaurosis,MONDO:0019082,Bullous pemphigoid,['PREDNISONE'],10
MONDO:0018998,Leber congenital amaurosis,MONDO:0005029,essential thrombocythemia,['PREDNISONE'],9
MONDO:0018998,Leber congenital amaurosis,MONDO:0016367,dermatomyositis,['PREDNISONE'],12
MONDO:0018998,Leber congenital amaurosis,MONDO:0009891,acquired polycythemia vera,['PREDNISONE'],9
MONDO:0018998,Leber congenital amaurosis,MONDO:0019124,microscopic polyangiitis,['PREDNISONE'],26
MONDO:0018998,Leber congenital amaurosis,MONDO:0008558,autoimmune thrombocytopenic purpura,['PREDNISONE'],13
MONDO:0018998,Leber congenital amaurosis,MONDO:0010679,Duchenne muscular dystrophy,['PREDNISONE'],8
MONDO:0018998,Leber congenital amaurosis,MONDO:0019338,sarcoidosis,['PREDNISONE'],8
MONDO:0018998,Leber congenital amaurosis,MONDO:0800029,interstitial lung disease 2,['PREDNISONE'],7
MONDO:0018998,Leber congenital amaurosis,MONDO:0009688,Myasthenia gravis,['PREDNISONE'],15
MONDO:0018998,Leber congenital amaurosis,MONDO:0015564,Castleman disease,['PREDNISONE'],6
MONDO:0018998,Leber congenital amaurosis,MONDO:0006806,intermediate uveitis,['PREDNISONE'],9
MONDO:0018998,Leber congenital amaurosis,MONDO:0009692,Primary myelofibrosis,['PREDNISONE'],18
MONDO:0018998,Leber congenital amaurosis,MONDO:0009061,Cystic fibrosis,['PREDNISONE'],5
MONDO:0018998,Leber congenital amaurosis,MONDO:0016264,Autoimmune hepatitis,['PREDNISONE'],6
MONDO:0018998,Leber congenital amaurosis,MONDO:0004976,Amyotrophic lateral sclerosis,['PREDNISONE'],4
MONDO:0018998,Leber congenital amaurosis,MONDO:0010602,hemophilia A,['PREDNISONE'],5
MONDO:0018998,Leber congenital amaurosis,MONDO:0018150,Gaucher disease,['PREDNISONE'],4
MONDO:0018998,Leber congenital amaurosis,MONDO:0011719,gastrointestinal stromal tumor,['PREDNISONE'],3
MONDO:0018998,Leber congenital amaurosis,MONDO:0019200,Retinitis pigmentosa,['9-CIS-RETINYL ACETATE'],3
MONDO:0012521,Herpes simplex virus encephalitis,MONDO:0009693,plasma cell myeloma,['DEXAMETHASONE'],78
MONDO:0012521,Herpes simplex virus encephalitis,MONDO:0100280,Waldenstrom macroglobulinemia,['DEXAMETHASONE'],3
MONDO:0012521,Herpes simplex virus encephalitis,MONDO:0019438,AL amyloidosis,['DEXAMETHASONE'],5
MONDO:0012521,Herpes simplex virus encephalitis,MONDO:0018871,Acute myelomonocytic leukemia,['DEXAMETHASONE'],2
MONDO:0012521,Herpes simplex virus encephalitis,MONDO:0019127,polymyositis,['DEXAMETHASONE'],2
MONDO:0012521,Herpes simplex virus encephalitis,MONDO:0016367,dermatomyositis,['DEXAMETHASONE'],2
MONDO:0012521,Herpes simplex virus encephalitis,MONDO:0015247,Opsoclonus-myoclonus syndrome,['DEXAMETHASONE'],4
MONDO:0012521,Herpes simplex virus encephalitis,MONDO:0100130,Adult acute respiratory distress syndrome,['DEXAMETHASONE'],2
MONDO:0012521,Herpes simplex virus encephalitis,MONDO:0006702,Chronic inflammatory demyelinating polyneuropathy,['DEXAMETHASONE'],2
MONDO:0020560,Atypical teratoid rhabdoid tumor,MONDO:0002728,Rhabdoid tumor,"['ENTINOSTAT', 'NIVOLUMAB', 'TAZEMETOSTAT']",2
MONDO:0020560,Atypical teratoid rhabdoid tumor,MONDO:0018906,follicular lymphoma,"['NIVOLUMAB', 'TAZEMETOSTAT']",4
MONDO:0020560,Atypical teratoid rhabdoid tumor,MONDO:0011996,"chronic myelogenous leukemia, BCR-ABL1 positive",['TAZEMETOSTAT'],2
MONDO:0020560,Atypical teratoid rhabdoid tumor,MONDO:0009348,Classic Hodgkin lymphoma,['NIVOLUMAB'],10
MONDO:0020560,Atypical teratoid rhabdoid tumor,MONDO:0002629,Osteosarcoma,"['NIVOLUMAB', 'ENTINOSTAT']",3
MONDO:0020560,Atypical teratoid rhabdoid tumor,MONDO:0016698,Ependymoma,"['NIVOLUMAB', 'ENTINOSTAT']",3
MONDO:0020560,Atypical teratoid rhabdoid tumor,MONDO:0009693,plasma cell myeloma,['NIVOLUMAB'],4
MONDO:0020560,Atypical teratoid rhabdoid tumor,MONDO:0015686,Primary peritoneal carcinoma,['NIVOLUMAB'],9
MONDO:0020560,Atypical teratoid rhabdoid tumor,MONDO:0005072,neuroblastoma,"['NIVOLUMAB', 'ENTINOSTAT']",3
MONDO:0020560,Atypical teratoid rhabdoid tumor,MONDO:0005028,Adenocarcinoma of the esophagus,['NIVOLUMAB'],3
MONDO:0020560,Atypical teratoid rhabdoid tumor,MONDO:0017844,Szary syndrome,['NIVOLUMAB'],2
MONDO:0020560,Atypical teratoid rhabdoid tumor,MONDO:0019475,Subcutaneous panniculitis-like T-cell lymphoma,['NIVOLUMAB'],2
MONDO:0020560,Atypical teratoid rhabdoid tumor,MONDO:0017190,Sporadic pheochromocytoma/secreting paraganglioma,['NIVOLUMAB'],2
MONDO:0020560,Atypical teratoid rhabdoid tumor,MONDO:0002142,Undifferentiated pleomorphic sarcoma,['NIVOLUMAB'],2
MONDO:0020560,Atypical teratoid rhabdoid tumor,MONDO:0006486,Uveal melanoma,"['NIVOLUMAB', 'ENTINOSTAT']",2
MONDO:0020560,Atypical teratoid rhabdoid tumor,MONDO:0006639,Adrenocortical carcinoma,['NIVOLUMAB'],2
MONDO:0020560,Atypical teratoid rhabdoid tumor,MONDO:0005580,Squamous cell carcinoma of the esophagus,['NIVOLUMAB'],4
MONDO:0020560,Atypical teratoid rhabdoid tumor,MONDO:0009692,Primary myelofibrosis,['NIVOLUMAB'],2
MONDO:0020560,Atypical teratoid rhabdoid tumor,MONDO:0007959,Medulloblastoma,"['NIVOLUMAB', 'ENTINOSTAT']",3
MONDO:0020560,Atypical teratoid rhabdoid tumor,MONDO:0006451,Thymic carcinoma,['NIVOLUMAB'],2
MONDO:0020560,Atypical teratoid rhabdoid tumor,MONDO:0006292,Pleural mesothelioma,['NIVOLUMAB'],2
MONDO:0020560,Atypical teratoid rhabdoid tumor,MONDO:0016238,Solitary fibrous tumor,['NIVOLUMAB'],2
MONDO:0020560,Atypical teratoid rhabdoid tumor,MONDO:0019087,Cholangiocarcinoma,['NIVOLUMAB'],2
MONDO:0020560,Atypical teratoid rhabdoid tumor,MONDO:0019004,Nephroblastoma,"['NIVOLUMAB', 'ENTINOSTAT']",2
MONDO:0020560,Atypical teratoid rhabdoid tumor,MONDO:0016974,Thymoma type B,['NIVOLUMAB'],2
MONDO:0018737,Catastrophic antiphospholipid syndrome,MONDO:0100280,Waldenstrom macroglobulinemia,['RITUXIMAB'],8
MONDO:0018737,Catastrophic antiphospholipid syndrome,MONDO:0018906,follicular lymphoma,['RITUXIMAB'],62
MONDO:0018737,Catastrophic antiphospholipid syndrome,MONDO:0019534,Mixed-type autoimmune hemolytic anemia,['RITUXIMAB'],2
MONDO:0018737,Catastrophic antiphospholipid syndrome,MONDO:0018876,mantle cell lymphoma,['RITUXIMAB'],28
MONDO:0018737,Catastrophic antiphospholipid syndrome,MONDO:0019740,Immune-mediated thrombotic thrombocytopenic purpura,['RITUXIMAB'],4
MONDO:0018737,Catastrophic antiphospholipid syndrome,MONDO:0015247,Opsoclonus-myoclonus syndrome,['RITUXIMAB'],4
MONDO:0018737,Catastrophic antiphospholipid syndrome,MONDO:0019124,microscopic polyangiitis,['RITUXIMAB'],5
MONDO:0018737,Catastrophic antiphospholipid syndrome,MONDO:0007650,MALT lymphoma,['RITUXIMAB'],6
MONDO:0018737,Catastrophic antiphospholipid syndrome,MONDO:0012105,Granulomatosis with polyangiitis,['RITUXIMAB'],6
MONDO:0018737,Catastrophic antiphospholipid syndrome,MONDO:0007243,Burkitt lymphoma,['RITUXIMAB'],7
MONDO:0018737,Catastrophic antiphospholipid syndrome,MONDO:0005388,Primary biliary cholangitis,['RITUXIMAB'],2
MONDO:0018737,Catastrophic antiphospholipid syndrome,MONDO:0013730,graft versus host disease,['RITUXIMAB'],2
MONDO:0018737,Catastrophic antiphospholipid syndrome,MONDO:0008538,Giant cell arteritis,['RITUXIMAB'],2
MONDO:0018737,Catastrophic antiphospholipid syndrome,MONDO:0019006,Genetic steroid-resistant nephrotic syndrome,['RITUXIMAB'],2
MONDO:0018737,Catastrophic antiphospholipid syndrome,MONDO:0008558,autoimmune thrombocytopenic purpura,['RITUXIMAB'],3
MONDO:0018737,Catastrophic antiphospholipid syndrome,MONDO:0018324,Adult-onset myasthenia gravis,['RITUXIMAB'],3
MONDO:0018737,Catastrophic antiphospholipid syndrome,MONDO:0010030,Primary Sjgren syndrome,['RITUXIMAB'],2
MONDO:0018737,Catastrophic antiphospholipid syndrome,MONDO:0018977,Polyneuropathy associated with IgM monoclonal gammopathy with anti-MAG,['RITUXIMAB'],2
MONDO:0018737,Catastrophic antiphospholipid syndrome,MONDO:0019170,Polyarteritis nodosa,['RITUXIMAB'],2
MONDO:0018737,Catastrophic antiphospholipid syndrome,MONDO:0019125,Relapsing polychondritis,['RITUXIMAB'],2
MONDO:0018737,Catastrophic antiphospholipid syndrome,MONDO:0019127,polymyositis,['RITUXIMAB'],2
MONDO:0018737,Catastrophic antiphospholipid syndrome,MONDO:0800029,interstitial lung disease 2,['RITUXIMAB'],2
MONDO:0018737,Catastrophic antiphospholipid syndrome,MONDO:0019532,"Autoimmune hemolytic anemia, warm type",['RITUXIMAB'],3
MONDO:0018737,Catastrophic antiphospholipid syndrome,MONDO:0018842,Primary effusion lymphoma,['RITUXIMAB'],4
MONDO:0018737,Catastrophic antiphospholipid syndrome,MONDO:0020547,Chronic graft versus host disease,['RITUXIMAB'],2
MONDO:0018737,Catastrophic antiphospholipid syndrome,MONDO:0018746,Mucous membrane pemphigoid,['RITUXIMAB'],2
MONDO:0018737,Catastrophic antiphospholipid syndrome,MONDO:0006702,Chronic inflammatory demyelinating polyneuropathy,['RITUXIMAB'],2
MONDO:0018737,Catastrophic antiphospholipid syndrome,MONDO:0019067,Idiopathic steroid-sensitive nephrotic syndrome,['RITUXIMAB'],2
MONDO:0018737,Catastrophic antiphospholipid syndrome,MONDO:0019535,Drug-induced autoimmune hemolytic anemia,['RITUXIMAB'],2
MONDO:0018737,Catastrophic antiphospholipid syndrome,MONDO:0019167,Immunoglobulin A vasculitis,['RITUXIMAB'],2
MONDO:0018737,Catastrophic antiphospholipid syndrome,MONDO:0009688,Myasthenia gravis,['RITUXIMAB'],2
MONDO:0018737,Catastrophic antiphospholipid syndrome,MONDO:0007915,systemic lupus erythematosus,['RITUXIMAB'],2
MONDO:0013024,Chronic thromboembolic pulmonary hypertension,MONDO:0005149,Idiopathic/heritable pulmonary arterial hypertension,"['RIOCIGUAT', 'AMBRISENTAN', 'SELEXIPAG', 'MACITENTAN']",28
MONDO:0013024,Chronic thromboembolic pulmonary hypertension,MONDO:0800029,interstitial lung disease 2,"['AMBRISENTAN', 'MACITENTAN', 'MEDICAL OXYGEN']",4
MONDO:0013024,Chronic thromboembolic pulmonary hypertension,MONDO:0019338,sarcoidosis,['SELEXIPAG'],4
MONDO:0013024,Chronic thromboembolic pulmonary hypertension,MONDO:0016356,Diffuse cutaneous systemic sclerosis,['RIOCIGUAT'],31
MONDO:0013024,Chronic thromboembolic pulmonary hypertension,MONDO:0017147,Idiopathic pulmonary arterial hypertension,"['RIOCIGUAT', 'MACITENTAN']",14
MONDO:0013024,Chronic thromboembolic pulmonary hypertension,MONDO:0008907,PMM2-CDG,['ACETAZOLAMIDE'],3
MONDO:0013024,Chronic thromboembolic pulmonary hypertension,MONDO:0009468,Idiopathic intracranial hypertension,['ACETAZOLAMIDE'],3
MONDO:0013024,Chronic thromboembolic pulmonary hypertension,MONDO:0011441,Complex regional pain syndrome type 1,['MEDICAL OXYGEN'],2
MONDO:0013024,Chronic thromboembolic pulmonary hypertension,MONDO:0009061,Cystic fibrosis,['MEDICAL OXYGEN'],2
MONDO:0013024,Chronic thromboembolic pulmonary hypertension,MONDO:0009971,Infant acute respiratory distress syndrome,['MEDICAL OXYGEN'],2
MONDO:0013024,Chronic thromboembolic pulmonary hypertension,MONDO:0100130,Adult acute respiratory distress syndrome,"['SOLUBLE GUANYLATE CYCLASE (SGC) ACTIVATOR', 'MEDICAL OXYGEN']",2
MONDO:0013024,Chronic thromboembolic pulmonary hypertension,MONDO:0019944,Eisenmenger syndrome,['MACITENTAN'],21
MONDO:0013024,Chronic thromboembolic pulmonary hypertension,MONDO:0017148,Heritable pulmonary arterial hypertension,['MACITENTAN'],14
MONDO:0005724,Cryptococcosis,MONDO:0005657,aspergillosis,['DIASCORBATE SALT OF A SEMI-SYNTHETIC DERIVATIVE OF PATRICIN A'],2
MONDO:0019346,Sialidosis type 1,MONDO:0010526,Fabry disease,['VENGLUSTAT'],8
MONDO:0019346,Sialidosis type 1,MONDO:0018149,GM1 gangliosidosis,['VENGLUSTAT'],4
MONDO:0019346,Sialidosis type 1,MONDO:0009267,Gaucher disease type 3,['VENGLUSTAT'],3
MONDO:0019346,Sialidosis type 1,MONDO:0010006,Sandhoff disease,['VENGLUSTAT'],6
MONDO:0019346,Sialidosis type 1,MONDO:0009737,Galactosialidosis,['VENGLUSTAT'],4
MONDO:0019346,Sialidosis type 1,MONDO:0010099,"GM2 gangliosidosis, AB variant",['VENGLUSTAT'],3
MONDO:0019346,Sialidosis type 1,MONDO:0010100,Tay-Sachs disease,['VENGLUSTAT'],6
MONDO:0019346,Sialidosis type 1,MONDO:0004691,Autosomal dominant polycystic kidney disease,['VENGLUSTAT'],5
MONDO:0011934,Dermatofibrosarcoma protuberans,MONDO:0015686,Primary peritoneal carcinoma,"['TRABECTEDIN', 'PAZOPANIB HYDROCHLORIDE', 'DOXORUBICIN HYDROCHLORIDE (LIPOSOMAL)']",8
MONDO:0011934,Dermatofibrosarcoma protuberans,MONDO:0002728,Rhabdoid tumor,"['PALBOCICLIB', 'REGORAFENIB', 'OLARATUMAB', 'DOXORUBICIN HYDROCHLORIDE (LIPOSOMAL)', 'TRABECTEDIN', 'PAZOPANIB HYDROCHLORIDE']",5
MONDO:0011934,Dermatofibrosarcoma protuberans,MONDO:0005060,liposarcoma,"['PALBOCICLIB', 'OLARATUMAB', 'DOXORUBICIN HYDROCHLORIDE (LIPOSOMAL)', 'TRABECTEDIN', 'PAZOPANIB HYDROCHLORIDE']",4
MONDO:0011934,Dermatofibrosarcoma protuberans,MONDO:0020563,Dedifferentiated liposarcoma,"['PALBOCICLIB', 'OLARATUMAB', 'DOXORUBICIN HYDROCHLORIDE (LIPOSOMAL)', 'TRABECTEDIN', 'PAZOPANIB HYDROCHLORIDE']",5
MONDO:0011934,Dermatofibrosarcoma protuberans,MONDO:0002142,Undifferentiated pleomorphic sarcoma,"['PALBOCICLIB', 'REGORAFENIB', 'OLARATUMAB', 'DOXORUBICIN HYDROCHLORIDE (LIPOSOMAL)', 'TRABECTEDIN', 'PAZOPANIB HYDROCHLORIDE']",6
MONDO:0011934,Dermatofibrosarcoma protuberans,MONDO:0020561,Myxoid/round cell liposarcoma,"['TRABECTEDIN', 'PAZOPANIB HYDROCHLORIDE', 'OLARATUMAB', 'DOXORUBICIN HYDROCHLORIDE (LIPOSOMAL)']",5
MONDO:0011934,Dermatofibrosarcoma protuberans,MONDO:0006292,Pleural mesothelioma,['TRABECTEDIN'],2
MONDO:0011934,Dermatofibrosarcoma protuberans,MONDO:0019373,Desmoplastic small round cell tumor,"['PALBOCICLIB', 'REGORAFENIB', 'OLARATUMAB', 'DOXORUBICIN HYDROCHLORIDE (LIPOSOMAL)', 'TRABECTEDIN', 'PAZOPANIB HYDROCHLORIDE']",7
MONDO:0011934,Dermatofibrosarcoma protuberans,MONDO:0020562,Pleomorphic liposarcoma,"['TRABECTEDIN', 'DOXORUBICIN HYDROCHLORIDE (LIPOSOMAL)']",3
MONDO:0011934,Dermatofibrosarcoma protuberans,MONDO:0016238,Solitary fibrous tumor,"['PALBOCICLIB', 'REGORAFENIB', 'OLARATUMAB', 'DOXORUBICIN HYDROCHLORIDE (LIPOSOMAL)', 'TRABECTEDIN', 'PAZOPANIB HYDROCHLORIDE']",4
MONDO:0011934,Dermatofibrosarcoma protuberans,MONDO:0005055,Kaposi\'s sarcoma,"['PALBOCICLIB', 'REGORAFENIB', 'DOXORUBICIN HYDROCHLORIDE (LIPOSOMAL)', 'TRABECTEDIN', 'PAZOPANIB HYDROCHLORIDE']",4
MONDO:0011934,Dermatofibrosarcoma protuberans,MONDO:0005103,Well-differentiated liposarcoma,"['TRABECTEDIN', 'PAZOPANIB HYDROCHLORIDE', 'PALBOCICLIB']",4
MONDO:0011934,Dermatofibrosarcoma protuberans,MONDO:0019087,Cholangiocarcinoma,"['REGORAFENIB', 'DOXORUBICIN HYDROCHLORIDE (LIPOSOMAL)']",3
MONDO:0011934,Dermatofibrosarcoma protuberans,MONDO:0018906,follicular lymphoma,['DOXORUBICIN HYDROCHLORIDE (LIPOSOMAL)'],3
MONDO:0011934,Dermatofibrosarcoma protuberans,MONDO:0019004,Nephroblastoma,"['REGORAFENIB', 'DOXORUBICIN HYDROCHLORIDE (LIPOSOMAL)']",3
MONDO:0011934,Dermatofibrosarcoma protuberans,MONDO:0018876,mantle cell lymphoma,['DOXORUBICIN HYDROCHLORIDE (LIPOSOMAL)'],3
MONDO:0011934,Dermatofibrosarcoma protuberans,MONDO:0009691,Classic mycosis fungoides,['DOXORUBICIN HYDROCHLORIDE (LIPOSOMAL)'],3
MONDO:0011934,Dermatofibrosarcoma protuberans,MONDO:0007959,Medulloblastoma,['PALBOCICLIB'],2
MONDO:0011934,Dermatofibrosarcoma protuberans,MONDO:0005072,neuroblastoma,"['PALBOCICLIB', 'PAZOPANIB HYDROCHLORIDE', 'REGORAFENIB']",4
MONDO:0011934,Dermatofibrosarcoma protuberans,MONDO:0011719,gastrointestinal stromal tumor,"['PALBOCICLIB', 'PAZOPANIB HYDROCHLORIDE', 'OLARATUMAB', 'REGORAFENIB']",8
MONDO:0011934,Dermatofibrosarcoma protuberans,MONDO:0002629,Osteosarcoma,"['PALBOCICLIB', 'PAZOPANIB HYDROCHLORIDE', 'REGORAFENIB']",5
MONDO:0011934,Dermatofibrosarcoma protuberans,MONDO:0019963,Bronchial neuroendocrine tumor,['PAZOPANIB HYDROCHLORIDE'],4
MONDO:0011934,Dermatofibrosarcoma protuberans,MONDO:0018271,Peripheral primitive neuroectodermal tumor,"['REGORAFENIB', 'PAZOPANIB HYDROCHLORIDE']",6
MONDO:0011934,Dermatofibrosarcoma protuberans,MONDO:0019210,Cutaneous neuroendocrine carcinoma,['PAZOPANIB HYDROCHLORIDE'],4
MONDO:0011934,Dermatofibrosarcoma protuberans,MONDO:0017242,Cutaneous collagenous vasculopathy,['PAZOPANIB HYDROCHLORIDE'],4
MONDO:0011934,Dermatofibrosarcoma protuberans,MONDO:0019964,Thymic neuroendocrine tumor,['PAZOPANIB HYDROCHLORIDE'],4
MONDO:0011934,Dermatofibrosarcoma protuberans,MONDO:0005028,Adenocarcinoma of the esophagus,['REGORAFENIB'],2
MONDO:0008667,Von Hippel-Lindau disease,MONDO:0006952,Retinopathy of prematurity,['PROPRANOLOL HYDROCHLORIDE'],5
MONDO:0008667,Von Hippel-Lindau disease,MONDO:0015403,Non-involuting congenital hemangioma,['PROPRANOLOL HYDROCHLORIDE'],2
MONDO:0008667,Von Hippel-Lindau disease,MONDO:0005072,neuroblastoma,['PROPRANOLOL HYDROCHLORIDE'],2
MONDO:0008667,Von Hippel-Lindau disease,MONDO:0017190,Sporadic pheochromocytoma/secreting paraganglioma,"['BELZUTIFAN', 'SUNITINIB MALATE']",4
MONDO:0008667,Von Hippel-Lindau disease,MONDO:0011719,gastrointestinal stromal tumor,"['BELZUTIFAN', 'SUNITINIB MALATE']",7
MONDO:0008667,Von Hippel-Lindau disease,MONDO:0017366,Hereditary pheochromocytoma-paraganglioma,['SUNITINIB MALATE'],3
MONDO:0008667,Von Hippel-Lindau disease,MONDO:0002629,Osteosarcoma,['SUNITINIB MALATE'],2
MONDO:0008667,Von Hippel-Lindau disease,MONDO:0016238,Solitary fibrous tumor,['SUNITINIB MALATE'],3
MONDO:0008667,Von Hippel-Lindau disease,MONDO:0006639,Adrenocortical carcinoma,['SUNITINIB MALATE'],3
MONDO:0008667,Von Hippel-Lindau disease,MONDO:0015277,Medullary thyroid carcinoma,['SUNITINIB MALATE'],2
MONDO:0008667,Von Hippel-Lindau disease,MONDO:0006451,Thymic carcinoma,['SUNITINIB MALATE'],2
MONDO:0008667,Von Hippel-Lindau disease,MONDO:0005060,liposarcoma,['SUNITINIB MALATE'],2
MONDO:0008667,Von Hippel-Lindau disease,MONDO:0006486,Uveal melanoma,['SUNITINIB MALATE'],2
MONDO:0008667,Von Hippel-Lindau disease,MONDO:0002142,Undifferentiated pleomorphic sarcoma,['SUNITINIB MALATE'],2
MONDO:0008667,Von Hippel-Lindau disease,MONDO:0016748,Hemangioblastoma,['SUNITINIB MALATE'],2
MONDO:0016367,dermatomyositis,MONDO:0018906,follicular lymphoma,"['ALDESLEUKIN', 'TOCILIZUMAB', 'PREDNISONE', 'CHEMBL156']",196
MONDO:0016367,dermatomyositis,MONDO:0012105,Granulomatosis with polyangiitis,"['AZATHIOPRIN', 'PREDNISONE', 'ABATACEPT', 'CHEMBL156']",12
MONDO:0016367,dermatomyositis,MONDO:0007915,systemic lupus erythematosus,"['ALDESLEUKIN', 'RAVULIZUMAB', 'DAXDILIMAB', 'BREPOCITINIB', 'ALLOGENEIC ENGINEERED T-CELLS EXPRESSING ANTI-CD19 CHIMERIC ANTIGEN RECEPTOR', 'LENABASUM', 'TOCILIZUMAB', 'BARICITINIB', 'CHEMBL156', 'ABATACEPT', 'TOFACITINIB', 'USTEKINUMAB', 'PREDNISONE']",14
MONDO:0016367,dermatomyositis,MONDO:0018876,mantle cell lymphoma,"['TOCILIZUMAB', 'PREDNISONE', 'CHEMBL156']",119
MONDO:0016367,dermatomyositis,MONDO:0009693,plasma cell myeloma,"['ALDESLEUKIN', 'TOCILIZUMAB', 'CHEMBL156', 'ABATACEPT', 'PREDNISONE', 'DEXAMETHASONE']",111
MONDO:0016367,dermatomyositis,MONDO:0013730,graft versus host disease,"['ALDESLEUKIN', 'BARICITINIB', 'TOCILIZUMAB', 'CHEMBL156', 'ABATACEPT', 'USTEKINUMAB', 'PREDNISONE']",34
MONDO:0016367,dermatomyositis,MONDO:0015943,eosinophilic granulomatosis with polyangiitis,"['AZATHIOPRIN', 'PREDNISONE']",11
MONDO:0016367,dermatomyositis,MONDO:0019127,polymyositis,"['DEXAMETHASONE', 'DAXDILIMAB', 'SELECTIVE IMMUNOPROTEASOME INHIBITOR', 'ALLOGENEIC ENGINEERED T-CELLS EXPRESSING ANTI-CD19 CHIMERIC ANTIGEN RECEPTOR', 'GEVOKIZUMAB', 'SIPONIMOD', 'PREDNISONE', 'HUMANISED IGG1K MONOCLONAL ANTIBODY AGAINST INTERFERON BETA']",20
MONDO:0016367,dermatomyositis,MONDO:0019082,Bullous pemphigoid,"['USTEKINUMAB', 'PREDNISONE', 'CHEMBL156']",18
MONDO:0016367,dermatomyositis,MONDO:0005029,essential thrombocythemia,['PREDNISONE'],17
MONDO:0016367,dermatomyositis,MONDO:0009891,acquired polycythemia vera,"['PREDNISONE', 'CHEMBL156']",22
MONDO:0016367,dermatomyositis,MONDO:0019124,microscopic polyangiitis,"['AZATHIOPRIN', 'PREDNISONE']",13
MONDO:0016367,dermatomyositis,MONDO:0008558,autoimmune thrombocytopenic purpura,"['HUMAN NORMAL IMMUNOGLOBULIN', 'BARICITINIB', 'PREDNISONE']",13
MONDO:0016367,dermatomyositis,MONDO:0010679,Duchenne muscular dystrophy,['PREDNISONE'],16
MONDO:0016367,dermatomyositis,MONDO:0019338,sarcoidosis,"['CHEMBL156', 'ABATACEPT', 'TOFACITINIB', 'USTEKINUMAB', 'PREDNISONE', 'CORTICOTROPIN']",16
MONDO:0016367,dermatomyositis,MONDO:0800029,interstitial lung disease 2,"['HUMAN NORMAL IMMUNOGLOBULIN', 'PREDNISONE']",15
MONDO:0016367,dermatomyositis,MONDO:0009688,Myasthenia gravis,"['HUMAN NORMAL IMMUNOGLOBULIN', 'AZATHIOPRIN', 'RAVULIZUMAB', 'TOCILIZUMAB', 'CHEMBL156', 'ABATACEPT', 'TOFACITINIB', 'PREDNISONE']",18
MONDO:0016367,dermatomyositis,MONDO:0015564,Castleman disease,"['TOCILIZUMAB', 'PREDNISONE']",14
MONDO:0016367,dermatomyositis,MONDO:0006806,intermediate uveitis,"['GEVOKIZUMAB', 'METHOTREXATE', 'TOCILIZUMAB', 'CHEMBL156', 'PREDNISONE']",11
MONDO:0016367,dermatomyositis,MONDO:0009692,Primary myelofibrosis,"['PREDNISONE', 'CHEMBL156']",37
MONDO:0016367,dermatomyositis,MONDO:0009061,Cystic fibrosis,"['LENABASUM', 'PREDNISONE']",13
MONDO:0016367,dermatomyositis,MONDO:0016264,Autoimmune hepatitis,"['AZATHIOPRIN', 'PREDNISONE']",11
MONDO:0016367,dermatomyositis,MONDO:0004976,Amyotrophic lateral sclerosis,"['ALDESLEUKIN', 'RAVULIZUMAB', 'TOCILIZUMAB', 'PREDNISONE', 'CORTICOTROPIN']",11
MONDO:0016367,dermatomyositis,MONDO:0010602,hemophilia A,['PREDNISONE'],13
MONDO:0016367,dermatomyositis,MONDO:0018150,Gaucher disease,['PREDNISONE'],12
MONDO:0016367,dermatomyositis,MONDO:0011719,gastrointestinal stromal tumor,['PREDNISONE'],11
MONDO:0016367,dermatomyositis,MONDO:0100280,Waldenstrom macroglobulinemia,"['CHEMBL156', 'DEXAMETHASONE']",25
MONDO:0016367,dermatomyositis,MONDO:0007650,MALT lymphoma,['CHEMBL156'],29
MONDO:0016367,dermatomyositis,MONDO:0011996,"chronic myelogenous leukemia, BCR-ABL1 positive","['ALDESLEUKIN', 'CHEMBL156']",92
MONDO:0016367,dermatomyositis,MONDO:0005100,systemic sclerosis,"['DAXDILIMAB', 'ALLOGENEIC ENGINEERED T-CELLS EXPRESSING ANTI-CD19 CHIMERIC ANTIGEN RECEPTOR', 'TOCILIZUMAB', 'CHEMBL156', 'TOFACITINIB']",6
MONDO:0016367,dermatomyositis,MONDO:0007959,Medulloblastoma,['CHEMBL156'],23
MONDO:0016367,dermatomyositis,MONDO:0005388,Primary biliary cholangitis,"['USTEKINUMAB', 'CHEMBL156', 'BARICITINIB']",2
MONDO:0016367,dermatomyositis,MONDO:0005072,neuroblastoma,"['ALDESLEUKIN', 'CHEMBL156']",6
MONDO:0016367,dermatomyositis,MONDO:0100244,paroxysmal nocturnal hemoglobinuria,"['RAVULIZUMAB', 'CHEMBL156']",15
MONDO:0016367,dermatomyositis,MONDO:0019200,Retinitis pigmentosa,['CHEMBL156'],9
MONDO:0016367,dermatomyositis,MONDO:0019344,Antisynthetase syndrome,['DAXDILIMAB'],7
MONDO:0016367,dermatomyositis,MONDO:0010030,Primary Sjgren syndrome,"['BARICITINIB', 'DAXDILIMAB', 'ABATACEPT', 'TOFACITINIB']",7
MONDO:0016367,dermatomyositis,MONDO:0015573,Subacute cutaneous lupus erythematosus,['DAXDILIMAB'],5
MONDO:0016367,dermatomyositis,MONDO:0005312,Pouchitis,"['USTEKINUMAB', 'TOFACITINIB']",6
MONDO:0016367,dermatomyositis,MONDO:0019725,Pediatric systemic lupus erythematosus,"['AZATHIOPRIN', 'RAVULIZUMAB']",6
MONDO:0016367,dermatomyositis,MONDO:0019170,Polyarteritis nodosa,['AZATHIOPRIN'],2
MONDO:0016367,dermatomyositis,MONDO:0016244,Atypical hemolytic uremic syndrome,['RAVULIZUMAB'],9
MONDO:0016367,dermatomyositis,MONDO:0018324,Adult-onset myasthenia gravis,['RAVULIZUMAB'],7
MONDO:0016367,dermatomyositis,MONDO:0019438,AL amyloidosis,['DEXAMETHASONE'],5
MONDO:0016367,dermatomyositis,MONDO:0018871,Acute myelomonocytic leukemia,['DEXAMETHASONE'],2
MONDO:0016367,dermatomyositis,MONDO:0015247,Opsoclonus-myoclonus syndrome,['DEXAMETHASONE'],4
MONDO:0016367,dermatomyositis,MONDO:0100130,Adult acute respiratory distress syndrome,['DEXAMETHASONE'],2
MONDO:0016367,dermatomyositis,MONDO:0006702,Chronic inflammatory demyelinating polyneuropathy,"['HUMAN NORMAL IMMUNOGLOBULIN', 'DEXAMETHASONE']",9
MONDO:0016367,dermatomyositis,MONDO:0016356,Diffuse cutaneous systemic sclerosis,"['HUMAN NORMAL IMMUNOGLOBULIN', 'LENABASUM']",3
MONDO:0016367,dermatomyositis,MONDO:0017409,Fetal cytomegalovirus syndrome,['HUMAN NORMAL IMMUNOGLOBULIN'],3
MONDO:0016367,dermatomyositis,MONDO:0018979,Multifocal motor neuropathy,['HUMAN NORMAL IMMUNOGLOBULIN'],3
MONDO:0016367,dermatomyositis,MONDO:0019945,Solar urticaria,['HUMAN NORMAL IMMUNOGLOBULIN'],3
MONDO:0016367,dermatomyositis,MONDO:0019369,Complex regional pain syndrome,['HUMAN NORMAL IMMUNOGLOBULIN'],3
MONDO:0016367,dermatomyositis,MONDO:0008219,Pemphigus vulgaris,['HUMAN NORMAL IMMUNOGLOBULIN'],3
MONDO:0016367,dermatomyositis,MONDO:0008054,Juvenile dermatomyositis,"['METHOTREXATE', 'CICLOSPORIN']",2
MONDO:0016367,dermatomyositis,MONDO:0002629,Osteosarcoma,['METHOTREXATE'],3
MONDO:0016367,dermatomyositis,MONDO:0008538,Giant cell arteritis,"['GEVOKIZUMAB', 'METHOTREXATE']",5
MONDO:0016367,dermatomyositis,MONDO:0016206,Idiopathic uveal effusion syndrome,"['GEVOKIZUMAB', 'METHOTREXATE']",4
MONDO:0016367,dermatomyositis,MONDO:0017258,Idiopathic panuveitis,"['GEVOKIZUMAB', 'METHOTREXATE']",4
MONDO:0016367,dermatomyositis,MONDO:0018304,Schnitzler syndrome,['METHOTREXATE'],2
MONDO:0016367,dermatomyositis,MONDO:0009837,Papilloma of choroid plexus,['METHOTREXATE'],2
MONDO:0016367,dermatomyositis,MONDO:0016698,Ependymoma,['METHOTREXATE'],2
MONDO:0016367,dermatomyositis,MONDO:0018092,Vogt-Koyanagi-Harada disease,"['GEVOKIZUMAB', 'METHOTREXATE']",24
MONDO:0016367,dermatomyositis,MONDO:0020546,Acute graft versus host disease,['METHOTREXATE'],2
MONDO:0016367,dermatomyositis,MONDO:0007191,Behet disease,['GEVOKIZUMAB'],10
MONDO:0016367,dermatomyositis,MONDO:0016098,Immune-mediated necrotizing myopathy,['GEVOKIZUMAB'],4
MONDO:0016367,dermatomyositis,MONDO:0005028,Adenocarcinoma of the esophagus,['GEVOKIZUMAB'],4
MONDO:0016367,dermatomyositis,MONDO:0019085,Vernal keratoconjunctivitis,['CICLOSPORIN'],4
MONDO:0016367,dermatomyositis,MONDO:0010788,Leber hereditary optic neuropathy,['CICLOSPORIN'],2
MONDO:0016367,dermatomyositis,MONDO:0018824,Pyoderma gangrenosum,['CICLOSPORIN'],2
MONDO:0008948,cerebrotendinous xanthomatosis,MONDO:0010383,fragile X syndrome,['LOVASTATIN'],4
MONDO:0008948,cerebrotendinous xanthomatosis,MONDO:0010726,Rett syndrome,['LOVASTATIN'],2
MONDO:0006277,Lymphangioleiomyomatosis,MONDO:0003111,Neuroendocrine tumor of stomach,['EVEROLIMUS'],12
MONDO:0006277,Lymphangioleiomyomatosis,MONDO:0015065,Ileal neuroendocrine tumor,['EVEROLIMUS'],12
MONDO:0006277,Lymphangioleiomyomatosis,MONDO:0018975,Neurofibromatosis type 1,['EVEROLIMUS'],8
MONDO:0006277,Lymphangioleiomyomatosis,MONDO:0001734,tuberous sclerosis,['EVEROLIMUS'],20
MONDO:0006277,Lymphangioleiomyomatosis,MONDO:0009348,Classic Hodgkin lymphoma,['EVEROLIMUS'],9
MONDO:0006277,Lymphangioleiomyomatosis,MONDO:0019963,Bronchial neuroendocrine tumor,['EVEROLIMUS'],14
MONDO:0006277,Lymphangioleiomyomatosis,MONDO:0003646,Neuroendocrine tumor of the rectum,['EVEROLIMUS'],12
MONDO:0006277,Lymphangioleiomyomatosis,MONDO:0013730,graft versus host disease,['EVEROLIMUS'],9
MONDO:0006277,Lymphangioleiomyomatosis,MONDO:0015069,Neuroendocrine tumor of anal canal,['EVEROLIMUS'],11
MONDO:0006277,Lymphangioleiomyomatosis,MONDO:0018016,Classic neuroendocrine tumor of appendix,['EVEROLIMUS'],11
MONDO:0006277,Lymphangioleiomyomatosis,MONDO:0100347,Carcinoid syndrome,['EVEROLIMUS'],8
MONDO:0006277,Lymphangioleiomyomatosis,MONDO:0002882,Neuroendocrine tumor of the colon,['EVEROLIMUS'],11
MONDO:0006277,Lymphangioleiomyomatosis,MONDO:0015066,Neuroendocrine neoplasm of appendix,['EVEROLIMUS'],8
MONDO:0006277,Lymphangioleiomyomatosis,MONDO:0007039,Full NF2-related schwannomatosis,['EVEROLIMUS'],8
MONDO:0006277,Lymphangioleiomyomatosis,MONDO:0000447,Isolated polycystic liver disease,['EVEROLIMUS'],8
MONDO:0006277,Lymphangioleiomyomatosis,MONDO:0020547,Chronic graft versus host disease,['EVEROLIMUS'],8
MONDO:0006277,Lymphangioleiomyomatosis,MONDO:0015277,Medullary thyroid carcinoma,['EVEROLIMUS'],8
MONDO:0018746,Mucous membrane pemphigoid,MONDO:0018596,Systemic polyarteritis nodosa,['MYCOPHENOLATE MOFETIL'],2
MONDO:0018746,Mucous membrane pemphigoid,MONDO:0010030,Primary Sjgren syndrome,"['RITUXIMAB', 'MYCOPHENOLATE MOFETIL']",5
MONDO:0018746,Mucous membrane pemphigoid,MONDO:0008219,Pemphigus vulgaris,['MYCOPHENOLATE MOFETIL'],2
MONDO:0018746,Mucous membrane pemphigoid,MONDO:0009688,Myasthenia gravis,"['RITUXIMAB', 'MYCOPHENOLATE MOFETIL']",2
MONDO:0018746,Mucous membrane pemphigoid,MONDO:0019082,Bullous pemphigoid,['MYCOPHENOLATE MOFETIL'],2
MONDO:0018746,Mucous membrane pemphigoid,MONDO:0019725,Pediatric systemic lupus erythematosus,['MYCOPHENOLATE MOFETIL'],2
MONDO:0018746,Mucous membrane pemphigoid,MONDO:0019067,Idiopathic steroid-sensitive nephrotic syndrome,"['RITUXIMAB', 'MYCOPHENOLATE MOFETIL']",4
MONDO:0018746,Mucous membrane pemphigoid,MONDO:0013730,graft versus host disease,"['RITUXIMAB', 'MYCOPHENOLATE MOFETIL']",2
MONDO:0018746,Mucous membrane pemphigoid,MONDO:0016264,Autoimmune hepatitis,['MYCOPHENOLATE MOFETIL'],2
MONDO:0018746,Mucous membrane pemphigoid,MONDO:0012105,Granulomatosis with polyangiitis,"['RITUXIMAB', 'MYCOPHENOLATE MOFETIL']",2
MONDO:0018746,Mucous membrane pemphigoid,MONDO:0019124,microscopic polyangiitis,"['RITUXIMAB', 'MYCOPHENOLATE MOFETIL']",5
MONDO:0018746,Mucous membrane pemphigoid,MONDO:0006702,Chronic inflammatory demyelinating polyneuropathy,"['RITUXIMAB', 'MYCOPHENOLATE MOFETIL']",2
MONDO:0018746,Mucous membrane pemphigoid,MONDO:0100280,Waldenstrom macroglobulinemia,['RITUXIMAB'],8
MONDO:0018746,Mucous membrane pemphigoid,MONDO:0018906,follicular lymphoma,['RITUXIMAB'],62
MONDO:0018746,Mucous membrane pemphigoid,MONDO:0019534,Mixed-type autoimmune hemolytic anemia,['RITUXIMAB'],2
MONDO:0018746,Mucous membrane pemphigoid,MONDO:0018876,mantle cell lymphoma,['RITUXIMAB'],28
MONDO:0018746,Mucous membrane pemphigoid,MONDO:0019740,Immune-mediated thrombotic thrombocytopenic purpura,['RITUXIMAB'],4
MONDO:0018746,Mucous membrane pemphigoid,MONDO:0015247,Opsoclonus-myoclonus syndrome,['RITUXIMAB'],4
MONDO:0018746,Mucous membrane pemphigoid,MONDO:0007650,MALT lymphoma,['RITUXIMAB'],6
MONDO:0018746,Mucous membrane pemphigoid,MONDO:0007243,Burkitt lymphoma,['RITUXIMAB'],7
MONDO:0018746,Mucous membrane pemphigoid,MONDO:0005388,Primary biliary cholangitis,['RITUXIMAB'],2
MONDO:0018746,Mucous membrane pemphigoid,MONDO:0008538,Giant cell arteritis,['RITUXIMAB'],2
MONDO:0018746,Mucous membrane pemphigoid,MONDO:0019006,Genetic steroid-resistant nephrotic syndrome,['RITUXIMAB'],2
MONDO:0018746,Mucous membrane pemphigoid,MONDO:0008558,autoimmune thrombocytopenic purpura,['RITUXIMAB'],3
MONDO:0018746,Mucous membrane pemphigoid,MONDO:0018324,Adult-onset myasthenia gravis,['RITUXIMAB'],3
MONDO:0018746,Mucous membrane pemphigoid,MONDO:0018977,Polyneuropathy associated with IgM monoclonal gammopathy with anti-MAG,['RITUXIMAB'],2
MONDO:0018746,Mucous membrane pemphigoid,MONDO:0019170,Polyarteritis nodosa,['RITUXIMAB'],2
MONDO:0018746,Mucous membrane pemphigoid,MONDO:0019125,Relapsing polychondritis,['RITUXIMAB'],2
MONDO:0018746,Mucous membrane pemphigoid,MONDO:0019127,polymyositis,['RITUXIMAB'],2
MONDO:0018746,Mucous membrane pemphigoid,MONDO:0800029,interstitial lung disease 2,['RITUXIMAB'],2
MONDO:0018746,Mucous membrane pemphigoid,MONDO:0019532,"Autoimmune hemolytic anemia, warm type",['RITUXIMAB'],3
MONDO:0018746,Mucous membrane pemphigoid,MONDO:0018842,Primary effusion lymphoma,['RITUXIMAB'],4
MONDO:0018746,Mucous membrane pemphigoid,MONDO:0020547,Chronic graft versus host disease,['RITUXIMAB'],2
MONDO:0018746,Mucous membrane pemphigoid,MONDO:0019535,Drug-induced autoimmune hemolytic anemia,['RITUXIMAB'],2
MONDO:0018746,Mucous membrane pemphigoid,MONDO:0019167,Immunoglobulin A vasculitis,['RITUXIMAB'],2
MONDO:0018746,Mucous membrane pemphigoid,MONDO:0007915,systemic lupus erythematosus,['RITUXIMAB'],2
MONDO:0017147,Idiopathic pulmonary arterial hypertension,MONDO:0005149,Idiopathic/heritable pulmonary arterial hypertension,"['TADALAFIL', 'RIOCIGUAT', 'SILDENAFIL CITRATE', 'SOTATERCEPT', 'MACITENTAN']",18
MONDO:0017147,Idiopathic pulmonary arterial hypertension,MONDO:0016356,Diffuse cutaneous systemic sclerosis,['RIOCIGUAT'],3
MONDO:0017147,Idiopathic pulmonary arterial hypertension,MONDO:0005711,Congenital diaphragmatic hernia,['SILDENAFIL CITRATE'],5
MONDO:0017147,Idiopathic pulmonary arterial hypertension,MONDO:0800029,interstitial lung disease 2,"['SILDENAFIL CITRATE', 'MACITENTAN']",5
MONDO:0017147,Idiopathic pulmonary arterial hypertension,MONDO:0015273,Complete atrioventricular septal defect,['SILDENAFIL CITRATE'],3
MONDO:0017147,Idiopathic pulmonary arterial hypertension,MONDO:0005100,systemic sclerosis,['SILDENAFIL CITRATE'],3
MONDO:0017147,Idiopathic pulmonary arterial hypertension,MONDO:0006851,Meconium aspiration syndrome,['SILDENAFIL CITRATE'],3
MONDO:0017147,Idiopathic pulmonary arterial hypertension,MONDO:0019944,Eisenmenger syndrome,"['SILDENAFIL CITRATE', 'MACITENTAN']",11
MONDO:0017147,Idiopathic pulmonary arterial hypertension,MONDO:0010679,Duchenne muscular dystrophy,['TADALAFIL'],6
MONDO:0017147,Idiopathic pulmonary arterial hypertension,MONDO:0016301,Congenitally corrected transposition of the great arteries,['TADALAFIL'],4
MONDO:0017147,Idiopathic pulmonary arterial hypertension,MONDO:0008542,Tetralogy of Fallot,['FERRIC CARBOXYMALTOSE'],2
MONDO:0017147,Idiopathic pulmonary arterial hypertension,MONDO:0009693,plasma cell myeloma,['FERRIC CARBOXYMALTOSE'],2
MONDO:0017147,Idiopathic pulmonary arterial hypertension,MONDO:0017148,Heritable pulmonary arterial hypertension,"['SOTATERCEPT', 'MACITENTAN']",4
MONDO:0017147,Idiopathic pulmonary arterial hypertension,MONDO:0016486,Beta-thalassemia major,['SOTATERCEPT'],5
MONDO:0017147,Idiopathic pulmonary arterial hypertension,MONDO:0016487,Beta-thalassemia intermedia,['SOTATERCEPT'],5
MONDO:0015517,Common variable immunodeficiency,MONDO:0008538,Giant cell arteritis,['ABATACEPT'],3
MONDO:0015517,Common variable immunodeficiency,MONDO:0014493,Autoimmune lymphoproliferative syndrome due to CTLA4 haploinsuffiency,['ABATACEPT'],2
MONDO:0015517,Common variable immunodeficiency,MONDO:0012105,Granulomatosis with polyangiitis,['ABATACEPT'],2
MONDO:0015517,Common variable immunodeficiency,MONDO:0011599,Birdshot chorioretinopathy,['ABATACEPT'],2
MONDO:0015517,Common variable immunodeficiency,MONDO:0019432,Rheumatoid factor-negative polyarticular juvenile idiopathic arthritis,['ABATACEPT'],2
MONDO:0015517,Common variable immunodeficiency,MONDO:0019435,Rheumatoid factor-positive polyarticular juvenile idiopathic arthritis,['ABATACEPT'],2
MONDO:0015517,Common variable immunodeficiency,MONDO:0016356,Diffuse cutaneous systemic sclerosis,['ABATACEPT'],2
MONDO:0001586,Mucopolysaccharidosis type 1,MONDO:0015716,Moderate hemophilia B,['ATALUREN'],2
MONDO:0001586,Mucopolysaccharidosis type 1,MONDO:0010311,Becker muscular dystrophy,['ATALUREN'],26
MONDO:0001586,Mucopolysaccharidosis type 1,MONDO:0010679,Duchenne muscular dystrophy,['ATALUREN'],26
MONDO:0001586,Mucopolysaccharidosis type 1,MONDO:0009061,Cystic fibrosis,['ATALUREN'],22
MONDO:0001586,Mucopolysaccharidosis type 1,MONDO:0017214,Vitamin B12-responsive methylmalonic acidemia,['ATALUREN'],3
MONDO:0001586,Mucopolysaccharidosis type 1,MONDO:0015720,Moderate hemophilia A,['ATALUREN'],2
MONDO:0001586,Mucopolysaccharidosis type 1,MONDO:0015715,Severe hemophilia B,['ATALUREN'],2
MONDO:0001586,Mucopolysaccharidosis type 1,MONDO:0015719,Severe hemophilia A,['ATALUREN'],2
MONDO:0001586,Mucopolysaccharidosis type 1,MONDO:0007119,Isolated aniridia,['ATALUREN'],2
MONDO:0001586,Mucopolysaccharidosis type 1,MONDO:0015787,Bleeding disorder in hemophilia A carriers,['ATALUREN'],2
MONDO:0007243,Burkitt lymphoma,MONDO:0018876,mantle cell lymphoma,"['RITUXIMAB', 'PAN-AKT INHIBITOR', 'CISPLATIN', 'OFATUMUMAB', 'COPANLISIB', 'EPCORITAMAB', 'IBRUTINIB', 'EX VIVO EXPANDED AUTOLOGOUS T CELLS GENETICALLY MODIFIED TO EXPRESS ANTI-CD20 AND CD19 IMMUNORECEPTOR', 'LONCASTUXIMAB TESIRINE', 'LENALIDOMIDE', 'VENETOCLAX', 'DEXAMETHASONE (40 MG TABLET)', 'CHOP (CYCLOPHOSPHAMIDE, DOXORUBICIN, VINCRISTINE AND PREDNISONE)']",28
MONDO:0007243,Burkitt lymphoma,MONDO:0018906,follicular lymphoma,"['RITUXIMAB', 'PAN-AKT INHIBITOR', 'CISPLATIN', 'OFATUMUMAB', 'COPANLISIB', 'EPCORITAMAB', 'IBRUTINIB', 'EX VIVO EXPANDED AUTOLOGOUS T CELLS GENETICALLY MODIFIED TO EXPRESS ANTI-CD20 AND CD19 IMMUNORECEPTOR', 'LONCASTUXIMAB TESIRINE', 'LENALIDOMIDE', 'VENETOCLAX', 'DEXAMETHASONE (40 MG TABLET)', 'CHOP (CYCLOPHOSPHAMIDE, DOXORUBICIN, VINCRISTINE AND PREDNISONE)']",2
MONDO:0007243,Burkitt lymphoma,MONDO:0020547,Chronic graft versus host disease,"['RITUXIMAB', 'IBRUTINIB']",7
MONDO:0007243,Burkitt lymphoma,MONDO:0100280,Waldenstrom macroglobulinemia,"['RITUXIMAB', 'PAN-AKT INHIBITOR', 'OFATUMUMAB', 'COPANLISIB', 'IBRUTINIB', 'EX VIVO EXPANDED AUTOLOGOUS T CELLS GENETICALLY MODIFIED TO EXPRESS ANTI-CD20 AND CD19 IMMUNORECEPTOR', 'VENETOCLAX']",2
MONDO:0007243,Burkitt lymphoma,MONDO:0013730,graft versus host disease,"['RITUXIMAB', 'IBRUTINIB']",7
MONDO:0007243,Burkitt lymphoma,MONDO:0009693,plasma cell myeloma,"['LENALIDOMIDE', 'VENETOCLAX', 'DEXAMETHASONE (40 MG TABLET)', 'IBRUTINIB']",6
MONDO:0007243,Burkitt lymphoma,MONDO:0044778,Nodular lymphocyte predominant Hodgkin lymphoma,"['OFATUMUMAB', 'IBRUTINIB']",4
MONDO:0007243,Burkitt lymphoma,MONDO:0019454,Refractory anemia with excess blasts,"['LENALIDOMIDE', 'IBRUTINIB']",4
MONDO:0007243,Burkitt lymphoma,MONDO:0007650,MALT lymphoma,"['RITUXIMAB', 'OFATUMUMAB', 'EX VIVO EXPANDED AUTOLOGOUS T CELLS GENETICALLY MODIFIED TO EXPRESS ANTI-CD20 AND CD19 IMMUNORECEPTOR', 'LENALIDOMIDE', 'VENETOCLAX']",6
MONDO:0007243,Burkitt lymphoma,MONDO:0018842,Primary effusion lymphoma,"['RITUXIMAB', 'COPANLISIB', 'EX VIVO EXPANDED AUTOLOGOUS T CELLS GENETICALLY MODIFIED TO EXPRESS ANTI-CD20 AND CD19 IMMUNORECEPTOR', 'VENETOCLAX', 'CHOP (CYCLOPHOSPHAMIDE, DOXORUBICIN, VINCRISTINE AND PREDNISONE)']",4
MONDO:0007243,Burkitt lymphoma,MONDO:0002629,Osteosarcoma,['CISPLATIN'],3
MONDO:0007243,Burkitt lymphoma,MONDO:0006292,Pleural mesothelioma,['CISPLATIN'],9
MONDO:0007243,Burkitt lymphoma,MONDO:0005512,Malignant peritoneal mesothelioma,['CISPLATIN'],2
MONDO:0007243,Burkitt lymphoma,MONDO:0019087,Cholangiocarcinoma,['CISPLATIN'],3
MONDO:0007243,Burkitt lymphoma,MONDO:0018055,Pediatric hepatocellular carcinoma,['CISPLATIN'],3
MONDO:0007243,Burkitt lymphoma,MONDO:0009837,Papilloma of choroid plexus,['CISPLATIN'],2
MONDO:0007243,Burkitt lymphoma,MONDO:0009348,Classic Hodgkin lymphoma,"['CISPLATIN', 'OFATUMUMAB', 'CHOP (CYCLOPHOSPHAMIDE, DOXORUBICIN, VINCRISTINE AND PREDNISONE)']",4
MONDO:0007243,Burkitt lymphoma,MONDO:0005028,Adenocarcinoma of the esophagus,['CISPLATIN'],3
MONDO:0007243,Burkitt lymphoma,MONDO:0019210,Cutaneous neuroendocrine carcinoma,['CISPLATIN'],2
MONDO:0007243,Burkitt lymphoma,MONDO:0003345,Klatskin tumor,['CISPLATIN'],2
MONDO:0007243,Burkitt lymphoma,MONDO:0005072,neuroblastoma,['CISPLATIN'],2
MONDO:0007243,Burkitt lymphoma,MONDO:0015686,Primary peritoneal carcinoma,['CISPLATIN'],3
MONDO:0007243,Burkitt lymphoma,MONDO:0002142,Undifferentiated pleomorphic sarcoma,['CISPLATIN'],2
MONDO:0007243,Burkitt lymphoma,MONDO:0019067,Idiopathic steroid-sensitive nephrotic syndrome,"['RITUXIMAB', 'OFATUMUMAB']",7
MONDO:0007243,Burkitt lymphoma,MONDO:0019475,Subcutaneous panniculitis-like T-cell lymphoma,"['CHOP (CYCLOPHOSPHAMIDE, DOXORUBICIN, VINCRISTINE AND PREDNISONE)']",4
MONDO:0007243,Burkitt lymphoma,MONDO:0019534,Mixed-type autoimmune hemolytic anemia,['RITUXIMAB'],7
MONDO:0007243,Burkitt lymphoma,MONDO:0019740,Immune-mediated thrombotic thrombocytopenic purpura,['RITUXIMAB'],9
MONDO:0007243,Burkitt lymphoma,MONDO:0015247,Opsoclonus-myoclonus syndrome,['RITUXIMAB'],9
MONDO:0007243,Burkitt lymphoma,MONDO:0019124,microscopic polyangiitis,['RITUXIMAB'],10
MONDO:0007243,Burkitt lymphoma,MONDO:0012105,Granulomatosis with polyangiitis,['RITUXIMAB'],11
MONDO:0007243,Burkitt lymphoma,MONDO:0005388,Primary biliary cholangitis,['RITUXIMAB'],7
MONDO:0007243,Burkitt lymphoma,MONDO:0008538,Giant cell arteritis,['RITUXIMAB'],7
MONDO:0007243,Burkitt lymphoma,MONDO:0019006,Genetic steroid-resistant nephrotic syndrome,['RITUXIMAB'],7
MONDO:0007243,Burkitt lymphoma,MONDO:0008558,autoimmune thrombocytopenic purpura,['RITUXIMAB'],8
MONDO:0007243,Burkitt lymphoma,MONDO:0018324,Adult-onset myasthenia gravis,['RITUXIMAB'],8
MONDO:0007243,Burkitt lymphoma,MONDO:0010030,Primary Sjgren syndrome,['RITUXIMAB'],7
MONDO:0007243,Burkitt lymphoma,MONDO:0018977,Polyneuropathy associated with IgM monoclonal gammopathy with anti-MAG,['RITUXIMAB'],7
MONDO:0007243,Burkitt lymphoma,MONDO:0019170,Polyarteritis nodosa,['RITUXIMAB'],7
MONDO:0007243,Burkitt lymphoma,MONDO:0019125,Relapsing polychondritis,['RITUXIMAB'],7
MONDO:0007243,Burkitt lymphoma,MONDO:0019127,polymyositis,['RITUXIMAB'],7
MONDO:0007243,Burkitt lymphoma,MONDO:0800029,interstitial lung disease 2,['RITUXIMAB'],7
MONDO:0007243,Burkitt lymphoma,MONDO:0019532,"Autoimmune hemolytic anemia, warm type",['RITUXIMAB'],8
MONDO:0007243,Burkitt lymphoma,MONDO:0006702,Chronic inflammatory demyelinating polyneuropathy,['RITUXIMAB'],7
MONDO:0007243,Burkitt lymphoma,MONDO:0019535,Drug-induced autoimmune hemolytic anemia,['RITUXIMAB'],7
MONDO:0007243,Burkitt lymphoma,MONDO:0019167,Immunoglobulin A vasculitis,['RITUXIMAB'],7
MONDO:0007243,Burkitt lymphoma,MONDO:0009688,Myasthenia gravis,['RITUXIMAB'],7
MONDO:0007243,Burkitt lymphoma,MONDO:0007915,systemic lupus erythematosus,['RITUXIMAB'],7
MONDO:0007243,Burkitt lymphoma,MONDO:0011996,"chronic myelogenous leukemia, BCR-ABL1 positive","['LENALIDOMIDE', 'VENETOCLAX', 'PAN-AKT INHIBITOR']",4
MONDO:0007243,Burkitt lymphoma,MONDO:0019438,AL amyloidosis,"['LENALIDOMIDE', 'DEXAMETHASONE (40 MG TABLET)']",2
MONDO:0007243,Burkitt lymphoma,MONDO:0009691,Classic mycosis fungoides,['PAN-AKT INHIBITOR'],2
MONDO:0007243,Burkitt lymphoma,MONDO:0017844,Szary syndrome,['PAN-AKT INHIBITOR'],2
MONDO:0007243,Burkitt lymphoma,MONDO:0007925,Myelodysplastic syndrome associated with isolated del(5q) chromosome abnormality,['LENALIDOMIDE'],5
MONDO:0007243,Burkitt lymphoma,MONDO:0019157,Acquired idiopathic sideroblastic anemia,['LENALIDOMIDE'],3
MONDO:0015552,"Localized dystrophic epidermolysis bullosa, acral form",MONDO:0011398,Dystrophic epidermolysis bullosa pruriginosa,"['EX-VIVO-EXPANDED AUTOLOGOUS HUMAN KERATINOCYTES CONTAINING EPIDERMAL STEM CELLS TRANSDUCED WITH A COL7A1-ENCODING RETROVIRAL VECTOR', 'RIGOSERTIB', 'CALCIPOTRIOL', 'ALLANTOIN']",2
MONDO:0015552,"Localized dystrophic epidermolysis bullosa, acral form",MONDO:0019310,Recessive dystrophic epidermolysis bullosa inversa,"['EX-VIVO-EXPANDED AUTOLOGOUS HUMAN KERATINOCYTES CONTAINING EPIDERMAL STEM CELLS TRANSDUCED WITH A COL7A1-ENCODING RETROVIRAL VECTOR', 'RIGOSERTIB', 'CALCIPOTRIOL', 'ALLANTOIN']",2
MONDO:0015552,"Localized dystrophic epidermolysis bullosa, acral form",MONDO:0009179,"Autosomal recessive generalized dystrophic epidermolysis bullosa, severe form","['EX-VIVO-EXPANDED AUTOLOGOUS HUMAN KERATINOCYTES CONTAINING EPIDERMAL STEM CELLS TRANSDUCED WITH A COL7A1-ENCODING RETROVIRAL VECTOR', 'RIGOSERTIB', 'CALCIPOTRIOL', 'ALLANTOIN']",2
MONDO:0015552,"Localized dystrophic epidermolysis bullosa, acral form",MONDO:0019522,"Autosomal recessive generalized dystrophic epidermolysis bullosa, intermediate form","['EX-VIVO-EXPANDED AUTOLOGOUS HUMAN KERATINOCYTES CONTAINING EPIDERMAL STEM CELLS TRANSDUCED WITH A COL7A1-ENCODING RETROVIRAL VECTOR', 'RIGOSERTIB', 'CALCIPOTRIOL', 'ALLANTOIN']",2
MONDO:0015552,"Localized dystrophic epidermolysis bullosa, acral form",MONDO:0007552,"Localized dystrophic epidermolysis bullosa, pretibial form","['CALCIPOTRIOL', 'ALLANTOIN']",12
MONDO:0015552,"Localized dystrophic epidermolysis bullosa, acral form",MONDO:0015553,"Localized dystrophic epidermolysis bullosa, nails only",['CALCIPOTRIOL'],2
MONDO:0015552,"Localized dystrophic epidermolysis bullosa, acral form",MONDO:0007549,Autosomal dominant generalized dystrophic epidermolysis bullosa,['CALCIPOTRIOL'],2
MONDO:0015552,"Localized dystrophic epidermolysis bullosa, acral form",MONDO:0019307,Intermediate generalized junctional epidermolysis bullosa,['ALLANTOIN'],12
MONDO:0015552,"Localized dystrophic epidermolysis bullosa, acral form",MONDO:0016673,Localized junctional epidermolysis bullosa,['ALLANTOIN'],8
MONDO:0015552,"Localized dystrophic epidermolysis bullosa, acral form",MONDO:0015041,Refractory anemia with excess blasts type 2,['RIGOSERTIB'],6
MONDO:0015552,"Localized dystrophic epidermolysis bullosa, acral form",MONDO:0015040,Refractory anemia with excess blasts type 1,['RIGOSERTIB'],7
MONDO:0015552,"Localized dystrophic epidermolysis bullosa, acral form",MONDO:0019454,Refractory anemia with excess blasts,['RIGOSERTIB'],9
MONDO:0019514,Hepatic veno-occlusive disease,MONDO:0020546,Acute graft versus host disease,['DEFIBROTIDE'],13
MONDO:0019514,Hepatic veno-occlusive disease,MONDO:0009693,plasma cell myeloma,['DEFIBROTIDE'],8
MONDO:0008867,biliary atresia,MONDO:0005388,Primary biliary cholangitis,"['ODEVIXIBAT', 'MARALIXIBAT', 'PENTOXIFYLLINE']",2
MONDO:0008867,biliary atresia,MONDO:0007318,Alagille syndrome,"['ODEVIXIBAT', 'MARALIXIBAT']",12
MONDO:0008867,biliary atresia,MONDO:0100280,Waldenstrom macroglobulinemia,['FILGRASTIM'],39
MONDO:0008867,biliary atresia,MONDO:0009693,plasma cell myeloma,['FILGRASTIM'],115
MONDO:0008867,biliary atresia,MONDO:0018906,follicular lymphoma,['FILGRASTIM'],74
MONDO:0008867,biliary atresia,MONDO:0018876,mantle cell lymphoma,['FILGRASTIM'],88
MONDO:0008867,biliary atresia,MONDO:0011996,"chronic myelogenous leukemia, BCR-ABL1 positive",['FILGRASTIM'],81
MONDO:0008867,biliary atresia,MONDO:0007959,Medulloblastoma,['FILGRASTIM'],30
MONDO:0008867,biliary atresia,MONDO:0005072,neuroblastoma,['FILGRASTIM'],15
MONDO:0008867,biliary atresia,MONDO:0007650,MALT lymphoma,['FILGRASTIM'],35
MONDO:0008867,biliary atresia,MONDO:0013730,graft versus host disease,['FILGRASTIM'],37
MONDO:0008867,biliary atresia,MONDO:0009692,Primary myelofibrosis,['FILGRASTIM'],20
MONDO:0008867,biliary atresia,MONDO:0019438,AL amyloidosis,['FILGRASTIM'],11
MONDO:0008867,biliary atresia,MONDO:0005100,systemic sclerosis,['FILGRASTIM'],6
MONDO:0008867,biliary atresia,MONDO:0019402,Beta-thalassemia,['FILGRASTIM'],7
MONDO:0008867,biliary atresia,MONDO:0007915,systemic lupus erythematosus,['FILGRASTIM'],7
MONDO:0015584,Febrile infection-related epilepsy syndrome,MONDO:0018199,New-onset refractory status epilepticus,['ALLOPREGNANOLONE'],2
MONDO:0009287,Glycogen storage disease due to glucose-6-phosphatase deficiency type Ia,MONDO:0019324,Pemphigus foliaceus,['ADENO-ASSOCIATED VIRAL VECTOR SEROTYPE 8 CONTAINING THE HUMAN GLUCOSE-6-PHOSPHATASE GENE'],3
MONDO:0009287,Glycogen storage disease due to glucose-6-phosphatase deficiency type Ia,MONDO:0008219,Pemphigus vulgaris,['ADENO-ASSOCIATED VIRAL VECTOR SEROTYPE 8 CONTAINING THE HUMAN GLUCOSE-6-PHOSPHATASE GENE'],3
MONDO:0008599,Trigeminal neuralgia,MONDO:0001734,tuberous sclerosis,['BASIMGLURANT'],2
MONDO:0008599,Trigeminal neuralgia,MONDO:0010383,fragile X syndrome,['BASIMGLURANT'],11
MONDO:0008599,Trigeminal neuralgia,MONDO:0009693,plasma cell myeloma,['AMIFOSTINE'],8
MONDO:0019087,Cholangiocarcinoma,MONDO:0018876,mantle cell lymphoma,"['DURVALUMAB', 'GEMCITABINE', 'CHEMBL4303800', 'LEVOLEUCOVORIN', 'IXABEPILONE', 'BEVACIZUMAB', 'DASATINIB', 'OXALIPLATINE', 'EVEROLIMUS', 'CISPLATIN', 'COPANLISIB', '7-ETHYL-10-HYDROXYCAMPTOTHECIN', 'DOXORUBICIN HYDROCHLORIDE (LIPOSOMAL)', 'GEMCITABINE HYDROCHLORIDE', 'SORAFENIB', 'PEMBROLIZUMAB', 'NIVOLUMAB', 'PEGINTERFERON ALFA-2B', 'DEXAMETHASONE VALARATE']",52
MONDO:0019087,Cholangiocarcinoma,MONDO:0018906,follicular lymphoma,"['OXALIPLATINE', 'DURVALUMAB', 'GEMCITABINE', 'OXALIPLATIN', 'PEMBROLIZUMAB', 'CISPLATIN', 'CHEMBL4303800', 'COPANLISIB', 'NIVOLUMAB', 'DOXORUBICIN HYDROCHLORIDE (LIPOSOMAL)', '7-ETHYL-10-HYDROXYCAMPTOTHECIN', 'DEXAMETHASONE VALARATE', 'GEMCITABINE HYDROCHLORIDE', 'MELPHALAN', 'IXABEPILONE', 'BEVACIZUMAB', 'DASATINIB']",48
MONDO:0019087,Cholangiocarcinoma,MONDO:0009693,plasma cell myeloma,"['DURVALUMAB', 'GEMCITABINE', 'CHEMBL4303800', 'SILMITASERTIB', 'LEVOLEUCOVORIN', 'BEVACIZUMAB', 'DASATINIB', 'COLCHICINE', 'DABRAFENIB', 'EVEROLIMUS', 'CHEMBL48', 'CISPLATIN', 'COPANLISIB', 'MELPHALAN', 'ABC-294640', 'IPILIMUMAB', 'CETUXIMAB', 'HYDROXYCHLOROQUINE', 'SUNITINIB', 'FLUOROURACIL', 'SELUMETINIB', 'SORAFENIB', 'CHEMBL3186743', 'CATEQUENTINIB', 'PEMBROLIZUMAB', 'NIVOLUMAB', 'PEGINTERFERON ALFA-2B', 'DEXAMETHASONE VALARATE', 'TRAMETINIB']",48
MONDO:0019087,Cholangiocarcinoma,MONDO:0006456,thymoma,"['CHEMBL3186743', 'PEMBROLIZUMAB', 'CHEMBL48', 'CISPLATIN', 'CHEMBL4303800', 'SUNITINIB', 'BEVACIZUMAB']",52
MONDO:0019087,Cholangiocarcinoma,MONDO:0005060,liposarcoma,"['REGORAFENIB', 'CHEMBL4303800', 'DOXORUBICIN HYDROCHLORIDE (LIPOSOMAL)', 'GEMCITABINE HYDROCHLORIDE', 'BEVACIZUMAB']",310
MONDO:0019087,Cholangiocarcinoma,MONDO:0005072,neuroblastoma,"['RIVOCERANIB', 'IPILIMUMAB', 'OXALIPLATIN', 'CERITINIB', 'CATEQUENTINIB', 'CISPLATIN', 'CHEMBL4303800', 'NIVOLUMAB', 'PEMBROLIZUMAB', '7-ETHYL-10-HYDROXYCAMPTOTHECIN', 'REGORAFENIB', 'MELPHALAN', 'BEVACIZUMAB', 'SORAFENIB', 'DASATINIB']",50
MONDO:0019087,Cholangiocarcinoma,MONDO:0005055,Kaposi\'s sarcoma,"['PEMBROLIZUMAB', 'CHEMBL48', 'REGORAFENIB', 'CHEMBL4303800', 'SUNITINIB', 'DOXORUBICIN HYDROCHLORIDE (LIPOSOMAL)', 'SELUMETINIB', 'BEVACIZUMAB']",49
MONDO:0019087,Cholangiocarcinoma,MONDO:0015564,Castleman disease,['CHEMBL4303800'],17
MONDO:0019087,Cholangiocarcinoma,MONDO:0013730,graft versus host disease,"['HYDROXYCHLOROQUINE', 'DEXAMETHASONE VALARATE', 'EVEROLIMUS']",164
MONDO:0019087,Cholangiocarcinoma,MONDO:0001734,tuberous sclerosis,['EVEROLIMUS'],30
MONDO:0019087,Cholangiocarcinoma,MONDO:0100280,Waldenstrom macroglobulinemia,"['OXALIPLATINE', 'EVEROLIMUS', 'PEMBROLIZUMAB', 'DEXAMETHASONE VALARATE', 'GEMCITABINE HYDROCHLORIDE', 'DASATINIB']",13
MONDO:0019087,Cholangiocarcinoma,MONDO:0011719,gastrointestinal stromal tumor,"['RIVOCERANIB', 'GEMCITABINE', 'OXALIPLATIN', 'LEVOLEUCOVORIN', 'BEVACIZUMAB', 'DASATINIB', 'DABRAFENIB', 'EVEROLIMUS', 'CHEMBL48', 'REGORAFENIB', 'INFIGRATINIB', 'CISPLATIN', '7-ETHYL-10-HYDROXYCAMPTOTHECIN', 'IPILIMUMAB', 'SUNITINIB', 'FLUOROURACIL', 'SORAFENIB', 'CATEQUENTINIB', 'PEMBROLIZUMAB', 'NIVOLUMAB', 'TRAMETINIB']",56
MONDO:0019087,Cholangiocarcinoma,MONDO:0011996,"chronic myelogenous leukemia, BCR-ABL1 positive","['EVEROLIMUS', 'IPILIMUMAB', 'NIVOLUMAB', 'PEGINTERFERON ALFA-2B', 'SELUMETINIB', 'BEVACIZUMAB', 'SORAFENIB', 'DASATINIB']",53
MONDO:0019087,Cholangiocarcinoma,MONDO:0016642,meningioma,"['EVEROLIMUS', 'IPILIMUMAB', 'PEMBROLIZUMAB', 'NIVOLUMAB', 'BEVACIZUMAB', 'TRAMETINIB']",49
MONDO:0019087,Cholangiocarcinoma,MONDO:0019963,Bronchial neuroendocrine tumor,"['PEMBROLIZUMAB', 'TREMELIMUMAB', 'DURVALUMAB']",3
MONDO:0019087,Cholangiocarcinoma,MONDO:0005580,Squamous cell carcinoma of the esophagus,"['DURVALUMAB', 'PANITUMUMAB', 'PEMBROLIZUMAB', 'NIVOLUMAB', 'RAMUCIRUMAB']",3
MONDO:0019087,Cholangiocarcinoma,MONDO:0006486,Uveal melanoma,"['DURVALUMAB', 'PEMBROLIZUMAB', 'NIVOLUMAB', 'SORAFENIB TOSYLATE', 'GEMCITABINE HYDROCHLORIDE', 'MELPHALAN', 'TREMELIMUMAB']",9
MONDO:0019087,Cholangiocarcinoma,MONDO:0015686,Primary peritoneal carcinoma,"['DURVALUMAB', 'PEMBROLIZUMAB', 'CISPLATIN', 'NIVOLUMAB', 'DOXORUBICIN HYDROCHLORIDE (LIPOSOMAL)', 'GEMCITABINE HYDROCHLORIDE', 'FOSGEMCITABINE PALABENAMIDE', 'BEMARITUZUMAB']",7
MONDO:0019087,Cholangiocarcinoma,MONDO:0006468,Anaplastic thyroid carcinoma,"['DABRAFENIB', 'DURVALUMAB', 'PEMBROLIZUMAB', 'TREMELIMUMAB', 'TRAMETINIB']",3
MONDO:0019087,Cholangiocarcinoma,MONDO:0015277,Medullary thyroid carcinoma,"['PEMBROLIZUMAB', 'TREMELIMUMAB', 'DURVALUMAB', 'SORAFENIB TOSYLATE']",2
MONDO:0019087,Cholangiocarcinoma,MONDO:0006292,Pleural mesothelioma,"['DURVALUMAB', 'PEMBROLIZUMAB', 'CISPLATIN', 'NIVOLUMAB', 'BINTRAFUSP ALFA', 'GEMCITABINE HYDROCHLORIDE', 'TREMELIMUMAB']",16
MONDO:0019087,Cholangiocarcinoma,MONDO:0005028,Adenocarcinoma of the esophagus,"['OXALIPLATINE', 'DURVALUMAB', 'PEMBROLIZUMAB', 'REGORAFENIB', 'CISPLATIN', 'NIVOLUMAB', 'RAMUCIRUMAB', 'CAPECITABINE', 'ZANIDATAMAB']",2
MONDO:0019087,Cholangiocarcinoma,MONDO:0005388,Primary biliary cholangitis,['COLCHICINE'],2
MONDO:0019087,Cholangiocarcinoma,MONDO:0004976,Amyotrophic lateral sclerosis,['COLCHICINE'],2
MONDO:0019087,Cholangiocarcinoma,MONDO:0016681,Gliosarcoma,['PEMIGATINIB'],7
MONDO:0019087,Cholangiocarcinoma,MONDO:0016682,Giant cell glioblastoma,['PEMIGATINIB'],7
MONDO:0019087,Cholangiocarcinoma,MONDO:0007915,systemic lupus erythematosus,"['HYDROXYCHLOROQUINE', 'DEXAMETHASONE VALARATE', 'CHEMBL442191']",20
MONDO:0019087,Cholangiocarcinoma,MONDO:0009061,Cystic fibrosis,['HYDROXYCHLOROQUINE'],7
MONDO:0019087,Cholangiocarcinoma,MONDO:0010030,Primary Sjgren syndrome,['HYDROXYCHLOROQUINE'],18
MONDO:0019087,Cholangiocarcinoma,MONDO:0019200,Retinitis pigmentosa,['HYDROXYCHLOROQUINE'],7
MONDO:0019087,Cholangiocarcinoma,MONDO:0016238,Solitary fibrous tumor,"['REGORAFENIB', 'NIVOLUMAB', 'DOXORUBICIN HYDROCHLORIDE (LIPOSOMAL)']",2
MONDO:0019087,Cholangiocarcinoma,MONDO:0002728,Rhabdoid tumor,"['PEMBROLIZUMAB', 'REGORAFENIB', 'NIVOLUMAB', 'DOXORUBICIN HYDROCHLORIDE (LIPOSOMAL)']",2
MONDO:0019087,Cholangiocarcinoma,MONDO:0019373,Desmoplastic small round cell tumor,"['REGORAFENIB', 'PACLITAXEL PROTEIN-BOUND PARTICLES', 'RAMUCIRUMAB', 'DOXORUBICIN HYDROCHLORIDE (LIPOSOMAL)']",2
MONDO:0019087,Cholangiocarcinoma,MONDO:0002142,Undifferentiated pleomorphic sarcoma,"['PEMBROLIZUMAB', 'REGORAFENIB', 'CISPLATIN', 'NIVOLUMAB', 'DOXORUBICIN HYDROCHLORIDE (LIPOSOMAL)']",2
MONDO:0019087,Cholangiocarcinoma,MONDO:0020562,Pleomorphic liposarcoma,['DOXORUBICIN HYDROCHLORIDE (LIPOSOMAL)'],3
MONDO:0019087,Cholangiocarcinoma,MONDO:0019004,Nephroblastoma,"['REGORAFENIB', 'NIVOLUMAB', 'DOXORUBICIN HYDROCHLORIDE (LIPOSOMAL)']",2
MONDO:0019087,Cholangiocarcinoma,MONDO:0020561,Myxoid/round cell liposarcoma,"['PEMBROLIZUMAB', 'DOXORUBICIN HYDROCHLORIDE (LIPOSOMAL)']",2
MONDO:0019087,Cholangiocarcinoma,MONDO:0009691,Classic mycosis fungoides,"['GEMCITABINE HYDROCHLORIDE', 'DOXORUBICIN HYDROCHLORIDE (LIPOSOMAL)']",9
MONDO:0019087,Cholangiocarcinoma,MONDO:0020563,Dedifferentiated liposarcoma,['DOXORUBICIN HYDROCHLORIDE (LIPOSOMAL)'],3
MONDO:0019087,Cholangiocarcinoma,MONDO:0007037,achondroplasia,['INFIGRATINIB'],4
MONDO:0019087,Cholangiocarcinoma,MONDO:0007959,Medulloblastoma,"['RIVOCERANIB', 'GEMCITABINE', 'CISPLATIN', 'NIVOLUMAB', '7-ETHYL-10-HYDROXYCAMPTOTHECIN', 'SILMITASERTIB', 'LEVOLEUCOVORIN', 'BEVACIZUMAB']",49
MONDO:0019087,Cholangiocarcinoma,MONDO:0007039,Full NF2-related schwannomatosis,['SORAFENIB TOSYLATE'],2
MONDO:0019087,Cholangiocarcinoma,MONDO:0007608,Desmoid tumor,"['PACLITAXEL PROTEIN-BOUND PARTICLES', 'SORAFENIB TOSYLATE']",2
MONDO:0019087,Cholangiocarcinoma,MONDO:0016698,Ependymoma,"['CHEMBL3186743', 'NIVOLUMAB', 'TRASTUZUMAB', 'FLUOROURACIL', 'BEVACIZUMAB']",49
MONDO:0019087,Cholangiocarcinoma,MONDO:0007650,MALT lymphoma,"['DASATINIB', '7-ETHYL-10-HYDROXYCAMPTOTHECIN']",51
MONDO:0019087,Cholangiocarcinoma,MONDO:0009891,acquired polycythemia vera,"['PEGINTERFERON ALFA-2B', 'CHEMBL3186743', 'DASATINIB']",23
MONDO:0019087,Cholangiocarcinoma,MONDO:0007187,Gorlin syndrome,"['NIVOLUMAB', 'IPILIMUMAB']",54
MONDO:0019087,Cholangiocarcinoma,MONDO:0005789,Hepatitis delta,"['PEGINTERFERON ALFA-2B', 'NIVOLUMAB']",54
MONDO:0019087,Cholangiocarcinoma,MONDO:0018907,Craniopharyngioma,"['PEGINTERFERON ALFA-2B', 'TRAMETINIB', 'NIVOLUMAB']",12
MONDO:0019087,Cholangiocarcinoma,MONDO:0016730,Gangliocytoma,"['DABRAFENIB', 'TRAMETINIB']",3
MONDO:0019087,Cholangiocarcinoma,MONDO:0016755,Neurofibroma,['TRAMETINIB'],3
MONDO:0019087,Cholangiocarcinoma,MONDO:0019134,Central neurocytoma,"['DABRAFENIB', 'TRAMETINIB']",3
MONDO:0019087,Cholangiocarcinoma,MONDO:0018975,Neurofibromatosis type 1,['TRAMETINIB'],3
MONDO:0019087,Cholangiocarcinoma,MONDO:0005029,essential thrombocythemia,['PEGINTERFERON ALFA-2B'],3
MONDO:0019087,Cholangiocarcinoma,MONDO:0009692,Primary myelofibrosis,"['PEGINTERFERON ALFA-2B', 'NIVOLUMAB']",3
MONDO:0019087,Cholangiocarcinoma,MONDO:0002629,Osteosarcoma,"['REGORAFENIB', 'CISPLATIN', 'GEMCITABINE HYDROCHLORIDE', 'NIVOLUMAB']",10
MONDO:0019087,Cholangiocarcinoma,MONDO:0005512,Malignant peritoneal mesothelioma,"['PEMBROLIZUMAB', 'TREMELIMUMAB', 'CISPLATIN']",3
MONDO:0019087,Cholangiocarcinoma,MONDO:0018055,Pediatric hepatocellular carcinoma,['CISPLATIN'],4
MONDO:0019087,Cholangiocarcinoma,MONDO:0009837,Papilloma of choroid plexus,['CISPLATIN'],3
MONDO:0019087,Cholangiocarcinoma,MONDO:0009348,Classic Hodgkin lymphoma,"['PEMBROLIZUMAB', 'CISPLATIN', 'NIVOLUMAB']",12
MONDO:0019087,Cholangiocarcinoma,MONDO:0019210,Cutaneous neuroendocrine carcinoma,"['PEMBROLIZUMAB', 'CISPLATIN']",3
MONDO:0019087,Cholangiocarcinoma,MONDO:0003345,Klatskin tumor,"['MERESTINIB', 'PEMBROLIZUMAB', 'CISPLATIN', 'RAMUCIRUMAB', 'GEMCITABINE HYDROCHLORIDE']",2
MONDO:0019087,Cholangiocarcinoma,MONDO:0010100,Tay-Sachs disease,['LEVOLEUCOVORIN'],104
MONDO:0019087,Cholangiocarcinoma,MONDO:0010006,Sandhoff disease,['LEVOLEUCOVORIN'],104
MONDO:0019087,Cholangiocarcinoma,MONDO:0019783,neovascular glaucoma,['MITOMYCIN'],11
MONDO:0019087,Cholangiocarcinoma,MONDO:0015278,Familial pancreatic carcinoma,['GEMCITABINE HYDROCHLORIDE'],10
MONDO:0019087,Cholangiocarcinoma,MONDO:0004633,"Classic Hodgkin lymphoma, mixed cellularity type",['GEMCITABINE HYDROCHLORIDE'],9
MONDO:0019087,Cholangiocarcinoma,MONDO:0004620,"Classic Hodgkin lymphoma, lymphocyte-depleted type",['GEMCITABINE HYDROCHLORIDE'],9
MONDO:0019087,Cholangiocarcinoma,MONDO:0017844,Szary syndrome,"['GEMCITABINE HYDROCHLORIDE', 'NIVOLUMAB']",9
MONDO:0019087,Cholangiocarcinoma,MONDO:0019475,Subcutaneous panniculitis-like T-cell lymphoma,"['GEMCITABINE HYDROCHLORIDE', 'NIVOLUMAB']",9
MONDO:0019087,Cholangiocarcinoma,MONDO:0004665,"Classic Hodgkin lymphoma, nodular sclerosis type",['GEMCITABINE HYDROCHLORIDE'],9
MONDO:0019087,Cholangiocarcinoma,MONDO:0008380,Retinoblastoma,['MELPHALAN'],2
MONDO:0019087,Cholangiocarcinoma,MONDO:0019438,AL amyloidosis,"['DEXAMETHASONE VALARATE', 'MELPHALAN']",72
MONDO:0019087,Cholangiocarcinoma,MONDO:0019369,Complex regional pain syndrome,['CETUXIMAB'],28
MONDO:0019087,Cholangiocarcinoma,MONDO:0005737,Ebola hemorrhagic fever,"['CHEMBL3186743', 'SUNITINIB']",23
MONDO:0019087,Cholangiocarcinoma,MONDO:0008558,autoimmune thrombocytopenic purpura,['DEXAMETHASONE VALARATE'],50
MONDO:0019087,Cholangiocarcinoma,MONDO:0019338,sarcoidosis,['DEXAMETHASONE VALARATE'],19
MONDO:0019087,Cholangiocarcinoma,MONDO:0006806,intermediate uveitis,['DEXAMETHASONE VALARATE'],22
MONDO:0019087,Cholangiocarcinoma,MONDO:0015041,Refractory anemia with excess blasts type 2,['IVOSIDENIB'],4
MONDO:0019087,Cholangiocarcinoma,MONDO:0018016,Classic neuroendocrine tumor of appendix,['PEMBROLIZUMAB'],4
MONDO:0019087,Cholangiocarcinoma,MONDO:0002882,Neuroendocrine tumor of the colon,['PEMBROLIZUMAB'],4
MONDO:0019087,Cholangiocarcinoma,MONDO:0006451,Thymic carcinoma,"['PEMBROLIZUMAB', 'NIVOLUMAB']",2
MONDO:0019087,Cholangiocarcinoma,MONDO:0016974,Thymoma type B,"['PEMBROLIZUMAB', 'NIVOLUMAB']",2
MONDO:0019087,Cholangiocarcinoma,MONDO:0004132,Squamous cell carcinoma of the anal canal,['PEMBROLIZUMAB'],4
MONDO:0019087,Cholangiocarcinoma,MONDO:0003646,Neuroendocrine tumor of the rectum,['PEMBROLIZUMAB'],4
MONDO:0019087,Cholangiocarcinoma,MONDO:0018271,Peripheral primitive neuroectodermal tumor,['REGORAFENIB'],4
MONDO:0019087,Cholangiocarcinoma,MONDO:0017190,Sporadic pheochromocytoma/secreting paraganglioma,['NIVOLUMAB'],2
MONDO:0019087,Cholangiocarcinoma,MONDO:0006639,Adrenocortical carcinoma,['NIVOLUMAB'],2
MONDO:0006639,Adrenocortical carcinoma,MONDO:0009693,plasma cell myeloma,"['DOVITINIB', 'NIVOLUMAB', 'LINSITINIB']",2
MONDO:0006639,Adrenocortical carcinoma,MONDO:0008728,Classic congenital adrenal hyperplasia due to 21-hydroxylase deficiency,['ABIRATERONE'],2
MONDO:0006639,Adrenocortical carcinoma,MONDO:0011576,Familial hyperaldosteronism type II,['[123 I]IODOMETOMIDATE'],2
MONDO:0006639,Adrenocortical carcinoma,MONDO:0017190,Sporadic pheochromocytoma/secreting paraganglioma,"['NIVOLUMAB', 'EO2401', 'SUNITINIB MALATE']",2
MONDO:0006639,Adrenocortical carcinoma,MONDO:0011719,gastrointestinal stromal tumor,"['DOVITINIB', 'SUNITINIB MALATE']",6
MONDO:0006639,Adrenocortical carcinoma,MONDO:0017366,Hereditary pheochromocytoma-paraganglioma,['SUNITINIB MALATE'],4
MONDO:0006639,Adrenocortical carcinoma,MONDO:0002629,Osteosarcoma,"['NIVOLUMAB', 'SUNITINIB MALATE', 'OLAPARIB']",3
MONDO:0006639,Adrenocortical carcinoma,MONDO:0016238,Solitary fibrous tumor,"['NIVOLUMAB', 'SUNITINIB MALATE']",2
MONDO:0006639,Adrenocortical carcinoma,MONDO:0015277,Medullary thyroid carcinoma,['SUNITINIB MALATE'],3
MONDO:0006639,Adrenocortical carcinoma,MONDO:0006451,Thymic carcinoma,"['NIVOLUMAB', 'SUNITINIB MALATE']",2
MONDO:0006639,Adrenocortical carcinoma,MONDO:0005060,liposarcoma,['SUNITINIB MALATE'],3
MONDO:0006639,Adrenocortical carcinoma,MONDO:0006486,Uveal melanoma,"['NIVOLUMAB', 'SUNITINIB MALATE']",2
MONDO:0006639,Adrenocortical carcinoma,MONDO:0002142,Undifferentiated pleomorphic sarcoma,"['NIVOLUMAB', 'SUNITINIB MALATE']",2
MONDO:0006639,Adrenocortical carcinoma,MONDO:0016748,Hemangioblastoma,['SUNITINIB MALATE'],3
MONDO:0006639,Adrenocortical carcinoma,MONDO:0009348,Classic Hodgkin lymphoma,['NIVOLUMAB'],10
MONDO:0006639,Adrenocortical carcinoma,MONDO:0016698,Ependymoma,['NIVOLUMAB'],3
MONDO:0006639,Adrenocortical carcinoma,MONDO:0015686,Primary peritoneal carcinoma,"['NIVOLUMAB', 'OLAPARIB']",24
MONDO:0006639,Adrenocortical carcinoma,MONDO:0018906,follicular lymphoma,['NIVOLUMAB'],4
MONDO:0006639,Adrenocortical carcinoma,MONDO:0005072,neuroblastoma,['NIVOLUMAB'],3
MONDO:0006639,Adrenocortical carcinoma,MONDO:0005028,Adenocarcinoma of the esophagus,['NIVOLUMAB'],3
MONDO:0006639,Adrenocortical carcinoma,MONDO:0017844,Szary syndrome,['NIVOLUMAB'],2
MONDO:0006639,Adrenocortical carcinoma,MONDO:0019475,Subcutaneous panniculitis-like T-cell lymphoma,['NIVOLUMAB'],2
MONDO:0006639,Adrenocortical carcinoma,MONDO:0005580,Squamous cell carcinoma of the esophagus,['NIVOLUMAB'],4
MONDO:0006639,Adrenocortical carcinoma,MONDO:0009692,Primary myelofibrosis,['NIVOLUMAB'],2
MONDO:0006639,Adrenocortical carcinoma,MONDO:0007959,Medulloblastoma,['NIVOLUMAB'],3
MONDO:0006639,Adrenocortical carcinoma,MONDO:0006292,Pleural mesothelioma,['NIVOLUMAB'],2
MONDO:0006639,Adrenocortical carcinoma,MONDO:0019004,Nephroblastoma,['NIVOLUMAB'],2
MONDO:0006639,Adrenocortical carcinoma,MONDO:0002728,Rhabdoid tumor,['NIVOLUMAB'],2
MONDO:0006639,Adrenocortical carcinoma,MONDO:0016974,Thymoma type B,['NIVOLUMAB'],2
MONDO:0006639,Adrenocortical carcinoma,MONDO:0009061,Cystic fibrosis,['OLAPARIB'],3
MONDO:0006639,Adrenocortical carcinoma,MONDO:0016642,meningioma,['OLAPARIB'],2
MONDO:0006639,Adrenocortical carcinoma,MONDO:0016681,Gliosarcoma,['OLAPARIB'],2
MONDO:0006639,Adrenocortical carcinoma,MONDO:0003582,Hereditary breast and/or ovarian cancer syndrome,['OLAPARIB'],2
MONDO:0006639,Adrenocortical carcinoma,MONDO:0005149,Idiopathic/heritable pulmonary arterial hypertension,['OLAPARIB'],2
MONDO:0006639,Adrenocortical carcinoma,MONDO:0015278,Familial pancreatic carcinoma,['OLAPARIB'],2
MONDO:0009290,glycogen storage disease II,MONDO:0004976,Amyotrophic lateral sclerosis,"['(S)-ALBUTEROL', 'CLENBUTEROL', 'CHEMBL3560003']",3
MONDO:0009290,glycogen storage disease II,MONDO:0018485,"Glycogen storage disease due to acid maltase deficiency, late-onset","['ALGLUCOSIDASE ALFA', 'GLYCOSYLATION INDEPENDENT LYSOSOMAL TARGETING (GILT)-TAGGED RECOMBINANT HUMAN ACID ALPHA GLUCOSIDASE', 'MIGLUSTAT']",7
MONDO:0009290,glycogen storage disease II,MONDO:0800029,interstitial lung disease 2,"['(S)-ALBUTEROL', 'RITUXIMAB']",13
MONDO:0009290,glycogen storage disease II,MONDO:0100280,Waldenstrom macroglobulinemia,['RITUXIMAB'],216
MONDO:0009290,glycogen storage disease II,MONDO:0018906,follicular lymphoma,['RITUXIMAB'],629
MONDO:0009290,glycogen storage disease II,MONDO:0013730,graft versus host disease,"['RITUXIMAB', 'CHEMBL3560003']",100
MONDO:0009290,glycogen storage disease II,MONDO:0018876,mantle cell lymphoma,"['RITUXIMAB', 'CHEMBL3560003']",434
MONDO:0009290,glycogen storage disease II,MONDO:0007650,MALT lymphoma,['RITUXIMAB'],277
MONDO:0009290,glycogen storage disease II,MONDO:0007915,systemic lupus erythematosus,"['RITUXIMAB', 'ACETAMINOPHEN', 'CHEMBL3560003', 'DIPHENHYDRAMINE']",11
MONDO:0009290,glycogen storage disease II,MONDO:0005100,systemic sclerosis,"['RITUXIMAB', 'CHEMBL3560003']",28
MONDO:0009290,glycogen storage disease II,MONDO:0019082,Bullous pemphigoid,['RITUXIMAB'],10
MONDO:0009290,glycogen storage disease II,MONDO:0009693,plasma cell myeloma,"['RITUXIMAB', 'ACETAMINOPHEN', 'CHEMBL3560003', 'DIPHENHYDRAMINE']",30
MONDO:0009290,glycogen storage disease II,MONDO:0019124,microscopic polyangiitis,['RITUXIMAB'],41
MONDO:0009290,glycogen storage disease II,MONDO:0011996,"chronic myelogenous leukemia, BCR-ABL1 positive","['RITUXIMAB', 'ACETAMINOPHEN', 'CHEMBL3560003']",14
MONDO:0009290,glycogen storage disease II,MONDO:0015943,eosinophilic granulomatosis with polyangiitis,['RITUXIMAB'],13
MONDO:0009290,glycogen storage disease II,MONDO:0009688,Myasthenia gravis,"['RITUXIMAB', 'PYRIDOSTIGMINE']",9
MONDO:0009290,glycogen storage disease II,MONDO:0008558,autoimmune thrombocytopenic purpura,"['RITUXIMAB', 'ACETAMINOPHEN']",3
MONDO:0009290,glycogen storage disease II,MONDO:0010030,Primary Sjgren syndrome,['RITUXIMAB'],15
MONDO:0009290,glycogen storage disease II,MONDO:0006702,Chronic inflammatory demyelinating polyneuropathy,['RITUXIMAB'],12
MONDO:0009290,glycogen storage disease II,MONDO:0012105,Granulomatosis with polyangiitis,['RITUXIMAB'],43
MONDO:0009290,glycogen storage disease II,MONDO:0015564,Castleman disease,"['RITUXIMAB', 'CHEMBL3560003']",11
MONDO:0009290,glycogen storage disease II,MONDO:0005388,Primary biliary cholangitis,['RITUXIMAB'],7
MONDO:0009290,glycogen storage disease II,MONDO:0019338,sarcoidosis,"['RITUXIMAB', 'CHEMBL3560003']",6
MONDO:0009290,glycogen storage disease II,MONDO:0010602,hemophilia A,['RITUXIMAB'],11
MONDO:0009290,glycogen storage disease II,MONDO:0005072,neuroblastoma,"['RITUXIMAB', 'CHEMBL3560003']",8
MONDO:0009290,glycogen storage disease II,MONDO:0017694,"Glycogen storage disease due to acid maltase deficiency, infantile onset",['AVALGLUCOSIDASE ALFA'],9
MONDO:0009290,glycogen storage disease II,MONDO:0001734,tuberous sclerosis,['CHEMBL3560003'],23
MONDO:0009290,glycogen storage disease II,MONDO:0019402,Beta-thalassemia,['CHEMBL3560003'],22
MONDO:0009290,glycogen storage disease II,MONDO:0006806,intermediate uveitis,['CHEMBL3560003'],3
MONDO:0009290,glycogen storage disease II,MONDO:0018150,Gaucher disease,"['CHEMBL3560003', 'MIGLUSTAT']",5
MONDO:0009290,glycogen storage disease II,MONDO:0005149,Idiopathic/heritable pulmonary arterial hypertension,['CHEMBL3560003'],4
MONDO:0009290,glycogen storage disease II,MONDO:0007803,multiple system atrophy,['CHEMBL3560003'],3
MONDO:0009290,glycogen storage disease II,MONDO:0009061,Cystic fibrosis,['MIGLUSTAT'],5
MONDO:0009290,glycogen storage disease II,MONDO:0018982,Niemann-Pick disease type C,['MIGLUSTAT'],6
MONDO:0009290,glycogen storage disease II,MONDO:0010006,Sandhoff disease,['MIGLUSTAT'],4
MONDO:0009290,glycogen storage disease II,MONDO:0005136,Malaria,['ACETAMINOPHEN'],2
MONDO:0009290,glycogen storage disease II,MONDO:0016575,Primary ciliary dyskinesia,['(S)-ALBUTEROL'],4
MONDO:0019123,Continuous spikes and waves during sleep,MONDO:0016356,Diffuse cutaneous systemic sclerosis,['PREDNISOLONE'],6
MONDO:0019123,Continuous spikes and waves during sleep,MONDO:0019067,Idiopathic steroid-sensitive nephrotic syndrome,['PREDNISOLONE'],7
MONDO:0019123,Continuous spikes and waves during sleep,MONDO:0015943,eosinophilic granulomatosis with polyangiitis,['PREDNISOLONE'],6
MONDO:0019123,Continuous spikes and waves during sleep,MONDO:0019338,sarcoidosis,['METHYLPREDNISOLONE'],8
MONDO:0019123,Continuous spikes and waves during sleep,MONDO:0009348,Classic Hodgkin lymphoma,['METHYLPREDNISOLONE'],9
MONDO:0019123,Continuous spikes and waves during sleep,MONDO:0100480,Addison disease,['METHYLPREDNISOLONE'],8
MONDO:0019123,Continuous spikes and waves during sleep,MONDO:0008558,autoimmune thrombocytopenic purpura,['METHYLPREDNISOLONE'],8
MONDO:0019123,Continuous spikes and waves during sleep,MONDO:0100130,Adult acute respiratory distress syndrome,['METHYLPREDNISOLONE'],8
MONDO:0009537,Lymphoid interstitial pneumonia,MONDO:0800029,interstitial lung disease 2,"['HYDROXYCHLOROQUINE', 'BMS 986278', 'PHOSPHODIESTERASE 4B INHIBITOR', 'BARDOXOLONE METHYL']",3
MONDO:0009537,Lymphoid interstitial pneumonia,MONDO:0018965,Alport syndrome,['BARDOXOLONE METHYL'],2
MONDO:0009537,Lymphoid interstitial pneumonia,MONDO:0004691,Autosomal dominant polycystic kidney disease,['BARDOXOLONE METHYL'],2
MONDO:0009537,Lymphoid interstitial pneumonia,MONDO:0019203,Acute interstitial pneumonia,['BARDOXOLONE METHYL'],2
MONDO:0009537,Lymphoid interstitial pneumonia,MONDO:0005149,Idiopathic/heritable pulmonary arterial hypertension,['BARDOXOLONE METHYL'],2
MONDO:0009537,Lymphoid interstitial pneumonia,MONDO:0019204,Respiratory bronchiolitis-interstitial lung disease syndrome,['BARDOXOLONE METHYL'],2
MONDO:0009537,Lymphoid interstitial pneumonia,MONDO:0015264,Cryptogenic organizing pneumonia,"['BMS 986278', 'PHOSPHODIESTERASE 4B INHIBITOR', 'BARDOXOLONE METHYL']",4
MONDO:0009537,Lymphoid interstitial pneumonia,MONDO:0019344,Antisynthetase syndrome,"['BMS 986278', 'PHOSPHODIESTERASE 4B INHIBITOR']",4
MONDO:0009537,Lymphoid interstitial pneumonia,MONDO:0019338,sarcoidosis,"['BMS 986278', 'PHOSPHODIESTERASE 4B INHIBITOR']",4
MONDO:0009537,Lymphoid interstitial pneumonia,MONDO:0019312,Hermansky-Pudlak syndrome,['HYDROXYCHLOROQUINE'],4
MONDO:0009537,Lymphoid interstitial pneumonia,MONDO:0008346,Idiopathic pulmonary hemosiderosis,['HYDROXYCHLOROQUINE'],4
MONDO:0009537,Lymphoid interstitial pneumonia,MONDO:0011871,Chronic visceral acid sphingomyelinase deficiency,['HYDROXYCHLOROQUINE'],3
MONDO:0009537,Lymphoid interstitial pneumonia,MONDO:0010030,Primary Sjgren syndrome,['HYDROXYCHLOROQUINE'],6
MONDO:0009537,Lymphoid interstitial pneumonia,MONDO:0011996,"chronic myelogenous leukemia, BCR-ABL1 positive",['HYDROXYCHLOROQUINE'],3
MONDO:0009537,Lymphoid interstitial pneumonia,MONDO:0008538,Giant cell arteritis,['HYDROXYCHLOROQUINE'],3
MONDO:0009537,Lymphoid interstitial pneumonia,MONDO:0019621,Chronic pneumonitis of infancy,['HYDROXYCHLOROQUINE'],4
MONDO:0009537,Lymphoid interstitial pneumonia,MONDO:0012580,Hereditary pulmonary alveolar proteinosis,['HYDROXYCHLOROQUINE'],4
MONDO:0019957,PPoma,MONDO:0003646,Neuroendocrine tumor of the rectum,"['LANREOTIDE AUTOGEL', 'TEMOZOLOMIDE']",2
MONDO:0019957,PPoma,MONDO:0007959,Medulloblastoma,['TEMOZOLOMIDE'],5
MONDO:0019957,PPoma,MONDO:0019960,VIPoma,"['LANREOTIDE AUTOGEL', 'TEMOZOLOMIDE']",2
MONDO:0019957,PPoma,MONDO:0015065,Ileal neuroendocrine tumor,"['LANREOTIDE AUTOGEL', 'TEMOZOLOMIDE']",2
MONDO:0019957,PPoma,MONDO:0002882,Neuroendocrine tumor of the colon,"['LANREOTIDE AUTOGEL', 'TEMOZOLOMIDE']",2
MONDO:0019957,PPoma,MONDO:0019963,Bronchial neuroendocrine tumor,"['LANREOTIDE AUTOGEL', 'TEMOZOLOMIDE']",2
MONDO:0019957,PPoma,MONDO:0003111,Neuroendocrine tumor of stomach,"['LANREOTIDE AUTOGEL', 'TEMOZOLOMIDE']",3
MONDO:0019957,PPoma,MONDO:0016722,Pineoblastoma,['TEMOZOLOMIDE'],2
MONDO:0019957,PPoma,MONDO:0100347,Carcinoid syndrome,"['LANREOTIDE AUTOGEL', 'TEMOZOLOMIDE']",2
MONDO:0019957,PPoma,MONDO:0015069,Neuroendocrine tumor of anal canal,"['LANREOTIDE AUTOGEL', 'TEMOZOLOMIDE']",2
MONDO:0019957,PPoma,MONDO:0006486,Uveal melanoma,['TEMOZOLOMIDE'],2
MONDO:0019957,PPoma,MONDO:0005072,neuroblastoma,['TEMOZOLOMIDE'],7
MONDO:0019957,PPoma,MONDO:0019964,Thymic neuroendocrine tumor,"['LANREOTIDE AUTOGEL', 'TEMOZOLOMIDE']",2
MONDO:0019957,PPoma,MONDO:0009837,Papilloma of choroid plexus,['TEMOZOLOMIDE'],2
MONDO:0019957,PPoma,MONDO:0015066,Neuroendocrine neoplasm of appendix,"['LANREOTIDE AUTOGEL', 'TEMOZOLOMIDE']",2
MONDO:0019957,PPoma,MONDO:0019959,Glucagonoma,"['LANREOTIDE AUTOGEL', 'TEMOZOLOMIDE']",2
MONDO:0019957,PPoma,MONDO:0019955,GRFoma,"['LANREOTIDE AUTOGEL', 'TEMOZOLOMIDE']",2
MONDO:0019957,PPoma,MONDO:0006976,Somatostatinoma,"['LANREOTIDE AUTOGEL', 'TEMOZOLOMIDE']",2
MONDO:0019957,PPoma,MONDO:0002728,Rhabdoid tumor,['TEMOZOLOMIDE'],2
MONDO:0019957,PPoma,MONDO:0019933,Acromegaly,['LANREOTIDE AUTOGEL'],6
MONDO:0019957,PPoma,MONDO:0800029,interstitial lung disease 2,['LANREOTIDE AUTOGEL'],2
MONDO:0019957,PPoma,MONDO:0000447,Isolated polycystic liver disease,['LANREOTIDE AUTOGEL'],2
MONDO:0015273,Complete atrioventricular septal defect,MONDO:0005711,Congenital diaphragmatic hernia,['SILDENAFIL CITRATE'],4
MONDO:0015273,Complete atrioventricular septal defect,MONDO:0800029,interstitial lung disease 2,['SILDENAFIL CITRATE'],2
MONDO:0015273,Complete atrioventricular septal defect,MONDO:0005149,Idiopathic/heritable pulmonary arterial hypertension,['SILDENAFIL CITRATE'],10
MONDO:0015273,Complete atrioventricular septal defect,MONDO:0005100,systemic sclerosis,['SILDENAFIL CITRATE'],2
MONDO:0015273,Complete atrioventricular septal defect,MONDO:0006851,Meconium aspiration syndrome,['SILDENAFIL CITRATE'],2
MONDO:0015273,Complete atrioventricular septal defect,MONDO:0019944,Eisenmenger syndrome,['SILDENAFIL CITRATE'],2
MONDO:0010030,Primary Sjgren syndrome,MONDO:0800029,interstitial lung disease 2,"['HYDROXYCHLOROQUINE', 'RITUXIMAB', 'ANTI-BAFF (B-CELL-ACTIVATING FACTOR) MONOCLONAL ANTIBODY']",18
MONDO:0010030,Primary Sjgren syndrome,MONDO:0100280,Waldenstrom macroglobulinemia,"['RITUXIMAB', 'TACROLIMUS ANHYDROUS', 'CHEMBL3210645']",60
MONDO:0010030,Primary Sjgren syndrome,MONDO:0018906,follicular lymphoma,"['RITUXIMAB', 'TACROLIMUS ANHYDROUS', 'CHEMBL3210645', 'PARSACLISIB']",83
MONDO:0010030,Primary Sjgren syndrome,MONDO:0013730,graft versus host disease,"['RITUXIMAB', 'HYDROXYCHLOROQUINE', 'TACROLIMUS ANHYDROUS', 'BARICITINIB', 'ABATACEPT', 'ETANERCEPT', 'MYCOPHENOLIC ACID', 'CHEMBL3210645', 'MYCOPHENOLATE MOFETIL']",11
MONDO:0010030,Primary Sjgren syndrome,MONDO:0018876,mantle cell lymphoma,"['RITUXIMAB', 'TACROLIMUS ANHYDROUS', 'CHEMBL3210645', 'PARSACLISIB']",37
MONDO:0010030,Primary Sjgren syndrome,MONDO:0007650,MALT lymphoma,"['RITUXIMAB', 'TACROLIMUS ANHYDROUS', 'CHEMBL3210645']",15
MONDO:0010030,Primary Sjgren syndrome,MONDO:0007915,systemic lupus erythematosus,"['RITUXIMAB', 'FC-SILENT ANTI-CD40 MONOCLONAL ANTIBODY', 'SAR441344', 'DAXDILIMAB', 'HYDROXYCHLOROQUINE', 'LANRAPLENIB', 'NIPOCALIMAB', 'BARICITINIB', 'BELIMUMAB', 'ABATACEPT', 'TOFACITINIB', 'FILGOTINIB', 'ANTI-BAFF (B-CELL-ACTIVATING FACTOR) MONOCLONAL ANTIBODY', 'LEFLUNOMIDE', 'MYCOPHENOLIC ACID', 'CHEMBL3210645', 'BRANEBRUTINIB']",101
MONDO:0010030,Primary Sjgren syndrome,MONDO:0005100,systemic sclerosis,"['RITUXIMAB', 'DAXDILIMAB', 'TACROLIMUS ANHYDROUS', 'TOFACITINIB', 'MYCOPHENOLIC ACID', 'CHEMBL3210645']",33
MONDO:0010030,Primary Sjgren syndrome,MONDO:0019082,Bullous pemphigoid,"['RITUXIMAB', 'CHEMBL3210645', 'MYCOPHENOLATE MOFETIL', 'LEFLUNOMIDE']",15
MONDO:0010030,Primary Sjgren syndrome,MONDO:0009693,plasma cell myeloma,"['RITUXIMAB', 'HYDROXYCHLOROQUINE', 'TACROLIMUS ANHYDROUS', 'ABATACEPT', 'LEFLUNOMIDE', 'CHEMBL3210645']",86
MONDO:0010030,Primary Sjgren syndrome,MONDO:0019124,microscopic polyangiitis,"['RITUXIMAB', 'CHEMBL3210645', 'MYCOPHENOLATE MOFETIL']",27
MONDO:0010030,Primary Sjgren syndrome,MONDO:0011996,"chronic myelogenous leukemia, BCR-ABL1 positive","['HYDROXYCHLOROQUINE', 'RITUXIMAB', 'TACROLIMUS ANHYDROUS', 'CHEMBL3210645']",11
MONDO:0010030,Primary Sjgren syndrome,MONDO:0015943,eosinophilic granulomatosis with polyangiitis,['RITUXIMAB'],18
MONDO:0010030,Primary Sjgren syndrome,MONDO:0009688,Myasthenia gravis,"['RITUXIMAB', 'TACROLIMUS ANHYDROUS', 'NIPOCALIMAB', 'ABATACEPT', 'TOFACITINIB', 'LEFLUNOMIDE', 'CHEMBL3210645', 'MYCOPHENOLATE MOFETIL']",12
MONDO:0010030,Primary Sjgren syndrome,MONDO:0008558,autoimmune thrombocytopenic purpura,"['RITUXIMAB', 'TACROLIMUS ANHYDROUS', 'BARICITINIB', 'BELIMUMAB', 'IGURATIMOD', 'ANTI-BAFF (B-CELL-ACTIVATING FACTOR) MONOCLONAL ANTIBODY', 'CHEMBL3210645']",12
MONDO:0010030,Primary Sjgren syndrome,MONDO:0006702,Chronic inflammatory demyelinating polyneuropathy,"['RITUXIMAB', 'MYCOPHENOLATE MOFETIL', 'NIPOCALIMAB']",11
MONDO:0010030,Primary Sjgren syndrome,MONDO:0012105,Granulomatosis with polyangiitis,"['RITUXIMAB', 'BELIMUMAB', 'ABATACEPT', 'ETANERCEPT', 'CHEMBL3210645', 'MYCOPHENOLATE MOFETIL']",11
MONDO:0010030,Primary Sjgren syndrome,MONDO:0015564,Castleman disease,['RITUXIMAB'],16
MONDO:0010030,Primary Sjgren syndrome,MONDO:0005388,Primary biliary cholangitis,"['RITUXIMAB', 'BARICITINIB']",12
MONDO:0010030,Primary Sjgren syndrome,MONDO:0019338,sarcoidosis,"['RITUXIMAB', 'ABATACEPT', 'TOFACITINIB']",11
MONDO:0010030,Primary Sjgren syndrome,MONDO:0010602,hemophilia A,['RITUXIMAB'],16
MONDO:0010030,Primary Sjgren syndrome,MONDO:0005072,neuroblastoma,"['RITUXIMAB', 'TACROLIMUS ANHYDROUS', 'CHEMBL3210645']",13
MONDO:0010030,Primary Sjgren syndrome,MONDO:0018596,Systemic polyarteritis nodosa,['MYCOPHENOLATE MOFETIL'],5
MONDO:0010030,Primary Sjgren syndrome,MONDO:0008219,Pemphigus vulgaris,"['ANTI-BAFF (B-CELL-ACTIVATING FACTOR) MONOCLONAL ANTIBODY', 'MYCOPHENOLATE MOFETIL']",5
MONDO:0010030,Primary Sjgren syndrome,MONDO:0019725,Pediatric systemic lupus erythematosus,"['BELIMUMAB', 'MYCOPHENOLATE MOFETIL']",8
MONDO:0010030,Primary Sjgren syndrome,MONDO:0019067,Idiopathic steroid-sensitive nephrotic syndrome,"['RITUXIMAB', 'MYCOPHENOLATE MOFETIL']",7
MONDO:0010030,Primary Sjgren syndrome,MONDO:0016264,Autoimmune hepatitis,"['TACROLIMUS ANHYDROUS', 'ANTI-BAFF (B-CELL-ACTIVATING FACTOR) MONOCLONAL ANTIBODY', 'MYCOPHENOLATE MOFETIL']",5
MONDO:0010030,Primary Sjgren syndrome,MONDO:0019344,Antisynthetase syndrome,['DAXDILIMAB'],4
MONDO:0010030,Primary Sjgren syndrome,MONDO:0019127,polymyositis,"['RITUXIMAB', 'DAXDILIMAB']",2
MONDO:0010030,Primary Sjgren syndrome,MONDO:0015573,Subacute cutaneous lupus erythematosus,['DAXDILIMAB'],2
MONDO:0010030,Primary Sjgren syndrome,MONDO:0005312,Pouchitis,['TOFACITINIB'],3
MONDO:0010030,Primary Sjgren syndrome,MONDO:0009061,Cystic fibrosis,['HYDROXYCHLOROQUINE'],13
MONDO:0010030,Primary Sjgren syndrome,MONDO:0019200,Retinitis pigmentosa,['HYDROXYCHLOROQUINE'],13
MONDO:0010030,Primary Sjgren syndrome,MONDO:0009692,Primary myelofibrosis,"['TACROLIMUS ANHYDROUS', 'CHEMBL3210645']",49
MONDO:0010030,Primary Sjgren syndrome,MONDO:0019402,Beta-thalassemia,"['TACROLIMUS ANHYDROUS', 'CHEMBL3210645']",11
MONDO:0010030,Primary Sjgren syndrome,MONDO:0009891,acquired polycythemia vera,"['TACROLIMUS ANHYDROUS', 'CHEMBL3210645']",23
MONDO:0010030,Primary Sjgren syndrome,MONDO:0100244,paroxysmal nocturnal hemoglobinuria,"['TACROLIMUS ANHYDROUS', 'CHEMBL3210645']",9
MONDO:0010030,Primary Sjgren syndrome,MONDO:0004976,Amyotrophic lateral sclerosis,"['TACROLIMUS ANHYDROUS', 'CHEMBL3210645']",5
MONDO:0010030,Primary Sjgren syndrome,MONDO:0018301,interstitial cystitis,['CHEMBL3210645'],4
MONDO:0010030,Primary Sjgren syndrome,MONDO:0018324,Adult-onset myasthenia gravis,"['RITUXIMAB', 'FC-SILENT ANTI-CD40 MONOCLONAL ANTIBODY', 'NIPOCALIMAB']",4
MONDO:0010030,Primary Sjgren syndrome,MONDO:0015599,Atopic keratoconjunctivitis,"['CICLOSPORIN (EYE DROPS, SOLUTION)']",3
MONDO:0010030,Primary Sjgren syndrome,MONDO:0019534,Mixed-type autoimmune hemolytic anemia,['RITUXIMAB'],2
MONDO:0010030,Primary Sjgren syndrome,MONDO:0019740,Immune-mediated thrombotic thrombocytopenic purpura,['RITUXIMAB'],4
MONDO:0010030,Primary Sjgren syndrome,MONDO:0015247,Opsoclonus-myoclonus syndrome,['RITUXIMAB'],4
MONDO:0010030,Primary Sjgren syndrome,MONDO:0008538,Giant cell arteritis,"['HYDROXYCHLOROQUINE', 'RITUXIMAB']",5
MONDO:0010030,Primary Sjgren syndrome,MONDO:0019006,Genetic steroid-resistant nephrotic syndrome,['RITUXIMAB'],2
MONDO:0010030,Primary Sjgren syndrome,MONDO:0018977,Polyneuropathy associated with IgM monoclonal gammopathy with anti-MAG,['RITUXIMAB'],2
MONDO:0010030,Primary Sjgren syndrome,MONDO:0019170,Polyarteritis nodosa,['RITUXIMAB'],2
MONDO:0010030,Primary Sjgren syndrome,MONDO:0019125,Relapsing polychondritis,['RITUXIMAB'],2
MONDO:0010030,Primary Sjgren syndrome,MONDO:0019532,"Autoimmune hemolytic anemia, warm type","['RITUXIMAB', 'ANTI-BAFF (B-CELL-ACTIVATING FACTOR) MONOCLONAL ANTIBODY', 'NIPOCALIMAB']",11
MONDO:0010030,Primary Sjgren syndrome,MONDO:0018842,Primary effusion lymphoma,['RITUXIMAB'],4
MONDO:0010030,Primary Sjgren syndrome,MONDO:0020547,Chronic graft versus host disease,['RITUXIMAB'],2
MONDO:0010030,Primary Sjgren syndrome,MONDO:0019535,Drug-induced autoimmune hemolytic anemia,['RITUXIMAB'],2
MONDO:0010030,Primary Sjgren syndrome,MONDO:0019167,Immunoglobulin A vasculitis,['RITUXIMAB'],2
MONDO:0010030,Primary Sjgren syndrome,MONDO:0019312,Hermansky-Pudlak syndrome,['HYDROXYCHLOROQUINE'],6
MONDO:0010030,Primary Sjgren syndrome,MONDO:0008346,Idiopathic pulmonary hemosiderosis,['HYDROXYCHLOROQUINE'],6
MONDO:0010030,Primary Sjgren syndrome,MONDO:0011871,Chronic visceral acid sphingomyelinase deficiency,['HYDROXYCHLOROQUINE'],5
MONDO:0010030,Primary Sjgren syndrome,MONDO:0019621,Chronic pneumonitis of infancy,['HYDROXYCHLOROQUINE'],6
MONDO:0010030,Primary Sjgren syndrome,MONDO:0012580,Hereditary pulmonary alveolar proteinosis,['HYDROXYCHLOROQUINE'],6
MONDO:0003582,Hereditary breast and/or ovarian cancer syndrome,MONDO:0018876,mantle cell lymphoma,['CARMUSTINE'],2
MONDO:0003582,Hereditary breast and/or ovarian cancer syndrome,MONDO:0015686,Primary peritoneal carcinoma,"['RUCAPARIB', 'OLAPARIB']",24
MONDO:0003582,Hereditary breast and/or ovarian cancer syndrome,MONDO:0009061,Cystic fibrosis,['OLAPARIB'],3
MONDO:0003582,Hereditary breast and/or ovarian cancer syndrome,MONDO:0016642,meningioma,['OLAPARIB'],2
MONDO:0003582,Hereditary breast and/or ovarian cancer syndrome,MONDO:0016681,Gliosarcoma,['OLAPARIB'],2
MONDO:0003582,Hereditary breast and/or ovarian cancer syndrome,MONDO:0002629,Osteosarcoma,['OLAPARIB'],2
MONDO:0003582,Hereditary breast and/or ovarian cancer syndrome,MONDO:0005149,Idiopathic/heritable pulmonary arterial hypertension,['OLAPARIB'],2
MONDO:0003582,Hereditary breast and/or ovarian cancer syndrome,MONDO:0015278,Familial pancreatic carcinoma,['OLAPARIB'],2
MONDO:0018982,Niemann-Pick disease type C,MONDO:0004976,Amyotrophic lateral sclerosis,['ARIMOCLOMOL'],4
MONDO:0018982,Niemann-Pick disease type C,MONDO:0018150,Gaucher disease,"['ARIMOCLOMOL', 'MIGLUSTAT']",5
MONDO:0018982,Niemann-Pick disease type C,MONDO:0007827,Inclusion body myositis,['ARIMOCLOMOL'],2
MONDO:0018982,Niemann-Pick disease type C,MONDO:0008840,Ataxia-telangiectasia,['N-ACETYL-L-LEUCINE'],7
MONDO:0018982,Niemann-Pick disease type C,MONDO:0009061,Cystic fibrosis,['MIGLUSTAT'],8
MONDO:0018982,Niemann-Pick disease type C,MONDO:0010006,Sandhoff disease,['MIGLUSTAT'],6
MONDO:0010122,Congenital thrombotic thrombocytopenic purpura,MONDO:0019740,Immune-mediated thrombotic thrombocytopenic purpura,['APADAMTASE ALFA'],10
MONDO:0008458,Spinocerebellar ataxia type 2,MONDO:0004976,Amyotrophic lateral sclerosis,['RILUZOLE'],8
MONDO:0008458,Spinocerebellar ataxia type 2,MONDO:0043797,Spinal cord injury,['RILUZOLE'],2
MONDO:0006952,Retinopathy of prematurity,MONDO:0015403,Non-involuting congenital hemangioma,['PROPRANOLOL HYDROCHLORIDE'],5
MONDO:0006952,Retinopathy of prematurity,MONDO:0005072,neuroblastoma,['PROPRANOLOL HYDROCHLORIDE'],5
MONDO:0006952,Retinopathy of prematurity,MONDO:0009925,Pseudoxanthoma elasticum,"['RANIBIZUMAB', 'AFLIBERCEPT']",5
MONDO:0006952,Retinopathy of prematurity,MONDO:0002303,Central retinal vein occlusion,"['RANIBIZUMAB', 'AFLIBERCEPT']",9
MONDO:0006952,Retinopathy of prematurity,MONDO:0006486,Uveal melanoma,"['RANIBIZUMAB', 'AFLIBERCEPT']",5
MONDO:0007187,Gorlin syndrome,MONDO:0018876,mantle cell lymphoma,"['VISMODEGIB', 'NIVOLUMAB']",16
MONDO:0007187,Gorlin syndrome,MONDO:0800029,interstitial lung disease 2,['VISMODEGIB'],3
MONDO:0007187,Gorlin syndrome,MONDO:0018906,follicular lymphoma,"['VISMODEGIB', 'NIVOLUMAB']",3
MONDO:0007187,Gorlin syndrome,MONDO:0007959,Medulloblastoma,"['VISMODEGIB', 'SONIDEGIB']",3
MONDO:0007187,Gorlin syndrome,MONDO:0019454,Refractory anemia with excess blasts,['VISMODEGIB'],3
MONDO:0007187,Gorlin syndrome,MONDO:0100280,Waldenstrom macroglobulinemia,['VISMODEGIB'],3
MONDO:0007187,Gorlin syndrome,MONDO:0011719,gastrointestinal stromal tumor,"['NIVOLUMAB', 'IPILIMUMAB']",11
MONDO:0007187,Gorlin syndrome,MONDO:0005072,neuroblastoma,"['NIVOLUMAB', 'SONIDEGIB', 'IPILIMUMAB']",3
MONDO:0007187,Gorlin syndrome,MONDO:0016642,meningioma,"['VISMODEGIB', 'NIVOLUMAB', 'IPILIMUMAB']",13
MONDO:0007187,Gorlin syndrome,MONDO:0009693,plasma cell myeloma,"['VISMODEGIB', 'NIVOLUMAB', 'IPILIMUMAB']",25
MONDO:0007187,Gorlin syndrome,MONDO:0011996,"chronic myelogenous leukemia, BCR-ABL1 positive","['NIVOLUMAB', 'IPILIMUMAB']",7
MONDO:0007187,Gorlin syndrome,MONDO:0005789,Hepatitis delta,['NIVOLUMAB'],3
MONDO:0007187,Gorlin syndrome,MONDO:0018907,Craniopharyngioma,['NIVOLUMAB'],3
MONDO:0007187,Gorlin syndrome,MONDO:0002629,Osteosarcoma,['SONIDEGIB'],3
MONDO:0007187,Gorlin syndrome,MONDO:0009692,Primary myelofibrosis,['SONIDEGIB'],5
MONDO:0019454,Refractory anemia with excess blasts,MONDO:0011996,"chronic myelogenous leukemia, BCR-ABL1 positive","['LENALIDOMIDE', 'AZACITIDINE', 'IMATINIB MESILATE']",3
MONDO:0019454,Refractory anemia with excess blasts,MONDO:0018876,mantle cell lymphoma,"['LENALIDOMIDE', 'VISMODEGIB', 'IBRUTINIB']",13
MONDO:0019454,Refractory anemia with excess blasts,MONDO:0800029,interstitial lung disease 2,['VISMODEGIB'],2
MONDO:0019454,Refractory anemia with excess blasts,MONDO:0018906,follicular lymphoma,"['LENALIDOMIDE', 'VISMODEGIB', 'IBRUTINIB']",2
MONDO:0019454,Refractory anemia with excess blasts,MONDO:0007959,Medulloblastoma,['VISMODEGIB'],3
MONDO:0019454,Refractory anemia with excess blasts,MONDO:0100280,Waldenstrom macroglobulinemia,"['VISMODEGIB', 'IBRUTINIB']",7
MONDO:0019454,Refractory anemia with excess blasts,MONDO:0020547,Chronic graft versus host disease,['IBRUTINIB'],6
MONDO:0019454,Refractory anemia with excess blasts,MONDO:0013730,graft versus host disease,['IBRUTINIB'],3
MONDO:0019454,Refractory anemia with excess blasts,MONDO:0009693,plasma cell myeloma,"['LENALIDOMIDE', 'SELINEXOR', 'IBRUTINIB']",6
MONDO:0019454,Refractory anemia with excess blasts,MONDO:0044778,Nodular lymphocyte predominant Hodgkin lymphoma,['IBRUTINIB'],2
MONDO:0019454,Refractory anemia with excess blasts,MONDO:0011719,gastrointestinal stromal tumor,"['SELINEXOR', 'IMATINIB MESILATE']",2
MONDO:0019454,Refractory anemia with excess blasts,MONDO:0006486,Uveal melanoma,['IMATINIB MESILATE'],2
MONDO:0019454,Refractory anemia with excess blasts,MONDO:0005149,Idiopathic/heritable pulmonary arterial hypertension,['IMATINIB MESILATE'],11
MONDO:0019454,Refractory anemia with excess blasts,MONDO:0005100,systemic sclerosis,['IMATINIB MESILATE'],3
MONDO:0019454,Refractory anemia with excess blasts,MONDO:0006292,Pleural mesothelioma,['IMATINIB MESILATE'],2
MONDO:0019454,Refractory anemia with excess blasts,MONDO:0007608,Desmoid tumor,['IMATINIB MESILATE'],2
MONDO:0019454,Refractory anemia with excess blasts,MONDO:0020331,Indolent systemic mastocytosis,['IMATINIB MESILATE'],2
MONDO:0019454,Refractory anemia with excess blasts,MONDO:0018871,Acute myelomonocytic leukemia,['IMATINIB MESILATE'],2
MONDO:0019454,Refractory anemia with excess blasts,MONDO:0020333,Aggressive systemic mastocytosis,['IMATINIB MESILATE'],2
MONDO:0019454,Refractory anemia with excess blasts,MONDO:0015796,Acute lung injury,['IMATINIB MESILATE'],2
MONDO:0019454,Refractory anemia with excess blasts,MONDO:0015041,Refractory anemia with excess blasts type 2,['RIGOSERTIB'],13
MONDO:0019454,Refractory anemia with excess blasts,MONDO:0015040,Refractory anemia with excess blasts type 1,['RIGOSERTIB'],14
MONDO:0019454,Refractory anemia with excess blasts,MONDO:0019310,Recessive dystrophic epidermolysis bullosa inversa,['RIGOSERTIB'],9
MONDO:0019454,Refractory anemia with excess blasts,MONDO:0009179,"Autosomal recessive generalized dystrophic epidermolysis bullosa, severe form",['RIGOSERTIB'],9
MONDO:0019454,Refractory anemia with excess blasts,MONDO:0011398,Dystrophic epidermolysis bullosa pruriginosa,['RIGOSERTIB'],9
MONDO:0019454,Refractory anemia with excess blasts,MONDO:0019522,"Autosomal recessive generalized dystrophic epidermolysis bullosa, intermediate form",['RIGOSERTIB'],9
MONDO:0019454,Refractory anemia with excess blasts,MONDO:0019067,Idiopathic steroid-sensitive nephrotic syndrome,"['VALPROIC ACID, SODIUM']",2
MONDO:0019454,Refractory anemia with excess blasts,MONDO:0019006,Genetic steroid-resistant nephrotic syndrome,"['VALPROIC ACID, SODIUM']",2
MONDO:0019454,Refractory anemia with excess blasts,MONDO:0009669,Proximal spinal muscular atrophy type 1,"['VALPROIC ACID, SODIUM']",2
MONDO:0019454,Refractory anemia with excess blasts,MONDO:0019157,Acquired idiopathic sideroblastic anemia,"['DEFERASIROX', 'LENALIDOMIDE', 'VALPROIC ACID, SODIUM']",4
MONDO:0019454,Refractory anemia with excess blasts,MONDO:0020563,Dedifferentiated liposarcoma,['SELINEXOR'],2
MONDO:0019454,Refractory anemia with excess blasts,MONDO:0009891,acquired polycythemia vera,['SELINEXOR'],2
MONDO:0019454,Refractory anemia with excess blasts,MONDO:0005029,essential thrombocythemia,['SELINEXOR'],2
MONDO:0019454,Refractory anemia with excess blasts,MONDO:0002142,Undifferentiated pleomorphic sarcoma,['SELINEXOR'],2
MONDO:0019454,Refractory anemia with excess blasts,MONDO:0002629,Osteosarcoma,['SELINEXOR'],2
MONDO:0019454,Refractory anemia with excess blasts,MONDO:0009692,Primary myelofibrosis,['SELINEXOR'],2
MONDO:0019454,Refractory anemia with excess blasts,MONDO:0015104,Porphyria cutanea tarda,['DEFERASIROX'],3
MONDO:0019454,Refractory anemia with excess blasts,MONDO:0007650,MALT lymphoma,['LENALIDOMIDE'],4
MONDO:0019454,Refractory anemia with excess blasts,MONDO:0007925,Myelodysplastic syndrome associated with isolated del(5q) chromosome abnormality,['LENALIDOMIDE'],6
MONDO:0019454,Refractory anemia with excess blasts,MONDO:0019438,AL amyloidosis,['LENALIDOMIDE'],5
MONDO:0002629,Osteosarcoma,MONDO:0002728,Rhabdoid tumor,"['PALBOCICLIB', 'REGORAFENIB', 'NIVOLUMAB', 'PAZOPANIB HYDROCHLORIDE', 'IFOSFAMIDE', 'ENTINOSTAT']",3
MONDO:0002629,Osteosarcoma,MONDO:0005072,neuroblastoma,"['PALBOCICLIB', 'ATEZOLIZUMAB', 'CISPLATIN', 'REGORAFENIB', 'NIVOLUMAB', 'DOXORUBICINE HYDROCHLORIDE', 'PAZOPANIB HYDROCHLORIDE', 'CELYVIR', 'IFOSFAMIDE', 'SONIDEGIB', 'ENTINOSTAT']",4
MONDO:0002629,Osteosarcoma,MONDO:0002142,Undifferentiated pleomorphic sarcoma,"['PALBOCICLIB', 'REGORAFENIB', 'SELINEXOR', 'CISPLATIN', 'NIVOLUMAB', 'DOXORUBICINE HYDROCHLORIDE', 'PAZOPANIB HYDROCHLORIDE', 'SUNITINIB MALATE', 'IFOSFAMIDE']",5
MONDO:0002629,Osteosarcoma,MONDO:0005060,liposarcoma,"['PALBOCICLIB', 'DOXORUBICINE HYDROCHLORIDE', 'GEMCITABINE HYDROCHLORIDE', 'SUNITINIB MALATE', 'PAZOPANIB HYDROCHLORIDE', 'IFOSFAMIDE']",2
MONDO:0002629,Osteosarcoma,MONDO:0006486,Uveal melanoma,"['NIVOLUMAB', 'GEMCITABINE HYDROCHLORIDE', 'SUNITINIB MALATE', 'CELYVIR', 'ENTINOSTAT']",3
MONDO:0002629,Osteosarcoma,MONDO:0007959,Medulloblastoma,"['PALBOCICLIB', 'THIOTEPA', 'NIVOLUMAB', 'CELYVIR', 'SONIDEGIB', 'ENTINOSTAT']",4
MONDO:0002629,Osteosarcoma,MONDO:0019004,Nephroblastoma,"['ATEZOLIZUMAB', 'REGORAFENIB', 'NIVOLUMAB', 'DOXORUBICINE HYDROCHLORIDE', 'ENTINOSTAT']",5
MONDO:0002629,Osteosarcoma,MONDO:0009693,plasma cell myeloma,"['SELINEXOR', 'NIVOLUMAB', 'LENVATINIB', 'DOXORUBICINE HYDROCHLORIDE']",6
MONDO:0002629,Osteosarcoma,MONDO:0005512,Malignant peritoneal mesothelioma,"['CISPLATIN', 'DOXORUBICINE HYDROCHLORIDE']",3
MONDO:0002629,Osteosarcoma,MONDO:0006292,Pleural mesothelioma,"['ATEZOLIZUMAB', 'CISPLATIN', 'NIVOLUMAB', 'DOXORUBICINE HYDROCHLORIDE', 'GEMCITABINE HYDROCHLORIDE']",7
MONDO:0002629,Osteosarcoma,MONDO:0018876,mantle cell lymphoma,"['ATEZOLIZUMAB', 'CISPLATIN', 'GEMCITABINE HYDROCHLORIDE', 'DOXORUBICINE HYDROCHLORIDE']",4
MONDO:0002629,Osteosarcoma,MONDO:0009348,Classic Hodgkin lymphoma,"['CISPLATIN', 'NIVOLUMAB', 'DOXORUBICINE HYDROCHLORIDE']",11
MONDO:0002629,Osteosarcoma,MONDO:0019373,Desmoplastic small round cell tumor,"['TEPROTUMUMAB', 'PAZOPANIB HYDROCHLORIDE', 'REGORAFENIB', 'PALBOCICLIB']",4
MONDO:0002629,Osteosarcoma,MONDO:0020561,Myxoid/round cell liposarcoma,"['PAZOPANIB HYDROCHLORIDE', 'TEPROTUMUMAB', 'SIROLIMUS']",2
MONDO:0002629,Osteosarcoma,MONDO:0001734,tuberous sclerosis,['SIROLIMUS'],3
MONDO:0002629,Osteosarcoma,MONDO:0016206,Idiopathic uveal effusion syndrome,"['METHOTREXATE', 'SIROLIMUS']",5
MONDO:0002629,Osteosarcoma,MONDO:0013730,graft versus host disease,['SIROLIMUS'],2
MONDO:0002629,Osteosarcoma,MONDO:0021055,Familial adenomatous polyposis,['SIROLIMUS'],2
MONDO:0002629,Osteosarcoma,MONDO:0004691,Autosomal dominant polycystic kidney disease,['SIROLIMUS'],2
MONDO:0002629,Osteosarcoma,MONDO:0007827,Inclusion body myositis,['SIROLIMUS'],3
MONDO:0002629,Osteosarcoma,MONDO:0017258,Idiopathic panuveitis,"['METHOTREXATE', 'SIROLIMUS']",5
MONDO:0002629,Osteosarcoma,MONDO:0018092,Vogt-Koyanagi-Harada disease,"['METHOTREXATE', 'SIROLIMUS']",5
MONDO:0002629,Osteosarcoma,MONDO:0004976,Amyotrophic lateral sclerosis,['SIROLIMUS'],2
MONDO:0002629,Osteosarcoma,MONDO:0019338,sarcoidosis,['SIROLIMUS'],2
MONDO:0002629,Osteosarcoma,MONDO:0011927,Tufted angioma,['SIROLIMUS'],2
MONDO:0002629,Osteosarcoma,MONDO:0006806,intermediate uveitis,"['METHOTREXATE', 'SIROLIMUS']",5
MONDO:0002629,Osteosarcoma,MONDO:0019402,Beta-thalassemia,['SIROLIMUS'],2
MONDO:0002629,Osteosarcoma,MONDO:0020547,Chronic graft versus host disease,['SIROLIMUS'],2
MONDO:0002629,Osteosarcoma,MONDO:0005055,Kaposi\'s sarcoma,"['PALBOCICLIB', 'PAZOPANIB HYDROCHLORIDE', 'REGORAFENIB']",3
MONDO:0002629,Osteosarcoma,MONDO:0020563,Dedifferentiated liposarcoma,"['PALBOCICLIB', 'SELINEXOR', 'PAZOPANIB HYDROCHLORIDE']",2
MONDO:0002629,Osteosarcoma,MONDO:0005103,Well-differentiated liposarcoma,"['PALBOCICLIB', 'PAZOPANIB HYDROCHLORIDE']",2
MONDO:0002629,Osteosarcoma,MONDO:0011719,gastrointestinal stromal tumor,"['PALBOCICLIB', 'REGORAFENIB', 'SELINEXOR', 'PAZOPANIB HYDROCHLORIDE', 'SUNITINIB MALATE', 'CABOZANTINIB']",3
MONDO:0002629,Osteosarcoma,MONDO:0016238,Solitary fibrous tumor,"['PALBOCICLIB', 'REGORAFENIB', 'NIVOLUMAB', 'PAZOPANIB HYDROCHLORIDE', 'SUNITINIB MALATE']",3
MONDO:0002629,Osteosarcoma,MONDO:0005028,Adenocarcinoma of the esophagus,"['ATEZOLIZUMAB', 'CISPLATIN', 'REGORAFENIB', 'NIVOLUMAB', 'LENVATINIB']",3
MONDO:0002629,Osteosarcoma,MONDO:0005580,Squamous cell carcinoma of the esophagus,"['ATEZOLIZUMAB', 'NIVOLUMAB', 'LENVATINIB']",8
MONDO:0002629,Osteosarcoma,MONDO:0015277,Medullary thyroid carcinoma,"['CABOZANTINIB', 'SUNITINIB MALATE', 'LENVATINIB']",2
MONDO:0002629,Osteosarcoma,MONDO:0006451,Thymic carcinoma,"['NIVOLUMAB', 'ATEZOLIZUMAB', 'SUNITINIB MALATE', 'LENVATINIB']",3
MONDO:0002629,Osteosarcoma,MONDO:0016974,Thymoma type B,"['NIVOLUMAB', 'LENVATINIB']",3
MONDO:0002629,Osteosarcoma,MONDO:0018906,follicular lymphoma,"['ATEZOLIZUMAB', 'CISPLATIN', 'GEMCITABINE HYDROCHLORIDE', 'NIVOLUMAB']",3
MONDO:0002629,Osteosarcoma,MONDO:0018055,Pediatric hepatocellular carcinoma,['CISPLATIN'],4
MONDO:0002629,Osteosarcoma,MONDO:0009837,Papilloma of choroid plexus,"['METHOTREXATE', 'CISPLATIN']",3
MONDO:0002629,Osteosarcoma,MONDO:0019210,Cutaneous neuroendocrine carcinoma,"['CISPLATIN', 'PAZOPANIB HYDROCHLORIDE']",2
MONDO:0002629,Osteosarcoma,MONDO:0003345,Klatskin tumor,"['CISPLATIN', 'GEMCITABINE HYDROCHLORIDE']",4
MONDO:0002629,Osteosarcoma,MONDO:0015686,Primary peritoneal carcinoma,"['ATEZOLIZUMAB', 'CISPLATIN', 'NIVOLUMAB', 'PAZOPANIB HYDROCHLORIDE', 'GEMCITABINE HYDROCHLORIDE', 'OLAPARIB']",25
MONDO:0002629,Osteosarcoma,MONDO:0009692,Primary myelofibrosis,"['NIVOLUMAB', 'SELINEXOR', 'SONIDEGIB']",5
MONDO:0002629,Osteosarcoma,MONDO:0009691,Classic mycosis fungoides,"['ATEZOLIZUMAB', 'GEMCITABINE HYDROCHLORIDE']",4
MONDO:0002629,Osteosarcoma,MONDO:0015278,Familial pancreatic carcinoma,"['GEMCITABINE HYDROCHLORIDE', 'OLAPARIB']",4
MONDO:0002629,Osteosarcoma,MONDO:0004633,"Classic Hodgkin lymphoma, mixed cellularity type",['GEMCITABINE HYDROCHLORIDE'],4
MONDO:0002629,Osteosarcoma,MONDO:0100280,Waldenstrom macroglobulinemia,"['ATEZOLIZUMAB', 'GEMCITABINE HYDROCHLORIDE']",3
MONDO:0002629,Osteosarcoma,MONDO:0004620,"Classic Hodgkin lymphoma, lymphocyte-depleted type",['GEMCITABINE HYDROCHLORIDE'],4
MONDO:0002629,Osteosarcoma,MONDO:0017844,Szary syndrome,"['ATEZOLIZUMAB', 'GEMCITABINE HYDROCHLORIDE', 'NIVOLUMAB']",3
MONDO:0002629,Osteosarcoma,MONDO:0019475,Subcutaneous panniculitis-like T-cell lymphoma,"['GEMCITABINE HYDROCHLORIDE', 'NIVOLUMAB']",3
MONDO:0002629,Osteosarcoma,MONDO:0004665,"Classic Hodgkin lymphoma, nodular sclerosis type",['GEMCITABINE HYDROCHLORIDE'],4
MONDO:0002629,Osteosarcoma,MONDO:0008054,Juvenile dermatomyositis,['METHOTREXATE'],3
MONDO:0002629,Osteosarcoma,MONDO:0008538,Giant cell arteritis,['METHOTREXATE'],4
MONDO:0002629,Osteosarcoma,MONDO:0018304,Schnitzler syndrome,['METHOTREXATE'],3
MONDO:0002629,Osteosarcoma,MONDO:0016698,Ependymoma,"['METHOTREXATE', 'NIVOLUMAB', 'ENTINOSTAT']",4
MONDO:0002629,Osteosarcoma,MONDO:0020546,Acute graft versus host disease,['METHOTREXATE'],3
MONDO:0002629,Osteosarcoma,MONDO:0009891,acquired polycythemia vera,['SELINEXOR'],2
MONDO:0002629,Osteosarcoma,MONDO:0005029,essential thrombocythemia,['SELINEXOR'],2
MONDO:0002629,Osteosarcoma,MONDO:0017190,Sporadic pheochromocytoma/secreting paraganglioma,"['NIVOLUMAB', 'SUNITINIB MALATE']",3
MONDO:0002629,Osteosarcoma,MONDO:0017366,Hereditary pheochromocytoma-paraganglioma,['SUNITINIB MALATE'],3
MONDO:0002629,Osteosarcoma,MONDO:0016748,Hemangioblastoma,['SUNITINIB MALATE'],2
MONDO:0002629,Osteosarcoma,MONDO:0006456,thymoma,['ATEZOLIZUMAB'],3
MONDO:0002629,Osteosarcoma,MONDO:0011996,"chronic myelogenous leukemia, BCR-ABL1 positive",['ATEZOLIZUMAB'],3
MONDO:0002629,Osteosarcoma,MONDO:0007650,MALT lymphoma,['ATEZOLIZUMAB'],3
MONDO:0002629,Osteosarcoma,MONDO:0018842,Primary effusion lymphoma,['ATEZOLIZUMAB'],3
MONDO:0002629,Osteosarcoma,MONDO:0019963,Bronchial neuroendocrine tumor,['PAZOPANIB HYDROCHLORIDE'],2
MONDO:0002629,Osteosarcoma,MONDO:0018271,Peripheral primitive neuroectodermal tumor,"['REGORAFENIB', 'PAZOPANIB HYDROCHLORIDE']",5
MONDO:0002629,Osteosarcoma,MONDO:0017242,Cutaneous collagenous vasculopathy,['PAZOPANIB HYDROCHLORIDE'],2
MONDO:0002629,Osteosarcoma,MONDO:0019964,Thymic neuroendocrine tumor,"['PAZOPANIB HYDROCHLORIDE', 'CABOZANTINIB']",2
MONDO:0002629,Osteosarcoma,MONDO:0003111,Neuroendocrine tumor of stomach,['CABOZANTINIB'],2
MONDO:0002629,Osteosarcoma,MONDO:0003646,Neuroendocrine tumor of the rectum,['CABOZANTINIB'],2
MONDO:0002629,Osteosarcoma,MONDO:0009061,Cystic fibrosis,['OLAPARIB'],3
MONDO:0002629,Osteosarcoma,MONDO:0016642,meningioma,['OLAPARIB'],2
MONDO:0002629,Osteosarcoma,MONDO:0016681,Gliosarcoma,['OLAPARIB'],2
MONDO:0002629,Osteosarcoma,MONDO:0005149,Idiopathic/heritable pulmonary arterial hypertension,['OLAPARIB'],2
MONDO:0019085,Vernal keratoconjunctivitis,MONDO:0008054,Juvenile dermatomyositis,['CICLOSPORIN'],4
MONDO:0019085,Vernal keratoconjunctivitis,MONDO:0010788,Leber hereditary optic neuropathy,['CICLOSPORIN'],4
MONDO:0019085,Vernal keratoconjunctivitis,MONDO:0018824,Pyoderma gangrenosum,['CICLOSPORIN'],4
MONDO:0033946,Hereditary angioedema with C1Inh deficiency,MONDO:0015053,Hereditary angioedema type 1,"['ICATIBANT', 'PHVS416', 'BEROTRALSTAT']",4
MONDO:0033946,Hereditary angioedema with C1Inh deficiency,MONDO:0800029,interstitial lung disease 2,['GARADACIMAB'],5
MONDO:0009411,Autoimmune polyendocrinopathy type 1,MONDO:0015357,Secondary hypoparathyroidism due to impaired parathormon secretion,"['[ALA1,3,12,GLN10,ARG11,TRP14]PTH(1-14)/[ALA18,22, LYS26]PTHRP(15-36)COOH']",4
MONDO:0009411,Autoimmune polyendocrinopathy type 1,MONDO:0018242,Autoimmune hypoparathyroidism,"['[ALA1,3,12,GLN10,ARG11,TRP14]PTH(1-14)/[ALA18,22, LYS26]PTHRP(15-36)COOH']",4
MONDO:0007656,Gerstmann-Straussler-Scheinker syndrome,MONDO:0016079,Sporadic Creutzfeldt-Jakob disease,['DOXYCYCLINE HYCLATE'],2
MONDO:0007656,Gerstmann-Straussler-Scheinker syndrome,MONDO:0007650,MALT lymphoma,['DOXYCYCLINE HYCLATE'],2
MONDO:0007656,Gerstmann-Straussler-Scheinker syndrome,MONDO:0019438,AL amyloidosis,['DOXYCYCLINE HYCLATE'],4
MONDO:0007656,Gerstmann-Straussler-Scheinker syndrome,MONDO:0019082,Bullous pemphigoid,['DOXYCYCLINE HYCLATE'],2
MONDO:0013991,Obesity due to congenital leptin deficiency,MONDO:0008763,Alstrm syndrome,['SETMELANOTIDE'],8
MONDO:0013991,Obesity due to congenital leptin deficiency,MONDO:0012335,Obesity due to pro-opiomelanocortin deficiency,['SETMELANOTIDE'],14
MONDO:0013991,Obesity due to congenital leptin deficiency,MONDO:0019115,Obesity due to melanocortin 4 receptor deficiency,['SETMELANOTIDE'],9
MONDO:0013991,Obesity due to congenital leptin deficiency,MONDO:0010961,Obesity due to prohormone convertase I deficiency,['SETMELANOTIDE'],8
MONDO:0013991,Obesity due to congenital leptin deficiency,MONDO:0013992,Obesity due to leptin receptor gene deficiency,['SETMELANOTIDE'],11
MONDO:0013991,Obesity due to congenital leptin deficiency,MONDO:0020298,Prader-Willi syndrome due to maternal uniparental disomy of chromosome 15,['SETMELANOTIDE'],5
MONDO:0013991,Obesity due to congenital leptin deficiency,MONDO:0015229,Bardet-Biedl syndrome,['SETMELANOTIDE'],13
MONDO:0013991,Obesity due to congenital leptin deficiency,MONDO:0015786,Prader-Willi syndrome due to imprinting mutation,['SETMELANOTIDE'],5
MONDO:0013991,Obesity due to congenital leptin deficiency,MONDO:0017994,Severe early-onset obesity-insulin resistance syndrome due to SH2B1 deficiency,['SETMELANOTIDE'],6
MONDO:0005081,Preeclampsia,MONDO:0005835,Lynch syndrome,['ASPIRIN'],8
MONDO:0011725,Crigler-Najjar syndrome type 2,MONDO:0008815,Argininosuccinic aciduria,['HETEROLOGOUS HUMAN ADULT LIVER DERIVED STEM CELLS'],4
MONDO:0011725,Crigler-Najjar syndrome type 2,MONDO:0009376,Carbamoyl-phosphate synthetase 1 deficiency,['HETEROLOGOUS HUMAN ADULT LIVER DERIVED STEM CELLS'],4
MONDO:0011725,Crigler-Najjar syndrome type 2,MONDO:0008988,Citrullinemia type I,['HETEROLOGOUS HUMAN ADULT LIVER DERIVED STEM CELLS'],4
MONDO:0011725,Crigler-Najjar syndrome type 2,MONDO:0009377,Hyperammonemia due to N-acetylglutamate synthase deficiency,['HETEROLOGOUS HUMAN ADULT LIVER DERIVED STEM CELLS'],4
MONDO:0011725,Crigler-Najjar syndrome type 2,MONDO:0008814,Argininemia,['HETEROLOGOUS HUMAN ADULT LIVER DERIVED STEM CELLS'],4
MONDO:0011725,Crigler-Najjar syndrome type 2,MONDO:0010703,Ornithine transcarbamylase deficiency,['HETEROLOGOUS HUMAN ADULT LIVER DERIVED STEM CELLS'],4
MONDO:0008633,Muckle-Wells syndrome,MONDO:0007727,Tumor necrosis factor receptor 1 associated periodic syndrome,['CANAKINUMAB'],6
MONDO:0008633,Muckle-Wells syndrome,MONDO:0019434,Systemic-onset juvenile idiopathic arthritis,['CANAKINUMAB'],15
MONDO:0008633,Muckle-Wells syndrome,MONDO:0009849,Hyperimmunoglobulinemia D with periodic fever,['CANAKINUMAB'],5
MONDO:0008633,Muckle-Wells syndrome,MONDO:0019355,Adult-onset Still disease,['CANAKINUMAB'],3
MONDO:0008633,Muckle-Wells syndrome,MONDO:0018088,Familial Mediterranean fever,['CANAKINUMAB'],4
MONDO:0008633,Muckle-Wells syndrome,MONDO:0011776,CINCA syndrome,['CANAKINUMAB'],3
MONDO:0011441,Complex regional pain syndrome type 1,MONDO:0009692,Primary myelofibrosis,['ZOLEDRONIC ACID'],3
MONDO:0011441,Complex regional pain syndrome type 1,MONDO:0019369,Complex regional pain syndrome,"['NERIDRONIC ACID', 'LIDOCAINE']",3
MONDO:0011441,Complex regional pain syndrome type 1,MONDO:0018301,interstitial cystitis,['LIDOCAINE'],4
MONDO:0011441,Complex regional pain syndrome type 1,MONDO:0020572,Complex regional pain syndrome type 2,['NERIDRONIC ACID'],2
MONDO:0011441,Complex regional pain syndrome type 1,MONDO:0009061,Cystic fibrosis,['MEDICAL OXYGEN'],2
MONDO:0011441,Complex regional pain syndrome type 1,MONDO:0009971,Infant acute respiratory distress syndrome,['MEDICAL OXYGEN'],2
MONDO:0011441,Complex regional pain syndrome type 1,MONDO:0100130,Adult acute respiratory distress syndrome,['MEDICAL OXYGEN'],2
MONDO:0011441,Complex regional pain syndrome type 1,MONDO:0800029,interstitial lung disease 2,['MEDICAL OXYGEN'],2
MONDO:0011441,Complex regional pain syndrome type 1,MONDO:0018199,New-onset refractory status epilepticus,['KETAMINE'],2
MONDO:0015231,Bartter syndrome,MONDO:0008771,Enamel-renal syndrome,['FLUCONAZOLE'],2
MONDO:0015231,Bartter syndrome,MONDO:0015612,Dent disease,['FLUCONAZOLE'],2
MONDO:0017242,Cutaneous collagenous vasculopathy,MONDO:0015686,Primary peritoneal carcinoma,['PAZOPANIB HYDROCHLORIDE'],6
MONDO:0017242,Cutaneous collagenous vasculopathy,MONDO:0002142,Undifferentiated pleomorphic sarcoma,['PAZOPANIB HYDROCHLORIDE'],4
MONDO:0017242,Cutaneous collagenous vasculopathy,MONDO:0005103,Well-differentiated liposarcoma,['PAZOPANIB HYDROCHLORIDE'],3
MONDO:0017242,Cutaneous collagenous vasculopathy,MONDO:0011719,gastrointestinal stromal tumor,['PAZOPANIB HYDROCHLORIDE'],4
MONDO:0017242,Cutaneous collagenous vasculopathy,MONDO:0019963,Bronchial neuroendocrine tumor,['PAZOPANIB HYDROCHLORIDE'],2
MONDO:0017242,Cutaneous collagenous vasculopathy,MONDO:0019373,Desmoplastic small round cell tumor,['PAZOPANIB HYDROCHLORIDE'],3
MONDO:0017242,Cutaneous collagenous vasculopathy,MONDO:0018271,Peripheral primitive neuroectodermal tumor,['PAZOPANIB HYDROCHLORIDE'],2
MONDO:0017242,Cutaneous collagenous vasculopathy,MONDO:0016238,Solitary fibrous tumor,['PAZOPANIB HYDROCHLORIDE'],4
MONDO:0017242,Cutaneous collagenous vasculopathy,MONDO:0019210,Cutaneous neuroendocrine carcinoma,['PAZOPANIB HYDROCHLORIDE'],2
MONDO:0017242,Cutaneous collagenous vasculopathy,MONDO:0020561,Myxoid/round cell liposarcoma,['PAZOPANIB HYDROCHLORIDE'],3
MONDO:0017242,Cutaneous collagenous vasculopathy,MONDO:0005055,Kaposi\'s sarcoma,['PAZOPANIB HYDROCHLORIDE'],3
MONDO:0017242,Cutaneous collagenous vasculopathy,MONDO:0002728,Rhabdoid tumor,['PAZOPANIB HYDROCHLORIDE'],3
MONDO:0017242,Cutaneous collagenous vasculopathy,MONDO:0005072,neuroblastoma,['PAZOPANIB HYDROCHLORIDE'],2
MONDO:0017242,Cutaneous collagenous vasculopathy,MONDO:0020563,Dedifferentiated liposarcoma,['PAZOPANIB HYDROCHLORIDE'],3
MONDO:0017242,Cutaneous collagenous vasculopathy,MONDO:0019964,Thymic neuroendocrine tumor,['PAZOPANIB HYDROCHLORIDE'],2
MONDO:0017242,Cutaneous collagenous vasculopathy,MONDO:0005060,liposarcoma,['PAZOPANIB HYDROCHLORIDE'],2
MONDO:0009971,Infant acute respiratory distress syndrome,MONDO:0009061,Cystic fibrosis,['MEDICAL OXYGEN'],2
MONDO:0009971,Infant acute respiratory distress syndrome,MONDO:0100130,Adult acute respiratory distress syndrome,['MEDICAL OXYGEN'],2
MONDO:0009971,Infant acute respiratory distress syndrome,MONDO:0800029,interstitial lung disease 2,['MEDICAL OXYGEN'],2
MONDO:0019082,Bullous pemphigoid,MONDO:0800029,interstitial lung disease 2,"['RITUXIMAB', 'PREDNISONE']",16
MONDO:0019082,Bullous pemphigoid,MONDO:0100280,Waldenstrom macroglobulinemia,"['RITUXIMAB', 'CHEMBL3210645', 'CHEMBL156']",29
MONDO:0019082,Bullous pemphigoid,MONDO:0018906,follicular lymphoma,"['RITUXIMAB', 'CHEMBL3210645', 'PREDNISONE', 'CHEMBL156']",81
MONDO:0019082,Bullous pemphigoid,MONDO:0013730,graft versus host disease,"['RITUXIMAB', 'CHEMBL156', 'USTEKINUMAB', 'PREDNISONE', 'CHEMBL3210645', 'MYCOPHENOLATE MOFETIL']",553
MONDO:0019082,Bullous pemphigoid,MONDO:0018876,mantle cell lymphoma,"['RITUXIMAB', 'CHEMBL3210645', 'PREDNISONE', 'CHEMBL156']",437
MONDO:0019082,Bullous pemphigoid,MONDO:0007650,MALT lymphoma,"['RITUXIMAB', 'CHEMBL3210645', 'CHEMBL156', 'DOXYCYCLINE HYCLATE']",53
MONDO:0019082,Bullous pemphigoid,MONDO:0007915,systemic lupus erythematosus,"['RITUXIMAB', 'CHEMBL156', 'USTEKINUMAB', 'OMALIZUMAB', 'PREDNISONE', 'LEFLUNOMIDE', 'CHEMBL3210645']",99
MONDO:0019082,Bullous pemphigoid,MONDO:0005100,systemic sclerosis,"['RITUXIMAB', 'CHEMBL3210645', 'CHEMBL156']",28
MONDO:0019082,Bullous pemphigoid,MONDO:0009693,plasma cell myeloma,"['RITUXIMAB', 'CHEMBL156', 'PREDNISONE', 'LEFLUNOMIDE', 'CHEMBL3210645']",109
MONDO:0019082,Bullous pemphigoid,MONDO:0019124,microscopic polyangiitis,"['RITUXIMAB', 'CHEMBL3210645', 'PREDNISONE', 'MYCOPHENOLATE MOFETIL']",25
MONDO:0019082,Bullous pemphigoid,MONDO:0011996,"chronic myelogenous leukemia, BCR-ABL1 positive","['RITUXIMAB', 'CHEMBL3210645', 'CHEMBL156']",94
MONDO:0019082,Bullous pemphigoid,MONDO:0015943,eosinophilic granulomatosis with polyangiitis,"['RITUXIMAB', 'MEPOLIZUMAB', 'PREDNISONE']",16
MONDO:0019082,Bullous pemphigoid,MONDO:0009688,Myasthenia gravis,"['RITUXIMAB', 'CHEMBL156', 'EFGARTIGIMOD COFORMULATED WITH RECOMBINANT HUMAN HYALURONIDASE PH20 (RHUPH20)', 'PREDNISONE', 'LEFLUNOMIDE', 'CHEMBL3210645', 'MYCOPHENOLATE MOFETIL']",10
MONDO:0019082,Bullous pemphigoid,MONDO:0008558,autoimmune thrombocytopenic purpura,"['RITUXIMAB', 'CHEMBL3210645', 'PREDNISONE', 'EFGARTIGIMOD COFORMULATED WITH RECOMBINANT HUMAN HYALURONIDASE PH20 (RHUPH20)']",11
MONDO:0019082,Bullous pemphigoid,MONDO:0006702,Chronic inflammatory demyelinating polyneuropathy,"['RITUXIMAB', 'EFGARTIGIMOD COFORMULATED WITH RECOMBINANT HUMAN HYALURONIDASE PH20 (RHUPH20)', 'MYCOPHENOLATE MOFETIL']",2
MONDO:0019082,Bullous pemphigoid,MONDO:0012105,Granulomatosis with polyangiitis,"['RITUXIMAB', 'CHEMBL156', 'PREDNISONE', 'CHEMBL3210645', 'MYCOPHENOLATE MOFETIL']",9
MONDO:0019082,Bullous pemphigoid,MONDO:0015564,Castleman disease,"['RITUXIMAB', 'PREDNISONE']",12
MONDO:0019082,Bullous pemphigoid,MONDO:0005388,Primary biliary cholangitis,"['RITUXIMAB', 'USTEKINUMAB', 'CHEMBL156']",7
MONDO:0019082,Bullous pemphigoid,MONDO:0019338,sarcoidosis,"['RITUXIMAB', 'USTEKINUMAB', 'PREDNISONE', 'CHEMBL156']",9
MONDO:0019082,Bullous pemphigoid,MONDO:0010602,hemophilia A,"['RITUXIMAB', 'PREDNISONE']",11
MONDO:0019082,Bullous pemphigoid,MONDO:0005072,neuroblastoma,"['RITUXIMAB', 'CHEMBL3210645', 'CHEMBL156']",8
MONDO:0019082,Bullous pemphigoid,MONDO:0019127,polymyositis,['PREDNISONE'],18
MONDO:0019082,Bullous pemphigoid,MONDO:0005029,essential thrombocythemia,['PREDNISONE'],15
MONDO:0019082,Bullous pemphigoid,MONDO:0009891,acquired polycythemia vera,"['CHEMBL3210645', 'PREDNISONE', 'CHEMBL156']",20
MONDO:0019082,Bullous pemphigoid,MONDO:0010679,Duchenne muscular dystrophy,['PREDNISONE'],14
MONDO:0019082,Bullous pemphigoid,MONDO:0006806,intermediate uveitis,"['PREDNISONE', 'CHEMBL156']",15
MONDO:0019082,Bullous pemphigoid,MONDO:0009692,Primary myelofibrosis,"['CHEMBL3210645', 'PREDNISONE', 'CHEMBL156']",35
MONDO:0019082,Bullous pemphigoid,MONDO:0009061,Cystic fibrosis,['PREDNISONE'],11
MONDO:0019082,Bullous pemphigoid,MONDO:0016264,Autoimmune hepatitis,"['PREDNISONE', 'MYCOPHENOLATE MOFETIL']",9
MONDO:0019082,Bullous pemphigoid,MONDO:0004976,Amyotrophic lateral sclerosis,"['CHEMBL3210645', 'PREDNISONE']",10
MONDO:0019082,Bullous pemphigoid,MONDO:0018150,Gaucher disease,['PREDNISONE'],10
MONDO:0019082,Bullous pemphigoid,MONDO:0011719,gastrointestinal stromal tumor,['PREDNISONE'],9
MONDO:0019082,Bullous pemphigoid,MONDO:0018596,Systemic polyarteritis nodosa,['MYCOPHENOLATE MOFETIL'],2
MONDO:0019082,Bullous pemphigoid,MONDO:0008219,Pemphigus vulgaris,"['EFGARTIGIMOD COFORMULATED WITH RECOMBINANT HUMAN HYALURONIDASE PH20 (RHUPH20)', 'MYCOPHENOLATE MOFETIL']",9
MONDO:0019082,Bullous pemphigoid,MONDO:0019725,Pediatric systemic lupus erythematosus,['MYCOPHENOLATE MOFETIL'],2
MONDO:0019082,Bullous pemphigoid,MONDO:0019067,Idiopathic steroid-sensitive nephrotic syndrome,['MYCOPHENOLATE MOFETIL'],4
MONDO:0019082,Bullous pemphigoid,MONDO:0007959,Medulloblastoma,['CHEMBL156'],19
MONDO:0019082,Bullous pemphigoid,MONDO:0100244,paroxysmal nocturnal hemoglobinuria,"['CHEMBL3210645', 'CHEMBL156']",11
MONDO:0019082,Bullous pemphigoid,MONDO:0019200,Retinitis pigmentosa,['CHEMBL156'],5
MONDO:0019082,Bullous pemphigoid,MONDO:0018301,interstitial cystitis,"['OMALIZUMAB', 'CHEMBL3210645']",6
MONDO:0019082,Bullous pemphigoid,MONDO:0005312,Pouchitis,['USTEKINUMAB'],2
MONDO:0019082,Bullous pemphigoid,MONDO:0016129,Eosinophilic gastroenteritis,['BENRALIZUMAB'],3
MONDO:0019082,Bullous pemphigoid,MONDO:0019402,Beta-thalassemia,['CHEMBL3210645'],20
MONDO:0019082,Bullous pemphigoid,MONDO:0016079,Sporadic Creutzfeldt-Jakob disease,['DOXYCYCLINE HYCLATE'],2
MONDO:0019082,Bullous pemphigoid,MONDO:0019438,AL amyloidosis,['DOXYCYCLINE HYCLATE'],4
MONDO:0019082,Bullous pemphigoid,MONDO:0019324,Pemphigus foliaceus,['EFGARTIGIMOD COFORMULATED WITH RECOMBINANT HUMAN HYALURONIDASE PH20 (RHUPH20)'],11
MONDO:0019082,Bullous pemphigoid,MONDO:0018922,Cold agglutinin disease,['SUTIMLIMAB'],11
MONDO:0019082,Bullous pemphigoid,MONDO:0019532,"Autoimmune hemolytic anemia, warm type",['SUTIMLIMAB'],2
MONDO:0007037,achondroplasia,MONDO:0011719,gastrointestinal stromal tumor,['INFIGRATINIB'],5
MONDO:0005737,Ebola hemorrhagic fever,MONDO:0011719,gastrointestinal stromal tumor,['SUNITINIB'],53
MONDO:0005737,Ebola hemorrhagic fever,MONDO:0006456,thymoma,"['CHEMBL3186743', 'SUNITINIB']",6
MONDO:0005737,Ebola hemorrhagic fever,MONDO:0009693,plasma cell myeloma,"['CHEMBL3186743', 'ATORVASTATIN', 'SUNITINIB']",10
MONDO:0005737,Ebola hemorrhagic fever,MONDO:0005055,Kaposi\'s sarcoma,['SUNITINIB'],2
MONDO:0005737,Ebola hemorrhagic fever,MONDO:0009891,acquired polycythemia vera,['CHEMBL3186743'],2
MONDO:0005737,Ebola hemorrhagic fever,MONDO:0016698,Ependymoma,['CHEMBL3186743'],7
MONDO:0005737,Ebola hemorrhagic fever,MONDO:0013730,graft versus host disease,['ATORVASTATIN'],10
MONDO:0005737,Ebola hemorrhagic fever,MONDO:0007915,systemic lupus erythematosus,['ATORVASTATIN'],5
MONDO:0005737,Ebola hemorrhagic fever,MONDO:0008558,autoimmune thrombocytopenic purpura,['ATORVASTATIN'],4
MONDO:0005737,Ebola hemorrhagic fever,MONDO:0019338,sarcoidosis,"['ATORVASTATIN', 'AZITHROMYCIN']",3
MONDO:0005737,Ebola hemorrhagic fever,MONDO:0009061,Cystic fibrosis,['AZITHROMYCIN'],6
MONDO:0005737,Ebola hemorrhagic fever,MONDO:0019091,Bronchopulmonary dysplasia,['AZITHROMYCIN'],2
MONDO:0010788,Leber hereditary optic neuropathy,MONDO:0100339,Friedreich ataxia,['IDEBENONE'],12
MONDO:0010788,Leber hereditary optic neuropathy,MONDO:0010679,Duchenne muscular dystrophy,['IDEBENONE'],24
MONDO:0010788,Leber hereditary optic neuropathy,MONDO:0007915,systemic lupus erythematosus,['CURCUMIN'],4
MONDO:0010788,Leber hereditary optic neuropathy,MONDO:0009693,plasma cell myeloma,['CURCUMIN'],3
MONDO:0010788,Leber hereditary optic neuropathy,MONDO:0008054,Juvenile dermatomyositis,['CICLOSPORIN'],2
MONDO:0010788,Leber hereditary optic neuropathy,MONDO:0018824,Pyoderma gangrenosum,['CICLOSPORIN'],2
MONDO:0006976,Somatostatinoma,MONDO:0003646,Neuroendocrine tumor of the rectum,"['LANREOTIDE AUTOGEL', 'TEMOZOLOMIDE']",2
MONDO:0006976,Somatostatinoma,MONDO:0007959,Medulloblastoma,['TEMOZOLOMIDE'],5
MONDO:0006976,Somatostatinoma,MONDO:0019960,VIPoma,"['LANREOTIDE AUTOGEL', 'TEMOZOLOMIDE']",2
MONDO:0006976,Somatostatinoma,MONDO:0015065,Ileal neuroendocrine tumor,"['LANREOTIDE AUTOGEL', 'TEMOZOLOMIDE']",2
MONDO:0006976,Somatostatinoma,MONDO:0002882,Neuroendocrine tumor of the colon,"['LANREOTIDE AUTOGEL', 'TEMOZOLOMIDE']",2
MONDO:0006976,Somatostatinoma,MONDO:0019963,Bronchial neuroendocrine tumor,"['LANREOTIDE AUTOGEL', 'TEMOZOLOMIDE']",2
MONDO:0006976,Somatostatinoma,MONDO:0003111,Neuroendocrine tumor of stomach,"['LANREOTIDE AUTOGEL', 'TEMOZOLOMIDE']",3
MONDO:0006976,Somatostatinoma,MONDO:0016722,Pineoblastoma,['TEMOZOLOMIDE'],2
MONDO:0006976,Somatostatinoma,MONDO:0100347,Carcinoid syndrome,"['LANREOTIDE AUTOGEL', 'TEMOZOLOMIDE']",2
MONDO:0006976,Somatostatinoma,MONDO:0015069,Neuroendocrine tumor of anal canal,"['LANREOTIDE AUTOGEL', 'TEMOZOLOMIDE']",2
MONDO:0006976,Somatostatinoma,MONDO:0006486,Uveal melanoma,['TEMOZOLOMIDE'],2
MONDO:0006976,Somatostatinoma,MONDO:0005072,neuroblastoma,['TEMOZOLOMIDE'],7
MONDO:0006976,Somatostatinoma,MONDO:0019964,Thymic neuroendocrine tumor,"['LANREOTIDE AUTOGEL', 'TEMOZOLOMIDE']",2
MONDO:0006976,Somatostatinoma,MONDO:0009837,Papilloma of choroid plexus,['TEMOZOLOMIDE'],2
MONDO:0006976,Somatostatinoma,MONDO:0015066,Neuroendocrine neoplasm of appendix,"['LANREOTIDE AUTOGEL', 'TEMOZOLOMIDE']",2
MONDO:0006976,Somatostatinoma,MONDO:0019959,Glucagonoma,"['LANREOTIDE AUTOGEL', 'TEMOZOLOMIDE']",2
MONDO:0006976,Somatostatinoma,MONDO:0019955,GRFoma,"['LANREOTIDE AUTOGEL', 'TEMOZOLOMIDE']",2
MONDO:0006976,Somatostatinoma,MONDO:0002728,Rhabdoid tumor,['TEMOZOLOMIDE'],2
MONDO:0006976,Somatostatinoma,MONDO:0019933,Acromegaly,['LANREOTIDE AUTOGEL'],6
MONDO:0006976,Somatostatinoma,MONDO:0800029,interstitial lung disease 2,['LANREOTIDE AUTOGEL'],2
MONDO:0006976,Somatostatinoma,MONDO:0000447,Isolated polycystic liver disease,['LANREOTIDE AUTOGEL'],2
MONDO:0035764,Idiopathic steroid-sensitive nephrotic syndrome with secondary steroid resistance,MONDO:0007650,MALT lymphoma,['OBINUTUZUMAB'],2
MONDO:0035764,Idiopathic steroid-sensitive nephrotic syndrome with secondary steroid resistance,MONDO:0018876,mantle cell lymphoma,['OBINUTUZUMAB'],4
MONDO:0035764,Idiopathic steroid-sensitive nephrotic syndrome with secondary steroid resistance,MONDO:0018906,follicular lymphoma,['OBINUTUZUMAB'],11
MONDO:0035764,Idiopathic steroid-sensitive nephrotic syndrome with secondary steroid resistance,MONDO:0007915,systemic lupus erythematosus,['OBINUTUZUMAB'],3
MONDO:0035764,Idiopathic steroid-sensitive nephrotic syndrome with secondary steroid resistance,MONDO:0019067,Idiopathic steroid-sensitive nephrotic syndrome,['OBINUTUZUMAB'],2
MONDO:0015630,Von Willebrand disease type 2M,MONDO:0015628,Von Willebrand disease type 2A,['RECOMBINANT HUMAN VON WILLEBRAND FACTOR'],10
MONDO:0015630,Von Willebrand disease type 2M,MONDO:0015629,Von Willebrand disease type 2B,['RECOMBINANT HUMAN VON WILLEBRAND FACTOR'],8
MONDO:0015630,Von Willebrand disease type 2M,MONDO:0019565,Von Willebrand disease,['RECOMBINANT HUMAN VON WILLEBRAND FACTOR'],13
MONDO:0015630,Von Willebrand disease type 2M,MONDO:0008668,Von Willebrand disease type 1,['RECOMBINANT HUMAN VON WILLEBRAND FACTOR'],10
MONDO:0015630,Von Willebrand disease type 2M,MONDO:0010191,Von Willebrand disease type 3,['RECOMBINANT HUMAN VON WILLEBRAND FACTOR'],10
MONDO:0015630,Von Willebrand disease type 2M,MONDO:0015631,Von Willebrand disease type 2N,['RECOMBINANT HUMAN VON WILLEBRAND FACTOR'],6
MONDO:0020298,Prader-Willi syndrome due to maternal uniparental disomy of chromosome 15,MONDO:0008763,Alstrm syndrome,['SETMELANOTIDE'],5
MONDO:0020298,Prader-Willi syndrome due to maternal uniparental disomy of chromosome 15,MONDO:0012335,Obesity due to pro-opiomelanocortin deficiency,['SETMELANOTIDE'],11
MONDO:0020298,Prader-Willi syndrome due to maternal uniparental disomy of chromosome 15,MONDO:0019115,Obesity due to melanocortin 4 receptor deficiency,['SETMELANOTIDE'],6
MONDO:0020298,Prader-Willi syndrome due to maternal uniparental disomy of chromosome 15,MONDO:0010961,Obesity due to prohormone convertase I deficiency,['SETMELANOTIDE'],5
MONDO:0020298,Prader-Willi syndrome due to maternal uniparental disomy of chromosome 15,MONDO:0013992,Obesity due to leptin receptor gene deficiency,['SETMELANOTIDE'],8
MONDO:0020298,Prader-Willi syndrome due to maternal uniparental disomy of chromosome 15,MONDO:0015229,Bardet-Biedl syndrome,['SETMELANOTIDE'],10
MONDO:0020298,Prader-Willi syndrome due to maternal uniparental disomy of chromosome 15,MONDO:0015786,Prader-Willi syndrome due to imprinting mutation,['SETMELANOTIDE'],2
MONDO:0020298,Prader-Willi syndrome due to maternal uniparental disomy of chromosome 15,MONDO:0017994,Severe early-onset obesity-insulin resistance syndrome due to SH2B1 deficiency,['SETMELANOTIDE'],3
MONDO:0011240,Megalencephaly-capillary malformation-polymicrogyria syndrome,MONDO:0017177,Hemihyperplasia-multiple lipomatosis syndrome,"['ALPELISIB', 'MIRANSERTIB']",3
MONDO:0011240,Megalencephaly-capillary malformation-polymicrogyria syndrome,MONDO:0008318,Proteus syndrome,['MIRANSERTIB'],3
MONDO:0011240,Megalencephaly-capillary malformation-polymicrogyria syndrome,MONDO:0015293,Segmental outgrowth-lipomatosis-arteriovenous malformation-epidermal nevus syndrome,['MIRANSERTIB'],2
MONDO:0011240,Megalencephaly-capillary malformation-polymicrogyria syndrome,MONDO:0017571,Proteus-like syndrome,['MIRANSERTIB'],2
MONDO:0011240,Megalencephaly-capillary malformation-polymicrogyria syndrome,MONDO:0020492,Hemimegalencephaly,"['ALPELISIB', 'MIRANSERTIB']",3
MONDO:0011240,Megalencephaly-capillary malformation-polymicrogyria syndrome,MONDO:0007924,Bannayan-Riley-Ruvalcaba syndrome,['MIRANSERTIB'],2
MONDO:0011240,Megalencephaly-capillary malformation-polymicrogyria syndrome,MONDO:0005580,Squamous cell carcinoma of the esophagus,['ALPELISIB'],4
MONDO:0011240,Megalencephaly-capillary malformation-polymicrogyria syndrome,MONDO:0009693,plasma cell myeloma,['ALPELISIB'],5
MONDO:0018150,Gaucher disease,MONDO:0018906,follicular lymphoma,"['PREDNISONE', 'CYCLOPHOSPHAMIDE ANHYDROUS']",188
MONDO:0018150,Gaucher disease,MONDO:0012105,Granulomatosis with polyangiitis,"['PREDNISONE', 'CYCLOPHOSPHAMIDE ANHYDROUS']",31
MONDO:0018150,Gaucher disease,MONDO:0007915,systemic lupus erythematosus,"['CHEMBL3560003', 'PREDNISONE', 'CYCLOPHOSPHAMIDE ANHYDROUS']",8
MONDO:0018150,Gaucher disease,MONDO:0018876,mantle cell lymphoma,"['CHEMBL3560003', 'PREDNISONE', 'CYCLOPHOSPHAMIDE ANHYDROUS']",111
MONDO:0018150,Gaucher disease,MONDO:0009693,plasma cell myeloma,"['CHEMBL3560003', 'PREDNISONE', 'CYCLOPHOSPHAMIDE ANHYDROUS']",103
MONDO:0018150,Gaucher disease,MONDO:0013730,graft versus host disease,"['CHEMBL3560003', 'PREDNISONE', 'CYCLOPHOSPHAMIDE ANHYDROUS']",246
MONDO:0018150,Gaucher disease,MONDO:0015943,eosinophilic granulomatosis with polyangiitis,['PREDNISONE'],14
MONDO:0018150,Gaucher disease,MONDO:0019127,polymyositis,['PREDNISONE'],12
MONDO:0018150,Gaucher disease,MONDO:0005029,essential thrombocythemia,['PREDNISONE'],9
MONDO:0018150,Gaucher disease,MONDO:0009891,acquired polycythemia vera,['PREDNISONE'],9
MONDO:0018150,Gaucher disease,MONDO:0019124,microscopic polyangiitis,"['PREDNISONE', 'CYCLOPHOSPHAMIDE ANHYDROUS']",26
MONDO:0018150,Gaucher disease,MONDO:0008558,autoimmune thrombocytopenic purpura,"['PREDNISONE', 'CYCLOPHOSPHAMIDE ANHYDROUS']",6
MONDO:0018150,Gaucher disease,MONDO:0010679,Duchenne muscular dystrophy,['PREDNISONE'],8
MONDO:0018150,Gaucher disease,MONDO:0019338,sarcoidosis,"['CHEMBL3560003', 'PREDNISONE', 'CYCLOPHOSPHAMIDE ANHYDROUS']",3
MONDO:0018150,Gaucher disease,MONDO:0800029,interstitial lung disease 2,['PREDNISONE'],7
MONDO:0018150,Gaucher disease,MONDO:0009688,Myasthenia gravis,"['PREDNISONE', 'CYCLOPHOSPHAMIDE ANHYDROUS']",12
MONDO:0018150,Gaucher disease,MONDO:0015564,Castleman disease,"['CHEMBL3560003', 'PREDNISONE', 'CYCLOPHOSPHAMIDE ANHYDROUS']",6
MONDO:0018150,Gaucher disease,MONDO:0006806,intermediate uveitis,"['CHEMBL3560003', 'PREDNISONE']",3
MONDO:0018150,Gaucher disease,MONDO:0009692,Primary myelofibrosis,"['PREDNISONE', 'CYCLOPHOSPHAMIDE ANHYDROUS']",18
MONDO:0018150,Gaucher disease,MONDO:0009061,Cystic fibrosis,"['PREDNISONE', 'MIGLUSTAT']",6
MONDO:0018150,Gaucher disease,MONDO:0016264,Autoimmune hepatitis,['PREDNISONE'],6
MONDO:0018150,Gaucher disease,MONDO:0004976,Amyotrophic lateral sclerosis,"['CHEMBL3560003', 'PREDNISONE', 'ARIMOCLOMOL']",3
MONDO:0018150,Gaucher disease,MONDO:0010602,hemophilia A,['PREDNISONE'],5
MONDO:0018150,Gaucher disease,MONDO:0011719,gastrointestinal stromal tumor,['PREDNISONE'],3
MONDO:0018150,Gaucher disease,MONDO:0100280,Waldenstrom macroglobulinemia,['CYCLOPHOSPHAMIDE ANHYDROUS'],176
MONDO:0018150,Gaucher disease,MONDO:0011996,"chronic myelogenous leukemia, BCR-ABL1 positive","['CHEMBL3560003', 'CYCLOPHOSPHAMIDE ANHYDROUS']",260
MONDO:0018150,Gaucher disease,MONDO:0007650,MALT lymphoma,['CYCLOPHOSPHAMIDE ANHYDROUS'],214
MONDO:0018150,Gaucher disease,MONDO:0007959,Medulloblastoma,['CYCLOPHOSPHAMIDE ANHYDROUS'],66
MONDO:0018150,Gaucher disease,MONDO:0005060,liposarcoma,['CYCLOPHOSPHAMIDE ANHYDROUS'],213
MONDO:0018150,Gaucher disease,MONDO:0016698,Ependymoma,['CYCLOPHOSPHAMIDE ANHYDROUS'],34
MONDO:0018150,Gaucher disease,MONDO:0005072,neuroblastoma,"['CHEMBL3560003', 'CYCLOPHOSPHAMIDE ANHYDROUS']",5
MONDO:0018150,Gaucher disease,MONDO:0019438,AL amyloidosis,['CYCLOPHOSPHAMIDE ANHYDROUS'],15
MONDO:0018150,Gaucher disease,MONDO:0005100,systemic sclerosis,"['CHEMBL3560003', 'CYCLOPHOSPHAMIDE ANHYDROUS']",35
MONDO:0018150,Gaucher disease,MONDO:0018868,metachromatic leukodystrophy,['CYCLOPHOSPHAMIDE ANHYDROUS'],11
MONDO:0018150,Gaucher disease,MONDO:0009499,Krabbe disease,['CYCLOPHOSPHAMIDE ANHYDROUS'],9
MONDO:0018150,Gaucher disease,MONDO:0006456,thymoma,['CYCLOPHOSPHAMIDE ANHYDROUS'],5
MONDO:0018150,Gaucher disease,MONDO:0010006,Sandhoff disease,"['MIGLUSTAT', 'CYCLOPHOSPHAMIDE ANHYDROUS']",5
MONDO:0018150,Gaucher disease,MONDO:0019019,osteogenesis imperfecta,['CYCLOPHOSPHAMIDE ANHYDROUS'],2
MONDO:0018150,Gaucher disease,MONDO:0010100,Tay-Sachs disease,['CYCLOPHOSPHAMIDE ANHYDROUS'],2
MONDO:0018150,Gaucher disease,MONDO:0018149,GM1 gangliosidosis,['CYCLOPHOSPHAMIDE ANHYDROUS'],2
MONDO:0018150,Gaucher disease,MONDO:0009265,Gaucher disease type 1,['TALIGLUCERASE ALFA'],7
MONDO:0018150,Gaucher disease,MONDO:0009266,Gaucher disease type 2,['TALIGLUCERASE ALFA'],7
MONDO:0018150,Gaucher disease,MONDO:0009267,Gaucher disease type 3,['TALIGLUCERASE ALFA'],7
MONDO:0018150,Gaucher disease,MONDO:0001734,tuberous sclerosis,['CHEMBL3560003'],22
MONDO:0018150,Gaucher disease,MONDO:0019402,Beta-thalassemia,['CHEMBL3560003'],21
MONDO:0018150,Gaucher disease,MONDO:0005149,Idiopathic/heritable pulmonary arterial hypertension,['CHEMBL3560003'],3
MONDO:0018150,Gaucher disease,MONDO:0007803,multiple system atrophy,['CHEMBL3560003'],2
MONDO:0018150,Gaucher disease,MONDO:0010526,Fabry disease,['VENGLUSTAT'],14
MONDO:0000845,Fibrous dysplasia of bone,MONDO:0019434,Systemic-onset juvenile idiopathic arthritis,['TOCILIZUMAB'],18
MONDO:0000845,Fibrous dysplasia of bone,MONDO:0005100,systemic sclerosis,['TOCILIZUMAB'],4
MONDO:0000845,Fibrous dysplasia of bone,MONDO:0018088,Familial Mediterranean fever,['TOCILIZUMAB'],2
MONDO:0000845,Fibrous dysplasia of bone,MONDO:0019435,Rheumatoid factor-positive polyarticular juvenile idiopathic arthritis,['TOCILIZUMAB'],5
MONDO:0000845,Fibrous dysplasia of bone,MONDO:0005149,Idiopathic/heritable pulmonary arterial hypertension,['TOCILIZUMAB'],2
MONDO:0000845,Fibrous dysplasia of bone,MONDO:0008538,Giant cell arteritis,['TOCILIZUMAB'],12
MONDO:0000845,Fibrous dysplasia of bone,MONDO:0016356,Diffuse cutaneous systemic sclerosis,['TOCILIZUMAB'],3
MONDO:0000845,Fibrous dysplasia of bone,MONDO:0019170,Polyarteritis nodosa,['TOCILIZUMAB'],2
MONDO:0000845,Fibrous dysplasia of bone,MONDO:0019432,Rheumatoid factor-negative polyarticular juvenile idiopathic arthritis,['TOCILIZUMAB'],5
MONDO:0000845,Fibrous dysplasia of bone,MONDO:0019125,Relapsing polychondritis,['TOCILIZUMAB'],3
MONDO:0000845,Fibrous dysplasia of bone,MONDO:0019433,Oligoarticular juvenile idiopathic arthritis,['TOCILIZUMAB'],2
MONDO:0000845,Fibrous dysplasia of bone,MONDO:0009693,plasma cell myeloma,['TOCILIZUMAB'],2
MONDO:0000845,Fibrous dysplasia of bone,MONDO:0018304,Schnitzler syndrome,['TOCILIZUMAB'],2
MONDO:0000845,Fibrous dysplasia of bone,MONDO:0019167,Immunoglobulin A vasculitis,['TOCILIZUMAB'],2
MONDO:0000845,Fibrous dysplasia of bone,MONDO:0008753,Alkaptonuria,['RISEDRONATE SODIUM'],5
MONDO:0000845,Fibrous dysplasia of bone,MONDO:0019019,osteogenesis imperfecta,['RISEDRONATE SODIUM'],5
MONDO:0011381,Dominant beta-thalassemia,MONDO:0009950,Hemolytic anemia due to red cell pyruvate kinase deficiency,['MITAPIVAT SULFATE'],14
MONDO:0011381,Dominant beta-thalassemia,MONDO:0016486,Beta-thalassemia major,['MITAPIVAT SULFATE'],3
MONDO:0011381,Dominant beta-thalassemia,MONDO:0016487,Beta-thalassemia intermedia,['MITAPIVAT SULFATE'],4
MONDO:0011381,Dominant beta-thalassemia,MONDO:0015579,Hb Bart's hydrops fetalis,['MITAPIVAT SULFATE'],3
MONDO:0011381,Dominant beta-thalassemia,MONDO:0013512,Hemoglobin H disease,['MITAPIVAT SULFATE'],4
MONDO:0010311,Becker muscular dystrophy,MONDO:0015716,Moderate hemophilia B,['ATALUREN'],26
MONDO:0010311,Becker muscular dystrophy,MONDO:0010679,Duchenne muscular dystrophy,"['PEMIROLAST', 'ATALUREN', 'GIVINOSTAT', 'LISINOPRIL']",26
MONDO:0010311,Becker muscular dystrophy,MONDO:0009061,Cystic fibrosis,['ATALUREN'],46
MONDO:0010311,Becker muscular dystrophy,MONDO:0017214,Vitamin B12-responsive methylmalonic acidemia,['ATALUREN'],27
MONDO:0010311,Becker muscular dystrophy,MONDO:0015720,Moderate hemophilia A,['ATALUREN'],26
MONDO:0010311,Becker muscular dystrophy,MONDO:0015715,Severe hemophilia B,['ATALUREN'],26
MONDO:0010311,Becker muscular dystrophy,MONDO:0015719,Severe hemophilia A,['ATALUREN'],26
MONDO:0010311,Becker muscular dystrophy,MONDO:0007119,Isolated aniridia,['ATALUREN'],26
MONDO:0010311,Becker muscular dystrophy,MONDO:0015787,Bleeding disorder in hemophilia A carriers,['ATALUREN'],26
MONDO:0010311,Becker muscular dystrophy,MONDO:0009891,acquired polycythemia vera,['GIVINOSTAT'],2
MONDO:0010311,Becker muscular dystrophy,MONDO:0019435,Rheumatoid factor-positive polyarticular juvenile idiopathic arthritis,['GIVINOSTAT'],2
MONDO:0010311,Becker muscular dystrophy,MONDO:0019432,Rheumatoid factor-negative polyarticular juvenile idiopathic arthritis,['GIVINOSTAT'],2
MONDO:0010311,Becker muscular dystrophy,MONDO:0011787,FKRP-related limb-girdle muscular dystrophy R9,['LISINOPRIL'],2
MONDO:0010311,Becker muscular dystrophy,MONDO:0011028,Delta-sarcoglycan-related limb-girdle muscular dystrophy R6,['LISINOPRIL'],2
MONDO:0010311,Becker muscular dystrophy,MONDO:0009677,Gamma-sarcoglycan-related limb-girdle muscular dystrophy R5,['LISINOPRIL'],2
MONDO:0020563,Dedifferentiated liposarcoma,MONDO:0005072,neuroblastoma,"['PALBOCICLIB', 'PAZOPANIB HYDROCHLORIDE', 'DACARBAZINE']",4
MONDO:0020563,Dedifferentiated liposarcoma,MONDO:0006486,Uveal melanoma,['DACARBAZINE'],6
MONDO:0020563,Dedifferentiated liposarcoma,MONDO:0020562,Pleomorphic liposarcoma,"['NINTEDANIB', 'DOXORUBICIN HYDROCHLORIDE (LIPOSOMAL)', 'DACARBAZINE', 'TRABECTEDIN', 'ERIBULIN MESYLATE']",4
MONDO:0020563,Dedifferentiated liposarcoma,MONDO:0009348,Classic Hodgkin lymphoma,['DACARBAZINE'],7
MONDO:0020563,Dedifferentiated liposarcoma,MONDO:0020561,Myxoid/round cell liposarcoma,"['NINTEDANIB', 'OLARATUMAB', 'DOXORUBICIN HYDROCHLORIDE (LIPOSOMAL)', 'DACARBAZINE', 'TRABECTEDIN', 'PAZOPANIB HYDROCHLORIDE', 'ERIBULIN MESYLATE']",7
MONDO:0020563,Dedifferentiated liposarcoma,MONDO:0015686,Primary peritoneal carcinoma,"['TRABECTEDIN', 'PAZOPANIB HYDROCHLORIDE', 'DOXORUBICIN HYDROCHLORIDE (LIPOSOMAL)', 'NINTEDANIB']",7
MONDO:0020563,Dedifferentiated liposarcoma,MONDO:0002728,Rhabdoid tumor,"['PALBOCICLIB', 'NINTEDANIB', 'OLARATUMAB', 'DOXORUBICIN HYDROCHLORIDE (LIPOSOMAL)', 'TRABECTEDIN', 'PAZOPANIB HYDROCHLORIDE']",4
MONDO:0020563,Dedifferentiated liposarcoma,MONDO:0005060,liposarcoma,"['PALBOCICLIB', 'OLARATUMAB', 'DOXORUBICIN HYDROCHLORIDE (LIPOSOMAL)', 'TRABECTEDIN', 'PAZOPANIB HYDROCHLORIDE']",3
MONDO:0020563,Dedifferentiated liposarcoma,MONDO:0002142,Undifferentiated pleomorphic sarcoma,"['PALBOCICLIB', 'NINTEDANIB', 'SELINEXOR', 'OLARATUMAB', 'DOXORUBICIN HYDROCHLORIDE (LIPOSOMAL)', 'TRABECTEDIN', 'PAZOPANIB HYDROCHLORIDE']",4
MONDO:0020563,Dedifferentiated liposarcoma,MONDO:0006292,Pleural mesothelioma,"['TRABECTEDIN', 'NINTEDANIB']",6
MONDO:0020563,Dedifferentiated liposarcoma,MONDO:0019373,Desmoplastic small round cell tumor,"['PALBOCICLIB', 'NINTEDANIB', 'OLARATUMAB', 'DOXORUBICIN HYDROCHLORIDE (LIPOSOMAL)', 'TRABECTEDIN', 'PAZOPANIB HYDROCHLORIDE']",6
MONDO:0020563,Dedifferentiated liposarcoma,MONDO:0016238,Solitary fibrous tumor,"['PALBOCICLIB', 'NINTEDANIB', 'OLARATUMAB', 'DOXORUBICIN HYDROCHLORIDE (LIPOSOMAL)', 'TRABECTEDIN', 'PAZOPANIB HYDROCHLORIDE', 'ERIBULIN MESYLATE']",3
MONDO:0020563,Dedifferentiated liposarcoma,MONDO:0005055,Kaposi\'s sarcoma,"['TRABECTEDIN', 'PAZOPANIB HYDROCHLORIDE', 'DOXORUBICIN HYDROCHLORIDE (LIPOSOMAL)', 'PALBOCICLIB']",3
MONDO:0020563,Dedifferentiated liposarcoma,MONDO:0005103,Well-differentiated liposarcoma,"['TRABECTEDIN', 'PAZOPANIB HYDROCHLORIDE', 'PALBOCICLIB']",3
MONDO:0020563,Dedifferentiated liposarcoma,MONDO:0018906,follicular lymphoma,['DOXORUBICIN HYDROCHLORIDE (LIPOSOMAL)'],3
MONDO:0020563,Dedifferentiated liposarcoma,MONDO:0019004,Nephroblastoma,['DOXORUBICIN HYDROCHLORIDE (LIPOSOMAL)'],3
MONDO:0020563,Dedifferentiated liposarcoma,MONDO:0018876,mantle cell lymphoma,['DOXORUBICIN HYDROCHLORIDE (LIPOSOMAL)'],3
MONDO:0020563,Dedifferentiated liposarcoma,MONDO:0009691,Classic mycosis fungoides,['DOXORUBICIN HYDROCHLORIDE (LIPOSOMAL)'],3
MONDO:0020563,Dedifferentiated liposarcoma,MONDO:0800029,interstitial lung disease 2,['NINTEDANIB'],18
MONDO:0020563,Dedifferentiated liposarcoma,MONDO:0005100,systemic sclerosis,['NINTEDANIB'],17
MONDO:0020563,Dedifferentiated liposarcoma,MONDO:0007959,Medulloblastoma,['PALBOCICLIB'],2
MONDO:0020563,Dedifferentiated liposarcoma,MONDO:0011719,gastrointestinal stromal tumor,"['PALBOCICLIB', 'SELINEXOR', 'PAZOPANIB HYDROCHLORIDE', 'OLARATUMAB']",2
MONDO:0020563,Dedifferentiated liposarcoma,MONDO:0009693,plasma cell myeloma,['SELINEXOR'],6
MONDO:0020563,Dedifferentiated liposarcoma,MONDO:0009891,acquired polycythemia vera,['SELINEXOR'],2
MONDO:0020563,Dedifferentiated liposarcoma,MONDO:0005029,essential thrombocythemia,['SELINEXOR'],2
MONDO:0020563,Dedifferentiated liposarcoma,MONDO:0009692,Primary myelofibrosis,['SELINEXOR'],2
MONDO:0020563,Dedifferentiated liposarcoma,MONDO:0019963,Bronchial neuroendocrine tumor,['PAZOPANIB HYDROCHLORIDE'],3
MONDO:0020563,Dedifferentiated liposarcoma,MONDO:0018271,Peripheral primitive neuroectodermal tumor,['PAZOPANIB HYDROCHLORIDE'],3
MONDO:0020563,Dedifferentiated liposarcoma,MONDO:0019210,Cutaneous neuroendocrine carcinoma,['PAZOPANIB HYDROCHLORIDE'],3
MONDO:0020563,Dedifferentiated liposarcoma,MONDO:0019964,Thymic neuroendocrine tumor,['PAZOPANIB HYDROCHLORIDE'],3
MONDO:0011599,Birdshot chorioretinopathy,MONDO:0008538,Giant cell arteritis,['ABATACEPT'],3
MONDO:0011599,Birdshot chorioretinopathy,MONDO:0014493,Autoimmune lymphoproliferative syndrome due to CTLA4 haploinsuffiency,['ABATACEPT'],2
MONDO:0011599,Birdshot chorioretinopathy,MONDO:0012105,Granulomatosis with polyangiitis,['ABATACEPT'],2
MONDO:0011599,Birdshot chorioretinopathy,MONDO:0019432,Rheumatoid factor-negative polyarticular juvenile idiopathic arthritis,['ABATACEPT'],2
MONDO:0011599,Birdshot chorioretinopathy,MONDO:0019435,Rheumatoid factor-positive polyarticular juvenile idiopathic arthritis,['ABATACEPT'],2
MONDO:0011599,Birdshot chorioretinopathy,MONDO:0016356,Diffuse cutaneous systemic sclerosis,['ABATACEPT'],2
MONDO:0019134,Central neurocytoma,MONDO:0006468,Anaplastic thyroid carcinoma,"['DABRAFENIB', 'TRAMETINIB']",3
MONDO:0019134,Central neurocytoma,MONDO:0009693,plasma cell myeloma,"['DABRAFENIB', 'TRAMETINIB']",3
MONDO:0019134,Central neurocytoma,MONDO:0016730,Gangliocytoma,"['DABRAFENIB', 'TRAMETINIB']",2
MONDO:0019134,Central neurocytoma,MONDO:0011719,gastrointestinal stromal tumor,"['DABRAFENIB', 'TRAMETINIB']",3
MONDO:0019134,Central neurocytoma,MONDO:0016755,Neurofibroma,['TRAMETINIB'],2
MONDO:0019134,Central neurocytoma,MONDO:0018975,Neurofibromatosis type 1,['TRAMETINIB'],2
MONDO:0009179,"Autosomal recessive generalized dystrophic epidermolysis bullosa, severe form",MONDO:0011398,Dystrophic epidermolysis bullosa pruriginosa,"['EX-VIVO-EXPANDED AUTOLOGOUS HUMAN KERATINOCYTES CONTAINING EPIDERMAL STEM CELLS TRANSDUCED WITH A COL7A1-ENCODING RETROVIRAL VECTOR', 'RIGOSERTIB', 'CALCIPOTRIOL', 'ALLANTOIN']",2
MONDO:0009179,"Autosomal recessive generalized dystrophic epidermolysis bullosa, severe form",MONDO:0019310,Recessive dystrophic epidermolysis bullosa inversa,"['EX-VIVO-EXPANDED AUTOLOGOUS HUMAN KERATINOCYTES CONTAINING EPIDERMAL STEM CELLS TRANSDUCED WITH A COL7A1-ENCODING RETROVIRAL VECTOR', 'RIGOSERTIB', 'CALCIPOTRIOL', 'ALLANTOIN', 'ALLOGENEIC SKIN-DERIVED ABCB5-POSITIVE MESENCHYMAL STEM CELLS']",2
MONDO:0009179,"Autosomal recessive generalized dystrophic epidermolysis bullosa, severe form",MONDO:0019522,"Autosomal recessive generalized dystrophic epidermolysis bullosa, intermediate form","['EX-VIVO-EXPANDED AUTOLOGOUS HUMAN KERATINOCYTES CONTAINING EPIDERMAL STEM CELLS TRANSDUCED WITH A COL7A1-ENCODING RETROVIRAL VECTOR', 'RIGOSERTIB', 'CALCIPOTRIOL', 'ALLANTOIN', 'LOSARTAN', 'ALLOGENEIC SKIN-DERIVED ABCB5-POSITIVE MESENCHYMAL STEM CELLS']",2
MONDO:0009179,"Autosomal recessive generalized dystrophic epidermolysis bullosa, severe form",MONDO:0007552,"Localized dystrophic epidermolysis bullosa, pretibial form","['CALCIPOTRIOL', 'ALLANTOIN']",7
MONDO:0009179,"Autosomal recessive generalized dystrophic epidermolysis bullosa, severe form",MONDO:0015553,"Localized dystrophic epidermolysis bullosa, nails only",['CALCIPOTRIOL'],2
MONDO:0009179,"Autosomal recessive generalized dystrophic epidermolysis bullosa, severe form",MONDO:0007549,Autosomal dominant generalized dystrophic epidermolysis bullosa,['CALCIPOTRIOL'],2
MONDO:0009179,"Autosomal recessive generalized dystrophic epidermolysis bullosa, severe form",MONDO:0019307,Intermediate generalized junctional epidermolysis bullosa,['ALLANTOIN'],12
MONDO:0009179,"Autosomal recessive generalized dystrophic epidermolysis bullosa, severe form",MONDO:0016673,Localized junctional epidermolysis bullosa,['ALLANTOIN'],8
MONDO:0009179,"Autosomal recessive generalized dystrophic epidermolysis bullosa, severe form",MONDO:0015041,Refractory anemia with excess blasts type 2,['RIGOSERTIB'],6
MONDO:0009179,"Autosomal recessive generalized dystrophic epidermolysis bullosa, severe form",MONDO:0015040,Refractory anemia with excess blasts type 1,['RIGOSERTIB'],7
MONDO:0015339,Adrenomyeloneuropathy,MONDO:0007309,Charcot-Marie-Tooth disease type 1A,['D-BIOTIN'],2
MONDO:0015339,Adrenomyeloneuropathy,MONDO:0004976,Amyotrophic lateral sclerosis,"['D-BIOTIN', 'HUMAN ALBUMIN']",2
MONDO:0015339,Adrenomyeloneuropathy,MONDO:0006702,Chronic inflammatory demyelinating polyneuropathy,['D-BIOTIN'],2
MONDO:0015339,Adrenomyeloneuropathy,MONDO:0018977,Polyneuropathy associated with IgM monoclonal gammopathy with anti-MAG,['D-BIOTIN'],2
MONDO:0009710,Thomsen and Becker disease,MONDO:0009717,Schwartz-Jampel syndrome,['MEXILETINE HYDROCHLORIDE'],4
MONDO:0009710,Thomsen and Becker disease,MONDO:0008195,Paramyotonia congenita of Von Eulenburg,['MEXILETINE HYDROCHLORIDE'],5
MONDO:0009710,Thomsen and Becker disease,MONDO:0008056,Steinert myotonic dystrophy,['MEXILETINE HYDROCHLORIDE'],4
MONDO:0019309,Late-onset junctional epidermolysis bullosa,MONDO:0019307,Intermediate generalized junctional epidermolysis bullosa,['EX-VIVO-EXPANDED AUTOLOGOUS HUMAN KERATINOCYTES CONTAINING EPIDERMAL STEM CELLS TRANSDUCED WITH A COL17A1-ENCODING RETROVIRAL VECTOR'],2
MONDO:0019309,Late-onset junctional epidermolysis bullosa,MONDO:0016673,Localized junctional epidermolysis bullosa,['EX-VIVO-EXPANDED AUTOLOGOUS HUMAN KERATINOCYTES CONTAINING EPIDERMAL STEM CELLS TRANSDUCED WITH A COL17A1-ENCODING RETROVIRAL VECTOR'],2
MONDO:0013928,"Adult-onset cervical dystonia, DYT23 type",MONDO:0018301,interstitial cystitis,['BOTULINUM TOXIN TYPE A'],5
MONDO:0005563,NUT midline carcinoma,MONDO:0009693,plasma cell myeloma,['PAN-BROMODOMAIN (BRD) AND EXTRA TERMINAL PROTEIN (BET) INHIBITOR'],5
MONDO:0011904,Benign familial neonatal-infantile seizures,MONDO:0018614,Non-specific early-onset epileptic encephalopathy,['PRAX-562'],2
MONDO:0011904,Benign familial neonatal-infantile seizures,MONDO:0011178,Infantile convulsions and choreoathetosis,['PRAX-562'],2
MONDO:0011904,Benign familial neonatal-infantile seizures,MONDO:0100135,Dravet syndrome,['PRAX-562'],2
MONDO:0011904,Benign familial neonatal-infantile seizures,MONDO:0018214,Generalized epilepsy with febrile seizures-plus,['PRAX-562'],2
MONDO:0011904,Benign familial neonatal-infantile seizures,MONDO:0017615,Benign familial infantile epilepsy,['PRAX-562'],2
MONDO:0011904,Benign familial neonatal-infantile seizures,MONDO:0017385,Malignant migrating focal seizures of infancy,['PRAX-562'],2
MONDO:0018614,Non-specific early-onset epileptic encephalopathy,MONDO:0011178,Infantile convulsions and choreoathetosis,['PRAX-562'],2
MONDO:0018614,Non-specific early-onset epileptic encephalopathy,MONDO:0100135,Dravet syndrome,['PRAX-562'],2
MONDO:0018614,Non-specific early-onset epileptic encephalopathy,MONDO:0018214,Generalized epilepsy with febrile seizures-plus,['PRAX-562'],2
MONDO:0018614,Non-specific early-onset epileptic encephalopathy,MONDO:0017615,Benign familial infantile epilepsy,['PRAX-562'],2
MONDO:0018614,Non-specific early-onset epileptic encephalopathy,MONDO:0017385,Malignant migrating focal seizures of infancy,['PRAX-562'],2
MONDO:0017214,Vitamin B12-responsive methylmalonic acidemia,MONDO:0015716,Moderate hemophilia B,['ATALUREN'],3
MONDO:0017214,Vitamin B12-responsive methylmalonic acidemia,MONDO:0010679,Duchenne muscular dystrophy,['ATALUREN'],27
MONDO:0017214,Vitamin B12-responsive methylmalonic acidemia,MONDO:0009061,Cystic fibrosis,['ATALUREN'],23
MONDO:0017214,Vitamin B12-responsive methylmalonic acidemia,MONDO:0015720,Moderate hemophilia A,['ATALUREN'],3
MONDO:0017214,Vitamin B12-responsive methylmalonic acidemia,MONDO:0015715,Severe hemophilia B,['ATALUREN'],3
MONDO:0017214,Vitamin B12-responsive methylmalonic acidemia,MONDO:0015719,Severe hemophilia A,['ATALUREN'],3
MONDO:0017214,Vitamin B12-responsive methylmalonic acidemia,MONDO:0007119,Isolated aniridia,['ATALUREN'],3
MONDO:0017214,Vitamin B12-responsive methylmalonic acidemia,MONDO:0015787,Bleeding disorder in hemophilia A carriers,['ATALUREN'],3
MONDO:0015629,Von Willebrand disease type 2B,MONDO:0015628,Von Willebrand disease type 2A,['RECOMBINANT HUMAN VON WILLEBRAND FACTOR'],10
MONDO:0015629,Von Willebrand disease type 2B,MONDO:0019565,Von Willebrand disease,['RECOMBINANT HUMAN VON WILLEBRAND FACTOR'],13
MONDO:0015629,Von Willebrand disease type 2B,MONDO:0008668,Von Willebrand disease type 1,['RECOMBINANT HUMAN VON WILLEBRAND FACTOR'],10
MONDO:0015629,Von Willebrand disease type 2B,MONDO:0010191,Von Willebrand disease type 3,['RECOMBINANT HUMAN VON WILLEBRAND FACTOR'],10
MONDO:0015629,Von Willebrand disease type 2B,MONDO:0015631,Von Willebrand disease type 2N,['RECOMBINANT HUMAN VON WILLEBRAND FACTOR'],6
MONDO:0019933,Acromegaly,MONDO:0009050,Cushing disease,['PASIREOTIDE'],25
MONDO:0019933,Acromegaly,MONDO:0020527,Cushing syndrome due to ectopic ACTH secretion,['PASIREOTIDE'],18
MONDO:0019933,Acromegaly,MONDO:0015277,Medullary thyroid carcinoma,['PASIREOTIDE'],15
MONDO:0019933,Acromegaly,MONDO:0019963,Bronchial neuroendocrine tumor,"['LANREOTIDE AUTOGEL', 'PASIREOTIDE']",15
MONDO:0019933,Acromegaly,MONDO:0019210,Cutaneous neuroendocrine carcinoma,"['LANREOTIDE ACETATE', 'PASIREOTIDE']",15
MONDO:0019933,Acromegaly,MONDO:0016035,Nelson syndrome,['PASIREOTIDE'],15
MONDO:0019933,Acromegaly,MONDO:0100347,Carcinoid syndrome,"['OCTREOTIDE', 'DOPASTATIN', 'LANREOTIDE AUTOGEL']",5
MONDO:0019933,Acromegaly,MONDO:0019180,Hereditary hemorrhagic telangiectasia,['OCTREOTIDE'],10
MONDO:0019933,Acromegaly,MONDO:0019964,Thymic neuroendocrine tumor,['LANREOTIDE AUTOGEL'],7
MONDO:0019933,Acromegaly,MONDO:0019955,GRFoma,['LANREOTIDE AUTOGEL'],6
MONDO:0019933,Acromegaly,MONDO:0003646,Neuroendocrine tumor of the rectum,['LANREOTIDE AUTOGEL'],7
MONDO:0019933,Acromegaly,MONDO:0002882,Neuroendocrine tumor of the colon,['LANREOTIDE AUTOGEL'],6
MONDO:0019933,Acromegaly,MONDO:0015065,Ileal neuroendocrine tumor,['LANREOTIDE AUTOGEL'],6
MONDO:0019933,Acromegaly,MONDO:0800029,interstitial lung disease 2,"['SOMATOSTATIN ANALOGUE', 'LANREOTIDE AUTOGEL']",44
MONDO:0019933,Acromegaly,MONDO:0015069,Neuroendocrine tumor of anal canal,['LANREOTIDE AUTOGEL'],6
MONDO:0019933,Acromegaly,MONDO:0003111,Neuroendocrine tumor of stomach,['LANREOTIDE AUTOGEL'],7
MONDO:0019933,Acromegaly,MONDO:0019959,Glucagonoma,['LANREOTIDE AUTOGEL'],6
MONDO:0019933,Acromegaly,MONDO:0019960,VIPoma,['LANREOTIDE AUTOGEL'],6
MONDO:0019933,Acromegaly,MONDO:0015066,Neuroendocrine neoplasm of appendix,['LANREOTIDE AUTOGEL'],6
MONDO:0019933,Acromegaly,MONDO:0000447,Isolated polycystic liver disease,['LANREOTIDE AUTOGEL'],6
MONDO:0019933,Acromegaly,MONDO:0006456,thymoma,['SOMATOSTATIN ANALOGUE'],45
MONDO:0019933,Acromegaly,MONDO:0016642,meningioma,"['SOMATOSTATIN ANALOGUE', 'PASIREOTIDE']",6
MONDO:0007924,Bannayan-Riley-Ruvalcaba syndrome,MONDO:0017177,Hemihyperplasia-multiple lipomatosis syndrome,['MIRANSERTIB'],2
MONDO:0007924,Bannayan-Riley-Ruvalcaba syndrome,MONDO:0008318,Proteus syndrome,['MIRANSERTIB'],3
MONDO:0007924,Bannayan-Riley-Ruvalcaba syndrome,MONDO:0015293,Segmental outgrowth-lipomatosis-arteriovenous malformation-epidermal nevus syndrome,['MIRANSERTIB'],2
MONDO:0007924,Bannayan-Riley-Ruvalcaba syndrome,MONDO:0017571,Proteus-like syndrome,['MIRANSERTIB'],2
MONDO:0007924,Bannayan-Riley-Ruvalcaba syndrome,MONDO:0020492,Hemimegalencephaly,['MIRANSERTIB'],2
MONDO:0009352,Homocystinuria due to cystathionine beta-synthase deficiency,MONDO:0010789,MELAS,['TAURINE'],2
MONDO:0008146,Osteogenesis imperfecta type 1,MONDO:0008147,Osteogenesis imperfecta type 2,"['DENOSUMAB', 'ROMOSOZUMAB']",2
MONDO:0008146,Osteogenesis imperfecta type 1,MONDO:0009804,Osteogenesis imperfecta type 3,"['DENOSUMAB', 'ROMOSOZUMAB', 'RECOMBINANT HUMANISED MONOCLONAL IGG2 LAMBDA ANTIBODY AGAINST HUMAN SCLEROSTIN']",2
MONDO:0008146,Osteogenesis imperfecta type 1,MONDO:0008148,Osteogenesis imperfecta type 4,"['DENOSUMAB', 'ROMOSOZUMAB', 'RECOMBINANT HUMANISED MONOCLONAL IGG2 LAMBDA ANTIBODY AGAINST HUMAN SCLEROSTIN']",2
MONDO:0008146,Osteogenesis imperfecta type 1,MONDO:0019019,osteogenesis imperfecta,"['DENOSUMAB', 'RECOMBINANT HUMANISED MONOCLONAL IGG2 LAMBDA ANTIBODY AGAINST HUMAN SCLEROSTIN']",4
MONDO:0008146,Osteogenesis imperfecta type 1,MONDO:0019543,Acquired aneurysmal subarachnoid hemorrhage,['DENOSUMAB'],3
MONDO:0008146,Osteogenesis imperfecta type 1,MONDO:0009693,plasma cell myeloma,['DENOSUMAB'],6
MONDO:0004132,Squamous cell carcinoma of the anal canal,MONDO:0019210,Cutaneous neuroendocrine carcinoma,"['PEMBROLIZUMAB', 'RETIFANLIMAB']",8
MONDO:0004132,Squamous cell carcinoma of the anal canal,MONDO:0005580,Squamous cell carcinoma of the esophagus,"['PEMBROLIZUMAB', 'INCA00186']",2
MONDO:0004132,Squamous cell carcinoma of the anal canal,MONDO:0005028,Adenocarcinoma of the esophagus,['PEMBROLIZUMAB'],13
MONDO:0004132,Squamous cell carcinoma of the anal canal,MONDO:0015686,Primary peritoneal carcinoma,['PEMBROLIZUMAB'],5
MONDO:0004132,Squamous cell carcinoma of the anal canal,MONDO:0009348,Classic Hodgkin lymphoma,['PEMBROLIZUMAB'],12
MONDO:0004132,Squamous cell carcinoma of the anal canal,MONDO:0009693,plasma cell myeloma,['PEMBROLIZUMAB'],12
MONDO:0004132,Squamous cell carcinoma of the anal canal,MONDO:0015277,Medullary thyroid carcinoma,['PEMBROLIZUMAB'],2
MONDO:0004132,Squamous cell carcinoma of the anal canal,MONDO:0005512,Malignant peritoneal mesothelioma,['PEMBROLIZUMAB'],2
MONDO:0004132,Squamous cell carcinoma of the anal canal,MONDO:0019963,Bronchial neuroendocrine tumor,['PEMBROLIZUMAB'],2
MONDO:0004132,Squamous cell carcinoma of the anal canal,MONDO:0006486,Uveal melanoma,['PEMBROLIZUMAB'],2
MONDO:0004132,Squamous cell carcinoma of the anal canal,MONDO:0002142,Undifferentiated pleomorphic sarcoma,['PEMBROLIZUMAB'],2
MONDO:0004132,Squamous cell carcinoma of the anal canal,MONDO:0018906,follicular lymphoma,['PEMBROLIZUMAB'],2
MONDO:0004132,Squamous cell carcinoma of the anal canal,MONDO:0018016,Classic neuroendocrine tumor of appendix,['PEMBROLIZUMAB'],2
MONDO:0004132,Squamous cell carcinoma of the anal canal,MONDO:0002882,Neuroendocrine tumor of the colon,['PEMBROLIZUMAB'],2
MONDO:0004132,Squamous cell carcinoma of the anal canal,MONDO:0006451,Thymic carcinoma,['PEMBROLIZUMAB'],2
MONDO:0004132,Squamous cell carcinoma of the anal canal,MONDO:0006468,Anaplastic thyroid carcinoma,['PEMBROLIZUMAB'],2
MONDO:0004132,Squamous cell carcinoma of the anal canal,MONDO:0006292,Pleural mesothelioma,['PEMBROLIZUMAB'],3
MONDO:0004132,Squamous cell carcinoma of the anal canal,MONDO:0016974,Thymoma type B,['PEMBROLIZUMAB'],2
MONDO:0004132,Squamous cell carcinoma of the anal canal,MONDO:0003345,Klatskin tumor,['PEMBROLIZUMAB'],2
MONDO:0004132,Squamous cell carcinoma of the anal canal,MONDO:0020561,Myxoid/round cell liposarcoma,['PEMBROLIZUMAB'],2
MONDO:0004132,Squamous cell carcinoma of the anal canal,MONDO:0002728,Rhabdoid tumor,['PEMBROLIZUMAB'],2
MONDO:0004132,Squamous cell carcinoma of the anal canal,MONDO:0003646,Neuroendocrine tumor of the rectum,['PEMBROLIZUMAB'],2
MONDO:0003345,Klatskin tumor,MONDO:0006292,Pleural mesothelioma,"['PEMBROLIZUMAB', 'CISPLATIN', 'GEMCITABINE HYDROCHLORIDE']",9
MONDO:0003345,Klatskin tumor,MONDO:0005512,Malignant peritoneal mesothelioma,"['PEMBROLIZUMAB', 'CISPLATIN']",2
MONDO:0003345,Klatskin tumor,MONDO:0018906,follicular lymphoma,"['PEMBROLIZUMAB', 'CISPLATIN', 'GEMCITABINE HYDROCHLORIDE']",2
MONDO:0003345,Klatskin tumor,MONDO:0018055,Pediatric hepatocellular carcinoma,['CISPLATIN'],3
MONDO:0003345,Klatskin tumor,MONDO:0009837,Papilloma of choroid plexus,['CISPLATIN'],2
MONDO:0003345,Klatskin tumor,MONDO:0009348,Classic Hodgkin lymphoma,"['PEMBROLIZUMAB', 'CISPLATIN']",12
MONDO:0003345,Klatskin tumor,MONDO:0005028,Adenocarcinoma of the esophagus,"['PEMBROLIZUMAB', 'CISPLATIN', 'RAMUCIRUMAB']",3
MONDO:0003345,Klatskin tumor,MONDO:0018876,mantle cell lymphoma,"['CISPLATIN', 'GEMCITABINE HYDROCHLORIDE']",3
MONDO:0003345,Klatskin tumor,MONDO:0019210,Cutaneous neuroendocrine carcinoma,"['PEMBROLIZUMAB', 'CISPLATIN']",2
MONDO:0003345,Klatskin tumor,MONDO:0005072,neuroblastoma,['CISPLATIN'],2
MONDO:0003345,Klatskin tumor,MONDO:0015686,Primary peritoneal carcinoma,"['PEMBROLIZUMAB', 'CISPLATIN', 'GEMCITABINE HYDROCHLORIDE']",2
MONDO:0003345,Klatskin tumor,MONDO:0002142,Undifferentiated pleomorphic sarcoma,"['PEMBROLIZUMAB', 'CISPLATIN']",2
MONDO:0003345,Klatskin tumor,MONDO:0009691,Classic mycosis fungoides,['GEMCITABINE HYDROCHLORIDE'],3
MONDO:0003345,Klatskin tumor,MONDO:0015278,Familial pancreatic carcinoma,['GEMCITABINE HYDROCHLORIDE'],3
MONDO:0003345,Klatskin tumor,MONDO:0006486,Uveal melanoma,"['PEMBROLIZUMAB', 'GEMCITABINE HYDROCHLORIDE']",2
MONDO:0003345,Klatskin tumor,MONDO:0004633,"Classic Hodgkin lymphoma, mixed cellularity type",['GEMCITABINE HYDROCHLORIDE'],2
MONDO:0003345,Klatskin tumor,MONDO:0100280,Waldenstrom macroglobulinemia,['GEMCITABINE HYDROCHLORIDE'],2
MONDO:0003345,Klatskin tumor,MONDO:0004620,"Classic Hodgkin lymphoma, lymphocyte-depleted type",['GEMCITABINE HYDROCHLORIDE'],2
MONDO:0003345,Klatskin tumor,MONDO:0005060,liposarcoma,['GEMCITABINE HYDROCHLORIDE'],2
MONDO:0003345,Klatskin tumor,MONDO:0017844,Szary syndrome,['GEMCITABINE HYDROCHLORIDE'],4
MONDO:0003345,Klatskin tumor,MONDO:0019475,Subcutaneous panniculitis-like T-cell lymphoma,['GEMCITABINE HYDROCHLORIDE'],4
MONDO:0003345,Klatskin tumor,MONDO:0004665,"Classic Hodgkin lymphoma, nodular sclerosis type",['GEMCITABINE HYDROCHLORIDE'],2
MONDO:0003345,Klatskin tumor,MONDO:0005580,Squamous cell carcinoma of the esophagus,"['PEMBROLIZUMAB', 'RAMUCIRUMAB']",2
MONDO:0003345,Klatskin tumor,MONDO:0019373,Desmoplastic small round cell tumor,['RAMUCIRUMAB'],2
MONDO:0003345,Klatskin tumor,MONDO:0009693,plasma cell myeloma,['PEMBROLIZUMAB'],12
MONDO:0003345,Klatskin tumor,MONDO:0015277,Medullary thyroid carcinoma,['PEMBROLIZUMAB'],2
MONDO:0003345,Klatskin tumor,MONDO:0019963,Bronchial neuroendocrine tumor,['PEMBROLIZUMAB'],2
MONDO:0003345,Klatskin tumor,MONDO:0018016,Classic neuroendocrine tumor of appendix,['PEMBROLIZUMAB'],2
MONDO:0003345,Klatskin tumor,MONDO:0002882,Neuroendocrine tumor of the colon,['PEMBROLIZUMAB'],2
MONDO:0003345,Klatskin tumor,MONDO:0006451,Thymic carcinoma,['PEMBROLIZUMAB'],2
MONDO:0003345,Klatskin tumor,MONDO:0006468,Anaplastic thyroid carcinoma,['PEMBROLIZUMAB'],2
MONDO:0003345,Klatskin tumor,MONDO:0016974,Thymoma type B,['PEMBROLIZUMAB'],2
MONDO:0003345,Klatskin tumor,MONDO:0020561,Myxoid/round cell liposarcoma,['PEMBROLIZUMAB'],2
MONDO:0003345,Klatskin tumor,MONDO:0002728,Rhabdoid tumor,['PEMBROLIZUMAB'],2
MONDO:0003345,Klatskin tumor,MONDO:0003646,Neuroendocrine tumor of the rectum,['PEMBROLIZUMAB'],2
MONDO:0018149,GM1 gangliosidosis,MONDO:0009693,plasma cell myeloma,['CYCLOPHOSPHAMIDE ANHYDROUS'],503
MONDO:0018149,GM1 gangliosidosis,MONDO:0018906,follicular lymphoma,['CYCLOPHOSPHAMIDE ANHYDROUS'],492
MONDO:0018149,GM1 gangliosidosis,MONDO:0100280,Waldenstrom macroglobulinemia,['CYCLOPHOSPHAMIDE ANHYDROUS'],176
MONDO:0018149,GM1 gangliosidosis,MONDO:0018876,mantle cell lymphoma,['CYCLOPHOSPHAMIDE ANHYDROUS'],424
MONDO:0018149,GM1 gangliosidosis,MONDO:0011996,"chronic myelogenous leukemia, BCR-ABL1 positive",['CYCLOPHOSPHAMIDE ANHYDROUS'],260
MONDO:0018149,GM1 gangliosidosis,MONDO:0013730,graft versus host disease,['CYCLOPHOSPHAMIDE ANHYDROUS'],152
MONDO:0018149,GM1 gangliosidosis,MONDO:0007650,MALT lymphoma,['CYCLOPHOSPHAMIDE ANHYDROUS'],214
MONDO:0018149,GM1 gangliosidosis,MONDO:0007959,Medulloblastoma,['CYCLOPHOSPHAMIDE ANHYDROUS'],66
MONDO:0018149,GM1 gangliosidosis,MONDO:0005060,liposarcoma,['CYCLOPHOSPHAMIDE ANHYDROUS'],213
MONDO:0018149,GM1 gangliosidosis,MONDO:0016698,Ependymoma,['CYCLOPHOSPHAMIDE ANHYDROUS'],34
MONDO:0018149,GM1 gangliosidosis,MONDO:0012105,Granulomatosis with polyangiitis,['CYCLOPHOSPHAMIDE ANHYDROUS'],37
MONDO:0018149,GM1 gangliosidosis,MONDO:0007915,systemic lupus erythematosus,['CYCLOPHOSPHAMIDE ANHYDROUS'],92
MONDO:0018149,GM1 gangliosidosis,MONDO:0005072,neuroblastoma,['CYCLOPHOSPHAMIDE ANHYDROUS'],67
MONDO:0018149,GM1 gangliosidosis,MONDO:0009692,Primary myelofibrosis,['CYCLOPHOSPHAMIDE ANHYDROUS'],72
MONDO:0018149,GM1 gangliosidosis,MONDO:0009688,Myasthenia gravis,['CYCLOPHOSPHAMIDE ANHYDROUS'],11
MONDO:0018149,GM1 gangliosidosis,MONDO:0019124,microscopic polyangiitis,['CYCLOPHOSPHAMIDE ANHYDROUS'],32
MONDO:0018149,GM1 gangliosidosis,MONDO:0015564,Castleman disease,['CYCLOPHOSPHAMIDE ANHYDROUS'],5
MONDO:0018149,GM1 gangliosidosis,MONDO:0019438,AL amyloidosis,['CYCLOPHOSPHAMIDE ANHYDROUS'],15
MONDO:0018149,GM1 gangliosidosis,MONDO:0005100,systemic sclerosis,['CYCLOPHOSPHAMIDE ANHYDROUS'],35
MONDO:0018149,GM1 gangliosidosis,MONDO:0018868,metachromatic leukodystrophy,['CYCLOPHOSPHAMIDE ANHYDROUS'],11
MONDO:0018149,GM1 gangliosidosis,MONDO:0008558,autoimmune thrombocytopenic purpura,['CYCLOPHOSPHAMIDE ANHYDROUS'],5
MONDO:0018149,GM1 gangliosidosis,MONDO:0009499,Krabbe disease,['CYCLOPHOSPHAMIDE ANHYDROUS'],9
MONDO:0018149,GM1 gangliosidosis,MONDO:0006456,thymoma,['CYCLOPHOSPHAMIDE ANHYDROUS'],5
MONDO:0018149,GM1 gangliosidosis,MONDO:0010006,Sandhoff disease,"['VENGLUSTAT', 'CYCLOPHOSPHAMIDE ANHYDROUS']",2
MONDO:0018149,GM1 gangliosidosis,MONDO:0019019,osteogenesis imperfecta,['CYCLOPHOSPHAMIDE ANHYDROUS'],2
MONDO:0018149,GM1 gangliosidosis,MONDO:0010100,Tay-Sachs disease,"['VENGLUSTAT', 'CYCLOPHOSPHAMIDE ANHYDROUS']",5
MONDO:0018149,GM1 gangliosidosis,MONDO:0019338,sarcoidosis,['CYCLOPHOSPHAMIDE ANHYDROUS'],2
MONDO:0018149,GM1 gangliosidosis,MONDO:0010526,Fabry disease,['VENGLUSTAT'],8
MONDO:0018149,GM1 gangliosidosis,MONDO:0009267,Gaucher disease type 3,['VENGLUSTAT'],3
MONDO:0018149,GM1 gangliosidosis,MONDO:0009737,Galactosialidosis,['VENGLUSTAT'],4
MONDO:0018149,GM1 gangliosidosis,MONDO:0010099,"GM2 gangliosidosis, AB variant",['VENGLUSTAT'],3
MONDO:0018149,GM1 gangliosidosis,MONDO:0004691,Autosomal dominant polycystic kidney disease,['VENGLUSTAT'],5
MONDO:0019532,"Autoimmune hemolytic anemia, warm type",MONDO:0008558,autoimmune thrombocytopenic purpura,"['ANTI-BAFF (B-CELL-ACTIVATING FACTOR) MONOCLONAL ANTIBODY', 'FOSTAMATINIB DISODIUM', 'RILZABRUTINIB', 'RITUXIMAB']",10
MONDO:0019532,"Autoimmune hemolytic anemia, warm type",MONDO:0006702,Chronic inflammatory demyelinating polyneuropathy,"['RITUXIMAB', 'NIPOCALIMAB', 'BATOCLIMAB']",2
MONDO:0019532,"Autoimmune hemolytic anemia, warm type",MONDO:0009688,Myasthenia gravis,"['RITUXIMAB', 'NIPOCALIMAB', 'BATOCLIMAB']",4
MONDO:0019532,"Autoimmune hemolytic anemia, warm type",MONDO:0018922,Cold agglutinin disease,['SUTIMLIMAB'],11
MONDO:0019532,"Autoimmune hemolytic anemia, warm type",MONDO:0004976,Amyotrophic lateral sclerosis,['ALDESLEUKIN'],3
MONDO:0019532,"Autoimmune hemolytic anemia, warm type",MONDO:0005072,neuroblastoma,['ALDESLEUKIN'],5
MONDO:0019532,"Autoimmune hemolytic anemia, warm type",MONDO:0007915,systemic lupus erythematosus,"['RITUXIMAB', 'ALDESLEUKIN', 'ANTI-BAFF (B-CELL-ACTIVATING FACTOR) MONOCLONAL ANTIBODY', 'NIPOCALIMAB']",2
MONDO:0019532,"Autoimmune hemolytic anemia, warm type",MONDO:0011996,"chronic myelogenous leukemia, BCR-ABL1 positive",['ALDESLEUKIN'],2
MONDO:0019532,"Autoimmune hemolytic anemia, warm type",MONDO:0010518,Wiskott-Aldrich syndrome,['ALDESLEUKIN'],2
MONDO:0019532,"Autoimmune hemolytic anemia, warm type",MONDO:0100280,Waldenstrom macroglobulinemia,['RITUXIMAB'],9
MONDO:0019532,"Autoimmune hemolytic anemia, warm type",MONDO:0018906,follicular lymphoma,"['RITUXIMAB', 'PARSACLISIB']",7
MONDO:0019532,"Autoimmune hemolytic anemia, warm type",MONDO:0019534,Mixed-type autoimmune hemolytic anemia,['RITUXIMAB'],3
MONDO:0019532,"Autoimmune hemolytic anemia, warm type",MONDO:0018876,mantle cell lymphoma,"['RITUXIMAB', 'PARSACLISIB']",29
MONDO:0019532,"Autoimmune hemolytic anemia, warm type",MONDO:0019740,Immune-mediated thrombotic thrombocytopenic purpura,['RITUXIMAB'],5
MONDO:0019532,"Autoimmune hemolytic anemia, warm type",MONDO:0015247,Opsoclonus-myoclonus syndrome,['RITUXIMAB'],5
MONDO:0019532,"Autoimmune hemolytic anemia, warm type",MONDO:0019124,microscopic polyangiitis,['RITUXIMAB'],6
MONDO:0019532,"Autoimmune hemolytic anemia, warm type",MONDO:0007650,MALT lymphoma,['RITUXIMAB'],7
MONDO:0019532,"Autoimmune hemolytic anemia, warm type",MONDO:0012105,Granulomatosis with polyangiitis,['RITUXIMAB'],7
MONDO:0019532,"Autoimmune hemolytic anemia, warm type",MONDO:0005388,Primary biliary cholangitis,['RITUXIMAB'],3
MONDO:0019532,"Autoimmune hemolytic anemia, warm type",MONDO:0013730,graft versus host disease,['RITUXIMAB'],3
MONDO:0019532,"Autoimmune hemolytic anemia, warm type",MONDO:0008538,Giant cell arteritis,['RITUXIMAB'],3
MONDO:0019532,"Autoimmune hemolytic anemia, warm type",MONDO:0019006,Genetic steroid-resistant nephrotic syndrome,['RITUXIMAB'],3
MONDO:0019532,"Autoimmune hemolytic anemia, warm type",MONDO:0018324,Adult-onset myasthenia gravis,"['RITUXIMAB', 'NIPOCALIMAB']",2
MONDO:0019532,"Autoimmune hemolytic anemia, warm type",MONDO:0018977,Polyneuropathy associated with IgM monoclonal gammopathy with anti-MAG,['RITUXIMAB'],3
MONDO:0019532,"Autoimmune hemolytic anemia, warm type",MONDO:0019170,Polyarteritis nodosa,['RITUXIMAB'],3
MONDO:0019532,"Autoimmune hemolytic anemia, warm type",MONDO:0019125,Relapsing polychondritis,['RITUXIMAB'],3
MONDO:0019532,"Autoimmune hemolytic anemia, warm type",MONDO:0019127,polymyositis,['RITUXIMAB'],3
MONDO:0019532,"Autoimmune hemolytic anemia, warm type",MONDO:0800029,interstitial lung disease 2,"['RITUXIMAB', 'ANTI-BAFF (B-CELL-ACTIVATING FACTOR) MONOCLONAL ANTIBODY']",6
MONDO:0019532,"Autoimmune hemolytic anemia, warm type",MONDO:0018842,Primary effusion lymphoma,['RITUXIMAB'],5
MONDO:0019532,"Autoimmune hemolytic anemia, warm type",MONDO:0020547,Chronic graft versus host disease,['RITUXIMAB'],3
MONDO:0019532,"Autoimmune hemolytic anemia, warm type",MONDO:0019067,Idiopathic steroid-sensitive nephrotic syndrome,['RITUXIMAB'],3
MONDO:0019532,"Autoimmune hemolytic anemia, warm type",MONDO:0019535,Drug-induced autoimmune hemolytic anemia,['RITUXIMAB'],3
MONDO:0019532,"Autoimmune hemolytic anemia, warm type",MONDO:0019167,Immunoglobulin A vasculitis,['RITUXIMAB'],3
MONDO:0019532,"Autoimmune hemolytic anemia, warm type",MONDO:0009692,Primary myelofibrosis,['PARSACLISIB'],6
MONDO:0019532,"Autoimmune hemolytic anemia, warm type",MONDO:0009348,Classic Hodgkin lymphoma,['PARSACLISIB'],3
MONDO:0019532,"Autoimmune hemolytic anemia, warm type",MONDO:0005029,essential thrombocythemia,['PARSACLISIB'],6
MONDO:0019532,"Autoimmune hemolytic anemia, warm type",MONDO:0009891,acquired polycythemia vera,['PARSACLISIB'],6
MONDO:0019532,"Autoimmune hemolytic anemia, warm type",MONDO:0008219,Pemphigus vulgaris,['ANTI-BAFF (B-CELL-ACTIVATING FACTOR) MONOCLONAL ANTIBODY'],6
MONDO:0019532,"Autoimmune hemolytic anemia, warm type",MONDO:0016264,Autoimmune hepatitis,['ANTI-BAFF (B-CELL-ACTIVATING FACTOR) MONOCLONAL ANTIBODY'],6
MONDO:0016167,Optic pathway glioma,MONDO:0019200,Retinitis pigmentosa,['NERVE GROWTH FACTOR (NGF)'],3
MONDO:0016167,Optic pathway glioma,MONDO:0019353,Stargardt disease,['NERVE GROWTH FACTOR (NGF)'],2
MONDO:0007309,Charcot-Marie-Tooth disease type 1A,MONDO:0004976,Amyotrophic lateral sclerosis,['D-BIOTIN'],2
MONDO:0007309,Charcot-Marie-Tooth disease type 1A,MONDO:0006702,Chronic inflammatory demyelinating polyneuropathy,['D-BIOTIN'],2
MONDO:0007309,Charcot-Marie-Tooth disease type 1A,MONDO:0018977,Polyneuropathy associated with IgM monoclonal gammopathy with anti-MAG,['D-BIOTIN'],2
MONDO:0007309,Charcot-Marie-Tooth disease type 1A,MONDO:0010383,fragile X syndrome,['ASCORBIC ACID'],3
MONDO:0100552,ATTRV30M amyloidosis,MONDO:0019441,ATTRV122I amyloidosis,"[""SYNTHETIC DOUBLE-STRANDED SIRNA OLIGONUCLEOTIDE TARGETED AGAINST TRANSTHYRETIN MRNA, WITH SIX PHOSPHOROTHIOATE LINKAGES IN THE BACKBONE, AND NINE 2'-FLUORO AND THIRTY-FIVE 2'-O-METHYL NUCLEOSIDE RESIDUES IN THE SEQUENCE, WHICH IS COVALENTLY LINKED VIA A PHOSPHODIESTER GROUP TO A LIGAND CONTAINING THREE N-ACETYLGALACTOSAMINE RESIDUES"", 'EPLONTERSEN', 'REVUSIRAN', '3-(3-(3,5-DIMETHYL-1H-PYRAZOL-4-YL)PROPOXY)-4-FLUOROBENZOIC ACID', 'TAFAMIDIS']",5
MONDO:0009693,plasma cell myeloma,MONDO:0018876,mantle cell lymphoma,"['CHEMBL126955', 'SARGRAMOSTIM', 'DURVALUMAB', 'AT-7519', 'GEMCITABINE', 'S65487', 'TACROLIMUS ANHYDROUS', 'CHEMBL4303800', '18-(P-(<SUP>131</SUP>I)-IODOPHENYL)OCTADECYL PHOSPHOCHOLINE', 'CHEMBL78', 'CARMUSTINE', 'BELINOSTAT', 'IBRUTINIB', 'LEVOLEUCOVORIN', 'VENETOCLAX', 'CHEMBL3210645', 'BENDAMUSTIN', 'PLERIXAFOR', 'DASATINIB', 'BEVACIZUMAB', 'MITOXANTRONE', 'PALBOCICLIB', 'IXAZOMIB CITRATE', 'ROMIDEPSIN', 'ETOPOSIDE', 'EVEROLIMUS', 'CHEMBL1740907', 'TOCILIZUMAB', 'CISPLATIN', 'COPANLISIB', 'CHEMBL156', 'SALINOMYCIN', 'LEUPROLIDE', 'ABEMACICLIB', 'OBATOCLAX', 'DARATUMUMAB', 'TEMSIROLIMUS', 'ENZASTAURIN', 'CHEMBL3560003', 'IFOSFAMIDE', 'FLUDARABINE', 'CYCLOPHOSPHAMIDE ANHYDROUS', 'BORTEZOMIB', 'RITUXIMAB', 'ACALABRUTINIB', 'CYCLOSPORINE', 'CHEMBL4776881', 'BMS-387032', 'TIPIFARNIB', 'CHEMBL558551', 'PEGFILGRASTIM', 'FILGRASTIM', 'SORAFENIB', 'CARFILZOMIB', 'CYCLOPHOSPHAMIDE', 'PEMBROLIZUMAB', 'NIVOLUMAB', 'DOXORUBICINE HYDROCHLORIDE', 'PEGINTERFERON ALFA-2B', 'DEXAMETHASONE VALARATE', 'ALISERTIB', 'IDELALISIB', 'PREDNISONE', 'VORINOSTAT', 'LENALIDOMIDE', 'CHEMBL2141644', 'DEXAMETHASONE (40 MG TABLET)', 'CHEMBL422897', 'IBRITUMOMAB TIUXETAN']",10
MONDO:0009693,plasma cell myeloma,MONDO:0018906,follicular lymphoma,"['CHEMBL126955', 'SARGRAMOSTIM', 'DURVALUMAB', 'S65487', 'GEMCITABINE', 'TACROLIMUS ANHYDROUS', 'CHEMBL4303800', 'IXAZOMIB', 'CHEMBL78', 'CARMUSTINE', 'BELINOSTAT', 'IBRUTINIB', 'VENETOCLAX', 'CHEMBL3210645', 'BENDAMUSTIN', 'PLERIXAFOR', 'DASATINIB', 'BEVACIZUMAB', 'MITOXANTRONE', 'ETOPOSIDE', 'IXAZOMIB CITRATE', 'ROMIDEPSIN', 'CHEMBL1740907', 'TOCILIZUMAB', 'COPANLISIB', 'CHEMBL156', 'SALINOMYCIN', 'MELPHALAN', 'OBATOCLAX', 'DARATUMUMAB', 'ENZASTAURIN', 'IFOSFAMIDE', 'FLUDARABINE', 'CYCLOPHOSPHAMIDE ANHYDROUS', 'BORTEZOMIB', 'RITUXIMAB', 'ALDESLEUKIN', 'IBERDOMIDE', 'ACALABRUTINIB', 'CYCLOSPORINE', 'CHEMBL558551', 'TAZEMETOSTAT', 'PEGFILGRASTIM', 'FILGRASTIM', 'IDASANUTLIN', 'CARFILZOMIB', 'INEBILIZUMAB', 'AZACITIDINE', 'CYCLOPHOSPHAMIDE', 'PEMBROLIZUMAB', 'NIVOLUMAB', 'DEXAMETHASONE VALARATE', 'ALISERTIB', 'IDELALISIB', 'PREDNISONE', 'VORINOSTAT', 'LENALIDOMIDE', 'DEXAMETHASONE (40 MG TABLET)', 'CHEMBL422897', 'IBRITUMOMAB TIUXETAN']",26
MONDO:0009693,plasma cell myeloma,MONDO:0006456,thymoma,"['CHEMBL3186743', 'ETOPOSIDE', 'PEMBROLIZUMAB', 'CHEMBL48', 'SELINEXOR', 'CHEMBL4303800', 'CISPLATIN', 'SUNITINIB', 'BEVACIZUMAB', 'BELINOSTAT', 'AMRUBICIN', 'CYCLOPHOSPHAMIDE ANHYDROUS']",16
MONDO:0009693,plasma cell myeloma,MONDO:0005060,liposarcoma,"['PALBOCICLIB', 'AZACITIDINE', 'RIDAFOROLIMUS', 'ROMIDEPSIN', 'PLITIDEPSIN', 'EFATUTAZONE', 'CHEMBL4303800', 'DOXORUBICINE HYDROCHLORIDE', 'VORINOSTAT', 'BEVACIZUMAB', 'IFOSFAMIDE', 'CYCLOPHOSPHAMIDE ANHYDROUS']",19
MONDO:0009693,plasma cell myeloma,MONDO:0005072,neuroblastoma,"['ZOLEDRONIC ACID ANHYDROUS', 'SARGRAMOSTIM', 'CHEMBL1232712', 'TACROLIMUS ANHYDROUS', 'CHEMBL4303800', 'CARMUSTINE', 'CELECOXIB', 'CHEMBL3210645', 'BEVACIZUMAB', 'DASATINIB', 'CHEMBL508875', 'CHEMBL1740907', 'ETOPOSIDE', 'CISPLATIN', 'CHEMBL156', 'MELPHALAN', 'ABEMACICLIB', 'TUCIDINOSTAT', 'TEMSIROLIMUS', 'CHEMBL3560003', 'ENZASTAURIN', 'IFOSFAMIDE', 'FLUDARABINE', 'CYCLOPHOSPHAMIDE ANHYDROUS', 'BORTEZOMIB', 'RITUXIMAB', 'ALDESLEUKIN', 'CYCLOSPORINE', 'IPILIMUMAB', 'VANDETANIB', 'CHEMBL558551', 'PEGFILGRASTIM', 'FILGRASTIM', 'SORAFENIB', 'CYCLOPHOSPHAMIDE', 'CATEQUENTINIB', 'PEMBROLIZUMAB', 'BUSULFAN', 'ISOTRETINOIN', 'NIVOLUMAB', 'DOXORUBICINE HYDROCHLORIDE', 'ALISERTIB', 'VORINOSTAT', 'LENALIDOMIDE', 'TOPOTECAN', 'ALEMTUZUMAB']",116
MONDO:0009693,plasma cell myeloma,MONDO:0005055,Kaposi\'s sarcoma,"['CHEMBL1740907', 'ETOPOSIDE', 'PEMBROLIZUMAB', 'CHEMBL48', 'POMALIDOMIDE', 'CHEMBL4303800', 'SUNITINIB', 'ABEMACICLIB', 'SELUMETINIB', 'BEVACIZUMAB', 'LENALIDOMIDE']",222
MONDO:0009693,plasma cell myeloma,MONDO:0015564,Castleman disease,"['BORTEZOMIB', 'RITUXIMAB', 'ETOPOSIDE', 'CHEMBL1740907', 'SILTUXIMAB', 'TOCILIZUMAB', 'CHEMBL4303800', 'CHEMBL558551', 'POMALIDOMIDE', 'PREDNISONE', 'CHEMBL3560003', 'CYCLOPHOSPHAMIDE ANHYDROUS']",105
MONDO:0009693,plasma cell myeloma,MONDO:0013730,graft versus host disease,"['SARGRAMOSTIM', 'TACROLIMUS ANHYDROUS', 'CHEMBL78', 'IBRUTINIB', 'CHEMBL3210645', 'DACLIZUMAB', 'SONIDEGIB', 'ETOPOSIDE', 'NATALIZUMAB', 'EVEROLIMUS', 'TOCILIZUMAB', 'CHEMBL156', 'CLOFARABINE', 'CHEMBL3560003', 'FLUDARABINE', 'CYCLOPHOSPHAMIDE ANHYDROUS', 'BORTEZOMIB', 'RITUXIMAB', 'ALDESLEUKIN', 'CYCLOSPORINE', 'CHEMBL4776881', 'HYDROXYCHLOROQUINE', 'POMALIDOMIDE', 'BASILIXIMAB', 'PANOBINOSTAT', 'FILGRASTIM', 'PALIFERMIN', 'AZACITIDINE', 'ATORVASTATIN', 'CYCLOPHOSPHAMIDE', 'ABATACEPT', 'DENILEUKIN DIFTITOX', 'DEXAMETHASONE VALARATE', 'PREDNISONE', 'LENALIDOMIDE', 'CHEMBL2141644', 'RUXOLITINIB', 'ALEMTUZUMAB']",117
MONDO:0009693,plasma cell myeloma,MONDO:0001734,tuberous sclerosis,"['CHEMBL3560003', 'EVEROLIMUS']",30
MONDO:0009693,plasma cell myeloma,MONDO:0100280,Waldenstrom macroglobulinemia,"['CHEMBL126955', 'TACROLIMUS ANHYDROUS', '18-(P-(<SUP>131</SUP>I)-IODOPHENYL)OCTADECYL PHOSPHOCHOLINE', 'IBRUTINIB', 'VENETOCLAX', 'OPROZOMIB', 'CHEMBL3210645', 'BENDAMUSTIN', 'DASATINIB', 'CHEMBL1740907', 'DEXAMETHASONE SODIUM PHOSPHATE ENCAPSULATED IN HUMAN ERYTHROCYTES', 'IXAZOMIB CITRATE', 'ETOPOSIDE', 'EVEROLIMUS', 'ALEMTUZUMAB', 'CHEMBL156', 'DEXAMETHASONE', 'DARATUMUMAB', 'ENZASTAURIN', 'FLUDARABINE', 'CYCLOPHOSPHAMIDE ANHYDROUS', 'BORTEZOMIB', 'RITUXIMAB', 'ACALABRUTINIB', 'CYCLOSPORINE', 'POMALIDOMIDE', 'CHEMBL558551', 'FILGRASTIM', 'SIMVASTATIN', 'CARFILZOMIB', 'TAK-901', 'SAPANISERTIB', 'PERIFOSINE', 'CYCLOPHOSPHAMIDE', 'PEMBROLIZUMAB', 'DEXAMETHASONE VALARATE', 'IDELALISIB', 'LENALIDOMIDE', 'CHEMBL2141644', 'CHEMBL422897', 'IBRITUMOMAB TIUXETAN']",6
MONDO:0009693,plasma cell myeloma,MONDO:0011719,gastrointestinal stromal tumor,"['GANETESPIB', 'PHENAZEPAM', 'GEMCITABINE', 'LEVOLEUCOVORIN', 'BEVACIZUMAB', 'DASATINIB', 'DUAL TORC1/2 INHIBITOR', 'DABRAFENIB', 'EVEROLIMUS', 'CHEMBL48', 'SELINEXOR', 'DOCETAXEL ANHYDROUS', 'CISPLATIN', 'DOVITINIB', 'IPILIMUMAB', 'VANDETANIB', 'SUNITINIB', 'CHEMBL4578973', 'MASITINIB MESILATE', 'MASITINIB', 'ALPELISIB', 'BINIMETINIB', 'FLUOROURACIL', 'CHEMBL5316118', 'CABOZANTINIB', 'SORAFENIB', 'PERIFOSINE', 'CATEQUENTINIB', 'PEMBROLIZUMAB', 'NIVOLUMAB', 'PREDNISONE', 'TRAMETINIB']",102
MONDO:0009693,plasma cell myeloma,MONDO:0011996,"chronic myelogenous leukemia, BCR-ABL1 positive","['SARGRAMOSTIM', 'TACROLIMUS ANHYDROUS', 'CHEMBL78', 'IDARUBICIN', 'VENETOCLAX', 'CHEMBL3210645', 'NAVTEMADLIN', 'BEVACIZUMAB', 'DASATINIB', 'MITOXANTRONE', 'ETOPOSIDE', 'PIOGLITAZONE', 'EVEROLIMUS', 'SELINEXOR', 'CHEMBL156', 'ARSENIC TRIOXIDE', 'CLOFARABINE', 'LERIGLITAZONE', 'TEMSIROLIMUS', 'CHEMBL3560003', 'FLUDARABINE', 'CYCLOPHOSPHAMIDE ANHYDROUS', 'BORTEZOMIB', 'RITUXIMAB', 'AUTOLOGOUS DENDRITIC CELLS PULSED WITH RNA FROM GLIOMA STEM CELLS', 'ALDESLEUKIN', 'CYCLOSPORINE', 'IPILIMUMAB', 'ASPIRIN TRELAMINE', 'TIPIFARNIB', 'VATALANIB', 'FILGRASTIM', 'CHEMBL2370138', 'SELUMETINIB', 'SORAFENIB', 'PEGINTERFERON ALFA-2A', 'PERIFOSINE', 'AZACITIDINE', 'ACETAMINOPHEN', 'ISOTRETINOIN', 'NIVOLUMAB', 'PEGINTERFERON ALFA-2B', 'VORINOSTAT', 'LENALIDOMIDE', 'CHEMBL2141644', 'RUXOLITINIB']",116
MONDO:0009693,plasma cell myeloma,MONDO:0016642,meningioma,"['VISMODEGIB', 'EVEROLIMUS', 'IPILIMUMAB', 'PEMBROLIZUMAB', 'NIVOLUMAB', 'AZD-5363', 'ALPELISIB', 'ABEMACICLIB', 'LERIGLITAZONE', 'BEVACIZUMAB', 'TRAMETINIB', 'CABOZANTINIB']",14
MONDO:0009693,plasma cell myeloma,MONDO:0800029,interstitial lung disease 2,"['RITUXIMAB', 'VISMODEGIB', 'CYCLOPHOSPHAMIDE', 'CHEMBL558551', 'PREDNISONE', 'CHEMBL2136735']",103
MONDO:0009693,plasma cell myeloma,MONDO:0005100,systemic sclerosis,"['RITUXIMAB', 'TADALAFIL', 'CYCLOPHOSPHAMIDE', 'TACROLIMUS ANHYDROUS', 'TOCILIZUMAB', 'CHEMBL558551', 'POMALIDOMIDE', 'CHEMBL156', 'FLUDARABINE', 'FILGRASTIM', 'CHEMBL2136735', 'CHEMBL3210645', 'CHEMBL3560003', 'CYCLOPHOSPHAMIDE ANHYDROUS']",136
MONDO:0009693,plasma cell myeloma,MONDO:0019004,Nephroblastoma,"['CYCLOPHOSPHAMIDE', 'NIVOLUMAB', 'DOXORUBICINE HYDROCHLORIDE']",4
MONDO:0009693,plasma cell myeloma,MONDO:0005512,Malignant peritoneal mesothelioma,"['PEMBROLIZUMAB', 'DOXORUBICINE HYDROCHLORIDE', 'VORINOSTAT']",2
MONDO:0009693,plasma cell myeloma,MONDO:0006292,Pleural mesothelioma,"['AUTOLOGOUS DENDRITIC CELLS PULSED WITH RNA FROM GLIOMA STEM CELLS', 'DURVALUMAB', 'PEMBROLIZUMAB', 'NIVOLUMAB', 'DOXORUBICINE HYDROCHLORIDE']",9
MONDO:0009693,plasma cell myeloma,MONDO:0009348,Classic Hodgkin lymphoma,"['CYCLOPHOSPHAMIDE', 'PEMBROLIZUMAB', 'NIVOLUMAB', 'DOXORUBICINE HYDROCHLORIDE', 'PANOBINOSTAT', 'BENDAMUSTINE FOR 50 ML ADMIXTURE']",12
MONDO:0009693,plasma cell myeloma,MONDO:0002142,Undifferentiated pleomorphic sarcoma,"['PEMBROLIZUMAB', 'SELINEXOR', 'NIVOLUMAB', 'DOXORUBICINE HYDROCHLORIDE', 'VORINOSTAT']",6
MONDO:0009693,plasma cell myeloma,MONDO:0007959,Medulloblastoma,"['GEMCITABINE', 'ADAVOSERTIB', 'CHEMBL78', 'CARMUSTINE', 'CELECOXIB', 'SILMITASERTIB', 'LEVOLEUCOVORIN', 'BEVACIZUMAB', 'SONIDEGIB', 'CHEMBL1740907', 'ETOPOSIDE', 'VISMODEGIB', 'CISPLATIN', 'CHEMBL156', 'CYCLOPHOSPHAMIDE ANHYDROUS', 'POMALIDOMIDE', 'TIPIFARNIB', 'CHEMBL558551', 'PEGFILGRASTIM', 'AFATINIB', 'FILGRASTIM', 'ISOTRETINOIN', 'NIVOLUMAB', 'VORINOSTAT', 'TOPOTECAN']",115
MONDO:0009693,plasma cell myeloma,MONDO:0007650,MALT lymphoma,"['CHEMBL126955', 'TACROLIMUS ANHYDROUS', 'VENETOCLAX', 'CHEMBL3210645', 'DASATINIB', 'ETOPOSIDE', 'CHEMBL156', 'FLUDARABINE', 'CYCLOPHOSPHAMIDE ANHYDROUS', 'BORTEZOMIB', 'RITUXIMAB', 'CHEMBL4776881', 'CHEMBL558551', 'FILGRASTIM', 'BENDAMUSTINE FOR 50 ML ADMIXTURE', 'VORINOSTAT', 'LENALIDOMIDE', 'CHEMBL422897', 'IBRITUMOMAB TIUXETAN']",114
MONDO:0009693,plasma cell myeloma,MONDO:0007915,systemic lupus erythematosus,"['DIPHENHYDRAMINE', 'CHEMBL3210645', 'TOCILIZUMAB', 'CHEMBL156', 'ARSENIC TRIOXIDE', 'LERIGLITAZONE', 'CURCUMIN', 'DARATUMUMAB', 'CHEMBL3560003', 'FLUDARABINE', 'CYCLOPHOSPHAMIDE ANHYDROUS', 'RITUXIMAB', 'ALDESLEUKIN', 'IBERDOMIDE', 'HYDROXYCHLOROQUINE', 'CHEMBL31399', 'ASPIRIN TRELAMINE', 'FILGRASTIM', 'LEFLUNOMIDE', 'SIMVASTATIN', 'ATORVASTATIN', 'ACETAMINOPHEN', 'ABATACEPT', 'DEXAMETHASONE VALARATE', 'PREDNISONE']",204
MONDO:0009693,plasma cell myeloma,MONDO:0019124,microscopic polyangiitis,"['RITUXIMAB', 'CHEMBL3210645', 'PREDNISONE', 'CYCLOPHOSPHAMIDE ANHYDROUS']",118
MONDO:0009693,plasma cell myeloma,MONDO:0015943,eosinophilic granulomatosis with polyangiitis,"['RITUXIMAB', 'PREDNISONE']",109
MONDO:0009693,plasma cell myeloma,MONDO:0009688,Myasthenia gravis,"['INEBILIZUMAB', 'RITUXIMAB', 'SARGRAMOSTIM', 'ETOPOSIDE', 'TACROLIMUS ANHYDROUS', 'TOCILIZUMAB', 'CHEMBL156', 'ABATACEPT', 'CHEMBL78', 'CARMUSTINE', 'PREDNISONE', 'LEFLUNOMIDE', 'CHEMBL3210645', 'CYCLOPHOSPHAMIDE ANHYDROUS']",102
MONDO:0009693,plasma cell myeloma,MONDO:0008558,autoimmune thrombocytopenic purpura,"['BORTEZOMIB', 'RITUXIMAB', 'IXAZOMIB CITRATE', 'CHEMBL1740907', 'ATORVASTATIN', 'CYCLOSPORINE', 'TACROLIMUS ANHYDROUS', 'ACETAMINOPHEN', 'CHEMBL478463', 'DEXAMETHASONE VALARATE', 'PREDNISONE', 'DARATUMUMAB', 'CHEMBL3210645', 'CYCLOPHOSPHAMIDE ANHYDROUS']",104
MONDO:0009693,plasma cell myeloma,MONDO:0006702,Chronic inflammatory demyelinating polyneuropathy,"['RITUXIMAB', 'DEXAMETHASONE']",78
MONDO:0009693,plasma cell myeloma,MONDO:0012105,Granulomatosis with polyangiitis,"['RITUXIMAB', 'CHEMBL156', 'ABATACEPT', 'PREDNISONE', 'CHEMBL3210645', 'DACLIZUMAB', 'CYCLOPHOSPHAMIDE ANHYDROUS']",103
MONDO:0009693,plasma cell myeloma,MONDO:0005388,Primary biliary cholangitis,"['RITUXIMAB', 'COLCHICINE', 'CHEMBL156']",3
MONDO:0009693,plasma cell myeloma,MONDO:0019338,sarcoidosis,"['RITUXIMAB', 'IBERDOMIDE', 'ATORVASTATIN', 'CHEMBL558551', 'CHEMBL156', 'ABATACEPT', 'DEXAMETHASONE VALARATE', 'PREDNISONE', 'CHEMBL3560003', 'CYCLOPHOSPHAMIDE ANHYDROUS']",102
MONDO:0009693,plasma cell myeloma,MONDO:0010602,hemophilia A,"['RITUXIMAB', 'PREDNISONE']",104
MONDO:0009693,plasma cell myeloma,MONDO:0019127,polymyositis,"['PREDNISONE', 'DEXAMETHASONE']",111
MONDO:0009693,plasma cell myeloma,MONDO:0005029,essential thrombocythemia,"['PLITIDEPSIN', 'ASPIRIN TRELAMINE', 'POMALIDOMIDE', 'SELINEXOR', 'ARSENIC TRIOXIDE', 'RUXOLITINIB', 'PEGINTERFERON ALFA-2B', 'CHEMBL78', 'CHEMBL175105', 'PREDNISONE', 'VORINOSTAT', 'IDASANUTLIN', 'NAVTEMADLIN', 'LENALIDOMIDE', 'PEGINTERFERON ALFA-2A']",3
MONDO:0009693,plasma cell myeloma,MONDO:0009891,acquired polycythemia vera,"['TACROLIMUS ANHYDROUS', 'CHEMBL78', 'CHEMBL175105', 'CHEMBL3210645', 'NAVTEMADLIN', 'DASATINIB', 'LCL-161', 'SELINEXOR', 'CHEMBL156', 'ARSENIC TRIOXIDE', 'GIVINOSTAT', 'FLUDARABINE', 'ASPIRIN TRELAMINE', 'POMALIDOMIDE', 'PANOBINOSTAT', 'IDASANUTLIN', 'PEGINTERFERON ALFA-2A', 'CHEMBL3186743', 'PLITIDEPSIN', 'PEGINTERFERON ALFA-2B', 'PREDNISONE', 'VORINOSTAT', 'LENALIDOMIDE', 'CHEMBL2141644', 'RUXOLITINIB']",2
MONDO:0009693,plasma cell myeloma,MONDO:0010679,Duchenne muscular dystrophy,"['METOPROLOL', 'TADALAFIL', 'GIVINOSTAT', 'PREDNISONE']",107
MONDO:0009693,plasma cell myeloma,MONDO:0006806,intermediate uveitis,"['TOCILIZUMAB', 'CHEMBL156', 'DEXAMETHASONE VALARATE', 'PREDNISONE', 'CHEMBL3560003']",105
MONDO:0009693,plasma cell myeloma,MONDO:0009692,Primary myelofibrosis,"['ZOLEDRONIC ACID ANHYDROUS', 'TACROLIMUS ANHYDROUS', 'CHEMBL3210645', 'NAVTEMADLIN', 'LCL-161', 'SELINEXOR', 'CHEMBL156', 'ARSENIC TRIOXIDE', 'FLUDARABINE', 'CYCLOPHOSPHAMIDE ANHYDROUS', 'POMALIDOMIDE', 'TIPIFARNIB', 'CHEMBL558551', 'VATALANIB', 'PANOBINOSTAT', 'FILGRASTIM', 'PELABRESIB', 'PEGINTERFERON ALFA-2A', 'TAK-901', 'NIVOLUMAB', 'PEGINTERFERON ALFA-2B', 'PREDNISONE', 'PLITIDEPSIN', 'LENALIDOMIDE', 'CHEMBL2141644', 'RUXOLITINIB']",120
MONDO:0009693,plasma cell myeloma,MONDO:0009061,Cystic fibrosis,"['CHEMBL1232712', 'ITRACONAZOLE', 'ANAKINRA', 'HYDROXYCHLOROQUINE', 'PREDNISONE', 'LERIGLITAZONE', 'SIMVASTATIN']",102
MONDO:0009693,plasma cell myeloma,MONDO:0016264,Autoimmune hepatitis,"['TACROLIMUS ANHYDROUS', 'CYCLOSPORINE', 'PREDNISONE']",102
MONDO:0009693,plasma cell myeloma,MONDO:0004976,Amyotrophic lateral sclerosis,"['COLCHICINE', 'ALDESLEUKIN', 'PHENAZEPAM', 'ITRACONAZOLE', 'ANAKINRA', 'PIOGLITAZONE', 'TACROLIMUS ANHYDROUS', 'TOCILIZUMAB', 'CHEMBL558551', 'BASILIXIMAB', 'MASITINIB MESILATE', 'MASITINIB', 'CELECOXIB', 'PREDNISONE', 'LERIGLITAZONE', 'CHEMBL3210645', 'CHEMBL3560003']",104
MONDO:0009693,plasma cell myeloma,MONDO:0100244,paroxysmal nocturnal hemoglobinuria,"['TACROLIMUS ANHYDROUS', 'CHEMBL3210645', 'FLUDARABINE', 'CHEMBL156']",66
MONDO:0009693,plasma cell myeloma,MONDO:0019200,Retinitis pigmentosa,"['HYDROXYCHLOROQUINE', 'CHEMBL156']",54
MONDO:0009693,plasma cell myeloma,MONDO:0019963,Bronchial neuroendocrine tumor,"['PEMBROLIZUMAB', 'DURVALUMAB']",8
MONDO:0009693,plasma cell myeloma,MONDO:0005580,Squamous cell carcinoma of the esophagus,"['DURVALUMAB', 'PEMBROLIZUMAB', 'NIVOLUMAB', 'ALPELISIB', 'LENVATINIB']",3
MONDO:0009693,plasma cell myeloma,MONDO:0006486,Uveal melanoma,"['DURVALUMAB', 'UPROSERTIB', 'TREOSULFAN', 'PEMBROLIZUMAB', 'VELIPARIB', 'NIVOLUMAB', 'MELPHALAN', 'SELUMETINIB']",8
MONDO:0009693,plasma cell myeloma,MONDO:0015686,Primary peritoneal carcinoma,"['PERTUZUMAB', 'DURVALUMAB', 'COBIMETINIB', 'CYCLOPHOSPHAMIDE', 'PEMBROLIZUMAB', 'VELIPARIB', 'NIVOLUMAB']",7
MONDO:0009693,plasma cell myeloma,MONDO:0006468,Anaplastic thyroid carcinoma,"['DABRAFENIB', 'DURVALUMAB', 'TRAMETINIB', 'PEMBROLIZUMAB']",3
MONDO:0009693,plasma cell myeloma,MONDO:0015277,Medullary thyroid carcinoma,"['PEMBROLIZUMAB', 'DURVALUMAB', 'LENVATINIB']",4
MONDO:0009693,plasma cell myeloma,MONDO:0005028,Adenocarcinoma of the esophagus,"['DURVALUMAB', 'CETUXIMAB', 'PEMBROLIZUMAB', 'NIVOLUMAB', 'LENVATINIB']",2
MONDO:0009693,plasma cell myeloma,MONDO:0019091,Bronchopulmonary dysplasia,"['MONTELUKAST', 'HYDROCORTISONE']",7
MONDO:0009693,plasma cell myeloma,MONDO:0016698,Ependymoma,"['CHEMBL3186743', 'ETOPOSIDE', 'AZACITIDINE', 'CYCLOPHOSPHAMIDE', 'POMALIDOMIDE', 'NIVOLUMAB', 'CARMUSTINE', 'AFATINIB', 'FLUOROURACIL', 'BEVACIZUMAB', 'MARIZOMIB', 'CYCLOPHOSPHAMIDE ANHYDROUS']",15
MONDO:0009693,plasma cell myeloma,MONDO:0019369,Complex regional pain syndrome,"['LENALIDOMIDE', 'ZOLEDRONIC ACID ANHYDROUS', 'CETUXIMAB']",544
MONDO:0009693,plasma cell myeloma,MONDO:0019019,osteogenesis imperfecta,"['ZOLEDRONIC ACID ANHYDROUS', 'DENOSUMAB', 'CYCLOSPORINE', 'PAMIDRONIC ACID', 'CYCLOPHOSPHAMIDE ANHYDROUS']",14
MONDO:0009693,plasma cell myeloma,MONDO:0019402,Beta-thalassemia,"['ZOLEDRONIC ACID ANHYDROUS', 'CYCLOSPORINE', 'TACROLIMUS ANHYDROUS', 'CHEMBL558551', 'PLERIXAFOR', 'FLUDARABINE', 'FILGRASTIM', 'CHEMBL3210645', 'CHEMBL3560003', 'ALEMTUZUMAB']",118
MONDO:0009693,plasma cell myeloma,MONDO:0005835,Lynch syndrome,['CETUXIMAB'],5
MONDO:0009693,plasma cell myeloma,MONDO:0021055,Familial adenomatous polyposis,['CETUXIMAB'],5
MONDO:0009693,plasma cell myeloma,MONDO:0005657,aspergillosis,"['PHENAZEPAM', 'MIDAZOLAM', 'ITRACONAZOLE', 'CYCLOSPORINE']",22
MONDO:0009693,plasma cell myeloma,MONDO:0015243,allergic bronchopulmonary aspergillosis,['ITRACONAZOLE'],10
MONDO:0009693,plasma cell myeloma,MONDO:0005706,coccidioidomycosis,['ITRACONAZOLE'],7
MONDO:0009693,plasma cell myeloma,MONDO:0019438,AL amyloidosis,"['IXAZOMIB', 'VENETOCLAX', 'DEXAMETHASONE SODIUM PHOSPHATE ENCAPSULATED IN HUMAN ERYTHROCYTES', 'IXAZOMIB CITRATE', 'SELINEXOR', 'ELOTUZUMAB', 'MELPHALAN', 'DEXAMETHASONE', 'DARATUMUMAB', 'BELANTAMAB MAFODOTIN', 'CYCLOPHOSPHAMIDE ANHYDROUS', 'BORTEZOMIB', 'POMALIDOMIDE', 'CHEMBL558551', 'SAR445514', 'FILGRASTIM', 'THALIDOMIDE', 'MELPHALAN FLUFENAMIDE', 'CYCLOPHOSPHAMIDE', 'DEXAMETHASONE VALARATE', 'LENALIDOMIDE', 'DEXAMETHASONE (40 MG TABLET)']",7
MONDO:0009693,plasma cell myeloma,MONDO:0018868,metachromatic leukodystrophy,['CYCLOPHOSPHAMIDE ANHYDROUS'],512
MONDO:0009693,plasma cell myeloma,MONDO:0009499,Krabbe disease,['CYCLOPHOSPHAMIDE ANHYDROUS'],510
MONDO:0009693,plasma cell myeloma,MONDO:0010006,Sandhoff disease,"['LEVOLEUCOVORIN', 'CYCLOPHOSPHAMIDE ANHYDROUS']",503
MONDO:0009693,plasma cell myeloma,MONDO:0010100,Tay-Sachs disease,"['LEVOLEUCOVORIN', 'CYCLOPHOSPHAMIDE ANHYDROUS']",503
MONDO:0009693,plasma cell myeloma,MONDO:0008310,Hutchinson-Gilford progeria syndrome,['PRAVASTATIN / ZOLEDRONIC ACID'],2
MONDO:0009693,plasma cell myeloma,MONDO:0019353,Stargardt disease,['METFORMIN'],5
MONDO:0009693,plasma cell myeloma,MONDO:0010383,fragile X syndrome,['METFORMIN'],5
MONDO:0009693,plasma cell myeloma,MONDO:0016238,Solitary fibrous tumor,"['NIVOLUMAB', 'VORINOSTAT']",7
MONDO:0009693,plasma cell myeloma,MONDO:0008840,Ataxia-telangiectasia,"['DEXAMETHASONE SODIUM PHOSPHATE ENCAPSULATED IN HUMAN ERYTHROCYTES', 'PIOGLITAZONE']",12
MONDO:0009693,plasma cell myeloma,MONDO:0005149,Idiopathic/heritable pulmonary arterial hypertension,"['TADALAFIL', 'ANAKINRA', 'SIMVASTATIN', 'TOCILIZUMAB', 'CHEMBL3560003']",3
MONDO:0009693,plasma cell myeloma,MONDO:0007803,multiple system atrophy,['CHEMBL3560003'],30
MONDO:0009693,plasma cell myeloma,MONDO:0020547,Chronic graft versus host disease,"['PREDNISONE', 'IBRUTINIB', 'IXAZOMIB']",6
MONDO:0009693,plasma cell myeloma,MONDO:0018301,interstitial cystitis,"['CHEMBL3210645', 'TINZAPARIN SODIUM']",31
MONDO:0009693,plasma cell myeloma,MONDO:0015247,Opsoclonus-myoclonus syndrome,"['CYCLOPHOSPHAMIDE', 'DEXAMETHASONE']",80
MONDO:0009693,plasma cell myeloma,MONDO:0017844,Szary syndrome,"['CYCLOPHOSPHAMIDE', 'NIVOLUMAB']",17
MONDO:0009693,plasma cell myeloma,MONDO:0019475,Subcutaneous panniculitis-like T-cell lymphoma,"['CYCLOPHOSPHAMIDE', 'NIVOLUMAB']",17
MONDO:0009693,plasma cell myeloma,MONDO:0009837,Papilloma of choroid plexus,['CYCLOPHOSPHAMIDE'],17
MONDO:0009693,plasma cell myeloma,MONDO:0020561,Myxoid/round cell liposarcoma,"['CYCLOPHOSPHAMIDE', 'PEMBROLIZUMAB']",12
MONDO:0009693,plasma cell myeloma,MONDO:0002728,Rhabdoid tumor,"['CYCLOPHOSPHAMIDE', 'NIVOLUMAB', 'PEMBROLIZUMAB']",12
MONDO:0009693,plasma cell myeloma,MONDO:0005789,Hepatitis delta,"['PEGINTERFERON ALFA-2B', 'NIVOLUMAB', 'PEGINTERFERON ALFA-2A']",3
MONDO:0009693,plasma cell myeloma,MONDO:0018907,Craniopharyngioma,"['DABRAFENIB', 'COBIMETINIB', 'NIVOLUMAB', 'PEGINTERFERON ALFA-2B', 'VEMURAFENIB', 'TRAMETINIB']",8
MONDO:0009693,plasma cell myeloma,MONDO:0044778,Nodular lymphocyte predominant Hodgkin lymphoma,['IBRUTINIB'],6
MONDO:0009693,plasma cell myeloma,MONDO:0018871,Acute myelomonocytic leukemia,['DEXAMETHASONE'],78
MONDO:0009693,plasma cell myeloma,MONDO:0100130,Adult acute respiratory distress syndrome,"['METOPROLOL', 'DEXAMETHASONE']",78
MONDO:0009693,plasma cell myeloma,MONDO:0020331,Indolent systemic mastocytosis,"['MASITINIB MESILATE', 'DASATINIB']",6
MONDO:0009693,plasma cell myeloma,MONDO:0019037,progressive supranuclear palsy,['MASITINIB MESILATE'],5
MONDO:0009693,plasma cell myeloma,MONDO:0035838,Idiopathic multicentric Castleman disease,['SILTUXIMAB'],17
MONDO:0009693,plasma cell myeloma,MONDO:0018842,Primary effusion lymphoma,"['VENETOCLAX', 'BENDAMUSTIN']",4
MONDO:0009693,plasma cell myeloma,MONDO:0016730,Gangliocytoma,"['DABRAFENIB', 'TRAMETINIB']",3
MONDO:0009693,plasma cell myeloma,MONDO:0016755,Neurofibroma,['TRAMETINIB'],4
MONDO:0009693,plasma cell myeloma,MONDO:0018975,Neurofibromatosis type 1,"['SELUMETINIB', 'TRAMETINIB']",5
MONDO:0009693,plasma cell myeloma,MONDO:0012727,Kawasaki disease,['ANAKINRA'],2
MONDO:0009693,plasma cell myeloma,MONDO:0019434,Systemic-onset juvenile idiopathic arthritis,"['TOCILIZUMAB', 'ANAKINRA']",18
MONDO:0009693,plasma cell myeloma,MONDO:0006451,Thymic carcinoma,"['PEMBROLIZUMAB', 'NIVOLUMAB', 'LENVATINIB']",2
MONDO:0009693,plasma cell myeloma,MONDO:0016974,Thymoma type B,"['PEMBROLIZUMAB', 'NIVOLUMAB', 'LENVATINIB']",2
MONDO:0009693,plasma cell myeloma,MONDO:0018088,Familial Mediterranean fever,['TOCILIZUMAB'],2
MONDO:0009693,plasma cell myeloma,MONDO:0019435,Rheumatoid factor-positive polyarticular juvenile idiopathic arthritis,['TOCILIZUMAB'],5
MONDO:0009693,plasma cell myeloma,MONDO:0008538,Giant cell arteritis,"['TOCILIZUMAB', 'PREDNISONE']",12
MONDO:0009693,plasma cell myeloma,MONDO:0016356,Diffuse cutaneous systemic sclerosis,"['POMALIDOMIDE', 'TOCILIZUMAB']",3
MONDO:0009693,plasma cell myeloma,MONDO:0019170,Polyarteritis nodosa,['TOCILIZUMAB'],2
MONDO:0009693,plasma cell myeloma,MONDO:0019432,Rheumatoid factor-negative polyarticular juvenile idiopathic arthritis,['TOCILIZUMAB'],5
MONDO:0009693,plasma cell myeloma,MONDO:0019125,Relapsing polychondritis,['TOCILIZUMAB'],3
MONDO:0009693,plasma cell myeloma,MONDO:0019433,Oligoarticular juvenile idiopathic arthritis,['TOCILIZUMAB'],2
MONDO:0009693,plasma cell myeloma,MONDO:0018304,Schnitzler syndrome,['TOCILIZUMAB'],2
MONDO:0009693,plasma cell myeloma,MONDO:0019167,Immunoglobulin A vasculitis,['TOCILIZUMAB'],2
MONDO:0009693,plasma cell myeloma,MONDO:0012883,Acute promyelocytic leukemia,['IDARUBICIN HYDROCHLORIDE'],2
MONDO:0009693,plasma cell myeloma,MONDO:0010200,Wilson disease,['CELECOXIB'],4
MONDO:0009693,plasma cell myeloma,MONDO:0008542,Tetralogy of Fallot,['FERRIC CARBOXYMALTOSE'],2
MONDO:0009693,plasma cell myeloma,MONDO:0021081,NMDA receptor encephalitis,['INEBILIZUMAB'],2
MONDO:0009693,plasma cell myeloma,MONDO:0018922,Cold agglutinin disease,['BORTEZOMIB'],68
MONDO:0009693,plasma cell myeloma,MONDO:0017816,Primary systemic amyloidosis,"['BORTEZOMIB', 'DARATUMUMAB']",68
MONDO:0009693,plasma cell myeloma,MONDO:0020546,Acute graft versus host disease,['DEFIBROTIDE'],7
MONDO:0009693,plasma cell myeloma,MONDO:0019543,Acquired aneurysmal subarachnoid hemorrhage,['DENOSUMAB'],5
MONDO:0009693,plasma cell myeloma,MONDO:0008147,Osteogenesis imperfecta type 2,['DENOSUMAB'],6
MONDO:0009693,plasma cell myeloma,MONDO:0008148,Osteogenesis imperfecta type 4,['DENOSUMAB'],6
MONDO:0009693,plasma cell myeloma,MONDO:0009804,Osteogenesis imperfecta type 3,['DENOSUMAB'],6
MONDO:0009693,plasma cell myeloma,MONDO:0016681,Gliosarcoma,['POMALIDOMIDE'],41
MONDO:0009693,plasma cell myeloma,MONDO:0016682,Giant cell glioblastoma,['POMALIDOMIDE'],41
MONDO:0009693,plasma cell myeloma,MONDO:0018324,Adult-onset myasthenia gravis,['PREDNISONE'],5
MONDO:0009693,plasma cell myeloma,MONDO:0008380,Retinoblastoma,['MELPHALAN'],24
MONDO:0009693,plasma cell myeloma,MONDO:0010557,Choroideremia,['SIMVASTATIN'],7
MONDO:0009693,plasma cell myeloma,MONDO:0100339,Friedreich ataxia,"['LERIGLITAZONE', 'PIOGLITAZONE']",3
MONDO:0009693,plasma cell myeloma,MONDO:0020492,Hemimegalencephaly,['ALPELISIB'],4
MONDO:0009693,plasma cell myeloma,MONDO:0017177,Hemihyperplasia-multiple lipomatosis syndrome,['ALPELISIB'],4
MONDO:0009693,plasma cell myeloma,MONDO:0018544,X-linked adrenoleukodystrophy,['PIOGLITAZONE'],2
MONDO:0009693,plasma cell myeloma,MONDO:0004691,Autosomal dominant polycystic kidney disease,['PIOGLITAZONE'],2
MONDO:0009693,plasma cell myeloma,MONDO:0018890,Toxic epidermal necrolysis,['FILGRASTIM'],2
MONDO:0009693,plasma cell myeloma,MONDO:0019180,Hereditary hemorrhagic telangiectasia,['THALIDOMIDE'],9
MONDO:0009693,plasma cell myeloma,MONDO:0015278,Familial pancreatic carcinoma,['AUTOLOGOUS T-CELLS EXPRESSING A CHIMERIC NKG2D RECEPTOR'],2
MONDO:0009693,plasma cell myeloma,MONDO:0005136,Malaria,['ACETAMINOPHEN'],33
MONDO:0009693,plasma cell myeloma,MONDO:0019210,Cutaneous neuroendocrine carcinoma,['PEMBROLIZUMAB'],14
MONDO:0009693,plasma cell myeloma,MONDO:0018016,Classic neuroendocrine tumor of appendix,['PEMBROLIZUMAB'],12
MONDO:0009693,plasma cell myeloma,MONDO:0002882,Neuroendocrine tumor of the colon,['PEMBROLIZUMAB'],12
MONDO:0009693,plasma cell myeloma,MONDO:0003646,Neuroendocrine tumor of the rectum,['PEMBROLIZUMAB'],12
MONDO:0009693,plasma cell myeloma,MONDO:0017190,Sporadic pheochromocytoma/secreting paraganglioma,['NIVOLUMAB'],4
MONDO:0009693,plasma cell myeloma,MONDO:0007925,Myelodysplastic syndrome associated with isolated del(5q) chromosome abnormality,['LENALIDOMIDE'],89
MONDO:0009693,plasma cell myeloma,MONDO:0019157,Acquired idiopathic sideroblastic anemia,['LENALIDOMIDE'],87
MONDO:0009693,plasma cell myeloma,MONDO:0020333,Aggressive systemic mastocytosis,['DASATINIB'],2
MONDO:0009693,plasma cell myeloma,MONDO:0016722,Pineoblastoma,['DASATINIB'],2
MONDO:0019136,Zygomycosis,MONDO:0005657,aspergillosis,['ISAVUCONAZONIUM SULFATE'],4
MONDO:0010526,Fabry disease,MONDO:0004976,Amyotrophic lateral sclerosis,['DELTA-9-TETRAHYDROCANNABINOL AND CANNABIDIOL FROM EXTRACTS OF THE CANNABIS SATIVA L. PLANT'],2
MONDO:0010526,Fabry disease,MONDO:0006687,Burning mouth syndrome,['DELTA-9-TETRAHYDROCANNABINOL AND CANNABIDIOL FROM EXTRACTS OF THE CANNABIS SATIVA L. PLANT'],2
MONDO:0010526,Fabry disease,MONDO:0009067,cystinuria,['DAPAGLIFLOZIN'],3
MONDO:0010526,Fabry disease,MONDO:0009267,Gaucher disease type 3,['VENGLUSTAT'],7
MONDO:0010526,Fabry disease,MONDO:0010006,Sandhoff disease,['VENGLUSTAT'],10
MONDO:0010526,Fabry disease,MONDO:0009737,Galactosialidosis,['VENGLUSTAT'],8
MONDO:0010526,Fabry disease,MONDO:0010099,"GM2 gangliosidosis, AB variant",['VENGLUSTAT'],7
MONDO:0010526,Fabry disease,MONDO:0010100,Tay-Sachs disease,['VENGLUSTAT'],10
MONDO:0010526,Fabry disease,MONDO:0004691,Autosomal dominant polycystic kidney disease,['VENGLUSTAT'],9
MONDO:0007959,Medulloblastoma,MONDO:0006486,Uveal melanoma,"['NIVOLUMAB', 'CELYVIR', 'TEMOZOLOMIDE', 'ENTINOSTAT']",3
MONDO:0007959,Medulloblastoma,MONDO:0005072,neuroblastoma,"['DECITABINE', 'RIVOCERANIB', 'TEMOZOLOMIDE', 'CARMUSTINE', 'CELECOXIB', 'BEVACIZUMAB', 'RIBOCICLIB', 'SONIDEGIB', 'CHEMBL1740907', 'PALBOCICLIB', 'ETOPOSIDE', 'TOPOTECAN HYDROCHLORIDE', 'CISPLATIN', 'CHEMBL156', '7-ETHYL-10-HYDROXYCAMPTOTHECIN', 'CYCLOPHOSPHAMIDE ANHYDROUS', 'CHEMBL558551', 'PEGFILGRASTIM', 'FILGRASTIM', 'ISOTRETINOIN', 'NIVOLUMAB', 'VORINOSTAT', 'CELYVIR', 'BEMPEGALDESLEUKIN', 'TOPOTECAN', 'ENTINOSTAT']",5
MONDO:0007959,Medulloblastoma,MONDO:0011996,"chronic myelogenous leukemia, BCR-ABL1 positive","['ETOPOSIDE', 'DECITABINE', 'VALPROIC ACID', 'TIPIFARNIB', 'ISOTRETINOIN', 'CHEMBL156', 'CHEMBL78', 'FILGRASTIM', 'VORINOSTAT', 'BEVACIZUMAB', 'CYCLOPHOSPHAMIDE ANHYDROUS']",37
MONDO:0007959,Medulloblastoma,MONDO:0009891,acquired polycythemia vera,"['POMALIDOMIDE', 'CHEMBL78', 'CHEMBL156', 'VORINOSTAT']",22
MONDO:0007959,Medulloblastoma,MONDO:0100280,Waldenstrom macroglobulinemia,"['CHEMBL1740907', 'ETOPOSIDE', 'VISMODEGIB', 'POMALIDOMIDE', 'CHEMBL558551', 'CHEMBL156', 'FILGRASTIM', 'CYCLOPHOSPHAMIDE ANHYDROUS']",56
MONDO:0007959,Medulloblastoma,MONDO:0013730,graft versus host disease,"['ETOPOSIDE', 'DECITABINE', 'POMALIDOMIDE', 'CHEMBL156', 'CHEMBL78', 'FILGRASTIM', 'SONIDEGIB', 'CYCLOPHOSPHAMIDE ANHYDROUS']",48
MONDO:0007959,Medulloblastoma,MONDO:0018876,mantle cell lymphoma,"['DECITABINE', 'GEMCITABINE', 'CHEMBL78', 'CARMUSTINE', 'LEVOLEUCOVORIN', 'BEVACIZUMAB', 'CHEMBL1740907', 'ETOPOSIDE', 'VISMODEGIB', 'VALPROIC ACID', 'CISPLATIN', 'CHEMBL156', '7-ETHYL-10-HYDROXYCAMPTOTHECIN', 'CYCLOPHOSPHAMIDE ANHYDROUS', 'TIPIFARNIB', 'CHEMBL558551', 'PEGFILGRASTIM', 'FILGRASTIM', 'VORINOSTAT']",13
MONDO:0007959,Medulloblastoma,MONDO:0007915,systemic lupus erythematosus,"['FILGRASTIM', 'CHEMBL156', 'CYCLOPHOSPHAMIDE ANHYDROUS']",33
MONDO:0007959,Medulloblastoma,MONDO:0007650,MALT lymphoma,"['ETOPOSIDE', 'CHEMBL558551', 'CHEMBL156', '7-ETHYL-10-HYDROXYCAMPTOTHECIN', 'FILGRASTIM', 'VORINOSTAT', 'CYCLOPHOSPHAMIDE ANHYDROUS']",30
MONDO:0007959,Medulloblastoma,MONDO:0005100,systemic sclerosis,"['VALPROIC ACID', 'POMALIDOMIDE', 'CHEMBL558551', 'CHEMBL156', 'FILGRASTIM', 'CYCLOPHOSPHAMIDE ANHYDROUS']",62
MONDO:0007959,Medulloblastoma,MONDO:0009692,Primary myelofibrosis,"['POMALIDOMIDE', 'TIPIFARNIB', 'CHEMBL558551', 'NIVOLUMAB', 'CHEMBL156', 'FILGRASTIM', 'SONIDEGIB', 'CYCLOPHOSPHAMIDE ANHYDROUS']",29
MONDO:0007959,Medulloblastoma,MONDO:0018906,follicular lymphoma,"['CHEMBL1740907', 'ETOPOSIDE', 'VISMODEGIB', 'GEMCITABINE', 'CHEMBL558551', 'NIVOLUMAB', 'CHEMBL156', '7-ETHYL-10-HYDROXYCAMPTOTHECIN', 'CHEMBL78', 'CARMUSTINE', 'PEGFILGRASTIM', 'FILGRASTIM', 'VORINOSTAT', 'BEVACIZUMAB', 'CYCLOPHOSPHAMIDE ANHYDROUS']",95
MONDO:0007959,Medulloblastoma,MONDO:0012105,Granulomatosis with polyangiitis,"['CHEMBL156', 'CYCLOPHOSPHAMIDE ANHYDROUS']",30
MONDO:0007959,Medulloblastoma,MONDO:0005388,Primary biliary cholangitis,['CHEMBL156'],18
MONDO:0007959,Medulloblastoma,MONDO:0006806,intermediate uveitis,['CHEMBL156'],19
MONDO:0007959,Medulloblastoma,MONDO:0009688,Myasthenia gravis,"['ETOPOSIDE', 'CHEMBL156', 'CHEMBL78', 'CARMUSTINE', 'CYCLOPHOSPHAMIDE ANHYDROUS']",25
MONDO:0007959,Medulloblastoma,MONDO:0100244,paroxysmal nocturnal hemoglobinuria,['CHEMBL156'],19
MONDO:0007959,Medulloblastoma,MONDO:0019338,sarcoidosis,"['CHEMBL558551', 'CHEMBL156', 'CYCLOPHOSPHAMIDE ANHYDROUS']",16
MONDO:0007959,Medulloblastoma,MONDO:0019200,Retinitis pigmentosa,"['CHEMBL156', 'VALPROIC ACID']",16
MONDO:0007959,Medulloblastoma,MONDO:0016698,Ependymoma,"['ETOPOSIDE', 'TEMOZOLOMIDE', 'INDOXIMOD', 'POMALIDOMIDE', 'NIVOLUMAB', 'CARMUSTINE', 'IMIQUIMOD', 'AFATINIB', 'BEVACIZUMAB', 'BEMPEGALDESLEUKIN', 'ENTINOSTAT', 'CYCLOPHOSPHAMIDE ANHYDROUS']",4
MONDO:0007959,Medulloblastoma,MONDO:0005060,liposarcoma,"['PALBOCICLIB', 'BEVACIZUMAB', 'RIBOCICLIB', 'CYCLOPHOSPHAMIDE ANHYDROUS']",129
MONDO:0007959,Medulloblastoma,MONDO:0019124,microscopic polyangiitis,['CYCLOPHOSPHAMIDE ANHYDROUS'],96
MONDO:0007959,Medulloblastoma,MONDO:0015564,Castleman disease,"['CHEMBL1740907', 'ETOPOSIDE', 'POMALIDOMIDE', 'CHEMBL558551', 'CYCLOPHOSPHAMIDE ANHYDROUS']",69
MONDO:0007959,Medulloblastoma,MONDO:0019438,AL amyloidosis,"['POMALIDOMIDE', 'CHEMBL558551', 'FILGRASTIM', 'CYCLOPHOSPHAMIDE ANHYDROUS']",39
MONDO:0007959,Medulloblastoma,MONDO:0018868,metachromatic leukodystrophy,['CYCLOPHOSPHAMIDE ANHYDROUS'],75
MONDO:0007959,Medulloblastoma,MONDO:0008558,autoimmune thrombocytopenic purpura,"['CHEMBL1740907', 'DECITABINE', 'CYCLOPHOSPHAMIDE ANHYDROUS']",66
MONDO:0007959,Medulloblastoma,MONDO:0009499,Krabbe disease,['CYCLOPHOSPHAMIDE ANHYDROUS'],73
MONDO:0007959,Medulloblastoma,MONDO:0006456,thymoma,"['ETOPOSIDE', 'CISPLATIN', 'BEVACIZUMAB', 'PEMETREXED', 'CYCLOPHOSPHAMIDE ANHYDROUS']",69
MONDO:0007959,Medulloblastoma,MONDO:0010006,Sandhoff disease,"['LEVOLEUCOVORIN', 'CYCLOPHOSPHAMIDE ANHYDROUS']",9
MONDO:0007959,Medulloblastoma,MONDO:0019019,osteogenesis imperfecta,['CYCLOPHOSPHAMIDE ANHYDROUS'],66
MONDO:0007959,Medulloblastoma,MONDO:0010100,Tay-Sachs disease,"['LEVOLEUCOVORIN', 'CYCLOPHOSPHAMIDE ANHYDROUS']",9
MONDO:0007959,Medulloblastoma,MONDO:0005029,essential thrombocythemia,"['POMALIDOMIDE', 'CHEMBL78', 'VORINOSTAT']",12
MONDO:0007959,Medulloblastoma,MONDO:0800029,interstitial lung disease 2,"['CHEMBL558551', 'VISMODEGIB']",3
MONDO:0007959,Medulloblastoma,MONDO:0011719,gastrointestinal stromal tumor,"['PALBOCICLIB', 'RIVOCERANIB', 'GEMCITABINE', 'TEMOZOLOMIDE', 'CISPLATIN', '7-ETHYL-10-HYDROXYCAMPTOTHECIN', 'LEVOLEUCOVORIN', 'BEVACIZUMAB']",14
MONDO:0007959,Medulloblastoma,MONDO:0002728,Rhabdoid tumor,"['PALBOCICLIB', 'TEMOZOLOMIDE', 'TOPOTECAN HYDROCHLORIDE', 'NIVOLUMAB', 'RIBOCICLIB', 'ENTINOSTAT']",3
MONDO:0007959,Medulloblastoma,MONDO:0019373,Desmoplastic small round cell tumor,['PALBOCICLIB'],2
MONDO:0007959,Medulloblastoma,MONDO:0005055,Kaposi\'s sarcoma,"['CHEMBL1740907', 'PALBOCICLIB', 'ETOPOSIDE', 'POMALIDOMIDE', 'BEVACIZUMAB']",3
MONDO:0007959,Medulloblastoma,MONDO:0002142,Undifferentiated pleomorphic sarcoma,"['PALBOCICLIB', 'NIVOLUMAB']",3
MONDO:0007959,Medulloblastoma,MONDO:0005103,Well-differentiated liposarcoma,['PALBOCICLIB'],2
MONDO:0007959,Medulloblastoma,MONDO:0016238,Solitary fibrous tumor,"['PALBOCICLIB', 'NIVOLUMAB']",3
MONDO:0007959,Medulloblastoma,MONDO:0003646,Neuroendocrine tumor of the rectum,['TEMOZOLOMIDE'],5
MONDO:0007959,Medulloblastoma,MONDO:0019960,VIPoma,['TEMOZOLOMIDE'],5
MONDO:0007959,Medulloblastoma,MONDO:0015065,Ileal neuroendocrine tumor,['TEMOZOLOMIDE'],5
MONDO:0007959,Medulloblastoma,MONDO:0002882,Neuroendocrine tumor of the colon,['TEMOZOLOMIDE'],5
MONDO:0007959,Medulloblastoma,MONDO:0019963,Bronchial neuroendocrine tumor,['TEMOZOLOMIDE'],5
MONDO:0007959,Medulloblastoma,MONDO:0003111,Neuroendocrine tumor of stomach,['TEMOZOLOMIDE'],5
MONDO:0007959,Medulloblastoma,MONDO:0016722,Pineoblastoma,['TEMOZOLOMIDE'],5
MONDO:0007959,Medulloblastoma,MONDO:0100347,Carcinoid syndrome,['TEMOZOLOMIDE'],5
MONDO:0007959,Medulloblastoma,MONDO:0015069,Neuroendocrine tumor of anal canal,['TEMOZOLOMIDE'],5
MONDO:0007959,Medulloblastoma,MONDO:0019964,Thymic neuroendocrine tumor,['TEMOZOLOMIDE'],5
MONDO:0007959,Medulloblastoma,MONDO:0009837,Papilloma of choroid plexus,['TEMOZOLOMIDE'],5
MONDO:0007959,Medulloblastoma,MONDO:0015066,Neuroendocrine neoplasm of appendix,['TEMOZOLOMIDE'],5
MONDO:0007959,Medulloblastoma,MONDO:0019959,Glucagonoma,['TEMOZOLOMIDE'],5
MONDO:0007959,Medulloblastoma,MONDO:0019955,GRFoma,['TEMOZOLOMIDE'],5
MONDO:0007959,Medulloblastoma,MONDO:0010604,Hemophilia B,['VALPROIC ACID'],4
MONDO:0007959,Medulloblastoma,MONDO:0004976,Amyotrophic lateral sclerosis,"['CELECOXIB', 'CHEMBL558551', 'VALPROIC ACID']",9
MONDO:0007959,Medulloblastoma,MONDO:0010826,childhood absence epilepsy,['VALPROIC ACID'],5
MONDO:0007959,Medulloblastoma,MONDO:0016642,meningioma,"['BEVACIZUMAB', 'VISMODEGIB']",19
MONDO:0007959,Medulloblastoma,MONDO:0010200,Wilson disease,['CELECOXIB'],7
MONDO:0007959,Medulloblastoma,MONDO:0019402,Beta-thalassemia,"['CHEMBL558551', 'FILGRASTIM']",33
MONDO:0007959,Medulloblastoma,MONDO:0016681,Gliosarcoma,['POMALIDOMIDE'],4
MONDO:0007959,Medulloblastoma,MONDO:0016356,Diffuse cutaneous systemic sclerosis,['POMALIDOMIDE'],6
MONDO:0007959,Medulloblastoma,MONDO:0016682,Giant cell glioblastoma,['POMALIDOMIDE'],4
MONDO:0007959,Medulloblastoma,MONDO:0009348,Classic Hodgkin lymphoma,['NIVOLUMAB'],11
MONDO:0007959,Medulloblastoma,MONDO:0015686,Primary peritoneal carcinoma,['NIVOLUMAB'],10
MONDO:0007959,Medulloblastoma,MONDO:0005028,Adenocarcinoma of the esophagus,['NIVOLUMAB'],4
MONDO:0007959,Medulloblastoma,MONDO:0017844,Szary syndrome,['NIVOLUMAB'],3
MONDO:0007959,Medulloblastoma,MONDO:0019475,Subcutaneous panniculitis-like T-cell lymphoma,['NIVOLUMAB'],3
MONDO:0007959,Medulloblastoma,MONDO:0017190,Sporadic pheochromocytoma/secreting paraganglioma,['NIVOLUMAB'],3
MONDO:0007959,Medulloblastoma,MONDO:0005580,Squamous cell carcinoma of the esophagus,['NIVOLUMAB'],5
MONDO:0007959,Medulloblastoma,MONDO:0006451,Thymic carcinoma,['NIVOLUMAB'],3
MONDO:0007959,Medulloblastoma,MONDO:0006292,Pleural mesothelioma,['NIVOLUMAB'],3
MONDO:0007959,Medulloblastoma,MONDO:0019004,Nephroblastoma,"['NIVOLUMAB', 'ENTINOSTAT']",3
MONDO:0007959,Medulloblastoma,MONDO:0016974,Thymoma type B,['NIVOLUMAB'],3
MONDO:0005060,liposarcoma,MONDO:0018876,mantle cell lymphoma,"['PALBOCICLIB', 'ROMIDEPSIN', 'CHEMBL4303800', 'DOXORUBICIN HYDROCHLORIDE (LIPOSOMAL)', 'DOXORUBICINE HYDROCHLORIDE', 'GEMCITABINE HYDROCHLORIDE', 'BEVACIZUMAB', 'IFOSFAMIDE', 'CYCLOPHOSPHAMIDE ANHYDROUS']",424
MONDO:0005060,liposarcoma,MONDO:0018906,follicular lymphoma,"['AZACITIDINE', 'ROMIDEPSIN', 'CHEMBL4303800', 'DOXORUBICIN HYDROCHLORIDE (LIPOSOMAL)', 'GEMCITABINE HYDROCHLORIDE', 'BEVACIZUMAB', 'IFOSFAMIDE', 'CYCLOPHOSPHAMIDE ANHYDROUS']",44
MONDO:0005060,liposarcoma,MONDO:0006456,thymoma,"['BEVACIZUMAB', 'CHEMBL4303800', 'CYCLOPHOSPHAMIDE ANHYDROUS']",267
MONDO:0005060,liposarcoma,MONDO:0005072,neuroblastoma,"['PALBOCICLIB', 'APG115', 'CHEMBL4303800', 'DOXORUBICINE HYDROCHLORIDE', 'PAZOPANIB HYDROCHLORIDE', 'BEVACIZUMAB', 'IFOSFAMIDE', 'RIBOCICLIB', 'CYCLOPHOSPHAMIDE ANHYDROUS']",16
MONDO:0005060,liposarcoma,MONDO:0005055,Kaposi\'s sarcoma,"['PALBOCICLIB', 'CHEMBL4303800', 'DOXORUBICIN HYDROCHLORIDE (LIPOSOMAL)', 'TRABECTEDIN', 'AXITINIB', 'PAZOPANIB HYDROCHLORIDE', 'BEVACIZUMAB']",3
MONDO:0005060,liposarcoma,MONDO:0015564,Castleman disease,"['CHEMBL4303800', 'CYCLOPHOSPHAMIDE ANHYDROUS']",267
MONDO:0005060,liposarcoma,MONDO:0002728,Rhabdoid tumor,"['PALBOCICLIB', 'ALBUMIN-BINDING PRODRUG OF DOXORUBICIN', 'OLARATUMAB', 'DOXORUBICIN HYDROCHLORIDE (LIPOSOMAL)', 'TRABECTEDIN', 'AXITINIB', 'PAZOPANIB HYDROCHLORIDE', 'IFOSFAMIDE', 'RIBOCICLIB']",3
MONDO:0005060,liposarcoma,MONDO:0002142,Undifferentiated pleomorphic sarcoma,"['PALBOCICLIB', 'ALBUMIN-BINDING PRODRUG OF DOXORUBICIN', 'OLARATUMAB', 'DOXORUBICIN HYDROCHLORIDE (LIPOSOMAL)', 'DOXORUBICINE HYDROCHLORIDE', 'TRABECTEDIN', 'AXITINIB', 'PAZOPANIB HYDROCHLORIDE', 'EVOFOSFAMIDE', 'SUNITINIB MALATE', 'VORINOSTAT', 'IFOSFAMIDE']",4
MONDO:0005060,liposarcoma,MONDO:0019004,Nephroblastoma,"['DOXORUBICIN HYDROCHLORIDE (LIPOSOMAL)', 'DOXORUBICINE HYDROCHLORIDE']",4
MONDO:0005060,liposarcoma,MONDO:0005512,Malignant peritoneal mesothelioma,"['DOXORUBICINE HYDROCHLORIDE', 'VORINOSTAT']",2
MONDO:0005060,liposarcoma,MONDO:0006292,Pleural mesothelioma,"['TRABECTEDIN', 'GEMCITABINE HYDROCHLORIDE', 'DOXORUBICINE HYDROCHLORIDE']",3
MONDO:0005060,liposarcoma,MONDO:0009348,Classic Hodgkin lymphoma,['DOXORUBICINE HYDROCHLORIDE'],2
MONDO:0005060,liposarcoma,MONDO:0015686,Primary peritoneal carcinoma,"['PAZOPANIB HYDROCHLORIDE', 'TRABECTEDIN', 'GEMCITABINE HYDROCHLORIDE', 'DOXORUBICIN HYDROCHLORIDE (LIPOSOMAL)']",2
MONDO:0005060,liposarcoma,MONDO:0020561,Myxoid/round cell liposarcoma,"['TRABECTEDIN', 'PAZOPANIB HYDROCHLORIDE', 'OLARATUMAB', 'DOXORUBICIN HYDROCHLORIDE (LIPOSOMAL)']",3
MONDO:0005060,liposarcoma,MONDO:0019373,Desmoplastic small round cell tumor,"['PALBOCICLIB', 'ALBUMIN-BINDING PRODRUG OF DOXORUBICIN', 'OLARATUMAB', 'DOXORUBICIN HYDROCHLORIDE (LIPOSOMAL)', 'TRABECTEDIN', 'PAZOPANIB HYDROCHLORIDE']",5
MONDO:0005060,liposarcoma,MONDO:0020562,Pleomorphic liposarcoma,"['TRABECTEDIN', 'DOXORUBICIN HYDROCHLORIDE (LIPOSOMAL)']",2
MONDO:0005060,liposarcoma,MONDO:0016238,Solitary fibrous tumor,"['PALBOCICLIB', 'ALBUMIN-BINDING PRODRUG OF DOXORUBICIN', 'OLARATUMAB', 'DOXORUBICIN HYDROCHLORIDE (LIPOSOMAL)', 'TRABECTEDIN', 'AXITINIB', 'PAZOPANIB HYDROCHLORIDE', 'SUNITINIB MALATE', 'VORINOSTAT']",2
MONDO:0005060,liposarcoma,MONDO:0005103,Well-differentiated liposarcoma,"['TRABECTEDIN', 'PAZOPANIB HYDROCHLORIDE', 'PALBOCICLIB']",2
MONDO:0005060,liposarcoma,MONDO:0009691,Classic mycosis fungoides,"['GEMCITABINE HYDROCHLORIDE', 'DOXORUBICIN HYDROCHLORIDE (LIPOSOMAL)']",2
MONDO:0005060,liposarcoma,MONDO:0100280,Waldenstrom macroglobulinemia,"['GEMCITABINE HYDROCHLORIDE', 'CYCLOPHOSPHAMIDE ANHYDROUS']",2
MONDO:0005060,liposarcoma,MONDO:0011996,"chronic myelogenous leukemia, BCR-ABL1 positive","['BEVACIZUMAB', 'AZACITIDINE', 'VORINOSTAT', 'CYCLOPHOSPHAMIDE ANHYDROUS']",35
MONDO:0005060,liposarcoma,MONDO:0013730,graft versus host disease,"['AZACITIDINE', 'CYCLOPHOSPHAMIDE ANHYDROUS']",12
MONDO:0005060,liposarcoma,MONDO:0007650,MALT lymphoma,['CYCLOPHOSPHAMIDE ANHYDROUS'],425
MONDO:0005060,liposarcoma,MONDO:0016698,Ependymoma,"['AZACITIDINE', 'BEVACIZUMAB', 'CYCLOPHOSPHAMIDE ANHYDROUS']",41
MONDO:0005060,liposarcoma,MONDO:0012105,Granulomatosis with polyangiitis,['CYCLOPHOSPHAMIDE ANHYDROUS'],248
MONDO:0005060,liposarcoma,MONDO:0007915,systemic lupus erythematosus,['CYCLOPHOSPHAMIDE ANHYDROUS'],303
MONDO:0005060,liposarcoma,MONDO:0009692,Primary myelofibrosis,"['PLITIDEPSIN', 'CYCLOPHOSPHAMIDE ANHYDROUS']",2
MONDO:0005060,liposarcoma,MONDO:0009688,Myasthenia gravis,['CYCLOPHOSPHAMIDE ANHYDROUS'],222
MONDO:0005060,liposarcoma,MONDO:0019124,microscopic polyangiitis,['CYCLOPHOSPHAMIDE ANHYDROUS'],243
MONDO:0005060,liposarcoma,MONDO:0019438,AL amyloidosis,['CYCLOPHOSPHAMIDE ANHYDROUS'],226
MONDO:0005060,liposarcoma,MONDO:0005100,systemic sclerosis,['CYCLOPHOSPHAMIDE ANHYDROUS'],246
MONDO:0005060,liposarcoma,MONDO:0018868,metachromatic leukodystrophy,['CYCLOPHOSPHAMIDE ANHYDROUS'],222
MONDO:0005060,liposarcoma,MONDO:0008558,autoimmune thrombocytopenic purpura,['CYCLOPHOSPHAMIDE ANHYDROUS'],216
MONDO:0005060,liposarcoma,MONDO:0009499,Krabbe disease,['CYCLOPHOSPHAMIDE ANHYDROUS'],220
MONDO:0005060,liposarcoma,MONDO:0010006,Sandhoff disease,['CYCLOPHOSPHAMIDE ANHYDROUS'],213
MONDO:0005060,liposarcoma,MONDO:0019019,osteogenesis imperfecta,['CYCLOPHOSPHAMIDE ANHYDROUS'],213
MONDO:0005060,liposarcoma,MONDO:0010100,Tay-Sachs disease,['CYCLOPHOSPHAMIDE ANHYDROUS'],213
MONDO:0005060,liposarcoma,MONDO:0019338,sarcoidosis,['CYCLOPHOSPHAMIDE ANHYDROUS'],213
MONDO:0005060,liposarcoma,MONDO:0018271,Peripheral primitive neuroectodermal tumor,"['PAZOPANIB HYDROCHLORIDE', 'ALBUMIN-BINDING PRODRUG OF DOXORUBICIN']",2
MONDO:0005060,liposarcoma,MONDO:0011719,gastrointestinal stromal tumor,"['PALBOCICLIB', 'PAZOPANIB', 'REGORAFENIB', 'OLARATUMAB', 'PAZOPANIB HYDROCHLORIDE', 'SUNITINIB MALATE', 'BEVACIZUMAB']",75
MONDO:0005060,liposarcoma,MONDO:0015278,Familial pancreatic carcinoma,['GEMCITABINE HYDROCHLORIDE'],3
MONDO:0005060,liposarcoma,MONDO:0006486,Uveal melanoma,"['GEMCITABINE HYDROCHLORIDE', 'SUNITINIB MALATE']",2
MONDO:0005060,liposarcoma,MONDO:0004633,"Classic Hodgkin lymphoma, mixed cellularity type",['GEMCITABINE HYDROCHLORIDE'],2
MONDO:0005060,liposarcoma,MONDO:0004620,"Classic Hodgkin lymphoma, lymphocyte-depleted type",['GEMCITABINE HYDROCHLORIDE'],2
MONDO:0005060,liposarcoma,MONDO:0017844,Szary syndrome,['GEMCITABINE HYDROCHLORIDE'],4
MONDO:0005060,liposarcoma,MONDO:0019475,Subcutaneous panniculitis-like T-cell lymphoma,['GEMCITABINE HYDROCHLORIDE'],4
MONDO:0005060,liposarcoma,MONDO:0004665,"Classic Hodgkin lymphoma, nodular sclerosis type",['GEMCITABINE HYDROCHLORIDE'],2
MONDO:0005060,liposarcoma,MONDO:0017190,Sporadic pheochromocytoma/secreting paraganglioma,['SUNITINIB MALATE'],3
MONDO:0005060,liposarcoma,MONDO:0017366,Hereditary pheochromocytoma-paraganglioma,['SUNITINIB MALATE'],3
MONDO:0005060,liposarcoma,MONDO:0015277,Medullary thyroid carcinoma,['SUNITINIB MALATE'],2
MONDO:0005060,liposarcoma,MONDO:0006451,Thymic carcinoma,['SUNITINIB MALATE'],2
MONDO:0005060,liposarcoma,MONDO:0016748,Hemangioblastoma,['SUNITINIB MALATE'],2
MONDO:0005060,liposarcoma,MONDO:0019963,Bronchial neuroendocrine tumor,['PAZOPANIB HYDROCHLORIDE'],2
MONDO:0005060,liposarcoma,MONDO:0019210,Cutaneous neuroendocrine carcinoma,['PAZOPANIB HYDROCHLORIDE'],2
MONDO:0005060,liposarcoma,MONDO:0019964,Thymic neuroendocrine tumor,['PAZOPANIB HYDROCHLORIDE'],2
MONDO:0005060,liposarcoma,MONDO:0016681,Gliosarcoma,['AXITINIB'],2
MONDO:0005060,liposarcoma,MONDO:0007888,Hereditary leiomyomatosis and renal cell cancer,['BROSTALLICIN'],2
MONDO:0005060,liposarcoma,MONDO:0016642,meningioma,['BEVACIZUMAB'],136
MONDO:0005060,liposarcoma,MONDO:0009891,acquired polycythemia vera,['PLITIDEPSIN'],2
MONDO:0005060,liposarcoma,MONDO:0005029,essential thrombocythemia,['PLITIDEPSIN'],2
MONDO:0018016,Classic neuroendocrine tumor of appendix,MONDO:0003111,Neuroendocrine tumor of stomach,['EVEROLIMUS'],9
MONDO:0018016,Classic neuroendocrine tumor of appendix,MONDO:0015065,Ileal neuroendocrine tumor,['EVEROLIMUS'],9
MONDO:0018016,Classic neuroendocrine tumor of appendix,MONDO:0018975,Neurofibromatosis type 1,['EVEROLIMUS'],5
MONDO:0018016,Classic neuroendocrine tumor of appendix,MONDO:0001734,tuberous sclerosis,['EVEROLIMUS'],17
MONDO:0018016,Classic neuroendocrine tumor of appendix,MONDO:0009348,Classic Hodgkin lymphoma,"['PEMBROLIZUMAB', 'EVEROLIMUS']",15
MONDO:0018016,Classic neuroendocrine tumor of appendix,MONDO:0019963,Bronchial neuroendocrine tumor,"['PEMBROLIZUMAB', 'EVEROLIMUS']",11
MONDO:0018016,Classic neuroendocrine tumor of appendix,MONDO:0003646,Neuroendocrine tumor of the rectum,"['PEMBROLIZUMAB', 'EVEROLIMUS']",5
MONDO:0018016,Classic neuroendocrine tumor of appendix,MONDO:0013730,graft versus host disease,['EVEROLIMUS'],6
MONDO:0018016,Classic neuroendocrine tumor of appendix,MONDO:0015069,Neuroendocrine tumor of anal canal,['EVEROLIMUS'],8
MONDO:0018016,Classic neuroendocrine tumor of appendix,MONDO:0100347,Carcinoid syndrome,['EVEROLIMUS'],5
MONDO:0018016,Classic neuroendocrine tumor of appendix,MONDO:0002882,Neuroendocrine tumor of the colon,"['PEMBROLIZUMAB', 'EVEROLIMUS']",5
MONDO:0018016,Classic neuroendocrine tumor of appendix,MONDO:0015066,Neuroendocrine neoplasm of appendix,['EVEROLIMUS'],5
MONDO:0018016,Classic neuroendocrine tumor of appendix,MONDO:0007039,Full NF2-related schwannomatosis,['EVEROLIMUS'],5
MONDO:0018016,Classic neuroendocrine tumor of appendix,MONDO:0000447,Isolated polycystic liver disease,['EVEROLIMUS'],5
MONDO:0018016,Classic neuroendocrine tumor of appendix,MONDO:0020547,Chronic graft versus host disease,['EVEROLIMUS'],5
MONDO:0018016,Classic neuroendocrine tumor of appendix,MONDO:0015277,Medullary thyroid carcinoma,"['PEMBROLIZUMAB', 'EVEROLIMUS']",5
MONDO:0018016,Classic neuroendocrine tumor of appendix,MONDO:0005028,Adenocarcinoma of the esophagus,['PEMBROLIZUMAB'],13
MONDO:0018016,Classic neuroendocrine tumor of appendix,MONDO:0015686,Primary peritoneal carcinoma,['PEMBROLIZUMAB'],5
MONDO:0018016,Classic neuroendocrine tumor of appendix,MONDO:0005580,Squamous cell carcinoma of the esophagus,['PEMBROLIZUMAB'],6
MONDO:0018016,Classic neuroendocrine tumor of appendix,MONDO:0019210,Cutaneous neuroendocrine carcinoma,['PEMBROLIZUMAB'],4
MONDO:0018016,Classic neuroendocrine tumor of appendix,MONDO:0005512,Malignant peritoneal mesothelioma,['PEMBROLIZUMAB'],2
MONDO:0018016,Classic neuroendocrine tumor of appendix,MONDO:0006486,Uveal melanoma,['PEMBROLIZUMAB'],2
MONDO:0018016,Classic neuroendocrine tumor of appendix,MONDO:0002142,Undifferentiated pleomorphic sarcoma,['PEMBROLIZUMAB'],2
MONDO:0018016,Classic neuroendocrine tumor of appendix,MONDO:0018906,follicular lymphoma,['PEMBROLIZUMAB'],2
MONDO:0018016,Classic neuroendocrine tumor of appendix,MONDO:0006451,Thymic carcinoma,['PEMBROLIZUMAB'],2
MONDO:0018016,Classic neuroendocrine tumor of appendix,MONDO:0006468,Anaplastic thyroid carcinoma,['PEMBROLIZUMAB'],2
MONDO:0018016,Classic neuroendocrine tumor of appendix,MONDO:0006292,Pleural mesothelioma,['PEMBROLIZUMAB'],3
MONDO:0018016,Classic neuroendocrine tumor of appendix,MONDO:0016974,Thymoma type B,['PEMBROLIZUMAB'],2
MONDO:0018016,Classic neuroendocrine tumor of appendix,MONDO:0020561,Myxoid/round cell liposarcoma,['PEMBROLIZUMAB'],2
MONDO:0018016,Classic neuroendocrine tumor of appendix,MONDO:0002728,Rhabdoid tumor,['PEMBROLIZUMAB'],2
MONDO:0019371,Narcolepsy type 2,MONDO:0016158,Narcolepsy type 1,"['SOLRIAMFETOL', 'ORALLY AVAILABLE OREXIN 2 RECEPTOR-SELECTIVE AGONIST', 'PITOLISANT', 'TAK 861']",4
MONDO:0007727,Tumor necrosis factor receptor 1 associated periodic syndrome,MONDO:0019434,Systemic-onset juvenile idiopathic arthritis,['CANAKINUMAB'],17
MONDO:0007727,Tumor necrosis factor receptor 1 associated periodic syndrome,MONDO:0009849,Hyperimmunoglobulinemia D with periodic fever,['CANAKINUMAB'],7
MONDO:0007727,Tumor necrosis factor receptor 1 associated periodic syndrome,MONDO:0019355,Adult-onset Still disease,['CANAKINUMAB'],5
MONDO:0007727,Tumor necrosis factor receptor 1 associated periodic syndrome,MONDO:0018088,Familial Mediterranean fever,['CANAKINUMAB'],6
MONDO:0007727,Tumor necrosis factor receptor 1 associated periodic syndrome,MONDO:0011776,CINCA syndrome,['CANAKINUMAB'],5
MONDO:0016698,Ependymoma,MONDO:0018906,follicular lymphoma,"['ETOPOSIDE', 'AZACITIDINE', 'CYCLOPHOSPHAMIDE', 'NIVOLUMAB', 'CARMUSTINE', 'BEVACIZUMAB', 'CYCLOPHOSPHAMIDE ANHYDROUS']",4
MONDO:0016698,Ependymoma,MONDO:0018876,mantle cell lymphoma,"['ETOPOSIDE', 'CYCLOPHOSPHAMIDE', 'CARMUSTINE', 'BEVACIZUMAB', 'CYCLOPHOSPHAMIDE ANHYDROUS']",98
MONDO:0016698,Ependymoma,MONDO:0005072,neuroblastoma,"['ETOPOSIDE', 'TEMOZOLOMIDE', 'CYCLOPHOSPHAMIDE', 'NIVOLUMAB', 'CARMUSTINE', 'BEVACIZUMAB', 'BEMPEGALDESLEUKIN', 'ENTINOSTAT', 'CYCLOPHOSPHAMIDE ANHYDROUS']",6
MONDO:0016698,Ependymoma,MONDO:0009688,Myasthenia gravis,"['CARMUSTINE', 'ETOPOSIDE', 'CYCLOPHOSPHAMIDE ANHYDROUS']",43
MONDO:0016698,Ependymoma,MONDO:0100280,Waldenstrom macroglobulinemia,"['CYCLOPHOSPHAMIDE', 'ETOPOSIDE', 'CYCLOPHOSPHAMIDE ANHYDROUS']",71
MONDO:0016698,Ependymoma,MONDO:0011996,"chronic myelogenous leukemia, BCR-ABL1 positive","['ETOPOSIDE', 'AZACITIDINE', 'BEVACIZUMAB', 'CYCLOPHOSPHAMIDE ANHYDROUS']",60
MONDO:0016698,Ependymoma,MONDO:0013730,graft versus host disease,"['CYCLOPHOSPHAMIDE', 'ETOPOSIDE', 'AZACITIDINE', 'CYCLOPHOSPHAMIDE ANHYDROUS']",37
MONDO:0016698,Ependymoma,MONDO:0007650,MALT lymphoma,"['ETOPOSIDE', 'CYCLOPHOSPHAMIDE ANHYDROUS']",80
MONDO:0016698,Ependymoma,MONDO:0012105,Granulomatosis with polyangiitis,['CYCLOPHOSPHAMIDE ANHYDROUS'],69
MONDO:0016698,Ependymoma,MONDO:0007915,systemic lupus erythematosus,['CYCLOPHOSPHAMIDE ANHYDROUS'],124
MONDO:0016698,Ependymoma,MONDO:0009692,Primary myelofibrosis,"['POMALIDOMIDE', 'NIVOLUMAB', 'CYCLOPHOSPHAMIDE ANHYDROUS']",3
MONDO:0016698,Ependymoma,MONDO:0019124,microscopic polyangiitis,['CYCLOPHOSPHAMIDE ANHYDROUS'],64
MONDO:0016698,Ependymoma,MONDO:0015564,Castleman disease,"['ETOPOSIDE', 'CYCLOPHOSPHAMIDE ANHYDROUS']",37
MONDO:0016698,Ependymoma,MONDO:0019438,AL amyloidosis,"['CYCLOPHOSPHAMIDE', 'POMALIDOMIDE', 'CYCLOPHOSPHAMIDE ANHYDROUS']",35
MONDO:0016698,Ependymoma,MONDO:0005100,systemic sclerosis,"['CYCLOPHOSPHAMIDE', 'CYCLOPHOSPHAMIDE ANHYDROUS']",67
MONDO:0016698,Ependymoma,MONDO:0018868,metachromatic leukodystrophy,['CYCLOPHOSPHAMIDE ANHYDROUS'],43
MONDO:0016698,Ependymoma,MONDO:0008558,autoimmune thrombocytopenic purpura,['CYCLOPHOSPHAMIDE ANHYDROUS'],37
MONDO:0016698,Ependymoma,MONDO:0009499,Krabbe disease,['CYCLOPHOSPHAMIDE ANHYDROUS'],41
MONDO:0016698,Ependymoma,MONDO:0006456,thymoma,"['CHEMBL3186743', 'ETOPOSIDE', 'BEVACIZUMAB', 'CYCLOPHOSPHAMIDE ANHYDROUS']",11
MONDO:0016698,Ependymoma,MONDO:0010006,Sandhoff disease,['CYCLOPHOSPHAMIDE ANHYDROUS'],34
MONDO:0016698,Ependymoma,MONDO:0019019,osteogenesis imperfecta,['CYCLOPHOSPHAMIDE ANHYDROUS'],34
MONDO:0016698,Ependymoma,MONDO:0010100,Tay-Sachs disease,['CYCLOPHOSPHAMIDE ANHYDROUS'],34
MONDO:0016698,Ependymoma,MONDO:0019338,sarcoidosis,['CYCLOPHOSPHAMIDE ANHYDROUS'],34
MONDO:0016698,Ependymoma,MONDO:0011719,gastrointestinal stromal tumor,"['FLUOROURACIL', 'BEVACIZUMAB', 'TEMOZOLOMIDE']",51
MONDO:0016698,Ependymoma,MONDO:0015247,Opsoclonus-myoclonus syndrome,['CYCLOPHOSPHAMIDE'],5
MONDO:0016698,Ependymoma,MONDO:0017844,Szary syndrome,"['CYCLOPHOSPHAMIDE', 'NIVOLUMAB']",3
MONDO:0016698,Ependymoma,MONDO:0019475,Subcutaneous panniculitis-like T-cell lymphoma,"['CYCLOPHOSPHAMIDE', 'NIVOLUMAB']",3
MONDO:0016698,Ependymoma,MONDO:0009837,Papilloma of choroid plexus,"['CYCLOPHOSPHAMIDE', 'METHOTREXATE']",2
MONDO:0016698,Ependymoma,MONDO:0020561,Myxoid/round cell liposarcoma,['CYCLOPHOSPHAMIDE'],3
MONDO:0016698,Ependymoma,MONDO:0002728,Rhabdoid tumor,"['CYCLOPHOSPHAMIDE', 'NIVOLUMAB', 'ENTINOSTAT']",3
MONDO:0016698,Ependymoma,MONDO:0015686,Primary peritoneal carcinoma,"['CYCLOPHOSPHAMIDE', 'NIVOLUMAB']",3
MONDO:0016698,Ependymoma,MONDO:0019004,Nephroblastoma,"['CYCLOPHOSPHAMIDE', 'NIVOLUMAB', 'ENTINOSTAT']",3
MONDO:0016698,Ependymoma,MONDO:0800029,interstitial lung disease 2,['CYCLOPHOSPHAMIDE'],3
MONDO:0016698,Ependymoma,MONDO:0009348,Classic Hodgkin lymphoma,"['CYCLOPHOSPHAMIDE', 'NIVOLUMAB']",11
MONDO:0016698,Ependymoma,MONDO:0005055,Kaposi\'s sarcoma,"['ETOPOSIDE', 'BEVACIZUMAB']",15
MONDO:0016698,Ependymoma,MONDO:0008054,Juvenile dermatomyositis,['METHOTREXATE'],2
MONDO:0016698,Ependymoma,MONDO:0008538,Giant cell arteritis,['METHOTREXATE'],3
MONDO:0016698,Ependymoma,MONDO:0016206,Idiopathic uveal effusion syndrome,['METHOTREXATE'],2
MONDO:0016698,Ependymoma,MONDO:0006806,intermediate uveitis,['METHOTREXATE'],2
MONDO:0016698,Ependymoma,MONDO:0017258,Idiopathic panuveitis,['METHOTREXATE'],2
MONDO:0016698,Ependymoma,MONDO:0018304,Schnitzler syndrome,['METHOTREXATE'],2
MONDO:0016698,Ependymoma,MONDO:0018092,Vogt-Koyanagi-Harada disease,['METHOTREXATE'],2
MONDO:0016698,Ependymoma,MONDO:0020546,Acute graft versus host disease,['METHOTREXATE'],2
MONDO:0016698,Ependymoma,MONDO:0005029,essential thrombocythemia,['POMALIDOMIDE'],10
MONDO:0016698,Ependymoma,MONDO:0009891,acquired polycythemia vera,"['CHEMBL3186743', 'POMALIDOMIDE']",7
MONDO:0016698,Ependymoma,MONDO:0016681,Gliosarcoma,['POMALIDOMIDE'],4
MONDO:0016698,Ependymoma,MONDO:0016356,Diffuse cutaneous systemic sclerosis,['POMALIDOMIDE'],6
MONDO:0016698,Ependymoma,MONDO:0016682,Giant cell glioblastoma,['POMALIDOMIDE'],4
MONDO:0016698,Ependymoma,MONDO:0005028,Adenocarcinoma of the esophagus,['NIVOLUMAB'],4
MONDO:0016698,Ependymoma,MONDO:0017190,Sporadic pheochromocytoma/secreting paraganglioma,['NIVOLUMAB'],3
MONDO:0016698,Ependymoma,MONDO:0002142,Undifferentiated pleomorphic sarcoma,['NIVOLUMAB'],3
MONDO:0016698,Ependymoma,MONDO:0006486,Uveal melanoma,"['NIVOLUMAB', 'ENTINOSTAT']",3
MONDO:0016698,Ependymoma,MONDO:0005580,Squamous cell carcinoma of the esophagus,['NIVOLUMAB'],5
MONDO:0016698,Ependymoma,MONDO:0006451,Thymic carcinoma,['NIVOLUMAB'],3
MONDO:0016698,Ependymoma,MONDO:0006292,Pleural mesothelioma,['NIVOLUMAB'],3
MONDO:0016698,Ependymoma,MONDO:0016238,Solitary fibrous tumor,['NIVOLUMAB'],3
MONDO:0016698,Ependymoma,MONDO:0016974,Thymoma type B,['NIVOLUMAB'],3
MONDO:0016698,Ependymoma,MONDO:0016642,meningioma,['BEVACIZUMAB'],21
MONDO:0012883,Acute promyelocytic leukemia,MONDO:0013730,graft versus host disease,['ENTOSPLETINIB'],2
MONDO:0005580,Squamous cell carcinoma of the esophagus,MONDO:0019963,Bronchial neuroendocrine tumor,"['PEMBROLIZUMAB', 'DURVALUMAB']",6
MONDO:0005580,Squamous cell carcinoma of the esophagus,MONDO:0006486,Uveal melanoma,"['DURVALUMAB', 'IPILIMUMAB', 'PEMBROLIZUMAB', 'NIVOLUMAB', 'TISLELIZUMAB']",8
MONDO:0005580,Squamous cell carcinoma of the esophagus,MONDO:0015686,Primary peritoneal carcinoma,"['DURVALUMAB', 'IPILIMUMAB', 'PEMBROLIZUMAB', 'ATEZOLIZUMAB', 'NIVOLUMAB', 'PACLITAXEL']",12
MONDO:0005580,Squamous cell carcinoma of the esophagus,MONDO:0006468,Anaplastic thyroid carcinoma,"['PEMBROLIZUMAB', 'DURVALUMAB', 'PACLITAXEL']",6
MONDO:0005580,Squamous cell carcinoma of the esophagus,MONDO:0018906,follicular lymphoma,"['DURVALUMAB', 'PEMBROLIZUMAB', 'ATEZOLIZUMAB', 'NIVOLUMAB', 'TIRAGOLUMAB']",9
MONDO:0005580,Squamous cell carcinoma of the esophagus,MONDO:0018876,mantle cell lymphoma,"['ATEZOLIZUMAB', 'DURVALUMAB']",8
MONDO:0005580,Squamous cell carcinoma of the esophagus,MONDO:0015277,Medullary thyroid carcinoma,"['PEMBROLIZUMAB', 'DURVALUMAB', 'LENVATINIB']",8
MONDO:0005580,Squamous cell carcinoma of the esophagus,MONDO:0006292,Pleural mesothelioma,"['DURVALUMAB', 'IPILIMUMAB', 'PEMBROLIZUMAB', 'ATEZOLIZUMAB', 'NIVOLUMAB']",11
MONDO:0005580,Squamous cell carcinoma of the esophagus,MONDO:0005028,Adenocarcinoma of the esophagus,"['DURVALUMAB', 'PEMBROLIZUMAB', 'ATEZOLIZUMAB', 'NIVOLUMAB', 'RAMUCIRUMAB', 'LENVATINIB']",7
MONDO:0005580,Squamous cell carcinoma of the esophagus,MONDO:0006451,Thymic carcinoma,"['PEMBROLIZUMAB', 'ATEZOLIZUMAB', 'NIVOLUMAB', 'LENVATINIB']",7
MONDO:0005580,Squamous cell carcinoma of the esophagus,MONDO:0016974,Thymoma type B,"['PEMBROLIZUMAB', 'NIVOLUMAB', 'LENVATINIB']",6
MONDO:0005580,Squamous cell carcinoma of the esophagus,MONDO:0019210,Cutaneous neuroendocrine carcinoma,"['PEMBROLIZUMAB', 'IPILIMUMAB', 'PACLITAXEL']",7
MONDO:0005580,Squamous cell carcinoma of the esophagus,MONDO:0800029,interstitial lung disease 2,['AZITHROMYCIN'],2
MONDO:0005580,Squamous cell carcinoma of the esophagus,MONDO:0016575,Primary ciliary dyskinesia,['AZITHROMYCIN'],3
MONDO:0005580,Squamous cell carcinoma of the esophagus,MONDO:0007650,MALT lymphoma,"['ATEZOLIZUMAB', 'AZITHROMYCIN']",8
MONDO:0005580,Squamous cell carcinoma of the esophagus,MONDO:0019338,sarcoidosis,['AZITHROMYCIN'],2
MONDO:0005580,Squamous cell carcinoma of the esophagus,MONDO:0009061,Cystic fibrosis,['AZITHROMYCIN'],2
MONDO:0005580,Squamous cell carcinoma of the esophagus,MONDO:0020561,Myxoid/round cell liposarcoma,"['PEMBROLIZUMAB', 'GSK3845097']",2
MONDO:0005580,Squamous cell carcinoma of the esophagus,MONDO:0017844,Szary syndrome,"['ATEZOLIZUMAB', 'NIVOLUMAB']",7
MONDO:0005580,Squamous cell carcinoma of the esophagus,MONDO:0100280,Waldenstrom macroglobulinemia,['ATEZOLIZUMAB'],7
MONDO:0005580,Squamous cell carcinoma of the esophagus,MONDO:0006456,thymoma,['ATEZOLIZUMAB'],7
MONDO:0005580,Squamous cell carcinoma of the esophagus,MONDO:0005072,neuroblastoma,"['ATEZOLIZUMAB', 'NIVOLUMAB']",8
MONDO:0005580,Squamous cell carcinoma of the esophagus,MONDO:0009691,Classic mycosis fungoides,['ATEZOLIZUMAB'],8
MONDO:0005580,Squamous cell carcinoma of the esophagus,MONDO:0011996,"chronic myelogenous leukemia, BCR-ABL1 positive",['ATEZOLIZUMAB'],7
MONDO:0005580,Squamous cell carcinoma of the esophagus,MONDO:0019004,Nephroblastoma,"['ATEZOLIZUMAB', 'NIVOLUMAB']",8
MONDO:0005580,Squamous cell carcinoma of the esophagus,MONDO:0018842,Primary effusion lymphoma,['ATEZOLIZUMAB'],7
MONDO:0005580,Squamous cell carcinoma of the esophagus,MONDO:0019373,Desmoplastic small round cell tumor,['RAMUCIRUMAB'],2
MONDO:0005580,Squamous cell carcinoma of the esophagus,MONDO:0020492,Hemimegalencephaly,['ALPELISIB'],3
MONDO:0005580,Squamous cell carcinoma of the esophagus,MONDO:0017177,Hemihyperplasia-multiple lipomatosis syndrome,['ALPELISIB'],3
MONDO:0005580,Squamous cell carcinoma of the esophagus,MONDO:0009348,Classic Hodgkin lymphoma,"['PEMBROLIZUMAB', 'TISLELIZUMAB', 'NIVOLUMAB']",18
MONDO:0005580,Squamous cell carcinoma of the esophagus,MONDO:0005512,Malignant peritoneal mesothelioma,['PEMBROLIZUMAB'],6
MONDO:0005580,Squamous cell carcinoma of the esophagus,MONDO:0002142,Undifferentiated pleomorphic sarcoma,"['PEMBROLIZUMAB', 'NIVOLUMAB']",6
MONDO:0005580,Squamous cell carcinoma of the esophagus,MONDO:0002882,Neuroendocrine tumor of the colon,['PEMBROLIZUMAB'],6
MONDO:0005580,Squamous cell carcinoma of the esophagus,MONDO:0002728,Rhabdoid tumor,"['PEMBROLIZUMAB', 'NIVOLUMAB']",6
MONDO:0005580,Squamous cell carcinoma of the esophagus,MONDO:0003646,Neuroendocrine tumor of the rectum,['PEMBROLIZUMAB'],6
MONDO:0005580,Squamous cell carcinoma of the esophagus,MONDO:0019475,Subcutaneous panniculitis-like T-cell lymphoma,['NIVOLUMAB'],4
MONDO:0005580,Squamous cell carcinoma of the esophagus,MONDO:0017190,Sporadic pheochromocytoma/secreting paraganglioma,['NIVOLUMAB'],4
MONDO:0005580,Squamous cell carcinoma of the esophagus,MONDO:0009692,Primary myelofibrosis,['NIVOLUMAB'],4
MONDO:0005580,Squamous cell carcinoma of the esophagus,MONDO:0016238,Solitary fibrous tumor,['NIVOLUMAB'],4
MONDO:0018842,Primary effusion lymphoma,MONDO:0018876,mantle cell lymphoma,"['RITUXIMAB', 'SELICRELUMAB', 'ATEZOLIZUMAB', 'COPANLISIB', 'VENETOCLAX', 'EX VIVO EXPANDED AUTOLOGOUS T CELLS GENETICALLY MODIFIED TO EXPRESS ANTI-CD20 AND CD19 IMMUNORECEPTOR', 'BLINATUMOMAB', 'BENDAMUSTIN', 'CHOP (CYCLOPHOSPHAMIDE, DOXORUBICIN, VINCRISTINE AND PREDNISONE)']",30
MONDO:0018842,Primary effusion lymphoma,MONDO:0018906,follicular lymphoma,"['RITUXIMAB', 'ATEZOLIZUMAB', 'COPANLISIB', 'VENETOCLAX', 'EX VIVO EXPANDED AUTOLOGOUS T CELLS GENETICALLY MODIFIED TO EXPRESS ANTI-CD20 AND CD19 IMMUNORECEPTOR', 'BLINATUMOMAB', 'BENDAMUSTIN', 'CHOP (CYCLOPHOSPHAMIDE, DOXORUBICIN, VINCRISTINE AND PREDNISONE)']",5
MONDO:0018842,Primary effusion lymphoma,MONDO:0007650,MALT lymphoma,"['RITUXIMAB', 'ATEZOLIZUMAB', 'VENETOCLAX', 'EX VIVO EXPANDED AUTOLOGOUS T CELLS GENETICALLY MODIFIED TO EXPRESS ANTI-CD20 AND CD19 IMMUNORECEPTOR', 'BLINATUMOMAB']",8
MONDO:0018842,Primary effusion lymphoma,MONDO:0100280,Waldenstrom macroglobulinemia,"['RITUXIMAB', 'ATEZOLIZUMAB', 'COPANLISIB', 'EX VIVO EXPANDED AUTOLOGOUS T CELLS GENETICALLY MODIFIED TO EXPRESS ANTI-CD20 AND CD19 IMMUNORECEPTOR', 'VENETOCLAX', 'BENDAMUSTIN']",4
MONDO:0018842,Primary effusion lymphoma,MONDO:0019475,Subcutaneous panniculitis-like T-cell lymphoma,"['CHOP (CYCLOPHOSPHAMIDE, DOXORUBICIN, VINCRISTINE AND PREDNISONE)']",4
MONDO:0018842,Primary effusion lymphoma,MONDO:0009348,Classic Hodgkin lymphoma,"['CHOP (CYCLOPHOSPHAMIDE, DOXORUBICIN, VINCRISTINE AND PREDNISONE)']",4
MONDO:0018842,Primary effusion lymphoma,MONDO:0019534,Mixed-type autoimmune hemolytic anemia,['RITUXIMAB'],4
MONDO:0018842,Primary effusion lymphoma,MONDO:0019740,Immune-mediated thrombotic thrombocytopenic purpura,['RITUXIMAB'],6
MONDO:0018842,Primary effusion lymphoma,MONDO:0015247,Opsoclonus-myoclonus syndrome,['RITUXIMAB'],6
MONDO:0018842,Primary effusion lymphoma,MONDO:0019124,microscopic polyangiitis,['RITUXIMAB'],7
MONDO:0018842,Primary effusion lymphoma,MONDO:0012105,Granulomatosis with polyangiitis,['RITUXIMAB'],8
MONDO:0018842,Primary effusion lymphoma,MONDO:0005388,Primary biliary cholangitis,['RITUXIMAB'],4
MONDO:0018842,Primary effusion lymphoma,MONDO:0013730,graft versus host disease,['RITUXIMAB'],4
MONDO:0018842,Primary effusion lymphoma,MONDO:0008538,Giant cell arteritis,['RITUXIMAB'],4
MONDO:0018842,Primary effusion lymphoma,MONDO:0019006,Genetic steroid-resistant nephrotic syndrome,['RITUXIMAB'],4
MONDO:0018842,Primary effusion lymphoma,MONDO:0008558,autoimmune thrombocytopenic purpura,['RITUXIMAB'],5
MONDO:0018842,Primary effusion lymphoma,MONDO:0018324,Adult-onset myasthenia gravis,['RITUXIMAB'],5
MONDO:0018842,Primary effusion lymphoma,MONDO:0018977,Polyneuropathy associated with IgM monoclonal gammopathy with anti-MAG,['RITUXIMAB'],4
MONDO:0018842,Primary effusion lymphoma,MONDO:0019170,Polyarteritis nodosa,['RITUXIMAB'],4
MONDO:0018842,Primary effusion lymphoma,MONDO:0019125,Relapsing polychondritis,['RITUXIMAB'],4
MONDO:0018842,Primary effusion lymphoma,MONDO:0019127,polymyositis,['RITUXIMAB'],4
MONDO:0018842,Primary effusion lymphoma,MONDO:0800029,interstitial lung disease 2,['RITUXIMAB'],4
MONDO:0018842,Primary effusion lymphoma,MONDO:0020547,Chronic graft versus host disease,['RITUXIMAB'],4
MONDO:0018842,Primary effusion lymphoma,MONDO:0006702,Chronic inflammatory demyelinating polyneuropathy,['RITUXIMAB'],4
MONDO:0018842,Primary effusion lymphoma,MONDO:0019067,Idiopathic steroid-sensitive nephrotic syndrome,['RITUXIMAB'],4
MONDO:0018842,Primary effusion lymphoma,MONDO:0019535,Drug-induced autoimmune hemolytic anemia,['RITUXIMAB'],4
MONDO:0018842,Primary effusion lymphoma,MONDO:0019167,Immunoglobulin A vasculitis,['RITUXIMAB'],4
MONDO:0018842,Primary effusion lymphoma,MONDO:0009688,Myasthenia gravis,['RITUXIMAB'],4
MONDO:0018842,Primary effusion lymphoma,MONDO:0007915,systemic lupus erythematosus,['RITUXIMAB'],4
MONDO:0018842,Primary effusion lymphoma,MONDO:0017844,Szary syndrome,['ATEZOLIZUMAB'],3
MONDO:0018842,Primary effusion lymphoma,MONDO:0015686,Primary peritoneal carcinoma,['ATEZOLIZUMAB'],9
MONDO:0018842,Primary effusion lymphoma,MONDO:0006292,Pleural mesothelioma,['ATEZOLIZUMAB'],6
MONDO:0018842,Primary effusion lymphoma,MONDO:0006456,thymoma,['ATEZOLIZUMAB'],2
MONDO:0018842,Primary effusion lymphoma,MONDO:0005072,neuroblastoma,['ATEZOLIZUMAB'],3
MONDO:0018842,Primary effusion lymphoma,MONDO:0009691,Classic mycosis fungoides,['ATEZOLIZUMAB'],3
MONDO:0018842,Primary effusion lymphoma,MONDO:0011996,"chronic myelogenous leukemia, BCR-ABL1 positive","['ATEZOLIZUMAB', 'VENETOCLAX']",5
MONDO:0018842,Primary effusion lymphoma,MONDO:0019004,Nephroblastoma,['ATEZOLIZUMAB'],3
MONDO:0018842,Primary effusion lymphoma,MONDO:0006451,Thymic carcinoma,['ATEZOLIZUMAB'],2
MONDO:0018842,Primary effusion lymphoma,MONDO:0005028,Adenocarcinoma of the esophagus,['ATEZOLIZUMAB'],2
MONDO:0015762,Progressive familial intrahepatic cholestasis,MONDO:0007318,Alagille syndrome,"['OLOROFIM', 'MARALIXIBAT CHLORIDE']",2
MONDO:0015762,Progressive familial intrahepatic cholestasis,MONDO:0005657,aspergillosis,['OLOROFIM'],8
MONDO:0015762,Progressive familial intrahepatic cholestasis,MONDO:0005388,Primary biliary cholangitis,"['OLOROFIM', 'MARALIXIBAT CHLORIDE']",2
MONDO:0015762,Progressive familial intrahepatic cholestasis,MONDO:0013433,Primary sclerosing cholangitis,['MARALIXIBAT CHLORIDE'],16
MONDO:0017919,Exstrophy-epispadias complex,MONDO:0019759,Isolated epispadias,['PRIMARY HUMAN MUSCLE STEM CELLS'],2
MONDO:0010703,Ornithine transcarbamylase deficiency,MONDO:0008815,Argininosuccinic aciduria,['HETEROLOGOUS HUMAN ADULT LIVER DERIVED STEM CELLS'],4
MONDO:0010703,Ornithine transcarbamylase deficiency,MONDO:0009376,Carbamoyl-phosphate synthetase 1 deficiency,['HETEROLOGOUS HUMAN ADULT LIVER DERIVED STEM CELLS'],4
MONDO:0010703,Ornithine transcarbamylase deficiency,MONDO:0008988,Citrullinemia type I,['HETEROLOGOUS HUMAN ADULT LIVER DERIVED STEM CELLS'],4
MONDO:0010703,Ornithine transcarbamylase deficiency,MONDO:0009377,Hyperammonemia due to N-acetylglutamate synthase deficiency,['HETEROLOGOUS HUMAN ADULT LIVER DERIVED STEM CELLS'],4
MONDO:0010703,Ornithine transcarbamylase deficiency,MONDO:0008814,Argininemia,['HETEROLOGOUS HUMAN ADULT LIVER DERIVED STEM CELLS'],4
MONDO:0010214,Xeroderma pigmentosum variant,MONDO:0019600,Xeroderma pigmentosum,['AFAMELANOTIDE'],5
MONDO:0012727,Kawasaki disease,MONDO:0019434,Systemic-onset juvenile idiopathic arthritis,['ANAKINRA'],2
MONDO:0012727,Kawasaki disease,MONDO:0009061,Cystic fibrosis,['ANAKINRA'],2
MONDO:0012727,Kawasaki disease,MONDO:0004976,Amyotrophic lateral sclerosis,['ANAKINRA'],2
MONDO:0005272,Refractory anemia,MONDO:0015040,Refractory anemia with excess blasts type 1,['DARBEPOETIN ALFA'],4
MONDO:0005272,Refractory anemia,MONDO:0007925,Myelodysplastic syndrome associated with isolated del(5q) chromosome abnormality,['DARBEPOETIN ALFA'],4
MONDO:0005272,Refractory anemia,MONDO:0019157,Acquired idiopathic sideroblastic anemia,['DARBEPOETIN ALFA'],4
MONDO:0035669,Acute disseminated encephalomyelitis with anti-MOG antibodies,MONDO:0009688,Myasthenia gravis,"['SATRALIZUMAB', 'ROZANOLIXIZUMAB']",5
MONDO:0035669,Acute disseminated encephalomyelitis with anti-MOG antibodies,MONDO:0035666,Acute transverse myelitis with anti-MOG antibodies,"['SATRALIZUMAB', 'ROZANOLIXIZUMAB']",4
MONDO:0035669,Acute disseminated encephalomyelitis with anti-MOG antibodies,MONDO:0035664,Neuromyelitis optica spectrum disorder with anti-MOG antibodies,['SATRALIZUMAB'],6
MONDO:0035669,Acute disseminated encephalomyelitis with anti-MOG antibodies,MONDO:0021081,NMDA receptor encephalitis,['SATRALIZUMAB'],4
MONDO:0035669,Acute disseminated encephalomyelitis with anti-MOG antibodies,MONDO:0006702,Chronic inflammatory demyelinating polyneuropathy,['ROZANOLIXIZUMAB'],4
MONDO:0035669,Acute disseminated encephalomyelitis with anti-MOG antibodies,MONDO:0018324,Adult-onset myasthenia gravis,['ROZANOLIXIZUMAB'],3
MONDO:0035669,Acute disseminated encephalomyelitis with anti-MOG antibodies,MONDO:0008558,autoimmune thrombocytopenic purpura,['ROZANOLIXIZUMAB'],11
MONDO:0035669,Acute disseminated encephalomyelitis with anti-MOG antibodies,MONDO:0018325,Juvenile myasthenia gravis,['ROZANOLIXIZUMAB'],3
MONDO:0009468,Idiopathic intracranial hypertension,MONDO:0008907,PMM2-CDG,['ACETAZOLAMIDE'],2
MONDO:0009468,Idiopathic intracranial hypertension,MONDO:0008300,Prader-Willi syndrome,['EXENATIDE'],4
MONDO:0009468,Idiopathic intracranial hypertension,MONDO:0018907,Craniopharyngioma,['EXENATIDE'],4
MONDO:0010191,Von Willebrand disease type 3,MONDO:0015628,Von Willebrand disease type 2A,['RECOMBINANT HUMAN VON WILLEBRAND FACTOR'],12
MONDO:0010191,Von Willebrand disease type 3,MONDO:0019565,Von Willebrand disease,['RECOMBINANT HUMAN VON WILLEBRAND FACTOR'],15
MONDO:0010191,Von Willebrand disease type 3,MONDO:0008668,Von Willebrand disease type 1,['RECOMBINANT HUMAN VON WILLEBRAND FACTOR'],12
MONDO:0010191,Von Willebrand disease type 3,MONDO:0015631,Von Willebrand disease type 2N,['RECOMBINANT HUMAN VON WILLEBRAND FACTOR'],8
MONDO:0010191,Von Willebrand disease type 3,MONDO:0015719,Severe hemophilia A,['ANTIHEMOPHILIC FACTOR / VON WILLEBRAND FACTOR COMPLEX (HUMAN)'],2
MONDO:0019344,Antisynthetase syndrome,MONDO:0007915,systemic lupus erythematosus,['DAXDILIMAB'],6
MONDO:0019344,Antisynthetase syndrome,MONDO:0019127,polymyositis,['DAXDILIMAB'],4
MONDO:0019344,Antisynthetase syndrome,MONDO:0015573,Subacute cutaneous lupus erythematosus,['DAXDILIMAB'],4
MONDO:0019344,Antisynthetase syndrome,MONDO:0005100,systemic sclerosis,['DAXDILIMAB'],4
MONDO:0019344,Antisynthetase syndrome,MONDO:0015264,Cryptogenic organizing pneumonia,"['BMS 986278', 'PHOSPHODIESTERASE 4B INHIBITOR']",4
MONDO:0019344,Antisynthetase syndrome,MONDO:0800029,interstitial lung disease 2,"['BMS 986278', 'PHOSPHODIESTERASE 4B INHIBITOR']",7
MONDO:0019344,Antisynthetase syndrome,MONDO:0019338,sarcoidosis,"['BMS 986278', 'PHOSPHODIESTERASE 4B INHIBITOR']",4
MONDO:0016309,"Niemann-Pick disease type C, juvenile neurologic onset",MONDO:0016310,"Niemann-Pick disease type C, adult neurologic onset",['EFAVIRENZ'],2
MONDO:0007318,Alagille syndrome,MONDO:0005657,aspergillosis,['OLOROFIM'],8
MONDO:0007318,Alagille syndrome,MONDO:0005388,Primary biliary cholangitis,"['ODEVIXIBAT', 'OLOROFIM', 'MARALIXIBAT CHLORIDE', 'MARALIXIBAT']",11
MONDO:0007318,Alagille syndrome,MONDO:0013433,Primary sclerosing cholangitis,['MARALIXIBAT CHLORIDE'],9
MONDO:0019203,Acute interstitial pneumonia,MONDO:0800029,interstitial lung disease 2,['BARDOXOLONE METHYL'],2
MONDO:0019203,Acute interstitial pneumonia,MONDO:0018965,Alport syndrome,['BARDOXOLONE METHYL'],2
MONDO:0019203,Acute interstitial pneumonia,MONDO:0004691,Autosomal dominant polycystic kidney disease,['BARDOXOLONE METHYL'],2
MONDO:0019203,Acute interstitial pneumonia,MONDO:0005149,Idiopathic/heritable pulmonary arterial hypertension,['BARDOXOLONE METHYL'],2
MONDO:0019203,Acute interstitial pneumonia,MONDO:0019204,Respiratory bronchiolitis-interstitial lung disease syndrome,['BARDOXOLONE METHYL'],2
MONDO:0019203,Acute interstitial pneumonia,MONDO:0015264,Cryptogenic organizing pneumonia,['BARDOXOLONE METHYL'],2
MONDO:0019324,Pemphigus foliaceus,MONDO:0008219,Pemphigus vulgaris,"['ADENO-ASSOCIATED VIRAL VECTOR SEROTYPE 8 CONTAINING THE HUMAN GLUCOSE-6-PHOSPHATASE GENE', ""SMALL MOLECULE BRUTON'S AGAMMAGLOBULINEMIA TYROSINE KINASE (BKT) INHIBITOR"", 'EFGARTIGIMOD COFORMULATED WITH RECOMBINANT HUMAN HYALURONIDASE PH20 (RHUPH20)']",4
MONDO:0019324,Pemphigus foliaceus,MONDO:0008558,autoimmune thrombocytopenic purpura,['EFGARTIGIMOD COFORMULATED WITH RECOMBINANT HUMAN HYALURONIDASE PH20 (RHUPH20)'],10
MONDO:0019324,Pemphigus foliaceus,MONDO:0009688,Myasthenia gravis,['EFGARTIGIMOD COFORMULATED WITH RECOMBINANT HUMAN HYALURONIDASE PH20 (RHUPH20)'],10
MONDO:0019324,Pemphigus foliaceus,MONDO:0006702,Chronic inflammatory demyelinating polyneuropathy,['EFGARTIGIMOD COFORMULATED WITH RECOMBINANT HUMAN HYALURONIDASE PH20 (RHUPH20)'],9
MONDO:0002303,Central retinal vein occlusion,MONDO:0009891,acquired polycythemia vera,['HYDROXYCARBAMIDE'],3
MONDO:0002303,Central retinal vein occlusion,MONDO:0020331,Indolent systemic mastocytosis,['HYDROXYCARBAMIDE'],2
MONDO:0002303,Central retinal vein occlusion,MONDO:0020333,Aggressive systemic mastocytosis,['HYDROXYCARBAMIDE'],2
MONDO:0002303,Central retinal vein occlusion,MONDO:0005029,essential thrombocythemia,['HYDROXYCARBAMIDE'],2
MONDO:0002303,Central retinal vein occlusion,MONDO:0009925,Pseudoxanthoma elasticum,"['RANIBIZUMAB', 'AFLIBERCEPT']",6
MONDO:0002303,Central retinal vein occlusion,MONDO:0006486,Uveal melanoma,"['RANIBIZUMAB', 'AFLIBERCEPT']",6
MONDO:0006363,Peritoneal cystic mesothelioma,MONDO:0005512,Malignant peritoneal mesothelioma,['RANPIRNASE'],4
MONDO:0006363,Peritoneal cystic mesothelioma,MONDO:0006292,Pleural mesothelioma,['RANPIRNASE'],4
MONDO:0019436,Psoriasis-related juvenile idiopathic arthritis,MONDO:0008538,Giant cell arteritis,['GUSELKUMAB'],9
MONDO:0019436,Psoriasis-related juvenile idiopathic arthritis,MONDO:0021055,Familial adenomatous polyposis,['GUSELKUMAB'],6
MONDO:0019436,Psoriasis-related juvenile idiopathic arthritis,MONDO:0019437,Enthesitis-related juvenile idiopathic arthritis,"['ETANERCEPT', 'IXEKIZUMAB', 'ADALIMUMAB']",10
MONDO:0019436,Psoriasis-related juvenile idiopathic arthritis,MONDO:0007191,Behet disease,['APREMILAST'],10
MONDO:0019436,Psoriasis-related juvenile idiopathic arthritis,MONDO:0018092,Vogt-Koyanagi-Harada disease,['ADALIMUMAB'],14
MONDO:0019436,Psoriasis-related juvenile idiopathic arthritis,MONDO:0000754,Anal fistula,['ADALIMUMAB'],6
MONDO:0019436,Psoriasis-related juvenile idiopathic arthritis,MONDO:0016206,Idiopathic uveal effusion syndrome,['ADALIMUMAB'],14
MONDO:0019436,Psoriasis-related juvenile idiopathic arthritis,MONDO:0019200,Retinitis pigmentosa,['ADALIMUMAB'],6
MONDO:0019436,Psoriasis-related juvenile idiopathic arthritis,MONDO:0006806,intermediate uveitis,['ADALIMUMAB'],16
MONDO:0019436,Psoriasis-related juvenile idiopathic arthritis,MONDO:0019435,Rheumatoid factor-positive polyarticular juvenile idiopathic arthritis,['ADALIMUMAB'],7
MONDO:0019436,Psoriasis-related juvenile idiopathic arthritis,MONDO:0017258,Idiopathic panuveitis,['ADALIMUMAB'],16
MONDO:0019436,Psoriasis-related juvenile idiopathic arthritis,MONDO:0019433,Oligoarticular juvenile idiopathic arthritis,"['ETANERCEPT', 'ADALIMUMAB']",6
MONDO:0019436,Psoriasis-related juvenile idiopathic arthritis,MONDO:0019432,Rheumatoid factor-negative polyarticular juvenile idiopathic arthritis,['ADALIMUMAB'],7
MONDO:0019436,Psoriasis-related juvenile idiopathic arthritis,MONDO:0005388,Primary biliary cholangitis,['USTEKINUMAB'],9
MONDO:0019436,Psoriasis-related juvenile idiopathic arthritis,MONDO:0005312,Pouchitis,['USTEKINUMAB'],9
MONDO:0019436,Psoriasis-related juvenile idiopathic arthritis,MONDO:0019338,sarcoidosis,['USTEKINUMAB'],12
MONDO:0019436,Psoriasis-related juvenile idiopathic arthritis,MONDO:0007915,systemic lupus erythematosus,['USTEKINUMAB'],9
MONDO:0010100,Tay-Sachs disease,MONDO:0018906,follicular lymphoma,['CYCLOPHOSPHAMIDE ANHYDROUS'],492
MONDO:0010100,Tay-Sachs disease,MONDO:0100280,Waldenstrom macroglobulinemia,['CYCLOPHOSPHAMIDE ANHYDROUS'],176
MONDO:0010100,Tay-Sachs disease,MONDO:0018876,mantle cell lymphoma,"['LEVOLEUCOVORIN', 'CYCLOPHOSPHAMIDE ANHYDROUS']",424
MONDO:0010100,Tay-Sachs disease,MONDO:0011996,"chronic myelogenous leukemia, BCR-ABL1 positive",['CYCLOPHOSPHAMIDE ANHYDROUS'],260
MONDO:0010100,Tay-Sachs disease,MONDO:0013730,graft versus host disease,['CYCLOPHOSPHAMIDE ANHYDROUS'],152
MONDO:0010100,Tay-Sachs disease,MONDO:0007650,MALT lymphoma,['CYCLOPHOSPHAMIDE ANHYDROUS'],214
MONDO:0010100,Tay-Sachs disease,MONDO:0012105,Granulomatosis with polyangiitis,['CYCLOPHOSPHAMIDE ANHYDROUS'],37
MONDO:0010100,Tay-Sachs disease,MONDO:0007915,systemic lupus erythematosus,['CYCLOPHOSPHAMIDE ANHYDROUS'],92
MONDO:0010100,Tay-Sachs disease,MONDO:0005072,neuroblastoma,['CYCLOPHOSPHAMIDE ANHYDROUS'],67
MONDO:0010100,Tay-Sachs disease,MONDO:0009692,Primary myelofibrosis,['CYCLOPHOSPHAMIDE ANHYDROUS'],72
MONDO:0010100,Tay-Sachs disease,MONDO:0009688,Myasthenia gravis,['CYCLOPHOSPHAMIDE ANHYDROUS'],11
MONDO:0010100,Tay-Sachs disease,MONDO:0019124,microscopic polyangiitis,['CYCLOPHOSPHAMIDE ANHYDROUS'],32
MONDO:0010100,Tay-Sachs disease,MONDO:0015564,Castleman disease,['CYCLOPHOSPHAMIDE ANHYDROUS'],5
MONDO:0010100,Tay-Sachs disease,MONDO:0019438,AL amyloidosis,['CYCLOPHOSPHAMIDE ANHYDROUS'],15
MONDO:0010100,Tay-Sachs disease,MONDO:0005100,systemic sclerosis,['CYCLOPHOSPHAMIDE ANHYDROUS'],35
MONDO:0010100,Tay-Sachs disease,MONDO:0018868,metachromatic leukodystrophy,['CYCLOPHOSPHAMIDE ANHYDROUS'],11
MONDO:0010100,Tay-Sachs disease,MONDO:0008558,autoimmune thrombocytopenic purpura,['CYCLOPHOSPHAMIDE ANHYDROUS'],5
MONDO:0010100,Tay-Sachs disease,MONDO:0009499,Krabbe disease,['CYCLOPHOSPHAMIDE ANHYDROUS'],9
MONDO:0010100,Tay-Sachs disease,MONDO:0006456,thymoma,['CYCLOPHOSPHAMIDE ANHYDROUS'],5
MONDO:0010100,Tay-Sachs disease,MONDO:0010006,Sandhoff disease,"['PYRIMETHAMINE', 'VENGLUSTAT', 'LEVOLEUCOVORIN', 'CYCLOPHOSPHAMIDE ANHYDROUS']",3
MONDO:0010100,Tay-Sachs disease,MONDO:0019019,osteogenesis imperfecta,['CYCLOPHOSPHAMIDE ANHYDROUS'],2
MONDO:0010100,Tay-Sachs disease,MONDO:0019338,sarcoidosis,['CYCLOPHOSPHAMIDE ANHYDROUS'],2
MONDO:0010100,Tay-Sachs disease,MONDO:0011719,gastrointestinal stromal tumor,['LEVOLEUCOVORIN'],11
MONDO:0010100,Tay-Sachs disease,MONDO:0009267,Gaucher disease type 3,['VENGLUSTAT'],5
MONDO:0010100,Tay-Sachs disease,MONDO:0009737,Galactosialidosis,['VENGLUSTAT'],6
MONDO:0010100,Tay-Sachs disease,MONDO:0010099,"GM2 gangliosidosis, AB variant",['VENGLUSTAT'],5
MONDO:0010100,Tay-Sachs disease,MONDO:0004691,Autosomal dominant polycystic kidney disease,['VENGLUSTAT'],7
MONDO:0010100,Tay-Sachs disease,MONDO:0005136,Malaria,['PYRIMETHAMINE'],4
MONDO:0015787,Bleeding disorder in hemophilia A carriers,MONDO:0015788,Bleeding disorder in hemophilia B carriers,"['EPTACOG ALFA (ACTIVATED)', 'PEGYLATED RECOMBINANT FACTOR VIIA', 'GENTAMICIN', 'ANTI-INHIBITOR COAGULANT COMPLEX']",3
MONDO:0015787,Bleeding disorder in hemophilia A carriers,MONDO:0015715,Severe hemophilia B,"['SEQUENCE-MODIFIED HUMAN RECOMBINANT FACTOR VIIA', 'EPTACOG ALFA (ACTIVATED)', 'GENTAMICIN', 'CONCIZUMAB', 'ANTI-INHIBITOR COAGULANT COMPLEX', 'ATALUREN', 'PEGYLATED RECOMBINANT FACTOR VIIA']",2
MONDO:0015787,Bleeding disorder in hemophilia A carriers,MONDO:0015716,Moderate hemophilia B,"['SEQUENCE-MODIFIED HUMAN RECOMBINANT FACTOR VIIA', 'EPTACOG ALFA (ACTIVATED)', 'GENTAMICIN', 'CONCIZUMAB', 'ANTI-INHIBITOR COAGULANT COMPLEX', 'ATALUREN', 'PEGYLATED RECOMBINANT FACTOR VIIA']",5
MONDO:0015787,Bleeding disorder in hemophilia A carriers,MONDO:0015720,Moderate hemophilia A,"['SEQUENCE-MODIFIED HUMAN RECOMBINANT FACTOR VIIA', 'EPTACOG ALFA (ACTIVATED)', 'RECOMBINANT PORCINE FACTOR VIII (B DOMAIN DELETED)', 'GENTAMICIN', 'CONCIZUMAB', 'ANTI-INHIBITOR COAGULANT COMPLEX', 'ATALUREN', 'PEGYLATED RECOMBINANT FACTOR VIIA', 'HUMANISED MONOCLONAL MODIFIED IGG4 ANTIBODY WITH BISPECIFIC STRUCTURE TARGETING FACTORS IX, IXA, X AND XA']",12
MONDO:0015787,Bleeding disorder in hemophilia A carriers,MONDO:0015719,Severe hemophilia A,"['SEQUENCE-MODIFIED HUMAN RECOMBINANT FACTOR VIIA', 'EPTACOG ALFA (ACTIVATED)', 'RECOMBINANT PORCINE FACTOR VIII (B DOMAIN DELETED)', 'GENTAMICIN', 'CONCIZUMAB', 'ANTI-INHIBITOR COAGULANT COMPLEX', 'ATALUREN', 'PEGYLATED RECOMBINANT FACTOR VIIA', 'HUMANISED MONOCLONAL MODIFIED IGG4 ANTIBODY WITH BISPECIFIC STRUCTURE TARGETING FACTORS IX, IXA, X AND XA']",3
MONDO:0015787,Bleeding disorder in hemophilia A carriers,MONDO:0015721,Mild hemophilia A,"['EPTACOG ALFA (ACTIVATED)', 'CONCIZUMAB', 'HUMANISED MONOCLONAL MODIFIED IGG4 ANTIBODY WITH BISPECIFIC STRUCTURE TARGETING FACTORS IX, IXA, X AND XA']",4
MONDO:0015787,Bleeding disorder in hemophilia A carriers,MONDO:0010602,hemophilia A,"['EPTACOG ALFA (ACTIVATED)', 'RECOMBINANT PORCINE FACTOR VIII (B DOMAIN DELETED)', 'CONCIZUMAB', 'NNC0365-3769 A', 'HUMANISED MONOCLONAL MODIFIED IGG4 ANTIBODY WITH BISPECIFIC STRUCTURE TARGETING FACTORS IX, IXA, X AND XA']",3
MONDO:0015787,Bleeding disorder in hemophilia A carriers,MONDO:0010679,Duchenne muscular dystrophy,['ATALUREN'],26
MONDO:0015787,Bleeding disorder in hemophilia A carriers,MONDO:0009061,Cystic fibrosis,['ATALUREN'],22
MONDO:0015787,Bleeding disorder in hemophilia A carriers,MONDO:0007119,Isolated aniridia,['ATALUREN'],2
MONDO:0015787,Bleeding disorder in hemophilia A carriers,MONDO:0015717,Mild hemophilia B,"['EPTACOG ALFA (ACTIVATED)', 'CONCIZUMAB']",5
MONDO:0015787,Bleeding disorder in hemophilia A carriers,MONDO:0010604,Hemophilia B,['CONCIZUMAB'],2
MONDO:0018979,Multifocal motor neuropathy,MONDO:0008558,autoimmune thrombocytopenic purpura,['HUMAN NORMAL IMMUNOGLOBULIN'],7
MONDO:0018979,Multifocal motor neuropathy,MONDO:0009688,Myasthenia gravis,['HUMAN NORMAL IMMUNOGLOBULIN'],9
MONDO:0018979,Multifocal motor neuropathy,MONDO:0017409,Fetal cytomegalovirus syndrome,['HUMAN NORMAL IMMUNOGLOBULIN'],2
MONDO:0018979,Multifocal motor neuropathy,MONDO:0006702,Chronic inflammatory demyelinating polyneuropathy,['HUMAN NORMAL IMMUNOGLOBULIN'],9
MONDO:0018979,Multifocal motor neuropathy,MONDO:0019945,Solar urticaria,['HUMAN NORMAL IMMUNOGLOBULIN'],2
MONDO:0018979,Multifocal motor neuropathy,MONDO:0016356,Diffuse cutaneous systemic sclerosis,['HUMAN NORMAL IMMUNOGLOBULIN'],2
MONDO:0018979,Multifocal motor neuropathy,MONDO:0800029,interstitial lung disease 2,['HUMAN NORMAL IMMUNOGLOBULIN'],2
MONDO:0018979,Multifocal motor neuropathy,MONDO:0019369,Complex regional pain syndrome,['HUMAN NORMAL IMMUNOGLOBULIN'],2
MONDO:0018979,Multifocal motor neuropathy,MONDO:0008219,Pemphigus vulgaris,['HUMAN NORMAL IMMUNOGLOBULIN'],2
MONDO:0019355,Adult-onset Still disease,MONDO:0015545,Macrophage activation syndrome,['EMAPALUMAB'],12
MONDO:0019355,Adult-onset Still disease,MONDO:0007915,systemic lupus erythematosus,['EMAPALUMAB'],12
MONDO:0019355,Adult-onset Still disease,MONDO:0019434,Systemic-onset juvenile idiopathic arthritis,"['EMAPALUMAB', 'CANAKINUMAB']",14
MONDO:0019355,Adult-onset Still disease,MONDO:0009849,Hyperimmunoglobulinemia D with periodic fever,['CANAKINUMAB'],4
MONDO:0019355,Adult-onset Still disease,MONDO:0018088,Familial Mediterranean fever,['CANAKINUMAB'],3
MONDO:0019355,Adult-onset Still disease,MONDO:0011776,CINCA syndrome,['CANAKINUMAB'],2
MONDO:0016673,Localized junctional epidermolysis bullosa,MONDO:0019310,Recessive dystrophic epidermolysis bullosa inversa,['ALLANTOIN'],8
MONDO:0016673,Localized junctional epidermolysis bullosa,MONDO:0019522,"Autosomal recessive generalized dystrophic epidermolysis bullosa, intermediate form",['ALLANTOIN'],8
MONDO:0016673,Localized junctional epidermolysis bullosa,MONDO:0007552,"Localized dystrophic epidermolysis bullosa, pretibial form",['ALLANTOIN'],8
MONDO:0016673,Localized junctional epidermolysis bullosa,MONDO:0019307,Intermediate generalized junctional epidermolysis bullosa,"['EX-VIVO-EXPANDED AUTOLOGOUS HUMAN KERATINOCYTES CONTAINING EPIDERMAL STEM CELLS TRANSDUCED WITH A COL17A1-ENCODING RETROVIRAL VECTOR', 'ALLANTOIN']",7
MONDO:0016673,Localized junctional epidermolysis bullosa,MONDO:0011398,Dystrophic epidermolysis bullosa pruriginosa,['ALLANTOIN'],8
MONDO:0013730,graft versus host disease,MONDO:0018876,mantle cell lymphoma,"['SARGRAMOSTIM', 'DECITABINE', 'TACROLIMUS ANHYDROUS', 'CHEMBL78', 'IBRUTINIB', 'CHEMBL3210645', 'ETOPOSIDE', 'EVEROLIMUS', 'TOCILIZUMAB', 'PACRITINIB', 'CHEMBL156', 'CHEMBL3560003', 'OBINUTUZUMAB', 'FLUDARABINE', 'CYCLOPHOSPHAMIDE ANHYDROUS', 'BORTEZOMIB', 'RITUXIMAB', 'CYCLOSPORINE', 'CHEMBL4776881', 'FILGRASTIM', 'CYCLOPHOSPHAMIDE', 'DEXAMETHASONE VALARATE', 'PREDNISONE', 'LENALIDOMIDE', 'CHEMBL2141644']",29
MONDO:0013730,graft versus host disease,MONDO:0001734,tuberous sclerosis,"['CHEMBL3560003', 'SIROLIMUS', 'EVEROLIMUS']",15
MONDO:0013730,graft versus host disease,MONDO:0100280,Waldenstrom macroglobulinemia,"['TACROLIMUS ANHYDROUS', 'IBRUTINIB', 'CHEMBL3210645', 'ETOPOSIDE', 'EVEROLIMUS', 'CHEMBL156', 'FLUDARABINE', 'OBINUTUZUMAB', 'CYCLOPHOSPHAMIDE ANHYDROUS', 'BORTEZOMIB', 'RITUXIMAB', 'CYCLOSPORINE', 'POMALIDOMIDE', 'FILGRASTIM', 'CYCLOPHOSPHAMIDE', 'DEXAMETHASONE VALARATE', 'LENALIDOMIDE', 'CHEMBL2141644', 'ALEMTUZUMAB']",160
MONDO:0013730,graft versus host disease,MONDO:0011719,gastrointestinal stromal tumor,"['NILOTINIB', 'PREDNISONE', 'IMATINIB', 'EVEROLIMUS']",236
MONDO:0013730,graft versus host disease,MONDO:0011996,"chronic myelogenous leukemia, BCR-ABL1 positive","['SARGRAMOSTIM', 'DECITABINE', 'TACROLIMUS ANHYDROUS', 'CHEMBL78', 'CHEMBL3210645', 'ETOPOSIDE', 'EVEROLIMUS', 'CHEMBL156', 'NILOTINIB', 'CLOFARABINE', 'IMATINIB', 'CHEMBL3560003', 'FLUDARABINE', 'CHEMBL256907', 'CYCLOPHOSPHAMIDE ANHYDROUS', 'BORTEZOMIB', 'RITUXIMAB', 'ALDESLEUKIN', 'CYCLOSPORINE', 'FILGRASTIM', 'AZACITIDINE', 'LENALIDOMIDE', 'CHEMBL2141644', 'RUXOLITINIB']",5
MONDO:0013730,graft versus host disease,MONDO:0016642,meningioma,['EVEROLIMUS'],153
MONDO:0013730,graft versus host disease,MONDO:0010826,childhood absence epilepsy,['CANNABIDIOL'],9
MONDO:0013730,graft versus host disease,MONDO:0016532,Lennox-Gastaut syndrome,['CANNABIDIOL'],15
MONDO:0013730,graft versus host disease,MONDO:0016264,Autoimmune hepatitis,"['CANNABIDIOL', 'CYCLOSPORINE', 'TACROLIMUS ANHYDROUS', 'BUDESONIDE', 'PREDNISONE', 'MYCOPHENOLATE MOFETIL']",6
MONDO:0013730,graft versus host disease,MONDO:0010383,fragile X syndrome,['CANNABIDIOL'],7
MONDO:0013730,graft versus host disease,MONDO:0007739,Huntington disease,"['NILOTINIB', 'CANNABIDIOL']",6
MONDO:0013730,graft versus host disease,MONDO:0018301,interstitial cystitis,"['CHEMBL3210645', 'CANNABIDIOL']",6
MONDO:0013730,graft versus host disease,MONDO:0004976,Amyotrophic lateral sclerosis,"['ALDESLEUKIN', 'CANNABIDIOL', 'TACROLIMUS ANHYDROUS', 'TOCILIZUMAB', 'SIROLIMUS', 'BASILIXIMAB', 'PREDNISONE', 'CHEMBL3210645', 'CHEMBL3560003']",6
MONDO:0013730,graft versus host disease,MONDO:0800029,interstitial lung disease 2,"['CYCLOPHOSPHAMIDE', 'RITUXIMAB', 'BELUMOSUDIL', 'PREDNISONE']",9
MONDO:0013730,graft versus host disease,MONDO:0018906,follicular lymphoma,"['SARGRAMOSTIM', 'TACROLIMUS ANHYDROUS', 'CHEMBL78', 'IBRUTINIB', 'CHEMBL3210645', 'ETOPOSIDE', 'TOCILIZUMAB', 'CHEMBL156', 'OBINUTUZUMAB', 'FLUDARABINE', 'CHEMBL256907', 'CYCLOPHOSPHAMIDE ANHYDROUS', 'BORTEZOMIB', 'RITUXIMAB', 'ALDESLEUKIN', 'CYCLOSPORINE', 'FILGRASTIM', 'AZACITIDINE', 'CYCLOPHOSPHAMIDE', 'BRENTUXIMAB VEDOTIN', 'DEXAMETHASONE VALARATE', 'PREDNISONE', 'LENALIDOMIDE']",94
MONDO:0013730,graft versus host disease,MONDO:0007650,MALT lymphoma,"['BORTEZOMIB', 'RITUXIMAB', 'ETOPOSIDE', 'CHEMBL4776881', 'TACROLIMUS ANHYDROUS', 'CHEMBL156', 'FILGRASTIM', 'LENALIDOMIDE', 'CHEMBL3210645', 'FLUDARABINE', 'CYCLOPHOSPHAMIDE ANHYDROUS']",6
MONDO:0013730,graft versus host disease,MONDO:0007915,systemic lupus erythematosus,"['USTEKINUMAB', 'CHEMBL3210645', 'TOCILIZUMAB', 'CHEMBL156', 'OBINUTUZUMAB', 'FLUDARABINE', 'CHEMBL3560003', 'CYCLOPHOSPHAMIDE ANHYDROUS', 'RITUXIMAB', 'ALDESLEUKIN', 'HYDROXYCHLOROQUINE', 'FILGRASTIM', 'ATORVASTATIN', 'BARICITINIB', 'BRENTUXIMAB VEDOTIN', 'ABATACEPT', 'DEXAMETHASONE VALARATE', 'PREDNISONE', 'MYCOPHENOLIC ACID']",92
MONDO:0013730,graft versus host disease,MONDO:0005100,systemic sclerosis,"['RITUXIMAB', 'ITACITINIB', 'CYCLOPHOSPHAMIDE', 'TACROLIMUS ANHYDROUS', 'TOCILIZUMAB', 'PREDNISOLONE', 'POMALIDOMIDE', 'CHEMBL156', 'FLUDARABINE', 'IMATINIB', 'NILOTINIB', 'FILGRASTIM', 'MYCOPHENOLIC ACID', 'CHEMBL3210645', 'CHEMBL3560003', 'CYCLOPHOSPHAMIDE ANHYDROUS']",9
MONDO:0013730,graft versus host disease,MONDO:0019124,microscopic polyangiitis,"['RITUXIMAB', 'PREDNISONE', 'INFLIXIMAB', 'CHEMBL3210645', 'MYCOPHENOLATE MOFETIL', 'CYCLOPHOSPHAMIDE ANHYDROUS']",18
MONDO:0013730,graft versus host disease,MONDO:0015943,eosinophilic granulomatosis with polyangiitis,"['RITUXIMAB', 'PREDNISONE']",252
MONDO:0013730,graft versus host disease,MONDO:0009688,Myasthenia gravis,"['RITUXIMAB', 'SARGRAMOSTIM', 'ETOPOSIDE', 'TACROLIMUS ANHYDROUS', 'TOCILIZUMAB', 'CHEMBL156', 'ABATACEPT', 'CHEMBL78', 'PREDNISONE', 'CHEMBL3210645', 'MYCOPHENOLATE MOFETIL', 'CYCLOPHOSPHAMIDE ANHYDROUS']",2
MONDO:0013730,graft versus host disease,MONDO:0008558,autoimmune thrombocytopenic purpura,"['BORTEZOMIB', 'RITUXIMAB', 'DECITABINE', 'ATORVASTATIN', 'CYCLOSPORINE', 'TACROLIMUS ANHYDROUS', 'BARICITINIB', 'DEXAMETHASONE VALARATE', 'PREDNISONE', 'CHEMBL3210645', 'CYCLOPHOSPHAMIDE ANHYDROUS']",4
MONDO:0013730,graft versus host disease,MONDO:0006702,Chronic inflammatory demyelinating polyneuropathy,"['RITUXIMAB', 'MYCOPHENOLATE MOFETIL']",2
MONDO:0013730,graft versus host disease,MONDO:0012105,Granulomatosis with polyangiitis,"['RITUXIMAB', 'CHEMBL156', 'ABATACEPT', 'ETANERCEPT', 'PREDNISONE', 'INFLIXIMAB', 'CHEMBL3210645', 'DACLIZUMAB', 'MYCOPHENOLATE MOFETIL', 'CYCLOPHOSPHAMIDE ANHYDROUS']",2
MONDO:0013730,graft versus host disease,MONDO:0015564,Castleman disease,"['BORTEZOMIB', 'RITUXIMAB', 'ETOPOSIDE', 'POMALIDOMIDE', 'TOCILIZUMAB', 'PREDNISONE', 'CHEMBL3560003', 'CYCLOPHOSPHAMIDE ANHYDROUS']",24
MONDO:0013730,graft versus host disease,MONDO:0005388,Primary biliary cholangitis,"['RITUXIMAB', 'BARICITINIB', 'CHEMBL156', 'BUDESONIDE', 'USTEKINUMAB']",3
MONDO:0013730,graft versus host disease,MONDO:0019338,sarcoidosis,"['RITUXIMAB', 'ATORVASTATIN', 'SIROLIMUS', 'CHEMBL156', 'ABATACEPT', 'USTEKINUMAB', 'DEXAMETHASONE VALARATE', 'PREDNISONE', 'INFLIXIMAB', 'CHEMBL3560003', 'CYCLOPHOSPHAMIDE ANHYDROUS']",25
MONDO:0013730,graft versus host disease,MONDO:0010602,hemophilia A,"['RITUXIMAB', 'PREDNISONE']",247
MONDO:0013730,graft versus host disease,MONDO:0005072,neuroblastoma,"['BORTEZOMIB', 'RITUXIMAB', 'SARGRAMOSTIM', 'ALDESLEUKIN', 'ETOPOSIDE', 'CYCLOSPORINE', 'DECITABINE', 'CYCLOPHOSPHAMIDE', 'TACROLIMUS ANHYDROUS', 'ALEMTUZUMAB', 'CHEMBL156', 'FLUDARABINE', 'FILGRASTIM', 'LENALIDOMIDE', 'CHEMBL3210645', 'CHEMBL3560003', 'CYCLOPHOSPHAMIDE ANHYDROUS']",4
MONDO:0013730,graft versus host disease,MONDO:0019127,polymyositis,"['RITUXIMAB', 'PREDNISONE']",11
MONDO:0013730,graft versus host disease,MONDO:0005029,essential thrombocythemia,"['ITACITINIB', 'CHEMBL78', 'PREDNISONE', 'LENALIDOMIDE', 'RUXOLITINIB']",67
MONDO:0013730,graft versus host disease,MONDO:0009891,acquired polycythemia vera,"['ITACITINIB', 'TACROLIMUS ANHYDROUS', 'POMALIDOMIDE', 'PACRITINIB', 'CHEMBL156', 'FLUDARABINE', 'CHEMBL78', 'IMATINIB', 'PANOBINOSTAT', 'PREDNISONE', 'LENALIDOMIDE', 'CHEMBL2141644', 'CHEMBL3210645', 'RUXOLITINIB']",9
MONDO:0013730,graft versus host disease,MONDO:0010679,Duchenne muscular dystrophy,['PREDNISONE'],250
MONDO:0013730,graft versus host disease,MONDO:0006806,intermediate uveitis,"['TOCILIZUMAB', 'SIROLIMUS', 'CHEMBL156', 'DEXAMETHASONE VALARATE', 'PREDNISONE', 'CHEMBL3560003']",248
MONDO:0013730,graft versus host disease,MONDO:0009692,Primary myelofibrosis,"['ITACITINIB', 'TACROLIMUS ANHYDROUS', 'POMALIDOMIDE', 'PACRITINIB', 'CHEMBL156', 'FLUDARABINE', 'IMATINIB', 'PANOBINOSTAT', 'PREDNISONE', 'FILGRASTIM', 'LENALIDOMIDE', 'CHEMBL2141644', 'CHEMBL3210645', 'RUXOLITINIB', 'CYCLOPHOSPHAMIDE ANHYDROUS']",9
MONDO:0013730,graft versus host disease,MONDO:0009061,Cystic fibrosis,"['HYDROXYCHLOROQUINE', 'SITAGLIPTIN', 'PREDNISONE']",4
MONDO:0013730,graft versus host disease,MONDO:0018596,Systemic polyarteritis nodosa,['MYCOPHENOLATE MOFETIL'],2
MONDO:0013730,graft versus host disease,MONDO:0008219,Pemphigus vulgaris,['MYCOPHENOLATE MOFETIL'],2
MONDO:0013730,graft versus host disease,MONDO:0019725,Pediatric systemic lupus erythematosus,['MYCOPHENOLATE MOFETIL'],2
MONDO:0013730,graft versus host disease,MONDO:0019067,Idiopathic steroid-sensitive nephrotic syndrome,"['RITUXIMAB', 'MYCOPHENOLATE MOFETIL']",4
MONDO:0013730,graft versus host disease,MONDO:0100244,paroxysmal nocturnal hemoglobinuria,"['TACROLIMUS ANHYDROUS', 'CHEMBL3210645', 'FLUDARABINE', 'CHEMBL156']",771
MONDO:0013730,graft versus host disease,MONDO:0019200,Retinitis pigmentosa,"['HYDROXYCHLOROQUINE', 'CHEMBL156']",2
MONDO:0013730,graft versus host disease,MONDO:0020546,Acute graft versus host disease,"['ITACITINIB', 'VEDOLIZUMAB', 'RUXOLITINIB']",3
MONDO:0013730,graft versus host disease,MONDO:0020547,Chronic graft versus host disease,"['ITACITINIB', 'RITUXIMAB', 'EVEROLIMUS', 'SIROLIMUS', 'TACROLIMUS', 'RUXOLITINIB', 'IBRUTINIB', 'ANTI-THYMOCYTE GLOBULIN (ATG)']",2
MONDO:0013730,graft versus host disease,MONDO:0019438,AL amyloidosis,"['BORTEZOMIB', 'CYCLOPHOSPHAMIDE', 'POMALIDOMIDE', 'DEXAMETHASONE VALARATE', 'FILGRASTIM', 'LENALIDOMIDE', 'CYCLOPHOSPHAMIDE ANHYDROUS']",11
MONDO:0013730,graft versus host disease,MONDO:0018868,metachromatic leukodystrophy,['CYCLOPHOSPHAMIDE ANHYDROUS'],161
MONDO:0013730,graft versus host disease,MONDO:0009499,Krabbe disease,['CYCLOPHOSPHAMIDE ANHYDROUS'],159
MONDO:0013730,graft versus host disease,MONDO:0006456,thymoma,"['ETOPOSIDE', 'CYCLOPHOSPHAMIDE ANHYDROUS']",24
MONDO:0013730,graft versus host disease,MONDO:0010006,Sandhoff disease,['CYCLOPHOSPHAMIDE ANHYDROUS'],152
MONDO:0013730,graft versus host disease,MONDO:0019019,osteogenesis imperfecta,"['CYCLOSPORINE', 'CYCLOPHOSPHAMIDE ANHYDROUS']",152
MONDO:0013730,graft versus host disease,MONDO:0009348,Classic Hodgkin lymphoma,"['CYCLOPHOSPHAMIDE', 'RUXOLITINIB', 'PANOBINOSTAT', 'EVEROLIMUS']",6
MONDO:0013730,graft versus host disease,MONDO:0016206,Idiopathic uveal effusion syndrome,['SIROLIMUS'],5
MONDO:0013730,graft versus host disease,MONDO:0021055,Familial adenomatous polyposis,['SIROLIMUS'],2
MONDO:0013730,graft versus host disease,MONDO:0004691,Autosomal dominant polycystic kidney disease,['SIROLIMUS'],2
MONDO:0013730,graft versus host disease,MONDO:0007827,Inclusion body myositis,['SIROLIMUS'],3
MONDO:0013730,graft versus host disease,MONDO:0017258,Idiopathic panuveitis,['SIROLIMUS'],5
MONDO:0013730,graft versus host disease,MONDO:0018092,Vogt-Koyanagi-Harada disease,['SIROLIMUS'],5
MONDO:0013730,graft versus host disease,MONDO:0011927,Tufted angioma,['SIROLIMUS'],2
MONDO:0013730,graft versus host disease,MONDO:0020561,Myxoid/round cell liposarcoma,"['CYCLOPHOSPHAMIDE', 'SIROLIMUS']",2
MONDO:0013730,graft versus host disease,MONDO:0019402,Beta-thalassemia,"['CYCLOSPORINE', 'TACROLIMUS ANHYDROUS', 'SIROLIMUS', 'FLUDARABINE', 'FILGRASTIM', 'CHEMBL3210645', 'CHEMBL3560003', 'ALEMTUZUMAB']",763
MONDO:0013730,graft versus host disease,MONDO:0003111,Neuroendocrine tumor of stomach,['EVEROLIMUS'],7
MONDO:0013730,graft versus host disease,MONDO:0015065,Ileal neuroendocrine tumor,['EVEROLIMUS'],7
MONDO:0013730,graft versus host disease,MONDO:0018975,Neurofibromatosis type 1,['EVEROLIMUS'],3
MONDO:0013730,graft versus host disease,MONDO:0019963,Bronchial neuroendocrine tumor,['EVEROLIMUS'],9
MONDO:0013730,graft versus host disease,MONDO:0003646,Neuroendocrine tumor of the rectum,['EVEROLIMUS'],7
MONDO:0013730,graft versus host disease,MONDO:0015069,Neuroendocrine tumor of anal canal,['EVEROLIMUS'],6
MONDO:0013730,graft versus host disease,MONDO:0100347,Carcinoid syndrome,['EVEROLIMUS'],3
MONDO:0013730,graft versus host disease,MONDO:0002882,Neuroendocrine tumor of the colon,['EVEROLIMUS'],6
MONDO:0013730,graft versus host disease,MONDO:0015066,Neuroendocrine neoplasm of appendix,['EVEROLIMUS'],3
MONDO:0013730,graft versus host disease,MONDO:0007039,Full NF2-related schwannomatosis,['EVEROLIMUS'],3
MONDO:0013730,graft versus host disease,MONDO:0000447,Isolated polycystic liver disease,['EVEROLIMUS'],3
MONDO:0013730,graft versus host disease,MONDO:0015277,Medullary thyroid carcinoma,['EVEROLIMUS'],3
MONDO:0013730,graft versus host disease,MONDO:0005312,Pouchitis,['USTEKINUMAB'],3
MONDO:0013730,graft versus host disease,MONDO:0005149,Idiopathic/heritable pulmonary arterial hypertension,"['IMATINIB', 'CHEMBL3560003']",9
MONDO:0013730,graft versus host disease,MONDO:0007803,multiple system atrophy,['CHEMBL3560003'],263
MONDO:0013730,graft versus host disease,MONDO:0019091,Bronchopulmonary dysplasia,"['BUDESONIDE', 'BECLOMETHASONE DIPROPIONATE']",7
MONDO:0013730,graft versus host disease,MONDO:0015247,Opsoclonus-myoclonus syndrome,"['CYCLOPHOSPHAMIDE', 'RITUXIMAB']",4
MONDO:0013730,graft versus host disease,MONDO:0017844,Szary syndrome,['CYCLOPHOSPHAMIDE'],2
MONDO:0013730,graft versus host disease,MONDO:0019475,Subcutaneous panniculitis-like T-cell lymphoma,"['CYCLOPHOSPHAMIDE', 'ALEMTUZUMAB']",4
MONDO:0013730,graft versus host disease,MONDO:0009837,Papilloma of choroid plexus,['CYCLOPHOSPHAMIDE'],2
MONDO:0013730,graft versus host disease,MONDO:0002728,Rhabdoid tumor,['CYCLOPHOSPHAMIDE'],2
MONDO:0013730,graft versus host disease,MONDO:0015686,Primary peritoneal carcinoma,['CYCLOPHOSPHAMIDE'],2
MONDO:0013730,graft versus host disease,MONDO:0019004,Nephroblastoma,['CYCLOPHOSPHAMIDE'],2
MONDO:0013730,graft versus host disease,MONDO:0044778,Nodular lymphocyte predominant Hodgkin lymphoma,['IBRUTINIB'],3
MONDO:0013730,graft versus host disease,MONDO:0005055,Kaposi\'s sarcoma,"['POMALIDOMIDE', 'ETOPOSIDE', 'LENALIDOMIDE', 'CHEMBL256907']",22
MONDO:0013730,graft versus host disease,MONDO:0016019,Rasmussen subacute encephalitis,['TACROLIMUS'],2
MONDO:0013730,graft versus host disease,MONDO:0015243,allergic bronchopulmonary aspergillosis,['BUDESONIDE'],8
MONDO:0013730,graft versus host disease,MONDO:0013433,Primary sclerosing cholangitis,['VEDOLIZUMAB'],6
MONDO:0013730,graft versus host disease,MONDO:0019534,Mixed-type autoimmune hemolytic anemia,['RITUXIMAB'],2
MONDO:0013730,graft versus host disease,MONDO:0019740,Immune-mediated thrombotic thrombocytopenic purpura,['RITUXIMAB'],4
MONDO:0013730,graft versus host disease,MONDO:0008538,Giant cell arteritis,['RITUXIMAB'],2
MONDO:0013730,graft versus host disease,MONDO:0019006,Genetic steroid-resistant nephrotic syndrome,['RITUXIMAB'],2
MONDO:0013730,graft versus host disease,MONDO:0018324,Adult-onset myasthenia gravis,['RITUXIMAB'],3
MONDO:0013730,graft versus host disease,MONDO:0018977,Polyneuropathy associated with IgM monoclonal gammopathy with anti-MAG,['RITUXIMAB'],2
MONDO:0013730,graft versus host disease,MONDO:0019170,Polyarteritis nodosa,['RITUXIMAB'],2
MONDO:0013730,graft versus host disease,MONDO:0019125,Relapsing polychondritis,['RITUXIMAB'],2
MONDO:0013730,graft versus host disease,MONDO:0019535,Drug-induced autoimmune hemolytic anemia,['RITUXIMAB'],2
MONDO:0013730,graft versus host disease,MONDO:0019167,Immunoglobulin A vasculitis,['RITUXIMAB'],2
MONDO:0013730,graft versus host disease,MONDO:0024686,"tenosynovial giant cell tumor, diffuse type",['NILOTINIB'],5
MONDO:0013730,graft versus host disease,MONDO:0019369,Complex regional pain syndrome,['LENALIDOMIDE'],6
MONDO:0013730,graft versus host disease,MONDO:0005657,aspergillosis,['CYCLOSPORINE'],370
MONDO:0009661,mucopolysaccharidosis type 6,MONDO:0019338,sarcoidosis,['ADALIMUMAB'],6
MONDO:0009661,mucopolysaccharidosis type 6,MONDO:0009735,Netherton syndrome,['ADALIMUMAB'],3
MONDO:0009661,mucopolysaccharidosis type 6,MONDO:0018301,interstitial cystitis,['ADALIMUMAB'],3
MONDO:0018876,mantle cell lymphoma,MONDO:0018906,follicular lymphoma,"['ORELABRUTINIB', 'VINCRISTINE SULFATE LIPOSOMES', 'CHEMBL78', 'CAPIVASERTIB', 'IBRUTINIB', 'BEVACIZUMAB', 'CYTARABINE', 'OXALIPLATINE', 'ETOPOSIDE', 'CHEMBL1740907', 'ROMIDEPSIN', 'DUVORTUXIZUMAB', 'CISPLATIN', 'TOCILIZUMAB', 'ZANDELISIB', 'AUTOLOGOUS T LYMPHOCYTES TRANSDUCED WITH A LENTIVIRUS TO EXPRESS A CHIMERIC (MURINE / HUMAN) ANTIGENIC RECEPTOR (CAR) DIRECTED AGAINST CD19', 'IFOSFAMIDE', 'EPCORITAMAB', 'ENTOSPLETINIB', 'ATEZOLIZUMAB', 'ZANUBRUTINIB', 'LUCATUMUMAB', 'ALISERTIB', 'VORINOSTAT', 'LENALIDOMIDE', 'BUPARLISIB', 'POLATUZUMAB VEDOTIN', 'ACALABRUTINIB', 'DURVALUMAB', 'S65487', 'TACROLIMUS ANHYDROUS', 'HYALURONIDASE', 'VENETOCLAX', 'PLERIXAFOR', 'DASATINIB', 'SALINOMYCIN', 'CHEMBL156', 'ANTI-FCGRIIB (CD32B) MONOCLONAL ANTIBODY', 'OBATOCLAX', 'DARATUMUMAB', 'OBINUTUZUMAB', 'FLUDARABINE', 'CEREBLON E3 LIGASE MODULATOR', 'NEMTABRUTINIB', 'VARLILUMAB', 'DEXAMETHASONE VALARATE', 'EX VIVO EXPANDED AUTOLOGOUS T CELLS GENETICALLY MODIFIED TO EXPRESS ANTI-CD20 AND CD19 IMMUNORECEPTOR', 'PREDNISONE', 'CHOP (CYCLOPHOSPHAMIDE, DOXORUBICIN, VINCRISTINE AND PREDNISONE)', 'CHEMBL126955', 'SARGRAMOSTIM', 'GEMCITABINE', 'OFATUMUMAB', 'IXABEPILONE', 'BLINATUMOMAB', 'CHEMBL3210645', 'BENDAMUSTIN', 'MITOXANTRONE', 'UMBRALISIB', 'IXAZOMIB CITRATE', 'VISMODEGIB', 'HUMANISED ANTI-CD37 MONOCLONAL ANTIBODY CONJUGATED TO MAYTANSINOID DM1', 'GEN3009', 'COPANLISIB', 'BETALUTIN (177LU-TETRAXETAN-TETULOMAB)', 'ENZASTAURIN', 'GOLCADOMIDE', 'CYCLOPHOSPHAMIDE ANHYDROUS', 'BORTEZOMIB', 'CYCLOSPORINE', 'CHEMBL558551', 'PEGFILGRASTIM', 'FILGRASTIM', 'CARFILZOMIB', 'NIVOLUMAB', 'IDELALISIB', 'LONCASTUXIMAB TESIRINE', 'TAFASITAMAB', 'DEXAMETHASONE (40 MG TABLET)', 'BELINOSTAT', 'IMVOTAMAB', 'ZILOVERTAMAB VEDOTIN', 'CHEMBL4303800', 'CARMUSTINE', 'PAN-AKT INHIBITOR', '7-ETHYL-10-HYDROXYCAMPTOTHECIN', 'DOXORUBICIN HYDROCHLORIDE (LIPOSOMAL)', 'GEMCITABINE HYDROCHLORIDE', 'RITUXIMAB', 'PARSACLISIB', 'ISOSORBIDE MONONITRATE', 'GUSACITINIB', 'CYCLOPHOSPHAMIDE', 'PEMBROLIZUMAB', 'INHIBITOR OF THE ANTI-APOPTOTIC PROTEIN B-CELL LYMPHOMA 2 (BCL-2)', 'CHEMBL422897', 'IBRITUMOMAB TIUXETAN']",48
MONDO:0018876,mantle cell lymphoma,MONDO:0006456,thymoma,"['ETOPOSIDE', 'PEMBROLIZUMAB', 'ATEZOLIZUMAB', 'CISPLATIN', 'CHEMBL4303800', 'RAMUCIRUMAB', 'BELINOSTAT', 'BEVACIZUMAB', 'BUPARLISIB', 'CYCLOPHOSPHAMIDE ANHYDROUS']",427
MONDO:0018876,mantle cell lymphoma,MONDO:0005072,neuroblastoma,"['SARGRAMOSTIM', 'DECITABINE', 'TACROLIMUS ANHYDROUS', 'CHEMBL4303800', 'CARMUSTINE', 'CHEMBL3210645', 'BEVACIZUMAB', 'DASATINIB', 'CHEMBL1740907', 'ETOPOSIDE', 'CISPLATIN', 'CHEMBL156', '7-ETHYL-10-HYDROXYCAMPTOTHECIN', 'ABEMACICLIB', 'TEMSIROLIMUS', 'FLUDARABINE', 'CHEMBL3560003', 'ENZASTAURIN', 'IFOSFAMIDE', 'CYCLOPHOSPHAMIDE ANHYDROUS', 'BORTEZOMIB', 'RITUXIMAB', 'CYCLOSPORINE', 'CHEMBL558551', 'PEGFILGRASTIM', 'FILGRASTIM', 'SORAFENIB', 'CYCLOPHOSPHAMIDE', 'PEMBROLIZUMAB', 'ATEZOLIZUMAB', 'NIVOLUMAB', 'DOXORUBICINE HYDROCHLORIDE', 'ALISERTIB', 'VORINOSTAT', 'LENALIDOMIDE']",8
MONDO:0018876,mantle cell lymphoma,MONDO:0005055,Kaposi\'s sarcoma,"['CHEMBL1740907', 'ETOPOSIDE', 'PEMBROLIZUMAB', 'CHEMBL4303800', 'DOXORUBICIN HYDROCHLORIDE (LIPOSOMAL)', 'ABEMACICLIB', 'LENALIDOMIDE', 'BEVACIZUMAB']",135
MONDO:0018876,mantle cell lymphoma,MONDO:0015564,Castleman disease,"['BORTEZOMIB', 'RITUXIMAB', 'ETOPOSIDE', 'CHEMBL1740907', 'TOCILIZUMAB', 'CHEMBL4303800', 'CHEMBL558551', 'ZANUBRUTINIB', 'PREDNISONE', 'CHEMBL3560003', 'CYCLOPHOSPHAMIDE ANHYDROUS']",9
MONDO:0018876,mantle cell lymphoma,MONDO:0001734,tuberous sclerosis,"['CHEMBL3560003', 'EVEROLIMUS']",36
MONDO:0018876,mantle cell lymphoma,MONDO:0100280,Waldenstrom macroglobulinemia,"['CHEMBL126955', 'TACROLIMUS ANHYDROUS', 'ORELABRUTINIB', 'OFATUMUMAB', '18-(P-(<SUP>131</SUP>I)-IODOPHENYL)OCTADECYL PHOSPHOCHOLINE', 'IBRUTINIB', 'VENETOCLAX', 'CHEMBL3210645', 'BENDAMUSTIN', 'DASATINIB', 'OXALIPLATINE', 'ETOPOSIDE', 'IXAZOMIB CITRATE', 'VISMODEGIB', 'CHEMBL1740907', 'EVEROLIMUS', 'UMBRALISIB', 'PAN-AKT INHIBITOR', 'COPANLISIB', 'CHEMBL156', 'GEMCITABINE HYDROCHLORIDE', 'BETALUTIN (177LU-TETRAXETAN-TETULOMAB)', 'DARATUMUMAB', 'PIRTOBRUTINIB', 'ENZASTAURIN', 'FLUDARABINE', 'OBINUTUZUMAB', 'CYCLOPHOSPHAMIDE ANHYDROUS', 'BORTEZOMIB', 'RITUXIMAB', 'ACALABRUTINIB', 'CYCLOSPORINE', 'CHEMBL558551', 'FILGRASTIM', 'CARFILZOMIB', 'NEMTABRUTINIB', 'CYCLOPHOSPHAMIDE', 'PEMBROLIZUMAB', 'ATEZOLIZUMAB', 'ZANUBRUTINIB', 'DEXAMETHASONE VALARATE', 'EX VIVO EXPANDED AUTOLOGOUS T CELLS GENETICALLY MODIFIED TO EXPRESS ANTI-CD20 AND CD19 IMMUNORECEPTOR', 'IDELALISIB', 'LENALIDOMIDE', 'CHEMBL2141644', 'CHEMBL422897', 'IBRITUMOMAB TIUXETAN']",28
MONDO:0018876,mantle cell lymphoma,MONDO:0011719,gastrointestinal stromal tumor,"['BUPARLISIB', 'UMBRALISIB', 'GEMCITABINE', 'EVEROLIMUS', 'PEMBROLIZUMAB', 'CISPLATIN', 'NIVOLUMAB', '7-ETHYL-10-HYDROXYCAMPTOTHECIN', 'PREDNISONE', 'LEVOLEUCOVORIN', 'BEVACIZUMAB', 'SORAFENIB', 'DASATINIB']",118
MONDO:0018876,mantle cell lymphoma,MONDO:0011996,"chronic myelogenous leukemia, BCR-ABL1 positive","['SARGRAMOSTIM', 'DECITABINE', 'TACROLIMUS ANHYDROUS', 'CHEMBL78', 'VENETOCLAX', 'CHEMBL3210645', 'BEVACIZUMAB', 'DASATINIB', 'CYTARABINE', 'MITOXANTRONE', 'ETOPOSIDE', 'EVEROLIMUS', 'VALPROIC ACID', 'PAN-AKT INHIBITOR', 'CHEMBL156', 'TEMSIROLIMUS', 'CHEMBL3560003', 'FLUDARABINE', 'CYCLOPHOSPHAMIDE ANHYDROUS', 'BORTEZOMIB', 'RITUXIMAB', 'CYCLOSPORINE', 'TIPIFARNIB', 'FILGRASTIM', 'SORAFENIB', 'ATEZOLIZUMAB', 'NIVOLUMAB', 'PEGINTERFERON ALFA-2B', 'VORINOSTAT', 'LENALIDOMIDE', 'CHEMBL2141644']",4
MONDO:0018876,mantle cell lymphoma,MONDO:0016642,meningioma,"['EVEROLIMUS', 'PEMBROLIZUMAB', 'NIVOLUMAB', 'ABEMACICLIB', 'BEVACIZUMAB']",20
MONDO:0018876,mantle cell lymphoma,MONDO:0019004,Nephroblastoma,"['CYCLOPHOSPHAMIDE', 'ATEZOLIZUMAB', 'DOXORUBICIN HYDROCHLORIDE (LIPOSOMAL)', 'DOXORUBICINE HYDROCHLORIDE']",5
MONDO:0018876,mantle cell lymphoma,MONDO:0005512,Malignant peritoneal mesothelioma,"['CISPLATIN', 'DOXORUBICINE HYDROCHLORIDE']",2
MONDO:0018876,mantle cell lymphoma,MONDO:0006292,Pleural mesothelioma,"['DURVALUMAB', 'ATEZOLIZUMAB', 'CISPLATIN', 'DOXORUBICINE HYDROCHLORIDE', 'GEMCITABINE HYDROCHLORIDE']",7
MONDO:0018876,mantle cell lymphoma,MONDO:0009348,Classic Hodgkin lymphoma,"['PARSACLISIB', 'CYTARABINE', 'CYCLOPHOSPHAMIDE', 'CISPLATIN', 'OFATUMUMAB', 'DOXORUBICINE HYDROCHLORIDE', 'CHOP (CYCLOPHOSPHAMIDE, DOXORUBICIN, VINCRISTINE AND PREDNISONE)']",4
MONDO:0018876,mantle cell lymphoma,MONDO:0002142,Undifferentiated pleomorphic sarcoma,"['CISPLATIN', 'DOXORUBICIN HYDROCHLORIDE (LIPOSOMAL)', 'DOXORUBICINE HYDROCHLORIDE']",2
MONDO:0018876,mantle cell lymphoma,MONDO:0015686,Primary peritoneal carcinoma,"['DURVALUMAB', 'CYCLOPHOSPHAMIDE', 'ATEZOLIZUMAB', 'DOXORUBICIN HYDROCHLORIDE (PEGYLATED LIPOSOMAL)', 'CISPLATIN', 'DOXORUBICIN HYDROCHLORIDE (LIPOSOMAL)', 'GEMCITABINE HYDROCHLORIDE']",7
MONDO:0018876,mantle cell lymphoma,MONDO:0800029,interstitial lung disease 2,"['RITUXIMAB', 'VISMODEGIB', 'CYCLOPHOSPHAMIDE', 'CHEMBL558551', 'PREDNISONE']",28
MONDO:0018876,mantle cell lymphoma,MONDO:0007650,MALT lymphoma,"['CHEMBL126955', 'TACROLIMUS ANHYDROUS', 'OFATUMUMAB', 'BLINATUMOMAB', 'CHEMBL3210645', 'VENETOCLAX', 'DASATINIB', 'ETOPOSIDE', 'HUMANISED ANTI-CD37 MONOCLONAL ANTIBODY CONJUGATED TO MAYTANSINOID DM1', 'CHEMBL156', '7-ETHYL-10-HYDROXYCAMPTOTHECIN', 'OBINUTUZUMAB', 'FLUDARABINE', 'CYCLOPHOSPHAMIDE ANHYDROUS', 'BORTEZOMIB', 'RITUXIMAB', 'CHEMBL4776881', 'CHEMBL558551', 'FILGRASTIM', 'ATEZOLIZUMAB', 'LUCATUMUMAB', 'EX VIVO EXPANDED AUTOLOGOUS T CELLS GENETICALLY MODIFIED TO EXPRESS ANTI-CD20 AND CD19 IMMUNORECEPTOR', 'VORINOSTAT', 'LENALIDOMIDE', 'CHEMBL422897', 'IBRITUMOMAB TIUXETAN']",32
MONDO:0018876,mantle cell lymphoma,MONDO:0007915,systemic lupus erythematosus,"['RITUXIMAB', 'DARATUMUMAB', 'ORELABRUTINIB', 'TOCILIZUMAB', 'CHEMBL156', 'FLUDARABINE', 'DEXAMETHASONE VALARATE', 'PREDNISONE', 'FILGRASTIM', 'CHEMBL3560003', 'CHEMBL3210645', 'OBINUTUZUMAB', 'CYCLOPHOSPHAMIDE ANHYDROUS']",118
MONDO:0018876,mantle cell lymphoma,MONDO:0005100,systemic sclerosis,"['RITUXIMAB', 'VALPROIC ACID', 'CYCLOPHOSPHAMIDE', 'TACROLIMUS ANHYDROUS', 'TOCILIZUMAB', 'CHEMBL558551', 'CHEMBL156', 'FLUDARABINE', 'FILGRASTIM', 'CHEMBL3210645', 'CHEMBL3560003', 'CYCLOPHOSPHAMIDE ANHYDROUS']",28
MONDO:0018876,mantle cell lymphoma,MONDO:0019124,microscopic polyangiitis,"['RITUXIMAB', 'CHEMBL3210645', 'PREDNISONE', 'CYCLOPHOSPHAMIDE ANHYDROUS']",44
MONDO:0018876,mantle cell lymphoma,MONDO:0015943,eosinophilic granulomatosis with polyangiitis,"['RITUXIMAB', 'PREDNISONE']",437
MONDO:0018876,mantle cell lymphoma,MONDO:0009688,Myasthenia gravis,"['RITUXIMAB', 'SARGRAMOSTIM', 'ETOPOSIDE', 'TACROLIMUS ANHYDROUS', 'TOCILIZUMAB', 'CHEMBL156', 'CHEMBL78', 'CARMUSTINE', 'PREDNISONE', 'CHEMBL3210645', 'CYCLOPHOSPHAMIDE ANHYDROUS']",28
MONDO:0018876,mantle cell lymphoma,MONDO:0008558,autoimmune thrombocytopenic purpura,"['BORTEZOMIB', 'RITUXIMAB', 'IXAZOMIB CITRATE', 'CHEMBL1740907', 'DECITABINE', 'CYCLOSPORINE', 'TACROLIMUS ANHYDROUS', 'ORELABRUTINIB', 'ZANUBRUTINIB', 'DEXAMETHASONE VALARATE', 'PREDNISONE', 'DARATUMUMAB', 'CHEMBL3210645', 'CYCLOPHOSPHAMIDE ANHYDROUS']",30
MONDO:0018876,mantle cell lymphoma,MONDO:0006702,Chronic inflammatory demyelinating polyneuropathy,['RITUXIMAB'],28
MONDO:0018876,mantle cell lymphoma,MONDO:0012105,Granulomatosis with polyangiitis,"['RITUXIMAB', 'CHEMBL156', 'PREDNISONE', 'CHEMBL3210645', 'CYCLOPHOSPHAMIDE ANHYDROUS']",42
MONDO:0018876,mantle cell lymphoma,MONDO:0005388,Primary biliary cholangitis,"['RITUXIMAB', 'CHEMBL156']",29
MONDO:0018876,mantle cell lymphoma,MONDO:0019338,sarcoidosis,"['RITUXIMAB', 'CHEMBL558551', 'CHEMBL156', 'DEXAMETHASONE VALARATE', 'PREDNISONE', 'CHEMBL3560003', 'CYCLOPHOSPHAMIDE ANHYDROUS']",6
MONDO:0018876,mantle cell lymphoma,MONDO:0010602,hemophilia A,"['RITUXIMAB', 'PREDNISONE']",432
MONDO:0018876,mantle cell lymphoma,MONDO:0019127,polymyositis,"['RITUXIMAB', 'PREDNISONE']",37
MONDO:0018876,mantle cell lymphoma,MONDO:0005029,essential thrombocythemia,"['PARSACLISIB', 'PACRITINIB', 'CHEMBL78', 'PEGINTERFERON ALFA-2B', 'PREDNISONE', 'VORINOSTAT', 'LENALIDOMIDE', 'BUPARLISIB']",110
MONDO:0018876,mantle cell lymphoma,MONDO:0009891,acquired polycythemia vera,"['UMBRALISIB', 'PARSACLISIB', 'TACROLIMUS ANHYDROUS', 'PACRITINIB', 'CHEMBL156', 'CHEMBL78', 'PEGINTERFERON ALFA-2B', 'PREDNISONE', 'VORINOSTAT', 'LENALIDOMIDE', 'CHEMBL2141644', 'CHEMBL3210645', 'FLUDARABINE', 'BUPARLISIB', 'DASATINIB']",120
MONDO:0018876,mantle cell lymphoma,MONDO:0010679,Duchenne muscular dystrophy,['PREDNISONE'],110
MONDO:0018876,mantle cell lymphoma,MONDO:0006806,intermediate uveitis,"['TOCILIZUMAB', 'CHEMBL156', 'DEXAMETHASONE VALARATE', 'PREDNISONE', 'CHEMBL3560003']",113
MONDO:0018876,mantle cell lymphoma,MONDO:0009692,Primary myelofibrosis,"['PARSACLISIB', 'TACROLIMUS ANHYDROUS', 'TIPIFARNIB', 'CHEMBL558551', 'PACRITINIB', 'CHEMBL156', 'PEGINTERFERON ALFA-2B', 'NAVITOCLAX', 'PREDNISONE', 'FILGRASTIM', 'LENALIDOMIDE', 'CHEMBL2141644', 'CHEMBL3210645', 'FLUDARABINE', 'BUPARLISIB', 'CYCLOPHOSPHAMIDE ANHYDROUS']",12
MONDO:0018876,mantle cell lymphoma,MONDO:0009061,Cystic fibrosis,['PREDNISONE'],112
MONDO:0018876,mantle cell lymphoma,MONDO:0016264,Autoimmune hepatitis,"['TACROLIMUS ANHYDROUS', 'CYCLOSPORINE', 'PREDNISONE']",110
MONDO:0018876,mantle cell lymphoma,MONDO:0004976,Amyotrophic lateral sclerosis,"['VALPROIC ACID', 'TACROLIMUS ANHYDROUS', 'TOCILIZUMAB', 'CHEMBL558551', 'PREDNISONE', 'CHEMBL3210645', 'CHEMBL3560003']",6
MONDO:0018876,mantle cell lymphoma,MONDO:0100244,paroxysmal nocturnal hemoglobinuria,"['TACROLIMUS ANHYDROUS', 'CHEMBL3210645', 'FLUDARABINE', 'CHEMBL156']",69
MONDO:0018876,mantle cell lymphoma,MONDO:0019200,Retinitis pigmentosa,"['CHEMBL156', 'VALPROIC ACID']",3
MONDO:0018876,mantle cell lymphoma,MONDO:0019963,Bronchial neuroendocrine tumor,['DURVALUMAB'],2
MONDO:0018876,mantle cell lymphoma,MONDO:0006486,Uveal melanoma,"['DURVALUMAB', 'GEMCITABINE HYDROCHLORIDE']",3
MONDO:0018876,mantle cell lymphoma,MONDO:0006468,Anaplastic thyroid carcinoma,['DURVALUMAB'],2
MONDO:0018876,mantle cell lymphoma,MONDO:0015277,Medullary thyroid carcinoma,['DURVALUMAB'],2
MONDO:0018876,mantle cell lymphoma,MONDO:0005028,Adenocarcinoma of the esophagus,"['OXALIPLATINE', 'ATEZOLIZUMAB', 'DURVALUMAB', 'CISPLATIN']",3
MONDO:0018876,mantle cell lymphoma,MONDO:0016238,Solitary fibrous tumor,['DOXORUBICIN HYDROCHLORIDE (LIPOSOMAL)'],5
MONDO:0018876,mantle cell lymphoma,MONDO:0002728,Rhabdoid tumor,"['CYCLOPHOSPHAMIDE', 'DOXORUBICIN HYDROCHLORIDE (LIPOSOMAL)']",2
MONDO:0018876,mantle cell lymphoma,MONDO:0019373,Desmoplastic small round cell tumor,['DOXORUBICIN HYDROCHLORIDE (LIPOSOMAL)'],5
MONDO:0018876,mantle cell lymphoma,MONDO:0020562,Pleomorphic liposarcoma,['DOXORUBICIN HYDROCHLORIDE (LIPOSOMAL)'],3
MONDO:0018876,mantle cell lymphoma,MONDO:0020561,Myxoid/round cell liposarcoma,"['CYCLOPHOSPHAMIDE', 'DOXORUBICIN HYDROCHLORIDE (LIPOSOMAL)']",3
MONDO:0018876,mantle cell lymphoma,MONDO:0009691,Classic mycosis fungoides,"['ATEZOLIZUMAB', 'GEMCITABINE HYDROCHLORIDE', 'DOXORUBICIN HYDROCHLORIDE (LIPOSOMAL)', 'PAN-AKT INHIBITOR']",3
MONDO:0018876,mantle cell lymphoma,MONDO:0019438,AL amyloidosis,"['BORTEZOMIB', 'IXAZOMIB CITRATE', 'DARATUMUMAB', 'CYCLOPHOSPHAMIDE', 'CHEMBL558551', 'DEXAMETHASONE VALARATE', 'FILGRASTIM', 'LENALIDOMIDE', 'VENETOCLAX', 'DEXAMETHASONE (40 MG TABLET)', 'CYCLOPHOSPHAMIDE ANHYDROUS']",6
MONDO:0018876,mantle cell lymphoma,MONDO:0018868,metachromatic leukodystrophy,['CYCLOPHOSPHAMIDE ANHYDROUS'],433
MONDO:0018876,mantle cell lymphoma,MONDO:0009499,Krabbe disease,['CYCLOPHOSPHAMIDE ANHYDROUS'],431
MONDO:0018876,mantle cell lymphoma,MONDO:0010006,Sandhoff disease,"['LEVOLEUCOVORIN', 'CYCLOPHOSPHAMIDE ANHYDROUS']",424
MONDO:0018876,mantle cell lymphoma,MONDO:0019019,osteogenesis imperfecta,"['CYCLOSPORINE', 'CYCLOPHOSPHAMIDE ANHYDROUS']",424
MONDO:0018876,mantle cell lymphoma,MONDO:0019067,Idiopathic steroid-sensitive nephrotic syndrome,"['OFATUMUMAB', 'RITUXIMAB', 'OBINUTUZUMAB']",28
MONDO:0018876,mantle cell lymphoma,MONDO:0019402,Beta-thalassemia,"['CYCLOSPORINE', 'TACROLIMUS ANHYDROUS', 'CHEMBL558551', 'PLERIXAFOR', 'FLUDARABINE', 'FILGRASTIM', 'CHEMBL3210645', 'CHEMBL3560003']",10
MONDO:0018876,mantle cell lymphoma,MONDO:0005149,Idiopathic/heritable pulmonary arterial hypertension,['CHEMBL3560003'],16
MONDO:0018876,mantle cell lymphoma,MONDO:0007803,multiple system atrophy,['CHEMBL3560003'],15
MONDO:0018876,mantle cell lymphoma,MONDO:0018301,interstitial cystitis,['CHEMBL3210645'],81
MONDO:0018876,mantle cell lymphoma,MONDO:0017314,Vascular Ehlers-Danlos syndrome,['ENZASTAURIN'],5
MONDO:0018876,mantle cell lymphoma,MONDO:0015247,Opsoclonus-myoclonus syndrome,"['CYCLOPHOSPHAMIDE', 'RITUXIMAB']",30
MONDO:0018876,mantle cell lymphoma,MONDO:0017844,Szary syndrome,"['CYCLOPHOSPHAMIDE', 'ATEZOLIZUMAB', 'GEMCITABINE HYDROCHLORIDE', 'PAN-AKT INHIBITOR']",4
MONDO:0018876,mantle cell lymphoma,MONDO:0019475,Subcutaneous panniculitis-like T-cell lymphoma,"['CYCLOPHOSPHAMIDE', 'GEMCITABINE HYDROCHLORIDE', 'CHOP (CYCLOPHOSPHAMIDE, DOXORUBICIN, VINCRISTINE AND PREDNISONE)']",5
MONDO:0018876,mantle cell lymphoma,MONDO:0009837,Papilloma of choroid plexus,"['CYCLOPHOSPHAMIDE', 'CISPLATIN']",2
MONDO:0018876,mantle cell lymphoma,MONDO:0005789,Hepatitis delta,"['PEGINTERFERON ALFA-2B', 'NIVOLUMAB']",16
MONDO:0018876,mantle cell lymphoma,MONDO:0018907,Craniopharyngioma,"['PEGINTERFERON ALFA-2B', 'NIVOLUMAB']",15
MONDO:0018876,mantle cell lymphoma,MONDO:0020547,Chronic graft versus host disease,"['RITUXIMAB', 'IBRUTINIB', 'PREDNISONE']",28
MONDO:0018876,mantle cell lymphoma,MONDO:0044778,Nodular lymphocyte predominant Hodgkin lymphoma,"['OFATUMUMAB', 'IBRUTINIB']",27
MONDO:0018876,mantle cell lymphoma,MONDO:0010604,Hemophilia B,['VALPROIC ACID'],3
MONDO:0018876,mantle cell lymphoma,MONDO:0010826,childhood absence epilepsy,['VALPROIC ACID'],4
MONDO:0018876,mantle cell lymphoma,MONDO:0018055,Pediatric hepatocellular carcinoma,['CISPLATIN'],3
MONDO:0018876,mantle cell lymphoma,MONDO:0019210,Cutaneous neuroendocrine carcinoma,['CISPLATIN'],2
MONDO:0018876,mantle cell lymphoma,MONDO:0018922,Cold agglutinin disease,['BORTEZOMIB'],3
MONDO:0018876,mantle cell lymphoma,MONDO:0017816,Primary systemic amyloidosis,"['BORTEZOMIB', 'DARATUMUMAB']",3
MONDO:0018876,mantle cell lymphoma,MONDO:0015278,Familial pancreatic carcinoma,['GEMCITABINE HYDROCHLORIDE'],4
MONDO:0018876,mantle cell lymphoma,MONDO:0004633,"Classic Hodgkin lymphoma, mixed cellularity type",['GEMCITABINE HYDROCHLORIDE'],3
MONDO:0018876,mantle cell lymphoma,MONDO:0004620,"Classic Hodgkin lymphoma, lymphocyte-depleted type",['GEMCITABINE HYDROCHLORIDE'],3
MONDO:0018876,mantle cell lymphoma,MONDO:0004665,"Classic Hodgkin lymphoma, nodular sclerosis type",['GEMCITABINE HYDROCHLORIDE'],3
MONDO:0018876,mantle cell lymphoma,MONDO:0019534,Mixed-type autoimmune hemolytic anemia,['RITUXIMAB'],28
MONDO:0018876,mantle cell lymphoma,MONDO:0019740,Immune-mediated thrombotic thrombocytopenic purpura,['RITUXIMAB'],30
MONDO:0018876,mantle cell lymphoma,MONDO:0008538,Giant cell arteritis,"['RITUXIMAB', 'PREDNISONE']",28
MONDO:0018876,mantle cell lymphoma,MONDO:0019006,Genetic steroid-resistant nephrotic syndrome,['RITUXIMAB'],28
MONDO:0018876,mantle cell lymphoma,MONDO:0018324,Adult-onset myasthenia gravis,"['RITUXIMAB', 'PREDNISONE']",29
MONDO:0018876,mantle cell lymphoma,MONDO:0018977,Polyneuropathy associated with IgM monoclonal gammopathy with anti-MAG,['RITUXIMAB'],28
MONDO:0018876,mantle cell lymphoma,MONDO:0019170,Polyarteritis nodosa,['RITUXIMAB'],28
MONDO:0018876,mantle cell lymphoma,MONDO:0019125,Relapsing polychondritis,['RITUXIMAB'],28
MONDO:0018876,mantle cell lymphoma,MONDO:0019535,Drug-induced autoimmune hemolytic anemia,['RITUXIMAB'],28
MONDO:0018876,mantle cell lymphoma,MONDO:0019167,Immunoglobulin A vasculitis,['RITUXIMAB'],28
MONDO:0018876,mantle cell lymphoma,MONDO:0006451,Thymic carcinoma,['ATEZOLIZUMAB'],3
MONDO:0018876,mantle cell lymphoma,MONDO:0019369,Complex regional pain syndrome,['LENALIDOMIDE'],88
MONDO:0018876,mantle cell lymphoma,MONDO:0005657,aspergillosis,['CYCLOSPORINE'],59
MONDO:0018876,mantle cell lymphoma,MONDO:0007925,Myelodysplastic syndrome associated with isolated del(5q) chromosome abnormality,['LENALIDOMIDE'],16
MONDO:0018876,mantle cell lymphoma,MONDO:0019157,Acquired idiopathic sideroblastic anemia,['LENALIDOMIDE'],14
MONDO:0018876,mantle cell lymphoma,MONDO:0018871,Acute myelomonocytic leukemia,['CYTARABINE'],6
MONDO:0010961,Obesity due to prohormone convertase I deficiency,MONDO:0008763,Alstrm syndrome,['SETMELANOTIDE'],8
MONDO:0010961,Obesity due to prohormone convertase I deficiency,MONDO:0012335,Obesity due to pro-opiomelanocortin deficiency,"['SETMELANOTIDE', 'LR 19021']",12
MONDO:0010961,Obesity due to prohormone convertase I deficiency,MONDO:0019115,Obesity due to melanocortin 4 receptor deficiency,['SETMELANOTIDE'],9
MONDO:0010961,Obesity due to prohormone convertase I deficiency,MONDO:0013992,Obesity due to leptin receptor gene deficiency,"['SETMELANOTIDE', 'LR 19021']",9
MONDO:0010961,Obesity due to prohormone convertase I deficiency,MONDO:0015229,Bardet-Biedl syndrome,['SETMELANOTIDE'],13
MONDO:0010961,Obesity due to prohormone convertase I deficiency,MONDO:0015786,Prader-Willi syndrome due to imprinting mutation,['SETMELANOTIDE'],5
MONDO:0010961,Obesity due to prohormone convertase I deficiency,MONDO:0017994,Severe early-onset obesity-insulin resistance syndrome due to SH2B1 deficiency,['SETMELANOTIDE'],6
MONDO:0020562,Pleomorphic liposarcoma,MONDO:0005072,neuroblastoma,['DACARBAZINE'],4
MONDO:0020562,Pleomorphic liposarcoma,MONDO:0006486,Uveal melanoma,['DACARBAZINE'],6
MONDO:0020562,Pleomorphic liposarcoma,MONDO:0009348,Classic Hodgkin lymphoma,['DACARBAZINE'],7
MONDO:0020562,Pleomorphic liposarcoma,MONDO:0020561,Myxoid/round cell liposarcoma,"['NINTEDANIB', 'DOXORUBICIN HYDROCHLORIDE (LIPOSOMAL)', 'DACARBAZINE', 'TRABECTEDIN', 'ERIBULIN MESYLATE']",5
MONDO:0020562,Pleomorphic liposarcoma,MONDO:0015686,Primary peritoneal carcinoma,"['TRABECTEDIN', 'DOXORUBICIN HYDROCHLORIDE (LIPOSOMAL)', 'NINTEDANIB']",4
MONDO:0020562,Pleomorphic liposarcoma,MONDO:0002728,Rhabdoid tumor,"['TRABECTEDIN', 'DOXORUBICIN HYDROCHLORIDE (LIPOSOMAL)', 'NINTEDANIB']",2
MONDO:0020562,Pleomorphic liposarcoma,MONDO:0002142,Undifferentiated pleomorphic sarcoma,"['TRABECTEDIN', 'DOXORUBICIN HYDROCHLORIDE (LIPOSOMAL)', 'NINTEDANIB']",6
MONDO:0020562,Pleomorphic liposarcoma,MONDO:0006292,Pleural mesothelioma,"['TRABECTEDIN', 'NINTEDANIB']",5
MONDO:0020562,Pleomorphic liposarcoma,MONDO:0019373,Desmoplastic small round cell tumor,"['TRABECTEDIN', 'DOXORUBICIN HYDROCHLORIDE (LIPOSOMAL)', 'NINTEDANIB']",5
MONDO:0020562,Pleomorphic liposarcoma,MONDO:0016238,Solitary fibrous tumor,"['TRABECTEDIN', 'ERIBULIN MESYLATE', 'DOXORUBICIN HYDROCHLORIDE (LIPOSOMAL)', 'NINTEDANIB']",2
MONDO:0020562,Pleomorphic liposarcoma,MONDO:0005055,Kaposi\'s sarcoma,"['TRABECTEDIN', 'DOXORUBICIN HYDROCHLORIDE (LIPOSOMAL)']",3
MONDO:0020562,Pleomorphic liposarcoma,MONDO:0005103,Well-differentiated liposarcoma,['TRABECTEDIN'],2
MONDO:0020562,Pleomorphic liposarcoma,MONDO:0018906,follicular lymphoma,['DOXORUBICIN HYDROCHLORIDE (LIPOSOMAL)'],3
MONDO:0020562,Pleomorphic liposarcoma,MONDO:0019004,Nephroblastoma,['DOXORUBICIN HYDROCHLORIDE (LIPOSOMAL)'],3
MONDO:0020562,Pleomorphic liposarcoma,MONDO:0009691,Classic mycosis fungoides,['DOXORUBICIN HYDROCHLORIDE (LIPOSOMAL)'],3
MONDO:0020562,Pleomorphic liposarcoma,MONDO:0800029,interstitial lung disease 2,['NINTEDANIB'],18
MONDO:0020562,Pleomorphic liposarcoma,MONDO:0005100,systemic sclerosis,['NINTEDANIB'],17
MONDO:0016356,Diffuse cutaneous systemic sclerosis,MONDO:0019263,Autosomal erythropoietic protoporphyria,['DERSIMELAGON'],3
MONDO:0016356,Diffuse cutaneous systemic sclerosis,MONDO:0800029,interstitial lung disease 2,"['HUMAN NORMAL IMMUNOGLOBULIN', 'PIRFENIDONE', '2-((2-ETHYL-6-(4-(2-(3-HYDROXYAZETIDIN-1-YL)-2-OXOETHYL)-PIPERAZIN-1-YL)-8-METHYLIMIDAZO[1,2-ALPHA]PYRIDIN-3-YL)-(METHYL)AMINO)-4-(4-FLUOROPHENYL)-THIAZOLE-5-CARBONITRILE', 'HZN-825', 'ROMILKIMAB']",4
MONDO:0016356,Diffuse cutaneous systemic sclerosis,MONDO:0005149,Idiopathic/heritable pulmonary arterial hypertension,"['RIOCIGUAT', 'TOCILIZUMAB']",3
MONDO:0016356,Diffuse cutaneous systemic sclerosis,MONDO:0019067,Idiopathic steroid-sensitive nephrotic syndrome,['PREDNISOLONE'],3
MONDO:0016356,Diffuse cutaneous systemic sclerosis,MONDO:0015943,eosinophilic granulomatosis with polyangiitis,['PREDNISOLONE'],2
MONDO:0016356,Diffuse cutaneous systemic sclerosis,MONDO:0008538,Giant cell arteritis,"['TOCILIZUMAB', 'ABATACEPT']",3
MONDO:0016356,Diffuse cutaneous systemic sclerosis,MONDO:0014493,Autoimmune lymphoproliferative syndrome due to CTLA4 haploinsuffiency,['ABATACEPT'],2
MONDO:0016356,Diffuse cutaneous systemic sclerosis,MONDO:0012105,Granulomatosis with polyangiitis,['ABATACEPT'],2
MONDO:0016356,Diffuse cutaneous systemic sclerosis,MONDO:0019432,Rheumatoid factor-negative polyarticular juvenile idiopathic arthritis,"['TOCILIZUMAB', 'ABATACEPT']",5
MONDO:0016356,Diffuse cutaneous systemic sclerosis,MONDO:0019435,Rheumatoid factor-positive polyarticular juvenile idiopathic arthritis,"['TOCILIZUMAB', 'ABATACEPT']",2
MONDO:0016356,Diffuse cutaneous systemic sclerosis,MONDO:0019434,Systemic-onset juvenile idiopathic arthritis,['TOCILIZUMAB'],19
MONDO:0016356,Diffuse cutaneous systemic sclerosis,MONDO:0005100,systemic sclerosis,['TOCILIZUMAB'],5
MONDO:0016356,Diffuse cutaneous systemic sclerosis,MONDO:0018088,Familial Mediterranean fever,['TOCILIZUMAB'],3
MONDO:0016356,Diffuse cutaneous systemic sclerosis,MONDO:0019170,Polyarteritis nodosa,['TOCILIZUMAB'],3
MONDO:0016356,Diffuse cutaneous systemic sclerosis,MONDO:0019125,Relapsing polychondritis,['TOCILIZUMAB'],4
MONDO:0016356,Diffuse cutaneous systemic sclerosis,MONDO:0019433,Oligoarticular juvenile idiopathic arthritis,['TOCILIZUMAB'],3
MONDO:0016356,Diffuse cutaneous systemic sclerosis,MONDO:0018304,Schnitzler syndrome,['TOCILIZUMAB'],3
MONDO:0016356,Diffuse cutaneous systemic sclerosis,MONDO:0019167,Immunoglobulin A vasculitis,['TOCILIZUMAB'],3
MONDO:0016356,Diffuse cutaneous systemic sclerosis,MONDO:0009061,Cystic fibrosis,['LENABASUM'],7
MONDO:0016356,Diffuse cutaneous systemic sclerosis,MONDO:0008558,autoimmune thrombocytopenic purpura,['HUMAN NORMAL IMMUNOGLOBULIN'],7
MONDO:0016356,Diffuse cutaneous systemic sclerosis,MONDO:0009688,Myasthenia gravis,['HUMAN NORMAL IMMUNOGLOBULIN'],9
MONDO:0016356,Diffuse cutaneous systemic sclerosis,MONDO:0017409,Fetal cytomegalovirus syndrome,['HUMAN NORMAL IMMUNOGLOBULIN'],2
MONDO:0016356,Diffuse cutaneous systemic sclerosis,MONDO:0006702,Chronic inflammatory demyelinating polyneuropathy,['HUMAN NORMAL IMMUNOGLOBULIN'],9
MONDO:0016356,Diffuse cutaneous systemic sclerosis,MONDO:0019945,Solar urticaria,['HUMAN NORMAL IMMUNOGLOBULIN'],2
MONDO:0016356,Diffuse cutaneous systemic sclerosis,MONDO:0019369,Complex regional pain syndrome,['HUMAN NORMAL IMMUNOGLOBULIN'],2
MONDO:0016356,Diffuse cutaneous systemic sclerosis,MONDO:0008219,Pemphigus vulgaris,['HUMAN NORMAL IMMUNOGLOBULIN'],2
MONDO:0016356,Diffuse cutaneous systemic sclerosis,MONDO:0016358,Limited cutaneous systemic sclerosis,['PAQUINIMOD'],2
MONDO:0016356,Diffuse cutaneous systemic sclerosis,MONDO:0005029,essential thrombocythemia,['POMALIDOMIDE'],12
MONDO:0016356,Diffuse cutaneous systemic sclerosis,MONDO:0009692,Primary myelofibrosis,['POMALIDOMIDE'],13
MONDO:0016356,Diffuse cutaneous systemic sclerosis,MONDO:0009891,acquired polycythemia vera,['POMALIDOMIDE'],12
MONDO:0016356,Diffuse cutaneous systemic sclerosis,MONDO:0016681,Gliosarcoma,['POMALIDOMIDE'],6
MONDO:0016356,Diffuse cutaneous systemic sclerosis,MONDO:0019438,AL amyloidosis,['POMALIDOMIDE'],5
MONDO:0016356,Diffuse cutaneous systemic sclerosis,MONDO:0016682,Giant cell glioblastoma,['POMALIDOMIDE'],6
MONDO:0015573,Subacute cutaneous lupus erythematosus,MONDO:0007915,systemic lupus erythematosus,"['DEUCRAVACITINIB', 'DAXDILIMAB', 'SELECTIVE DUAL TLR7/8 INHIBITORS', 'BMS 986326', 'LITIFILIMAB']",3
MONDO:0015573,Subacute cutaneous lupus erythematosus,MONDO:0019127,polymyositis,['DAXDILIMAB'],2
MONDO:0015573,Subacute cutaneous lupus erythematosus,MONDO:0005100,systemic sclerosis,['DAXDILIMAB'],2
MONDO:0015573,Subacute cutaneous lupus erythematosus,MONDO:0019560,Lupus erythematosus tumidus,['ALITRETINOIN'],2
MONDO:0019353,Stargardt disease,MONDO:0010383,fragile X syndrome,['METFORMIN'],2
MONDO:0019353,Stargardt disease,MONDO:0019200,Retinitis pigmentosa,['NERVE GROWTH FACTOR (NGF)'],3
MONDO:0019565,Von Willebrand disease,MONDO:0015628,Von Willebrand disease type 2A,['RECOMBINANT HUMAN VON WILLEBRAND FACTOR'],15
MONDO:0019565,Von Willebrand disease,MONDO:0008668,Von Willebrand disease type 1,['RECOMBINANT HUMAN VON WILLEBRAND FACTOR'],15
MONDO:0019565,Von Willebrand disease,MONDO:0015631,Von Willebrand disease type 2N,['RECOMBINANT HUMAN VON WILLEBRAND FACTOR'],11
MONDO:0019565,Von Willebrand disease,MONDO:0010602,hemophilia A,['HUMAN COAGULATION FACTOR VIII / VON WILLEBRAND FACTOR'],7
MONDO:0019565,Von Willebrand disease,MONDO:0015719,Severe hemophilia A,['HUMAN COAGULATION FACTOR VIII / VON WILLEBRAND FACTOR'],8
MONDO:0019565,Von Willebrand disease,MONDO:0015720,Moderate hemophilia A,['HUMAN COAGULATION FACTOR VIII / VON WILLEBRAND FACTOR'],5
MONDO:0016019,Rasmussen subacute encephalitis,MONDO:0020547,Chronic graft versus host disease,['TACROLIMUS'],2
MONDO:0004665,"Classic Hodgkin lymphoma, nodular sclerosis type",MONDO:0009348,Classic Hodgkin lymphoma,['VINBLASTINE'],9
MONDO:0004665,"Classic Hodgkin lymphoma, nodular sclerosis type",MONDO:0004620,"Classic Hodgkin lymphoma, lymphocyte-depleted type","['GEMCITABINE HYDROCHLORIDE', 'VINBLASTINE']",2
MONDO:0004665,"Classic Hodgkin lymphoma, nodular sclerosis type",MONDO:0004633,"Classic Hodgkin lymphoma, mixed cellularity type","['GEMCITABINE HYDROCHLORIDE', 'VINBLASTINE']",2
MONDO:0004665,"Classic Hodgkin lymphoma, nodular sclerosis type",MONDO:0005072,neuroblastoma,['VINBLASTINE'],2
MONDO:0004665,"Classic Hodgkin lymphoma, nodular sclerosis type",MONDO:0009691,Classic mycosis fungoides,['GEMCITABINE HYDROCHLORIDE'],3
MONDO:0004665,"Classic Hodgkin lymphoma, nodular sclerosis type",MONDO:0015278,Familial pancreatic carcinoma,['GEMCITABINE HYDROCHLORIDE'],3
MONDO:0004665,"Classic Hodgkin lymphoma, nodular sclerosis type",MONDO:0006486,Uveal melanoma,['GEMCITABINE HYDROCHLORIDE'],2
MONDO:0004665,"Classic Hodgkin lymphoma, nodular sclerosis type",MONDO:0100280,Waldenstrom macroglobulinemia,['GEMCITABINE HYDROCHLORIDE'],2
MONDO:0004665,"Classic Hodgkin lymphoma, nodular sclerosis type",MONDO:0006292,Pleural mesothelioma,['GEMCITABINE HYDROCHLORIDE'],3
MONDO:0004665,"Classic Hodgkin lymphoma, nodular sclerosis type",MONDO:0018906,follicular lymphoma,['GEMCITABINE HYDROCHLORIDE'],2
MONDO:0004665,"Classic Hodgkin lymphoma, nodular sclerosis type",MONDO:0017844,Szary syndrome,['GEMCITABINE HYDROCHLORIDE'],4
MONDO:0004665,"Classic Hodgkin lymphoma, nodular sclerosis type",MONDO:0019475,Subcutaneous panniculitis-like T-cell lymphoma,['GEMCITABINE HYDROCHLORIDE'],4
MONDO:0004665,"Classic Hodgkin lymphoma, nodular sclerosis type",MONDO:0015686,Primary peritoneal carcinoma,['GEMCITABINE HYDROCHLORIDE'],2
MONDO:0015720,Moderate hemophilia A,MONDO:0015788,Bleeding disorder in hemophilia B carriers,"['EPTACOG ALFA (ACTIVATED)', 'PEGYLATED RECOMBINANT FACTOR VIIA', 'GENTAMICIN', 'ANTI-INHIBITOR COAGULANT COMPLEX']",3
MONDO:0015720,Moderate hemophilia A,MONDO:0015715,Severe hemophilia B,"['SEQUENCE-MODIFIED HUMAN RECOMBINANT FACTOR VIIA', 'EPTACOG ALFA (ACTIVATED)', 'VATREPTACOG ALFA (ACTIVATED)', 'GENTAMICIN', 'FITUSIRAN', 'CONCIZUMAB', 'ANTI-INHIBITOR COAGULANT COMPLEX', 'RECOMBINANT FUSION PROTEIN LINKING HUMAN COAGULATION FACTOR VIIA WITH HUMAN ALBUMIN (RVIIA-FP)', 'ATALUREN', 'PEGYLATED RECOMBINANT FACTOR VIIA']",7
MONDO:0015720,Moderate hemophilia A,MONDO:0015716,Moderate hemophilia B,"['SEQUENCE-MODIFIED HUMAN RECOMBINANT FACTOR VIIA', 'EPTACOG ALFA (ACTIVATED)', 'VATREPTACOG ALFA (ACTIVATED)', 'GENTAMICIN', 'FITUSIRAN', 'CONCIZUMAB', 'ANTI-INHIBITOR COAGULANT COMPLEX', 'RECOMBINANT FUSION PROTEIN LINKING HUMAN COAGULATION FACTOR VIIA WITH HUMAN ALBUMIN (RVIIA-FP)', 'ATALUREN', 'PEGYLATED RECOMBINANT FACTOR VIIA']",10
MONDO:0015720,Moderate hemophilia A,MONDO:0015719,Severe hemophilia A,"['SEQUENCE-MODIFIED HUMAN RECOMBINANT FACTOR VIIA', 'EPTACOG ALFA (ACTIVATED)', 'VATREPTACOG ALFA (ACTIVATED)', 'HUMAN COAGULATION FACTOR VIII / VON WILLEBRAND FACTOR', 'RECOMBINANT PORCINE FACTOR VIII (B DOMAIN DELETED)', 'GENTAMICIN', 'FITUSIRAN', 'CONCIZUMAB', 'OCTOCOG ALPHA', 'ANTI-INHIBITOR COAGULANT COMPLEX', 'RECOMBINANT FUSION PROTEIN LINKING HUMAN COAGULATION FACTOR VIIA WITH HUMAN ALBUMIN (RVIIA-FP)', 'ATALUREN', 'PEGYLATED RECOMBINANT FACTOR VIIA', 'HUMANISED MONOCLONAL MODIFIED IGG4 ANTIBODY WITH BISPECIFIC STRUCTURE TARGETING FACTORS IX, IXA, X AND XA']",13
MONDO:0015720,Moderate hemophilia A,MONDO:0015721,Mild hemophilia A,"['EPTACOG ALFA (ACTIVATED)', 'VATREPTACOG ALFA (ACTIVATED)', 'CONCIZUMAB', 'RECOMBINANT FUSION PROTEIN LINKING HUMAN COAGULATION FACTOR VIIA WITH HUMAN ALBUMIN (RVIIA-FP)', 'HUMANISED MONOCLONAL MODIFIED IGG4 ANTIBODY WITH BISPECIFIC STRUCTURE TARGETING FACTORS IX, IXA, X AND XA']",14
MONDO:0015720,Moderate hemophilia A,MONDO:0010602,hemophilia A,"['EPTACOG ALFA (ACTIVATED)', 'HUMAN COAGULATION FACTOR VIII / VON WILLEBRAND FACTOR', 'RECOMBINANT PORCINE FACTOR VIII (B DOMAIN DELETED)', 'FITUSIRAN', 'CONCIZUMAB', 'HUMANISED MONOCLONAL MODIFIED IGG4 ANTIBODY WITH BISPECIFIC STRUCTURE TARGETING FACTORS IX, IXA, X AND XA']",14
MONDO:0015720,Moderate hemophilia A,MONDO:0010679,Duchenne muscular dystrophy,['ATALUREN'],26
MONDO:0015720,Moderate hemophilia A,MONDO:0009061,Cystic fibrosis,['ATALUREN'],22
MONDO:0015720,Moderate hemophilia A,MONDO:0007119,Isolated aniridia,['ATALUREN'],2
MONDO:0015720,Moderate hemophilia A,MONDO:0015717,Mild hemophilia B,"['RECOMBINANT FUSION PROTEIN LINKING HUMAN COAGULATION FACTOR VIIA WITH HUMAN ALBUMIN (RVIIA-FP)', 'EPTACOG ALFA (ACTIVATED)', 'VATREPTACOG ALFA (ACTIVATED)', 'CONCIZUMAB']",9
MONDO:0015720,Moderate hemophilia A,MONDO:0010604,Hemophilia B,"['FITUSIRAN', 'CONCIZUMAB']",15
MONDO:0007608,Desmoid tumor,MONDO:0007039,Full NF2-related schwannomatosis,['SORAFENIB TOSYLATE'],2
MONDO:0007608,Desmoid tumor,MONDO:0015277,Medullary thyroid carcinoma,['SORAFENIB TOSYLATE'],3
MONDO:0007608,Desmoid tumor,MONDO:0006486,Uveal melanoma,"['IMATINIB MESILATE', 'SORAFENIB TOSYLATE']",2
MONDO:0007608,Desmoid tumor,MONDO:0019373,Desmoplastic small round cell tumor,['PACLITAXEL PROTEIN-BOUND PARTICLES'],2
MONDO:0007608,Desmoid tumor,MONDO:0011719,gastrointestinal stromal tumor,['IMATINIB MESILATE'],17
MONDO:0007608,Desmoid tumor,MONDO:0011996,"chronic myelogenous leukemia, BCR-ABL1 positive",['IMATINIB MESILATE'],27
MONDO:0007608,Desmoid tumor,MONDO:0005149,Idiopathic/heritable pulmonary arterial hypertension,['IMATINIB MESILATE'],11
MONDO:0007608,Desmoid tumor,MONDO:0005100,systemic sclerosis,['IMATINIB MESILATE'],3
MONDO:0007608,Desmoid tumor,MONDO:0006292,Pleural mesothelioma,['IMATINIB MESILATE'],2
MONDO:0007608,Desmoid tumor,MONDO:0020331,Indolent systemic mastocytosis,['IMATINIB MESILATE'],2
MONDO:0007608,Desmoid tumor,MONDO:0018871,Acute myelomonocytic leukemia,['IMATINIB MESILATE'],2
MONDO:0007608,Desmoid tumor,MONDO:0020333,Aggressive systemic mastocytosis,['IMATINIB MESILATE'],2
MONDO:0007608,Desmoid tumor,MONDO:0015796,Acute lung injury,['IMATINIB MESILATE'],2
MONDO:0019725,Pediatric systemic lupus erythematosus,MONDO:0018596,Systemic polyarteritis nodosa,['MYCOPHENOLATE MOFETIL'],2
MONDO:0019725,Pediatric systemic lupus erythematosus,MONDO:0008219,Pemphigus vulgaris,['MYCOPHENOLATE MOFETIL'],2
MONDO:0019725,Pediatric systemic lupus erythematosus,MONDO:0009688,Myasthenia gravis,"['AZATHIOPRIN', 'RAVULIZUMAB', 'MYCOPHENOLATE MOFETIL']",2
MONDO:0019725,Pediatric systemic lupus erythematosus,MONDO:0019067,Idiopathic steroid-sensitive nephrotic syndrome,['MYCOPHENOLATE MOFETIL'],4
MONDO:0019725,Pediatric systemic lupus erythematosus,MONDO:0016264,Autoimmune hepatitis,"['AZATHIOPRIN', 'MYCOPHENOLATE MOFETIL']",2
MONDO:0019725,Pediatric systemic lupus erythematosus,MONDO:0012105,Granulomatosis with polyangiitis,"['AZATHIOPRIN', 'BELIMUMAB', 'MYCOPHENOLATE MOFETIL']",5
MONDO:0019725,Pediatric systemic lupus erythematosus,MONDO:0019124,microscopic polyangiitis,"['AZATHIOPRIN', 'MYCOPHENOLATE MOFETIL']",4
MONDO:0019725,Pediatric systemic lupus erythematosus,MONDO:0006702,Chronic inflammatory demyelinating polyneuropathy,['MYCOPHENOLATE MOFETIL'],2
MONDO:0019725,Pediatric systemic lupus erythematosus,MONDO:0015943,eosinophilic granulomatosis with polyangiitis,['AZATHIOPRIN'],2
MONDO:0019725,Pediatric systemic lupus erythematosus,MONDO:0019170,Polyarteritis nodosa,['AZATHIOPRIN'],2
MONDO:0019725,Pediatric systemic lupus erythematosus,MONDO:0100244,paroxysmal nocturnal hemoglobinuria,['RAVULIZUMAB'],11
MONDO:0019725,Pediatric systemic lupus erythematosus,MONDO:0016244,Atypical hemolytic uremic syndrome,['RAVULIZUMAB'],5
MONDO:0019725,Pediatric systemic lupus erythematosus,MONDO:0018324,Adult-onset myasthenia gravis,['RAVULIZUMAB'],3
MONDO:0019725,Pediatric systemic lupus erythematosus,MONDO:0004976,Amyotrophic lateral sclerosis,['RAVULIZUMAB'],2
MONDO:0019725,Pediatric systemic lupus erythematosus,MONDO:0007915,systemic lupus erythematosus,"['RAVULIZUMAB', 'BELIMUMAB']",5
MONDO:0019725,Pediatric systemic lupus erythematosus,MONDO:0008558,autoimmune thrombocytopenic purpura,['BELIMUMAB'],5
MONDO:0015545,Macrophage activation syndrome,MONDO:0018871,Acute myelomonocytic leukemia,['GEMTUZUMAB OZOGAMICIN'],2
MONDO:0015545,Macrophage activation syndrome,MONDO:0007915,systemic lupus erythematosus,['EMAPALUMAB'],12
MONDO:0015545,Macrophage activation syndrome,MONDO:0019434,Systemic-onset juvenile idiopathic arthritis,['EMAPALUMAB'],12
MONDO:0006451,Thymic carcinoma,MONDO:0005028,Adenocarcinoma of the esophagus,"['PEMBROLIZUMAB', 'ATEZOLIZUMAB', 'NIVOLUMAB', 'LENVATINIB']",13
MONDO:0006451,Thymic carcinoma,MONDO:0015277,Medullary thyroid carcinoma,"['PEMBROLIZUMAB', 'SUNITINIB MALATE', 'LENVATINIB']",2
MONDO:0006451,Thymic carcinoma,MONDO:0016974,Thymoma type B,"['PEMBROLIZUMAB', 'NIVOLUMAB', 'LENVATINIB']",2
MONDO:0006451,Thymic carcinoma,MONDO:0011719,gastrointestinal stromal tumor,['SUNITINIB MALATE'],6
MONDO:0006451,Thymic carcinoma,MONDO:0017190,Sporadic pheochromocytoma/secreting paraganglioma,"['NIVOLUMAB', 'SUNITINIB MALATE']",2
MONDO:0006451,Thymic carcinoma,MONDO:0017366,Hereditary pheochromocytoma-paraganglioma,['SUNITINIB MALATE'],3
MONDO:0006451,Thymic carcinoma,MONDO:0016238,Solitary fibrous tumor,"['NIVOLUMAB', 'SUNITINIB MALATE']",2
MONDO:0006451,Thymic carcinoma,MONDO:0006486,Uveal melanoma,"['PEMBROLIZUMAB', 'NIVOLUMAB', 'SUNITINIB MALATE']",2
MONDO:0006451,Thymic carcinoma,MONDO:0002142,Undifferentiated pleomorphic sarcoma,"['PEMBROLIZUMAB', 'NIVOLUMAB', 'SUNITINIB MALATE']",2
MONDO:0006451,Thymic carcinoma,MONDO:0016748,Hemangioblastoma,['SUNITINIB MALATE'],2
MONDO:0006451,Thymic carcinoma,MONDO:0017844,Szary syndrome,"['ATEZOLIZUMAB', 'NIVOLUMAB']",2
MONDO:0006451,Thymic carcinoma,MONDO:0015686,Primary peritoneal carcinoma,"['PEMBROLIZUMAB', 'ATEZOLIZUMAB', 'NIVOLUMAB']",9
MONDO:0006451,Thymic carcinoma,MONDO:0018906,follicular lymphoma,"['PEMBROLIZUMAB', 'ATEZOLIZUMAB', 'NIVOLUMAB']",4
MONDO:0006451,Thymic carcinoma,MONDO:0006292,Pleural mesothelioma,"['PEMBROLIZUMAB', 'ATEZOLIZUMAB', 'NIVOLUMAB']",6
MONDO:0006451,Thymic carcinoma,MONDO:0100280,Waldenstrom macroglobulinemia,['ATEZOLIZUMAB'],2
MONDO:0006451,Thymic carcinoma,MONDO:0006456,thymoma,['ATEZOLIZUMAB'],2
MONDO:0006451,Thymic carcinoma,MONDO:0005072,neuroblastoma,"['ATEZOLIZUMAB', 'NIVOLUMAB']",3
MONDO:0006451,Thymic carcinoma,MONDO:0009691,Classic mycosis fungoides,['ATEZOLIZUMAB'],3
MONDO:0006451,Thymic carcinoma,MONDO:0011996,"chronic myelogenous leukemia, BCR-ABL1 positive",['ATEZOLIZUMAB'],2
MONDO:0006451,Thymic carcinoma,MONDO:0019004,Nephroblastoma,"['ATEZOLIZUMAB', 'NIVOLUMAB']",3
MONDO:0006451,Thymic carcinoma,MONDO:0007650,MALT lymphoma,['ATEZOLIZUMAB'],2
MONDO:0006451,Thymic carcinoma,MONDO:0009348,Classic Hodgkin lymphoma,"['PEMBROLIZUMAB', 'NIVOLUMAB']",12
MONDO:0006451,Thymic carcinoma,MONDO:0019210,Cutaneous neuroendocrine carcinoma,['PEMBROLIZUMAB'],4
MONDO:0006451,Thymic carcinoma,MONDO:0005512,Malignant peritoneal mesothelioma,['PEMBROLIZUMAB'],2
MONDO:0006451,Thymic carcinoma,MONDO:0019963,Bronchial neuroendocrine tumor,['PEMBROLIZUMAB'],2
MONDO:0006451,Thymic carcinoma,MONDO:0002882,Neuroendocrine tumor of the colon,['PEMBROLIZUMAB'],2
MONDO:0006451,Thymic carcinoma,MONDO:0006468,Anaplastic thyroid carcinoma,['PEMBROLIZUMAB'],2
MONDO:0006451,Thymic carcinoma,MONDO:0020561,Myxoid/round cell liposarcoma,['PEMBROLIZUMAB'],2
MONDO:0006451,Thymic carcinoma,MONDO:0002728,Rhabdoid tumor,"['PEMBROLIZUMAB', 'NIVOLUMAB']",2
MONDO:0006451,Thymic carcinoma,MONDO:0003646,Neuroendocrine tumor of the rectum,['PEMBROLIZUMAB'],2
MONDO:0006451,Thymic carcinoma,MONDO:0019475,Subcutaneous panniculitis-like T-cell lymphoma,['NIVOLUMAB'],2
MONDO:0006451,Thymic carcinoma,MONDO:0009692,Primary myelofibrosis,['NIVOLUMAB'],2
MONDO:0010383,fragile X syndrome,MONDO:0010826,childhood absence epilepsy,['CANNABIDIOL'],6
MONDO:0010383,fragile X syndrome,MONDO:0016532,Lennox-Gastaut syndrome,['CANNABIDIOL'],12
MONDO:0010383,fragile X syndrome,MONDO:0016264,Autoimmune hepatitis,['CANNABIDIOL'],3
MONDO:0010383,fragile X syndrome,MONDO:0007739,Huntington disease,"['MEMANTINE', 'SERTRALINE', 'MAVOGLURANT', 'CANNABIDIOL']",24
MONDO:0010383,fragile X syndrome,MONDO:0018301,interstitial cystitis,['CANNABIDIOL'],3
MONDO:0010383,fragile X syndrome,MONDO:0004976,Amyotrophic lateral sclerosis,"['MEMANTINE', 'CANNABIDIOL']",3
MONDO:0010383,fragile X syndrome,MONDO:0010726,Rett syndrome,"['TROFINETIDE', 'LOVASTATIN', 'DONEPEZIL']",4
MONDO:0010383,fragile X syndrome,MONDO:0001734,tuberous sclerosis,"['BASIMGLURANT', 'GANAXOLONE']",2
MONDO:0010383,fragile X syndrome,MONDO:0007113,Angelman syndrome,['GABOXADOL'],7
MONDO:0010383,fragile X syndrome,MONDO:0005706,coccidioidomycosis,['SERTRALINE'],2
MONDO:0010383,fragile X syndrome,MONDO:0007915,systemic lupus erythematosus,['MEMANTINE'],3
MONDO:0010383,fragile X syndrome,MONDO:0043797,Spinal cord injury,['BACLOFEN'],3
MONDO:0100347,Carcinoid syndrome,MONDO:0003111,Neuroendocrine tumor of stomach,"['LANREOTIDE AUTOGEL', 'TEMOZOLOMIDE', 'EVEROLIMUS']",3
MONDO:0100347,Carcinoid syndrome,MONDO:0015065,Ileal neuroendocrine tumor,"['LANREOTIDE AUTOGEL', 'TEMOZOLOMIDE', 'EVEROLIMUS']",2
MONDO:0100347,Carcinoid syndrome,MONDO:0018975,Neurofibromatosis type 1,['EVEROLIMUS'],2
MONDO:0100347,Carcinoid syndrome,MONDO:0001734,tuberous sclerosis,['EVEROLIMUS'],14
MONDO:0100347,Carcinoid syndrome,MONDO:0009348,Classic Hodgkin lymphoma,['EVEROLIMUS'],3
MONDO:0100347,Carcinoid syndrome,MONDO:0019963,Bronchial neuroendocrine tumor,"['LANREOTIDE AUTOGEL', 'TEMOZOLOMIDE', 'EVEROLIMUS']",2
MONDO:0100347,Carcinoid syndrome,MONDO:0003646,Neuroendocrine tumor of the rectum,"['LANREOTIDE AUTOGEL', 'TEMOZOLOMIDE', 'EVEROLIMUS']",2
MONDO:0100347,Carcinoid syndrome,MONDO:0015069,Neuroendocrine tumor of anal canal,"['LANREOTIDE AUTOGEL', 'TEMOZOLOMIDE', 'EVEROLIMUS']",5
MONDO:0100347,Carcinoid syndrome,MONDO:0002882,Neuroendocrine tumor of the colon,"['LANREOTIDE AUTOGEL', 'TEMOZOLOMIDE', 'EVEROLIMUS']",2
MONDO:0100347,Carcinoid syndrome,MONDO:0015066,Neuroendocrine neoplasm of appendix,"['LANREOTIDE AUTOGEL', 'TEMOZOLOMIDE', 'EVEROLIMUS']",2
MONDO:0100347,Carcinoid syndrome,MONDO:0007039,Full NF2-related schwannomatosis,['EVEROLIMUS'],2
MONDO:0100347,Carcinoid syndrome,MONDO:0000447,Isolated polycystic liver disease,"['LANREOTIDE AUTOGEL', 'EVEROLIMUS']",2
MONDO:0100347,Carcinoid syndrome,MONDO:0020547,Chronic graft versus host disease,['EVEROLIMUS'],2
MONDO:0100347,Carcinoid syndrome,MONDO:0015277,Medullary thyroid carcinoma,['EVEROLIMUS'],2
MONDO:0100347,Carcinoid syndrome,MONDO:0019960,VIPoma,"['LANREOTIDE AUTOGEL', 'TEMOZOLOMIDE']",2
MONDO:0100347,Carcinoid syndrome,MONDO:0016722,Pineoblastoma,['TEMOZOLOMIDE'],2
MONDO:0100347,Carcinoid syndrome,MONDO:0006486,Uveal melanoma,['TEMOZOLOMIDE'],2
MONDO:0100347,Carcinoid syndrome,MONDO:0005072,neuroblastoma,['TEMOZOLOMIDE'],7
MONDO:0100347,Carcinoid syndrome,MONDO:0019964,Thymic neuroendocrine tumor,"['LANREOTIDE AUTOGEL', 'TEMOZOLOMIDE']",2
MONDO:0100347,Carcinoid syndrome,MONDO:0009837,Papilloma of choroid plexus,['TEMOZOLOMIDE'],2
MONDO:0100347,Carcinoid syndrome,MONDO:0019959,Glucagonoma,"['LANREOTIDE AUTOGEL', 'TEMOZOLOMIDE']",2
MONDO:0100347,Carcinoid syndrome,MONDO:0019955,GRFoma,"['LANREOTIDE AUTOGEL', 'TEMOZOLOMIDE']",2
MONDO:0100347,Carcinoid syndrome,MONDO:0002728,Rhabdoid tumor,['TEMOZOLOMIDE'],2
MONDO:0100347,Carcinoid syndrome,MONDO:0019180,Hereditary hemorrhagic telangiectasia,['OCTREOTIDE'],3
MONDO:0100347,Carcinoid syndrome,MONDO:0800029,interstitial lung disease 2,['LANREOTIDE AUTOGEL'],2
MONDO:0017258,Idiopathic panuveitis,MONDO:0018092,Vogt-Koyanagi-Harada disease,"['ADALIMUMAB', 'GEVOKIZUMAB', 'METHOTREXATE', 'DNA PLASMID ENCODING A RECOMBINANT FUSION PROTEIN CONSISTING OF THE EXTRACELLULAR DOMAIN OF HUMAN TNFALPHA P55 RECEPTOR LINKED TO THE HUMAN IGG1 FC DOMAIN', 'SIROLIMUS', ""3-{[2,3,5,6-TETRAFLUORO-3'-(TRIFLUOROMETHOXY)BIPHENYL-4-YL]CARBAMOYL}THIOPHENE-2-CARBOXYLIC ACID"", 'FLUOCINOLONE ACETONIDE (PROLONGED-RELEASE INTRAVITREAL IMPLANT)', 'FINGOLIMOD', 'IZOKIBEP', 'TESIDOLUMAB']",2
MONDO:0017258,Idiopathic panuveitis,MONDO:0006702,Chronic inflammatory demyelinating polyneuropathy,['FINGOLIMOD'],3
MONDO:0017258,Idiopathic panuveitis,MONDO:0006806,intermediate uveitis,"['ADALIMUMAB', 'VOCLOSPORIN', 'GEVOKIZUMAB', 'METHOTREXATE', 'DNA PLASMID ENCODING A RECOMBINANT FUSION PROTEIN CONSISTING OF THE EXTRACELLULAR DOMAIN OF HUMAN TNFALPHA P55 RECEPTOR LINKED TO THE HUMAN IGG1 FC DOMAIN', 'SIROLIMUS', ""3-{[2,3,5,6-TETRAFLUORO-3'-(TRIFLUOROMETHOXY)BIPHENYL-4-YL]CARBAMOYL}THIOPHENE-2-CARBOXYLIC ACID"", 'FLUOCINOLONE ACETONIDE (PROLONGED-RELEASE INTRAVITREAL IMPLANT)', 'FINGOLIMOD', 'IZOKIBEP', 'TESIDOLUMAB']",4
MONDO:0017258,Idiopathic panuveitis,MONDO:0001734,tuberous sclerosis,['SIROLIMUS'],6
MONDO:0017258,Idiopathic panuveitis,MONDO:0016206,Idiopathic uveal effusion syndrome,"['ADALIMUMAB', 'GEVOKIZUMAB', 'METHOTREXATE', 'DNA PLASMID ENCODING A RECOMBINANT FUSION PROTEIN CONSISTING OF THE EXTRACELLULAR DOMAIN OF HUMAN TNFALPHA P55 RECEPTOR LINKED TO THE HUMAN IGG1 FC DOMAIN', 'SIROLIMUS', ""3-{[2,3,5,6-TETRAFLUORO-3'-(TRIFLUOROMETHOXY)BIPHENYL-4-YL]CARBAMOYL}THIOPHENE-2-CARBOXYLIC ACID"", 'IZOKIBEP']",13
MONDO:0017258,Idiopathic panuveitis,MONDO:0021055,Familial adenomatous polyposis,['SIROLIMUS'],5
MONDO:0017258,Idiopathic panuveitis,MONDO:0004691,Autosomal dominant polycystic kidney disease,['SIROLIMUS'],5
MONDO:0017258,Idiopathic panuveitis,MONDO:0007827,Inclusion body myositis,['SIROLIMUS'],6
MONDO:0017258,Idiopathic panuveitis,MONDO:0004976,Amyotrophic lateral sclerosis,['SIROLIMUS'],5
MONDO:0017258,Idiopathic panuveitis,MONDO:0019338,sarcoidosis,['SIROLIMUS'],5
MONDO:0017258,Idiopathic panuveitis,MONDO:0011927,Tufted angioma,['SIROLIMUS'],5
MONDO:0017258,Idiopathic panuveitis,MONDO:0020561,Myxoid/round cell liposarcoma,['SIROLIMUS'],5
MONDO:0017258,Idiopathic panuveitis,MONDO:0019402,Beta-thalassemia,['SIROLIMUS'],5
MONDO:0017258,Idiopathic panuveitis,MONDO:0020547,Chronic graft versus host disease,['SIROLIMUS'],5
MONDO:0017258,Idiopathic panuveitis,MONDO:0019200,Retinitis pigmentosa,"['ADALIMUMAB', 'FLUOCINOLONE ACETONIDE (PROLONGED-RELEASE INTRAVITREAL IMPLANT)']",2
MONDO:0017258,Idiopathic panuveitis,MONDO:0019437,Enthesitis-related juvenile idiopathic arthritis,['ADALIMUMAB'],17
MONDO:0017258,Idiopathic panuveitis,MONDO:0000754,Anal fistula,['ADALIMUMAB'],12
MONDO:0017258,Idiopathic panuveitis,MONDO:0019435,Rheumatoid factor-positive polyarticular juvenile idiopathic arthritis,['ADALIMUMAB'],13
MONDO:0017258,Idiopathic panuveitis,MONDO:0019433,Oligoarticular juvenile idiopathic arthritis,['ADALIMUMAB'],12
MONDO:0017258,Idiopathic panuveitis,MONDO:0019432,Rheumatoid factor-negative polyarticular juvenile idiopathic arthritis,['ADALIMUMAB'],13
MONDO:0017258,Idiopathic panuveitis,MONDO:0008054,Juvenile dermatomyositis,['METHOTREXATE'],2
MONDO:0017258,Idiopathic panuveitis,MONDO:0008538,Giant cell arteritis,"['GEVOKIZUMAB', 'METHOTREXATE']",3
MONDO:0017258,Idiopathic panuveitis,MONDO:0018304,Schnitzler syndrome,['METHOTREXATE'],2
MONDO:0017258,Idiopathic panuveitis,MONDO:0009837,Papilloma of choroid plexus,['METHOTREXATE'],2
MONDO:0017258,Idiopathic panuveitis,MONDO:0020546,Acute graft versus host disease,['METHOTREXATE'],2
MONDO:0017258,Idiopathic panuveitis,MONDO:0007191,Behet disease,['GEVOKIZUMAB'],28
MONDO:0017258,Idiopathic panuveitis,MONDO:0016098,Immune-mediated necrotizing myopathy,['GEVOKIZUMAB'],22
MONDO:0017258,Idiopathic panuveitis,MONDO:0019127,polymyositis,['GEVOKIZUMAB'],24
MONDO:0017258,Idiopathic panuveitis,MONDO:0005028,Adenocarcinoma of the esophagus,['GEVOKIZUMAB'],22
MONDO:0017258,Idiopathic panuveitis,MONDO:0007915,systemic lupus erythematosus,['VOCLOSPORIN'],3
MONDO:0008380,Retinoblastoma,MONDO:0009348,Classic Hodgkin lymphoma,['ETOPOSIDE'],6
MONDO:0008380,Retinoblastoma,MONDO:0019210,Cutaneous neuroendocrine carcinoma,['ETOPOSIDE'],2
MONDO:0008380,Retinoblastoma,MONDO:0005072,neuroblastoma,"['ETOPOSIDE', 'MELPHALAN']",2
MONDO:0008380,Retinoblastoma,MONDO:0009837,Papilloma of choroid plexus,['ETOPOSIDE'],2
MONDO:0008380,Retinoblastoma,MONDO:0002728,Rhabdoid tumor,['ETOPOSIDE'],2
MONDO:0008380,Retinoblastoma,MONDO:0018906,follicular lymphoma,"['ETOPOSIDE', 'MELPHALAN']",2
MONDO:0008380,Retinoblastoma,MONDO:0019438,AL amyloidosis,['MELPHALAN'],7
MONDO:0008380,Retinoblastoma,MONDO:0006486,Uveal melanoma,['MELPHALAN'],2
MONDO:0024686,"tenosynovial giant cell tumor, diffuse type",MONDO:0011996,"chronic myelogenous leukemia, BCR-ABL1 positive",['NILOTINIB'],126
MONDO:0024686,"tenosynovial giant cell tumor, diffuse type",MONDO:0007039,Full NF2-related schwannomatosis,['NILOTINIB'],3
MONDO:0024686,"tenosynovial giant cell tumor, diffuse type",MONDO:0011719,gastrointestinal stromal tumor,"['NILOTINIB', 'PEXIDARTINIB']",7
MONDO:0024686,"tenosynovial giant cell tumor, diffuse type",MONDO:0007739,Huntington disease,['NILOTINIB'],3
MONDO:0024686,"tenosynovial giant cell tumor, diffuse type",MONDO:0005100,systemic sclerosis,['NILOTINIB'],3
MONDO:0009950,Hemolytic anemia due to red cell pyruvate kinase deficiency,MONDO:0016486,Beta-thalassemia major,['MITAPIVAT SULFATE'],13
MONDO:0009950,Hemolytic anemia due to red cell pyruvate kinase deficiency,MONDO:0016487,Beta-thalassemia intermedia,['MITAPIVAT SULFATE'],14
MONDO:0009950,Hemolytic anemia due to red cell pyruvate kinase deficiency,MONDO:0015579,Hb Bart's hydrops fetalis,['MITAPIVAT SULFATE'],13
MONDO:0009950,Hemolytic anemia due to red cell pyruvate kinase deficiency,MONDO:0013512,Hemoglobin H disease,['MITAPIVAT SULFATE'],14
MONDO:0019945,Solar urticaria,MONDO:0008558,autoimmune thrombocytopenic purpura,['HUMAN NORMAL IMMUNOGLOBULIN'],7
MONDO:0019945,Solar urticaria,MONDO:0009688,Myasthenia gravis,['HUMAN NORMAL IMMUNOGLOBULIN'],9
MONDO:0019945,Solar urticaria,MONDO:0017409,Fetal cytomegalovirus syndrome,['HUMAN NORMAL IMMUNOGLOBULIN'],2
MONDO:0019945,Solar urticaria,MONDO:0006702,Chronic inflammatory demyelinating polyneuropathy,['HUMAN NORMAL IMMUNOGLOBULIN'],9
MONDO:0019945,Solar urticaria,MONDO:0800029,interstitial lung disease 2,['HUMAN NORMAL IMMUNOGLOBULIN'],2
MONDO:0019945,Solar urticaria,MONDO:0019369,Complex regional pain syndrome,['HUMAN NORMAL IMMUNOGLOBULIN'],2
MONDO:0019945,Solar urticaria,MONDO:0008219,Pemphigus vulgaris,['HUMAN NORMAL IMMUNOGLOBULIN'],2
MONDO:0009669,Proximal spinal muscular atrophy type 1,MONDO:0010056,Proximal spinal muscular atrophy type 4,"['ONASEMNOGENE ABEPARVOVEC', 'TALDITERCEPT ALFA', 'NUSINERSEN']",8
MONDO:0009669,Proximal spinal muscular atrophy type 1,MONDO:0009673,Proximal spinal muscular atrophy type 2,"['NUSINERSEN', 'RISDIPLAM', 'OLESOXIME', 'SELECTIVE SMN2 (SURVIVAL OF MOTOR NEURON 2) SPLICING MODIFIER', 'RO-7204239', 'TALDITERCEPT ALFA', 'ONASEMNOGENE ABEPARVOVEC']",10
MONDO:0009669,Proximal spinal muscular atrophy type 1,MONDO:0009672,Proximal spinal muscular atrophy type 3,"['NUSINERSEN', 'RISDIPLAM', 'OLESOXIME', 'SELECTIVE SMN2 (SURVIVAL OF MOTOR NEURON 2) SPLICING MODIFIER', 'RO-7204239', 'TALDITERCEPT ALFA', 'ONASEMNOGENE ABEPARVOVEC']",6
MONDO:0009669,Proximal spinal muscular atrophy type 1,MONDO:0010679,Duchenne muscular dystrophy,['TALDITERCEPT ALFA'],7
MONDO:0009669,Proximal spinal muscular atrophy type 1,MONDO:0004976,Amyotrophic lateral sclerosis,['OLESOXIME'],9
MONDO:0009669,Proximal spinal muscular atrophy type 1,MONDO:0019067,Idiopathic steroid-sensitive nephrotic syndrome,"['VALPROIC ACID, SODIUM']",2
MONDO:0009669,Proximal spinal muscular atrophy type 1,MONDO:0019006,Genetic steroid-resistant nephrotic syndrome,"['VALPROIC ACID, SODIUM']",2
MONDO:0009669,Proximal spinal muscular atrophy type 1,MONDO:0019157,Acquired idiopathic sideroblastic anemia,"['VALPROIC ACID, SODIUM']",2
MONDO:0009669,Proximal spinal muscular atrophy type 1,MONDO:0019079,Proximal spinal muscular atrophy,"['NUSINERSEN', 'RISDIPLAM']",10
MONDO:0009669,Proximal spinal muscular atrophy type 1,MONDO:0007739,Huntington disease,['BRANAPLAM'],3
MONDO:0021055,Familial adenomatous polyposis,MONDO:0008538,Giant cell arteritis,['GUSELKUMAB'],5
MONDO:0021055,Familial adenomatous polyposis,MONDO:0005835,Lynch syndrome,['CETUXIMAB'],2
MONDO:0021055,Familial adenomatous polyposis,MONDO:0005028,Adenocarcinoma of the esophagus,['CETUXIMAB'],3
MONDO:0021055,Familial adenomatous polyposis,MONDO:0001734,tuberous sclerosis,['SIROLIMUS'],3
MONDO:0021055,Familial adenomatous polyposis,MONDO:0016206,Idiopathic uveal effusion syndrome,['SIROLIMUS'],5
MONDO:0021055,Familial adenomatous polyposis,MONDO:0004691,Autosomal dominant polycystic kidney disease,['SIROLIMUS'],2
MONDO:0021055,Familial adenomatous polyposis,MONDO:0007827,Inclusion body myositis,['SIROLIMUS'],3
MONDO:0021055,Familial adenomatous polyposis,MONDO:0018092,Vogt-Koyanagi-Harada disease,['SIROLIMUS'],5
MONDO:0021055,Familial adenomatous polyposis,MONDO:0004976,Amyotrophic lateral sclerosis,['SIROLIMUS'],2
MONDO:0021055,Familial adenomatous polyposis,MONDO:0019338,sarcoidosis,['SIROLIMUS'],2
MONDO:0021055,Familial adenomatous polyposis,MONDO:0011927,Tufted angioma,['SIROLIMUS'],2
MONDO:0021055,Familial adenomatous polyposis,MONDO:0006806,intermediate uveitis,['SIROLIMUS'],5
MONDO:0021055,Familial adenomatous polyposis,MONDO:0020561,Myxoid/round cell liposarcoma,['SIROLIMUS'],2
MONDO:0021055,Familial adenomatous polyposis,MONDO:0019402,Beta-thalassemia,['SIROLIMUS'],2
MONDO:0021055,Familial adenomatous polyposis,MONDO:0020547,Chronic graft versus host disease,['SIROLIMUS'],2
MONDO:0021055,Familial adenomatous polyposis,MONDO:0016613,APC-related attenuated familial adenomatous polyposis,['EFLORNITHINE IN COMBINATION WITH SULINDAC'],4
MONDO:0021055,Familial adenomatous polyposis,MONDO:0100429,Intrahepatic cholestasis of pregnancy,['URSODEOXYCHOLIC ACID'],3
MONDO:0021055,Familial adenomatous polyposis,MONDO:0005388,Primary biliary cholangitis,['URSODEOXYCHOLIC ACID'],2
MONDO:0021055,Familial adenomatous polyposis,MONDO:0013433,Primary sclerosing cholangitis,['URSODEOXYCHOLIC ACID'],2
MONDO:0021055,Familial adenomatous polyposis,MONDO:0000447,Isolated polycystic liver disease,['URSODEOXYCHOLIC ACID'],2
MONDO:0007915,systemic lupus erythematosus,MONDO:0800029,interstitial lung disease 2,"['RITUXIMAB', 'ANTI-BAFF (B-CELL-ACTIVATING FACTOR) MONOCLONAL ANTIBODY', 'PREDNISONE']",9
MONDO:0007915,systemic lupus erythematosus,MONDO:0100280,Waldenstrom macroglobulinemia,"['RITUXIMAB', 'ORELABRUTINIB', 'CHEMBL156', 'OBINUTUZUMAB', 'FLUDARABINE', 'EPRATUZUMAB', 'DEXAMETHASONE VALARATE', 'FILGRASTIM', 'DARATUMUMAB', 'CHEMBL3210645', 'SIMVASTATIN', 'CYCLOPHOSPHAMIDE ANHYDROUS']",250
MONDO:0007915,systemic lupus erythematosus,MONDO:0018906,follicular lymphoma,"['RITUXIMAB', 'ALDESLEUKIN', 'IBERDOMIDE', 'ORELABRUTINIB', 'TOCILIZUMAB', 'BRENTUXIMAB VEDOTIN', 'CHEMBL156', 'FLUDARABINE', 'DEXAMETHASONE VALARATE', 'PREDNISONE', 'FILGRASTIM', 'DARATUMUMAB', 'CHEMBL3210645', 'OBINUTUZUMAB', 'CYCLOPHOSPHAMIDE ANHYDROUS']",95
MONDO:0007915,systemic lupus erythematosus,MONDO:0007650,MALT lymphoma,"['RITUXIMAB', 'CHEMBL156', 'FLUDARABINE', 'FILGRASTIM', 'CHEMBL3210645', 'OBINUTUZUMAB', 'CYCLOPHOSPHAMIDE ANHYDROUS']",96
MONDO:0007915,systemic lupus erythematosus,MONDO:0005100,systemic sclerosis,"['RITUXIMAB', 'DAXDILIMAB', 'ALLOGENEIC ENGINEERED T-CELLS EXPRESSING ANTI-CD19 CHIMERIC ANTIGEN RECEPTOR', 'TOCILIZUMAB', 'PAQUINIMOD', 'CHEMBL156', 'FLUDARABINE', 'TOFACITINIB', 'CLOPIDOGREL', 'ROSUVASTATIN', 'FILGRASTIM', 'MYCOPHENOLIC ACID', 'CHEMBL3210645', 'CHEMBL3560003', 'CYCLOPHOSPHAMIDE ANHYDROUS']",92
MONDO:0007915,systemic lupus erythematosus,MONDO:0019124,microscopic polyangiitis,"['RITUXIMAB', 'AVACOPAN', 'PREDNISONE', 'CHEMBL3210645', 'CYCLOPHOSPHAMIDE ANHYDROUS']",108
MONDO:0007915,systemic lupus erythematosus,MONDO:0011996,"chronic myelogenous leukemia, BCR-ABL1 positive","['RITUXIMAB', 'ALDESLEUKIN', 'ASPIRIN TRELAMINE', 'ACETAMINOPHEN', 'CHEMBL156', 'ARSENIC TRIOXIDE', 'FLUDARABINE', 'FILGRASTIM', 'LERIGLITAZONE', 'CHEMBL3210645', 'CHEMBL3560003', 'CYCLOPHOSPHAMIDE ANHYDROUS']",408
MONDO:0007915,systemic lupus erythematosus,MONDO:0015943,eosinophilic granulomatosis with polyangiitis,"['RITUXIMAB', 'PREDNISONE']",111
MONDO:0007915,systemic lupus erythematosus,MONDO:0009688,Myasthenia gravis,"['RITUXIMAB', 'RAVULIZUMAB', 'NIPOCALIMAB', 'TOCILIZUMAB', 'CHEMBL156', 'ABATACEPT', 'TOFACITINIB', 'PREDNISONE', 'LEFLUNOMIDE', 'CHEMBL3210645', 'CYCLOPHOSPHAMIDE ANHYDROUS']",93
MONDO:0007915,systemic lupus erythematosus,MONDO:0008558,autoimmune thrombocytopenic purpura,"['RITUXIMAB', 'ATORVASTATIN', 'ORELABRUTINIB', 'BARICITINIB', 'ACETAMINOPHEN', 'BELIMUMAB', 'DEXAMETHASONE VALARATE', 'ANTI-BAFF (B-CELL-ACTIVATING FACTOR) MONOCLONAL ANTIBODY', 'PREDNISONE', 'IPTACOPAN', 'DARATUMUMAB', 'CHEMBL3210645', 'FOSTAMATINIB', 'CYCLOPHOSPHAMIDE ANHYDROUS']",93
MONDO:0007915,systemic lupus erythematosus,MONDO:0006702,Chronic inflammatory demyelinating polyneuropathy,"['RITUXIMAB', 'NIPOCALIMAB']",2
MONDO:0007915,systemic lupus erythematosus,MONDO:0012105,Granulomatosis with polyangiitis,"['RITUXIMAB', 'AVACOPAN', 'CHEMBL156', 'ABATACEPT', 'BELIMUMAB', 'PREDNISONE', 'CHEMBL3210645', 'CYCLOPHOSPHAMIDE ANHYDROUS']",93
MONDO:0007915,systemic lupus erythematosus,MONDO:0015564,Castleman disease,"['RITUXIMAB', 'TOCILIZUMAB', 'PREDNISONE', 'CHEMBL3560003', 'CYCLOPHOSPHAMIDE ANHYDROUS']",10
MONDO:0007915,systemic lupus erythematosus,MONDO:0005388,Primary biliary cholangitis,"['RITUXIMAB', 'USTEKINUMAB', 'CHEMBL156', 'BARICITINIB']",6
MONDO:0007915,systemic lupus erythematosus,MONDO:0019338,sarcoidosis,"['RITUXIMAB', 'IBERDOMIDE', 'ATORVASTATIN', 'CHEMBL156', 'ABATACEPT', 'TOFACITINIB', 'USTEKINUMAB', 'DEXAMETHASONE VALARATE', 'PREDNISONE', 'CHEMBL3560003', 'CYCLOPHOSPHAMIDE ANHYDROUS']",5
MONDO:0007915,systemic lupus erythematosus,MONDO:0010602,hemophilia A,"['RITUXIMAB', 'PREDNISONE']",106
MONDO:0007915,systemic lupus erythematosus,MONDO:0005072,neuroblastoma,"['RITUXIMAB', 'ALDESLEUKIN', 'CHEMBL156', 'FLUDARABINE', 'FILGRASTIM', 'CHEMBL3210645', 'CHEMBL3560003', 'CYCLOPHOSPHAMIDE ANHYDROUS']",94
MONDO:0007915,systemic lupus erythematosus,MONDO:0019127,polymyositis,"['ALLOGENEIC ENGINEERED T-CELLS EXPRESSING ANTI-CD19 CHIMERIC ANTIGEN RECEPTOR', 'RITUXIMAB', 'DAXDILIMAB', 'PREDNISONE']",11
MONDO:0007915,systemic lupus erythematosus,MONDO:0005029,essential thrombocythemia,"['ASPIRIN TRELAMINE', 'PREDNISONE', 'ARSENIC TRIOXIDE']",109
MONDO:0007915,systemic lupus erythematosus,MONDO:0009891,acquired polycythemia vera,"['ASPIRIN TRELAMINE', 'CHEMBL156', 'ARSENIC TRIOXIDE', 'PREDNISONE', 'CHEMBL3210645', 'FLUDARABINE']",103
MONDO:0007915,systemic lupus erythematosus,MONDO:0010679,Duchenne muscular dystrophy,['PREDNISONE'],109
MONDO:0007915,systemic lupus erythematosus,MONDO:0006806,intermediate uveitis,"['VOCLOSPORIN', 'TOCILIZUMAB', 'CHEMBL156', 'DEXAMETHASONE VALARATE', 'PREDNISONE', 'CHEMBL3560003', 'SECUKINUMAB']",9
MONDO:0007915,systemic lupus erythematosus,MONDO:0009692,Primary myelofibrosis,"['CHEMBL156', 'ARSENIC TRIOXIDE', 'PREDNISONE', 'FILGRASTIM', 'CHEMBL3210645', 'FLUDARABINE', 'CYCLOPHOSPHAMIDE ANHYDROUS']",118
MONDO:0007915,systemic lupus erythematosus,MONDO:0009061,Cystic fibrosis,"['HYDROXYCHLOROQUINE', 'LENABASUM', 'DOCONEXENT', 'PREDNISONE', 'LERIGLITAZONE', 'SIMVASTATIN']",3
MONDO:0007915,systemic lupus erythematosus,MONDO:0016264,Autoimmune hepatitis,"['ANTI-BAFF (B-CELL-ACTIVATING FACTOR) MONOCLONAL ANTIBODY', 'PREDNISONE']",3
MONDO:0007915,systemic lupus erythematosus,MONDO:0004976,Amyotrophic lateral sclerosis,"['ALDESLEUKIN', 'RAVULIZUMAB', 'TOCILIZUMAB', 'PREDNISONE', 'LERIGLITAZONE', 'MEMANTINE', 'CHEMBL3210645', 'CHEMBL3560003']",92
MONDO:0007915,systemic lupus erythematosus,MONDO:0011719,gastrointestinal stromal tumor,['PREDNISONE'],104
MONDO:0007915,systemic lupus erythematosus,MONDO:0100244,paroxysmal nocturnal hemoglobinuria,"['RAVULIZUMAB', 'CHEMBL156', 'IPTACOPAN', 'CHEMBL3210645', 'FLUDARABINE']",104
MONDO:0007915,systemic lupus erythematosus,MONDO:0019200,Retinitis pigmentosa,"['HYDROXYCHLOROQUINE', 'DOCONEXENT', 'CHEMBL156']",3
MONDO:0007915,systemic lupus erythematosus,MONDO:0005312,Pouchitis,"['USTEKINUMAB', 'TOFACITINIB']",5
MONDO:0007915,systemic lupus erythematosus,MONDO:0019438,AL amyloidosis,"['DEXAMETHASONE VALARATE', 'DARATUMUMAB', 'FILGRASTIM', 'CYCLOPHOSPHAMIDE ANHYDROUS']",59
MONDO:0007915,systemic lupus erythematosus,MONDO:0018868,metachromatic leukodystrophy,['CYCLOPHOSPHAMIDE ANHYDROUS'],101
MONDO:0007915,systemic lupus erythematosus,MONDO:0009499,Krabbe disease,['CYCLOPHOSPHAMIDE ANHYDROUS'],99
MONDO:0007915,systemic lupus erythematosus,MONDO:0006456,thymoma,['CYCLOPHOSPHAMIDE ANHYDROUS'],95
MONDO:0007915,systemic lupus erythematosus,MONDO:0010006,Sandhoff disease,['CYCLOPHOSPHAMIDE ANHYDROUS'],92
MONDO:0007915,systemic lupus erythematosus,MONDO:0019019,osteogenesis imperfecta,['CYCLOPHOSPHAMIDE ANHYDROUS'],92
MONDO:0007915,systemic lupus erythematosus,MONDO:0019067,Idiopathic steroid-sensitive nephrotic syndrome,"['RITUXIMAB', 'OBINUTUZUMAB']",2
MONDO:0007915,systemic lupus erythematosus,MONDO:0018301,interstitial cystitis,"['OMALIZUMAB', 'CHEMBL3210645']",92
MONDO:0007915,systemic lupus erythematosus,MONDO:0016244,Atypical hemolytic uremic syndrome,"['AVACOPAN', 'RAVULIZUMAB', 'IPTACOPAN']",2
MONDO:0007915,systemic lupus erythematosus,MONDO:0018324,Adult-onset myasthenia gravis,"['RITUXIMAB', 'FC-SILENT ANTI-CD40 MONOCLONAL ANTIBODY', 'RAVULIZUMAB', 'NIPOCALIMAB']",2
MONDO:0007915,systemic lupus erythematosus,MONDO:0019434,Systemic-onset juvenile idiopathic arthritis,"['BARICITINIB', 'EMAPALUMAB']",9
MONDO:0007915,systemic lupus erythematosus,MONDO:0019437,Enthesitis-related juvenile idiopathic arthritis,['BARICITINIB'],8
MONDO:0007915,systemic lupus erythematosus,MONDO:0008538,Giant cell arteritis,"['UPADACITINIB', 'RITUXIMAB', 'SECUKINUMAB']",6
MONDO:0007915,systemic lupus erythematosus,MONDO:0001734,tuberous sclerosis,['CHEMBL3560003'],27
MONDO:0007915,systemic lupus erythematosus,MONDO:0019402,Beta-thalassemia,"['CHEMBL3210645', 'CHEMBL3560003', 'FILGRASTIM', 'FLUDARABINE']",96
MONDO:0007915,systemic lupus erythematosus,MONDO:0005149,Idiopathic/heritable pulmonary arterial hypertension,"['CHEMBL3560003', 'SIMVASTATIN']",8
MONDO:0007915,systemic lupus erythematosus,MONDO:0007803,multiple system atrophy,['CHEMBL3560003'],7
MONDO:0007915,systemic lupus erythematosus,MONDO:0019167,Immunoglobulin A vasculitis,"['RITUXIMAB', 'IPTACOPAN']",2
MONDO:0007915,systemic lupus erythematosus,MONDO:0018922,Cold agglutinin disease,['IPTACOPAN'],5
MONDO:0007915,systemic lupus erythematosus,MONDO:0019499,Turner syndrome,['ESTRADIOL VALERATE'],6
MONDO:0007915,systemic lupus erythematosus,MONDO:0007739,Huntington disease,"['MEMANTINE', 'LAQUINIMOD']",4
MONDO:0007915,systemic lupus erythematosus,MONDO:0010518,Wiskott-Aldrich syndrome,['ALDESLEUKIN'],3
MONDO:0007915,systemic lupus erythematosus,MONDO:0013892,C3 glomerulonephritis,['AVACOPAN'],3
MONDO:0007915,systemic lupus erythematosus,MONDO:0019534,Mixed-type autoimmune hemolytic anemia,['RITUXIMAB'],2
MONDO:0007915,systemic lupus erythematosus,MONDO:0019740,Immune-mediated thrombotic thrombocytopenic purpura,['RITUXIMAB'],4
MONDO:0007915,systemic lupus erythematosus,MONDO:0015247,Opsoclonus-myoclonus syndrome,['RITUXIMAB'],4
MONDO:0007915,systemic lupus erythematosus,MONDO:0019006,Genetic steroid-resistant nephrotic syndrome,['RITUXIMAB'],2
MONDO:0007915,systemic lupus erythematosus,MONDO:0018977,Polyneuropathy associated with IgM monoclonal gammopathy with anti-MAG,['RITUXIMAB'],2
MONDO:0007915,systemic lupus erythematosus,MONDO:0019170,Polyarteritis nodosa,['RITUXIMAB'],2
MONDO:0007915,systemic lupus erythematosus,MONDO:0019125,Relapsing polychondritis,['RITUXIMAB'],2
MONDO:0007915,systemic lupus erythematosus,MONDO:0020547,Chronic graft versus host disease,['RITUXIMAB'],2
MONDO:0007915,systemic lupus erythematosus,MONDO:0019535,Drug-induced autoimmune hemolytic anemia,['RITUXIMAB'],2
MONDO:0007915,systemic lupus erythematosus,MONDO:0007191,Behet disease,['SECUKINUMAB'],9
MONDO:0007915,systemic lupus erythematosus,MONDO:0010557,Choroideremia,['SIMVASTATIN'],3
MONDO:0007915,systemic lupus erythematosus,MONDO:0016642,meningioma,['LERIGLITAZONE'],3
MONDO:0007915,systemic lupus erythematosus,MONDO:0100339,Friedreich ataxia,['LERIGLITAZONE'],4
MONDO:0007915,systemic lupus erythematosus,MONDO:0008219,Pemphigus vulgaris,['ANTI-BAFF (B-CELL-ACTIVATING FACTOR) MONOCLONAL ANTIBODY'],3
MONDO:0007915,systemic lupus erythematosus,MONDO:0005136,Malaria,['ACETAMINOPHEN'],11
MONDO:0012197,Idiopathic aplastic anemia,MONDO:0011012,Dietary iron overload disease,['DEFERITAZOLE'],3
MONDO:0012197,Idiopathic aplastic anemia,MONDO:0020721,X-linked sideroblastic anemia,['DEFERITAZOLE'],3
MONDO:0012197,Idiopathic aplastic anemia,MONDO:0015253,Diamond-Blackfan anemia,['DEFERITAZOLE'],4
MONDO:0012197,Idiopathic aplastic anemia,MONDO:0019402,Beta-thalassemia,['DEFERITAZOLE'],5
MONDO:0012197,Idiopathic aplastic anemia,MONDO:0016486,Beta-thalassemia major,['SUPERCONDUCTING QUANTUM INTERFERENCE DEVICE SUSCEPTOMETER (SQUID)'],2
MONDO:0006456,thymoma,MONDO:0018906,follicular lymphoma,"['ETOPOSIDE', 'PEMBROLIZUMAB', 'ATEZOLIZUMAB', 'CHEMBL4303800', 'CYCLOPHOSPHAMIDE ANHYDROUS', 'BEVACIZUMAB', 'BUPARLISIB', 'BELINOSTAT']",8
MONDO:0006456,thymoma,MONDO:0005072,neuroblastoma,"['ETOPOSIDE', 'PEMBROLIZUMAB', 'ATEZOLIZUMAB', 'CISPLATIN', 'CHEMBL4303800', 'BEVACIZUMAB', 'CYCLOPHOSPHAMIDE ANHYDROUS']",8
MONDO:0006456,thymoma,MONDO:0005055,Kaposi\'s sarcoma,"['ETOPOSIDE', 'PEMBROLIZUMAB', 'CHEMBL48', 'CHEMBL4303800', 'SUNITINIB', 'BEVACIZUMAB']",5
MONDO:0006456,thymoma,MONDO:0015564,Castleman disease,"['ETOPOSIDE', 'CHEMBL4303800', 'CYCLOPHOSPHAMIDE ANHYDROUS']",8
MONDO:0006456,thymoma,MONDO:0100280,Waldenstrom macroglobulinemia,"['PEMBROLIZUMAB', 'ETOPOSIDE', 'ATEZOLIZUMAB', 'CYCLOPHOSPHAMIDE ANHYDROUS']",5
MONDO:0006456,thymoma,MONDO:0011996,"chronic myelogenous leukemia, BCR-ABL1 positive","['ETOPOSIDE', 'BOSUTINIB', 'ATEZOLIZUMAB', 'SELINEXOR', 'BEVACIZUMAB', 'CYCLOPHOSPHAMIDE ANHYDROUS']",5
MONDO:0006456,thymoma,MONDO:0007650,MALT lymphoma,"['ETOPOSIDE', 'ATEZOLIZUMAB', 'CYCLOPHOSPHAMIDE ANHYDROUS']",51
MONDO:0006456,thymoma,MONDO:0012105,Granulomatosis with polyangiitis,['CYCLOPHOSPHAMIDE ANHYDROUS'],40
MONDO:0006456,thymoma,MONDO:0009692,Primary myelofibrosis,['CYCLOPHOSPHAMIDE ANHYDROUS'],75
MONDO:0006456,thymoma,MONDO:0009688,Myasthenia gravis,"['ETOPOSIDE', 'CYCLOPHOSPHAMIDE ANHYDROUS']",14
MONDO:0006456,thymoma,MONDO:0019124,microscopic polyangiitis,['CYCLOPHOSPHAMIDE ANHYDROUS'],35
MONDO:0006456,thymoma,MONDO:0019438,AL amyloidosis,"['SELINEXOR', 'CYCLOPHOSPHAMIDE ANHYDROUS']",18
MONDO:0006456,thymoma,MONDO:0005100,systemic sclerosis,['CYCLOPHOSPHAMIDE ANHYDROUS'],38
MONDO:0006456,thymoma,MONDO:0018868,metachromatic leukodystrophy,['CYCLOPHOSPHAMIDE ANHYDROUS'],14
MONDO:0006456,thymoma,MONDO:0008558,autoimmune thrombocytopenic purpura,['CYCLOPHOSPHAMIDE ANHYDROUS'],8
MONDO:0006456,thymoma,MONDO:0009499,Krabbe disease,['CYCLOPHOSPHAMIDE ANHYDROUS'],12
MONDO:0006456,thymoma,MONDO:0010006,Sandhoff disease,['CYCLOPHOSPHAMIDE ANHYDROUS'],5
MONDO:0006456,thymoma,MONDO:0019019,osteogenesis imperfecta,['CYCLOPHOSPHAMIDE ANHYDROUS'],5
MONDO:0006456,thymoma,MONDO:0019338,sarcoidosis,['CYCLOPHOSPHAMIDE ANHYDROUS'],5
MONDO:0006456,thymoma,MONDO:0011719,gastrointestinal stromal tumor,"['PEMBROLIZUMAB', 'CHEMBL48', 'CISPLATIN', 'SUNITINIB', 'BEVACIZUMAB', 'BUPARLISIB']",25
MONDO:0006456,thymoma,MONDO:0016642,meningioma,"['SOMATOSTATIN ANALOGUE', 'BEVACIZUMAB', 'PEMBROLIZUMAB']",4
MONDO:0006456,thymoma,MONDO:0800029,interstitial lung disease 2,['SOMATOSTATIN ANALOGUE'],3
MONDO:0006456,thymoma,MONDO:0017844,Szary syndrome,['ATEZOLIZUMAB'],3
MONDO:0006456,thymoma,MONDO:0015686,Primary peritoneal carcinoma,['ATEZOLIZUMAB'],9
MONDO:0006456,thymoma,MONDO:0006292,Pleural mesothelioma,['ATEZOLIZUMAB'],6
MONDO:0006456,thymoma,MONDO:0009691,Classic mycosis fungoides,['ATEZOLIZUMAB'],3
MONDO:0006456,thymoma,MONDO:0019004,Nephroblastoma,['ATEZOLIZUMAB'],3
MONDO:0006456,thymoma,MONDO:0005028,Adenocarcinoma of the esophagus,['ATEZOLIZUMAB'],2
MONDO:0006456,thymoma,MONDO:0004976,Amyotrophic lateral sclerosis,['BOSUTINIB'],2
MONDO:0006456,thymoma,MONDO:0009891,acquired polycythemia vera,['CHEMBL3186743'],6
MONDO:0019307,Intermediate generalized junctional epidermolysis bullosa,MONDO:0019310,Recessive dystrophic epidermolysis bullosa inversa,['ALLANTOIN'],12
MONDO:0019307,Intermediate generalized junctional epidermolysis bullosa,MONDO:0019522,"Autosomal recessive generalized dystrophic epidermolysis bullosa, intermediate form",['ALLANTOIN'],12
MONDO:0019307,Intermediate generalized junctional epidermolysis bullosa,MONDO:0007552,"Localized dystrophic epidermolysis bullosa, pretibial form",['ALLANTOIN'],12
MONDO:0019307,Intermediate generalized junctional epidermolysis bullosa,MONDO:0011398,Dystrophic epidermolysis bullosa pruriginosa,['ALLANTOIN'],12
MONDO:0019004,Nephroblastoma,MONDO:0005512,Malignant peritoneal mesothelioma,['DOXORUBICINE HYDROCHLORIDE'],4
MONDO:0019004,Nephroblastoma,MONDO:0005072,neuroblastoma,"['CYCLOPHOSPHAMIDE', 'ATEZOLIZUMAB', 'REGORAFENIB', 'NIVOLUMAB', 'DOXORUBICINE HYDROCHLORIDE', 'ENTINOSTAT']",5
MONDO:0019004,Nephroblastoma,MONDO:0006292,Pleural mesothelioma,"['ATEZOLIZUMAB', 'NIVOLUMAB', 'DOXORUBICINE HYDROCHLORIDE']",8
MONDO:0019004,Nephroblastoma,MONDO:0009348,Classic Hodgkin lymphoma,"['CYCLOPHOSPHAMIDE', 'NIVOLUMAB', 'DOXORUBICINE HYDROCHLORIDE']",12
MONDO:0019004,Nephroblastoma,MONDO:0002142,Undifferentiated pleomorphic sarcoma,"['NIVOLUMAB', 'REGORAFENIB', 'DOXORUBICIN HYDROCHLORIDE (LIPOSOMAL)', 'DOXORUBICINE HYDROCHLORIDE']",8
MONDO:0019004,Nephroblastoma,MONDO:0016238,Solitary fibrous tumor,"['REGORAFENIB', 'NIVOLUMAB', 'DOXORUBICIN HYDROCHLORIDE (LIPOSOMAL)']",2
MONDO:0019004,Nephroblastoma,MONDO:0002728,Rhabdoid tumor,"['CYCLOPHOSPHAMIDE', 'REGORAFENIB', 'NIVOLUMAB', 'DOXORUBICIN HYDROCHLORIDE (LIPOSOMAL)', 'ENTINOSTAT']",2
MONDO:0019004,Nephroblastoma,MONDO:0019373,Desmoplastic small round cell tumor,"['REGORAFENIB', 'DOXORUBICIN HYDROCHLORIDE (LIPOSOMAL)']",5
MONDO:0019004,Nephroblastoma,MONDO:0005055,Kaposi\'s sarcoma,"['REGORAFENIB', 'DOXORUBICIN HYDROCHLORIDE (LIPOSOMAL)']",2
MONDO:0019004,Nephroblastoma,MONDO:0018906,follicular lymphoma,"['CYCLOPHOSPHAMIDE', 'ATEZOLIZUMAB', 'NIVOLUMAB', 'DOXORUBICIN HYDROCHLORIDE (LIPOSOMAL)']",4
MONDO:0019004,Nephroblastoma,MONDO:0020561,Myxoid/round cell liposarcoma,"['CYCLOPHOSPHAMIDE', 'DOXORUBICIN HYDROCHLORIDE (LIPOSOMAL)']",3
MONDO:0019004,Nephroblastoma,MONDO:0009691,Classic mycosis fungoides,"['ATEZOLIZUMAB', 'DOXORUBICIN HYDROCHLORIDE (LIPOSOMAL)']",2
MONDO:0019004,Nephroblastoma,MONDO:0015686,Primary peritoneal carcinoma,"['CYCLOPHOSPHAMIDE', 'ATEZOLIZUMAB', 'NIVOLUMAB', 'DOXORUBICIN HYDROCHLORIDE (LIPOSOMAL)']",2
MONDO:0019004,Nephroblastoma,MONDO:0015247,Opsoclonus-myoclonus syndrome,['CYCLOPHOSPHAMIDE'],4
MONDO:0019004,Nephroblastoma,MONDO:0017844,Szary syndrome,"['CYCLOPHOSPHAMIDE', 'ATEZOLIZUMAB', 'NIVOLUMAB']",3
MONDO:0019004,Nephroblastoma,MONDO:0019475,Subcutaneous panniculitis-like T-cell lymphoma,"['CYCLOPHOSPHAMIDE', 'NIVOLUMAB']",2
MONDO:0019004,Nephroblastoma,MONDO:0100280,Waldenstrom macroglobulinemia,"['CYCLOPHOSPHAMIDE', 'ATEZOLIZUMAB']",3
MONDO:0019004,Nephroblastoma,MONDO:0009837,Papilloma of choroid plexus,['CYCLOPHOSPHAMIDE'],2
MONDO:0019004,Nephroblastoma,MONDO:0019438,AL amyloidosis,['CYCLOPHOSPHAMIDE'],3
MONDO:0019004,Nephroblastoma,MONDO:0005100,systemic sclerosis,['CYCLOPHOSPHAMIDE'],2
MONDO:0019004,Nephroblastoma,MONDO:0800029,interstitial lung disease 2,['CYCLOPHOSPHAMIDE'],2
MONDO:0019004,Nephroblastoma,MONDO:0011996,"chronic myelogenous leukemia, BCR-ABL1 positive",['ATEZOLIZUMAB'],3
MONDO:0019004,Nephroblastoma,MONDO:0007650,MALT lymphoma,['ATEZOLIZUMAB'],3
MONDO:0019004,Nephroblastoma,MONDO:0005028,Adenocarcinoma of the esophagus,"['ATEZOLIZUMAB', 'NIVOLUMAB', 'REGORAFENIB']",3
MONDO:0019004,Nephroblastoma,MONDO:0018271,Peripheral primitive neuroectodermal tumor,['REGORAFENIB'],4
MONDO:0019004,Nephroblastoma,MONDO:0011719,gastrointestinal stromal tumor,['REGORAFENIB'],6
MONDO:0019004,Nephroblastoma,MONDO:0017190,Sporadic pheochromocytoma/secreting paraganglioma,['NIVOLUMAB'],2
MONDO:0019004,Nephroblastoma,MONDO:0006486,Uveal melanoma,"['NIVOLUMAB', 'ENTINOSTAT']",2
MONDO:0019004,Nephroblastoma,MONDO:0009692,Primary myelofibrosis,['NIVOLUMAB'],2
MONDO:0019004,Nephroblastoma,MONDO:0016974,Thymoma type B,['NIVOLUMAB'],2
MONDO:0009735,Netherton syndrome,MONDO:0019338,sarcoidosis,['ADALIMUMAB'],5
MONDO:0009735,Netherton syndrome,MONDO:0018301,interstitial cystitis,['ADALIMUMAB'],2
MONDO:0009735,Netherton syndrome,MONDO:0100491,Generalized pustular psoriasis,['SPESOLIMAB'],10
MONDO:0018544,X-linked adrenoleukodystrophy,MONDO:0100339,Friedreich ataxia,"['PIOGLITAZONE', 'HYDROXYPIOGLITAZONE']",8
MONDO:0018544,X-linked adrenoleukodystrophy,MONDO:0018997,Noonan syndrome,['LOVASTATIN'],2
MONDO:0018544,X-linked adrenoleukodystrophy,MONDO:0018975,Neurofibromatosis type 1,['LOVASTATIN'],2
MONDO:0018544,X-linked adrenoleukodystrophy,MONDO:0008840,Ataxia-telangiectasia,['PIOGLITAZONE'],2
MONDO:0018544,X-linked adrenoleukodystrophy,MONDO:0004976,Amyotrophic lateral sclerosis,['PIOGLITAZONE'],2
MONDO:0018544,X-linked adrenoleukodystrophy,MONDO:0011996,"chronic myelogenous leukemia, BCR-ABL1 positive",['PIOGLITAZONE'],2
MONDO:0018544,X-linked adrenoleukodystrophy,MONDO:0004691,Autosomal dominant polycystic kidney disease,['PIOGLITAZONE'],2
MONDO:0019312,Hermansky-Pudlak syndrome,MONDO:0008346,Idiopathic pulmonary hemosiderosis,['HYDROXYCHLOROQUINE'],4
MONDO:0019312,Hermansky-Pudlak syndrome,MONDO:0011871,Chronic visceral acid sphingomyelinase deficiency,['HYDROXYCHLOROQUINE'],3
MONDO:0019312,Hermansky-Pudlak syndrome,MONDO:0011996,"chronic myelogenous leukemia, BCR-ABL1 positive",['HYDROXYCHLOROQUINE'],3
MONDO:0019312,Hermansky-Pudlak syndrome,MONDO:0008538,Giant cell arteritis,['HYDROXYCHLOROQUINE'],3
MONDO:0019312,Hermansky-Pudlak syndrome,MONDO:0019621,Chronic pneumonitis of infancy,['HYDROXYCHLOROQUINE'],4
MONDO:0019312,Hermansky-Pudlak syndrome,MONDO:0012580,Hereditary pulmonary alveolar proteinosis,['HYDROXYCHLOROQUINE'],4
MONDO:0019312,Hermansky-Pudlak syndrome,MONDO:0800029,interstitial lung disease 2,['HYDROXYCHLOROQUINE'],3
MONDO:0018871,Acute myelomonocytic leukemia,MONDO:0100280,Waldenstrom macroglobulinemia,['DEXAMETHASONE'],3
MONDO:0018871,Acute myelomonocytic leukemia,MONDO:0019438,AL amyloidosis,['DEXAMETHASONE'],5
MONDO:0018871,Acute myelomonocytic leukemia,MONDO:0019127,polymyositis,['DEXAMETHASONE'],2
MONDO:0018871,Acute myelomonocytic leukemia,MONDO:0015247,Opsoclonus-myoclonus syndrome,['DEXAMETHASONE'],4
MONDO:0018871,Acute myelomonocytic leukemia,MONDO:0100130,Adult acute respiratory distress syndrome,['DEXAMETHASONE'],2
MONDO:0018871,Acute myelomonocytic leukemia,MONDO:0006702,Chronic inflammatory demyelinating polyneuropathy,['DEXAMETHASONE'],2
MONDO:0018871,Acute myelomonocytic leukemia,MONDO:0011719,gastrointestinal stromal tumor,['IMATINIB MESILATE'],17
MONDO:0018871,Acute myelomonocytic leukemia,MONDO:0011996,"chronic myelogenous leukemia, BCR-ABL1 positive","['IMATINIB MESILATE', 'CYTARABINE']",2
MONDO:0018871,Acute myelomonocytic leukemia,MONDO:0006486,Uveal melanoma,['IMATINIB MESILATE'],2
MONDO:0018871,Acute myelomonocytic leukemia,MONDO:0005149,Idiopathic/heritable pulmonary arterial hypertension,['IMATINIB MESILATE'],11
MONDO:0018871,Acute myelomonocytic leukemia,MONDO:0005100,systemic sclerosis,['IMATINIB MESILATE'],3
MONDO:0018871,Acute myelomonocytic leukemia,MONDO:0006292,Pleural mesothelioma,['IMATINIB MESILATE'],2
MONDO:0018871,Acute myelomonocytic leukemia,MONDO:0020331,Indolent systemic mastocytosis,"['IMATINIB MESILATE', 'MIDOSTAURIN']",2
MONDO:0018871,Acute myelomonocytic leukemia,MONDO:0020333,Aggressive systemic mastocytosis,"['IMATINIB MESILATE', 'MIDOSTAURIN']",5
MONDO:0018871,Acute myelomonocytic leukemia,MONDO:0015796,Acute lung injury,['IMATINIB MESILATE'],2
MONDO:0018871,Acute myelomonocytic leukemia,MONDO:0020332,Systemic mastocytosis with associated hematologic neoplasm,['MIDOSTAURIN'],9
MONDO:0018871,Acute myelomonocytic leukemia,MONDO:0018906,follicular lymphoma,['CYTARABINE'],6
MONDO:0018871,Acute myelomonocytic leukemia,MONDO:0009348,Classic Hodgkin lymphoma,['CYTARABINE'],6
MONDO:0009688,Myasthenia gravis,MONDO:0100244,paroxysmal nocturnal hemoglobinuria,"['ECULIZUMAB', 'RAVULIZUMAB', 'TACROLIMUS ANHYDROUS', 'CHEMBL156', 'CEMDISIRAN', 'VEMIRCOPAN', 'CHEMBL3210645', 'POZELIMAB']",12
MONDO:0009688,Myasthenia gravis,MONDO:0019167,Immunoglobulin A vasculitis,"['RITUXIMAB', 'CEMDISIRAN']",2
MONDO:0009688,Myasthenia gravis,MONDO:0016244,Atypical hemolytic uremic syndrome,"['ECULIZUMAB', 'CEMDISIRAN', 'RAVULIZUMAB']",16
MONDO:0009688,Myasthenia gravis,MONDO:0019536,Shiga toxin-associated hemolytic uremic syndrome,['ECULIZUMAB'],3
MONDO:0009688,Myasthenia gravis,MONDO:0018904,Primary membranoproliferative glomerulonephritis,['ECULIZUMAB'],3
MONDO:0009688,Myasthenia gravis,MONDO:0018324,Adult-onset myasthenia gravis,"['ECULIZUMAB', 'RITUXIMAB', 'RAVULIZUMAB', 'NIPOCALIMAB', 'ROZANOLIXIZUMAB', 'PREDNISONE']",4
MONDO:0009688,Myasthenia gravis,MONDO:0018922,Cold agglutinin disease,['ECULIZUMAB'],3
MONDO:0009688,Myasthenia gravis,MONDO:0800029,interstitial lung disease 2,"['HUMAN NORMAL IMMUNOGLOBULIN', 'RITUXIMAB', 'PREDNISONE']",16
MONDO:0009688,Myasthenia gravis,MONDO:0100280,Waldenstrom macroglobulinemia,"['RITUXIMAB', 'ETOPOSIDE', 'TACROLIMUS ANHYDROUS', 'CHEMBL156', 'CHEMBL3210645', 'CYCLOPHOSPHAMIDE ANHYDROUS']",34
MONDO:0009688,Myasthenia gravis,MONDO:0018906,follicular lymphoma,"['INEBILIZUMAB', 'RITUXIMAB', 'SARGRAMOSTIM', 'ETOPOSIDE', 'TACROLIMUS ANHYDROUS', 'TOCILIZUMAB', 'CHEMBL156', 'CHEMBL78', 'CARMUSTINE', 'PREDNISONE', 'CHEMBL3210645', 'CYCLOPHOSPHAMIDE ANHYDROUS']",94
MONDO:0009688,Myasthenia gravis,MONDO:0007650,MALT lymphoma,"['RITUXIMAB', 'ETOPOSIDE', 'TACROLIMUS ANHYDROUS', 'CHEMBL156', 'CHEMBL3210645', 'CYCLOPHOSPHAMIDE ANHYDROUS']",15
MONDO:0009688,Myasthenia gravis,MONDO:0005100,systemic sclerosis,"['RITUXIMAB', 'TACROLIMUS ANHYDROUS', 'TOCILIZUMAB', 'CHEMBL156', 'TOFACITINIB', 'CHEMBL3210645', 'CYCLOPHOSPHAMIDE ANHYDROUS']",33
MONDO:0009688,Myasthenia gravis,MONDO:0019124,microscopic polyangiitis,"['RITUXIMAB', 'AZATHIOPRIN', 'PREDNISONE', 'CHEMBL3210645', 'MYCOPHENOLATE MOFETIL', 'CYCLOPHOSPHAMIDE ANHYDROUS']",18
MONDO:0009688,Myasthenia gravis,MONDO:0011996,"chronic myelogenous leukemia, BCR-ABL1 positive","['RITUXIMAB', 'SARGRAMOSTIM', 'ETOPOSIDE', 'TACROLIMUS ANHYDROUS', 'CHEMBL156', 'CHEMBL78', 'CHEMBL3210645', 'CYCLOPHOSPHAMIDE ANHYDROUS']",90
MONDO:0009688,Myasthenia gravis,MONDO:0015943,eosinophilic granulomatosis with polyangiitis,"['RITUXIMAB', 'AZATHIOPRIN', 'PREDNISONE']",9
MONDO:0009688,Myasthenia gravis,MONDO:0008558,autoimmune thrombocytopenic purpura,"['HUMAN NORMAL IMMUNOGLOBULIN', 'RITUXIMAB', 'TACROLIMUS ANHYDROUS', 'ROZANOLIXIZUMAB', 'PREDNISONE', 'CYCLOPHOSPHAMIDE ANHYDROUS', 'CHEMBL3210645', 'EFGARTIGIMOD COFORMULATED WITH RECOMBINANT HUMAN HYALURONIDASE PH20 (RHUPH20)', 'EFGARTIGIMOD ALFA']",10
MONDO:0009688,Myasthenia gravis,MONDO:0006702,Chronic inflammatory demyelinating polyneuropathy,"['MYCOPHENOLATE MOFETIL', 'RITUXIMAB', 'HUMAN NORMAL IMMUNOGLOBULIN', 'NIPOCALIMAB', 'ROZANOLIXIZUMAB', 'BATOCLIMAB', 'EFGARTIGIMOD COFORMULATED WITH RECOMBINANT HUMAN HYALURONIDASE PH20 (RHUPH20)', 'EFGARTIGIMOD ALFA']",4
MONDO:0009688,Myasthenia gravis,MONDO:0012105,Granulomatosis with polyangiitis,"['RITUXIMAB', 'AZATHIOPRIN', 'CHEMBL156', 'ABATACEPT', 'PREDNISONE', 'CHEMBL3210645', 'MYCOPHENOLATE MOFETIL', 'CYCLOPHOSPHAMIDE ANHYDROUS']",2
MONDO:0009688,Myasthenia gravis,MONDO:0015564,Castleman disease,"['ETOPOSIDE', 'RITUXIMAB', 'TOCILIZUMAB', 'PREDNISONE', 'CYCLOPHOSPHAMIDE ANHYDROUS']",14
MONDO:0009688,Myasthenia gravis,MONDO:0005388,Primary biliary cholangitis,"['RITUXIMAB', 'CHEMBL156']",7
MONDO:0009688,Myasthenia gravis,MONDO:0019338,sarcoidosis,"['RITUXIMAB', 'CHEMBL156', 'ABATACEPT', 'TOFACITINIB', 'PREDNISONE', 'CYCLOPHOSPHAMIDE ANHYDROUS']",11
MONDO:0009688,Myasthenia gravis,MONDO:0010602,hemophilia A,"['RITUXIMAB', 'PREDNISONE']",16
MONDO:0009688,Myasthenia gravis,MONDO:0005072,neuroblastoma,"['RITUXIMAB', 'SARGRAMOSTIM', 'ETOPOSIDE', 'TACROLIMUS ANHYDROUS', 'CHEMBL156', 'CARMUSTINE', 'CHEMBL3210645', 'CYCLOPHOSPHAMIDE ANHYDROUS']",4
MONDO:0009688,Myasthenia gravis,MONDO:0019127,polymyositis,"['RITUXIMAB', 'PREDNISONE']",11
MONDO:0009688,Myasthenia gravis,MONDO:0005029,essential thrombocythemia,"['PREDNISONE', 'CHEMBL78']",8
MONDO:0009688,Myasthenia gravis,MONDO:0009891,acquired polycythemia vera,"['TACROLIMUS ANHYDROUS', 'CHEMBL156', 'CHEMBL78', 'PREDNISONE', 'CHEMBL3210645']",12
MONDO:0009688,Myasthenia gravis,MONDO:0010679,Duchenne muscular dystrophy,['PREDNISONE'],3
MONDO:0009688,Myasthenia gravis,MONDO:0006806,intermediate uveitis,"['TOCILIZUMAB', 'PREDNISONE', 'CHEMBL156']",7
MONDO:0009688,Myasthenia gravis,MONDO:0009692,Primary myelofibrosis,"['TACROLIMUS ANHYDROUS', 'CHEMBL156', 'PREDNISONE', 'CHEMBL3210645', 'CYCLOPHOSPHAMIDE ANHYDROUS']",37
MONDO:0009688,Myasthenia gravis,MONDO:0009061,Cystic fibrosis,['PREDNISONE'],16
MONDO:0009688,Myasthenia gravis,MONDO:0016264,Autoimmune hepatitis,"['TACROLIMUS ANHYDROUS', 'AZATHIOPRIN', 'PREDNISONE', 'MYCOPHENOLATE MOFETIL']",2
MONDO:0009688,Myasthenia gravis,MONDO:0004976,Amyotrophic lateral sclerosis,"['RAVULIZUMAB', 'TACROLIMUS ANHYDROUS', 'TOCILIZUMAB', 'PREDNISONE', 'CHEMBL3210645', 'TIRASEMTIV']",2
MONDO:0009688,Myasthenia gravis,MONDO:0011719,gastrointestinal stromal tumor,['PREDNISONE'],14
MONDO:0009688,Myasthenia gravis,MONDO:0018596,Systemic polyarteritis nodosa,['MYCOPHENOLATE MOFETIL'],2
MONDO:0009688,Myasthenia gravis,MONDO:0008219,Pemphigus vulgaris,"['HUMAN NORMAL IMMUNOGLOBULIN', 'EFGARTIGIMOD COFORMULATED WITH RECOMBINANT HUMAN HYALURONIDASE PH20 (RHUPH20)', 'MYCOPHENOLATE MOFETIL']",2
MONDO:0009688,Myasthenia gravis,MONDO:0019067,Idiopathic steroid-sensitive nephrotic syndrome,"['RITUXIMAB', 'MYCOPHENOLATE MOFETIL']",4
MONDO:0009688,Myasthenia gravis,MONDO:0019200,Retinitis pigmentosa,['CHEMBL156'],6
MONDO:0009688,Myasthenia gravis,MONDO:0005312,Pouchitis,['TOFACITINIB'],2
MONDO:0009688,Myasthenia gravis,MONDO:0019170,Polyarteritis nodosa,"['RITUXIMAB', 'AZATHIOPRIN']",2
MONDO:0009688,Myasthenia gravis,MONDO:0019438,AL amyloidosis,['CYCLOPHOSPHAMIDE ANHYDROUS'],24
MONDO:0009688,Myasthenia gravis,MONDO:0018868,metachromatic leukodystrophy,['CYCLOPHOSPHAMIDE ANHYDROUS'],20
MONDO:0009688,Myasthenia gravis,MONDO:0009499,Krabbe disease,['CYCLOPHOSPHAMIDE ANHYDROUS'],18
MONDO:0009688,Myasthenia gravis,MONDO:0010006,Sandhoff disease,['CYCLOPHOSPHAMIDE ANHYDROUS'],11
MONDO:0009688,Myasthenia gravis,MONDO:0019019,osteogenesis imperfecta,['CYCLOPHOSPHAMIDE ANHYDROUS'],11
MONDO:0009688,Myasthenia gravis,MONDO:0018325,Juvenile myasthenia gravis,"['ROZANOLIXIZUMAB', 'EFGARTIGIMOD ALFA']",8
MONDO:0009688,Myasthenia gravis,MONDO:0035666,Acute transverse myelitis with anti-MOG antibodies,"['SATRALIZUMAB', 'ROZANOLIXIZUMAB']",3
MONDO:0009688,Myasthenia gravis,MONDO:0035664,Neuromyelitis optica spectrum disorder with anti-MOG antibodies,['SATRALIZUMAB'],4
MONDO:0009688,Myasthenia gravis,MONDO:0021081,NMDA receptor encephalitis,"['INEBILIZUMAB', 'SATRALIZUMAB']",5
MONDO:0009688,Myasthenia gravis,MONDO:0019402,Beta-thalassemia,"['TACROLIMUS ANHYDROUS', 'CHEMBL3210645']",14
MONDO:0009688,Myasthenia gravis,MONDO:0018301,interstitial cystitis,['CHEMBL3210645'],7
MONDO:0009688,Myasthenia gravis,MONDO:0005055,Kaposi\'s sarcoma,['ETOPOSIDE'],9
MONDO:0009688,Myasthenia gravis,MONDO:0017409,Fetal cytomegalovirus syndrome,['HUMAN NORMAL IMMUNOGLOBULIN'],9
MONDO:0009688,Myasthenia gravis,MONDO:0019369,Complex regional pain syndrome,['HUMAN NORMAL IMMUNOGLOBULIN'],9
MONDO:0009688,Myasthenia gravis,MONDO:0019534,Mixed-type autoimmune hemolytic anemia,['RITUXIMAB'],2
MONDO:0009688,Myasthenia gravis,MONDO:0019740,Immune-mediated thrombotic thrombocytopenic purpura,['RITUXIMAB'],4
MONDO:0009688,Myasthenia gravis,MONDO:0015247,Opsoclonus-myoclonus syndrome,['RITUXIMAB'],4
MONDO:0009688,Myasthenia gravis,MONDO:0008538,Giant cell arteritis,"['RITUXIMAB', 'PREDNISONE']",2
MONDO:0009688,Myasthenia gravis,MONDO:0019006,Genetic steroid-resistant nephrotic syndrome,['RITUXIMAB'],2
MONDO:0009688,Myasthenia gravis,MONDO:0018977,Polyneuropathy associated with IgM monoclonal gammopathy with anti-MAG,['RITUXIMAB'],2
MONDO:0009688,Myasthenia gravis,MONDO:0019125,Relapsing polychondritis,['RITUXIMAB'],2
MONDO:0009688,Myasthenia gravis,MONDO:0020547,Chronic graft versus host disease,"['RITUXIMAB', 'PREDNISONE']",2
MONDO:0009688,Myasthenia gravis,MONDO:0019535,Drug-induced autoimmune hemolytic anemia,['RITUXIMAB'],2
MONDO:0016206,Idiopathic uveal effusion syndrome,MONDO:0001734,tuberous sclerosis,['SIROLIMUS'],6
MONDO:0016206,Idiopathic uveal effusion syndrome,MONDO:0004691,Autosomal dominant polycystic kidney disease,['SIROLIMUS'],5
MONDO:0016206,Idiopathic uveal effusion syndrome,MONDO:0007827,Inclusion body myositis,['SIROLIMUS'],6
MONDO:0016206,Idiopathic uveal effusion syndrome,MONDO:0018092,Vogt-Koyanagi-Harada disease,"['ADALIMUMAB', 'GEVOKIZUMAB', 'METHOTREXATE', 'DNA PLASMID ENCODING A RECOMBINANT FUSION PROTEIN CONSISTING OF THE EXTRACELLULAR DOMAIN OF HUMAN TNFALPHA P55 RECEPTOR LINKED TO THE HUMAN IGG1 FC DOMAIN', 'SIROLIMUS', ""3-{[2,3,5,6-TETRAFLUORO-3'-(TRIFLUOROMETHOXY)BIPHENYL-4-YL]CARBAMOYL}THIOPHENE-2-CARBOXYLIC ACID"", 'IZOKIBEP']",10
MONDO:0016206,Idiopathic uveal effusion syndrome,MONDO:0004976,Amyotrophic lateral sclerosis,['SIROLIMUS'],5
MONDO:0016206,Idiopathic uveal effusion syndrome,MONDO:0019338,sarcoidosis,['SIROLIMUS'],5
MONDO:0016206,Idiopathic uveal effusion syndrome,MONDO:0011927,Tufted angioma,['SIROLIMUS'],5
MONDO:0016206,Idiopathic uveal effusion syndrome,MONDO:0006806,intermediate uveitis,"['ADALIMUMAB', 'GEVOKIZUMAB', 'METHOTREXATE', 'DNA PLASMID ENCODING A RECOMBINANT FUSION PROTEIN CONSISTING OF THE EXTRACELLULAR DOMAIN OF HUMAN TNFALPHA P55 RECEPTOR LINKED TO THE HUMAN IGG1 FC DOMAIN', 'SIROLIMUS', ""3-{[2,3,5,6-TETRAFLUORO-3'-(TRIFLUOROMETHOXY)BIPHENYL-4-YL]CARBAMOYL}THIOPHENE-2-CARBOXYLIC ACID"", 'IZOKIBEP']",10
MONDO:0016206,Idiopathic uveal effusion syndrome,MONDO:0020561,Myxoid/round cell liposarcoma,['SIROLIMUS'],5
MONDO:0016206,Idiopathic uveal effusion syndrome,MONDO:0019402,Beta-thalassemia,['SIROLIMUS'],5
MONDO:0016206,Idiopathic uveal effusion syndrome,MONDO:0020547,Chronic graft versus host disease,['SIROLIMUS'],5
MONDO:0016206,Idiopathic uveal effusion syndrome,MONDO:0019437,Enthesitis-related juvenile idiopathic arthritis,['ADALIMUMAB'],15
MONDO:0016206,Idiopathic uveal effusion syndrome,MONDO:0000754,Anal fistula,['ADALIMUMAB'],10
MONDO:0016206,Idiopathic uveal effusion syndrome,MONDO:0019200,Retinitis pigmentosa,['ADALIMUMAB'],10
MONDO:0016206,Idiopathic uveal effusion syndrome,MONDO:0019435,Rheumatoid factor-positive polyarticular juvenile idiopathic arthritis,['ADALIMUMAB'],11
MONDO:0016206,Idiopathic uveal effusion syndrome,MONDO:0019433,Oligoarticular juvenile idiopathic arthritis,['ADALIMUMAB'],10
MONDO:0016206,Idiopathic uveal effusion syndrome,MONDO:0019432,Rheumatoid factor-negative polyarticular juvenile idiopathic arthritis,['ADALIMUMAB'],11
MONDO:0016206,Idiopathic uveal effusion syndrome,MONDO:0008054,Juvenile dermatomyositis,['METHOTREXATE'],2
MONDO:0016206,Idiopathic uveal effusion syndrome,MONDO:0008538,Giant cell arteritis,"['GEVOKIZUMAB', 'METHOTREXATE']",3
MONDO:0016206,Idiopathic uveal effusion syndrome,MONDO:0018304,Schnitzler syndrome,['METHOTREXATE'],2
MONDO:0016206,Idiopathic uveal effusion syndrome,MONDO:0009837,Papilloma of choroid plexus,['METHOTREXATE'],2
MONDO:0016206,Idiopathic uveal effusion syndrome,MONDO:0020546,Acute graft versus host disease,['METHOTREXATE'],2
MONDO:0016206,Idiopathic uveal effusion syndrome,MONDO:0007191,Behet disease,['GEVOKIZUMAB'],27
MONDO:0016206,Idiopathic uveal effusion syndrome,MONDO:0016098,Immune-mediated necrotizing myopathy,['GEVOKIZUMAB'],21
MONDO:0016206,Idiopathic uveal effusion syndrome,MONDO:0019127,polymyositis,['GEVOKIZUMAB'],23
MONDO:0016206,Idiopathic uveal effusion syndrome,MONDO:0005028,Adenocarcinoma of the esophagus,['GEVOKIZUMAB'],21
MONDO:0007803,multiple system atrophy,MONDO:0004976,Amyotrophic lateral sclerosis,"['RASAGILINE', 'VERDIPERSTAT', 'CHEMBL3560003', 'RILUZOLE']",93
MONDO:0007803,multiple system atrophy,MONDO:0001734,tuberous sclerosis,['CHEMBL3560003'],22
MONDO:0007803,multiple system atrophy,MONDO:0005072,neuroblastoma,['CHEMBL3560003'],5
MONDO:0007803,multiple system atrophy,MONDO:0019402,Beta-thalassemia,['CHEMBL3560003'],21
MONDO:0007803,multiple system atrophy,MONDO:0005100,systemic sclerosis,['CHEMBL3560003'],3
MONDO:0007803,multiple system atrophy,MONDO:0011996,"chronic myelogenous leukemia, BCR-ABL1 positive",['CHEMBL3560003'],26
MONDO:0007803,multiple system atrophy,MONDO:0015564,Castleman disease,['CHEMBL3560003'],3
MONDO:0007803,multiple system atrophy,MONDO:0006806,intermediate uveitis,['CHEMBL3560003'],2
MONDO:0007803,multiple system atrophy,MONDO:0005149,Idiopathic/heritable pulmonary arterial hypertension,['CHEMBL3560003'],3
MONDO:0007803,multiple system atrophy,MONDO:0019338,sarcoidosis,['CHEMBL3560003'],2
MONDO:0007803,multiple system atrophy,MONDO:0008199,Hereditary late-onset Parkinson disease,['AMPRELOXETINE'],4
MONDO:0007803,multiple system atrophy,MONDO:0018608,Pure autonomic failure,['AMPRELOXETINE'],4
MONDO:0007803,multiple system atrophy,MONDO:0017279,Young-onset Parkinson disease,['AMPRELOXETINE'],4
MONDO:0007803,multiple system atrophy,MONDO:0019037,progressive supranuclear palsy,['RASAGILINE'],2
MONDO:0010367,SHOX-related short stature,MONDO:0000050,Non-acquired isolated growth hormone deficiency,"['SOMATROPIN', 'SOMAPACITAN']",6
MONDO:0010367,SHOX-related short stature,MONDO:0009673,Proximal spinal muscular atrophy type 2,['SOMATROPIN'],2
MONDO:0010367,SHOX-related short stature,MONDO:0009672,Proximal spinal muscular atrophy type 3,['SOMATROPIN'],2
MONDO:0010367,SHOX-related short stature,MONDO:0018997,Noonan syndrome,['SOMAPACITAN'],5
MONDO:0010367,SHOX-related short stature,MONDO:0019499,Turner syndrome,['SOMAPACITAN'],5
MONDO:0010367,SHOX-related short stature,MONDO:0014403,Short stature due to GHSR deficiency,['SOMAPACITAN'],2
MONDO:0010367,SHOX-related short stature,MONDO:0011420,Short stature due to partial GHR deficiency,['SOMAPACITAN'],2
MONDO:0019955,GRFoma,MONDO:0003646,Neuroendocrine tumor of the rectum,"['LANREOTIDE AUTOGEL', 'TEMOZOLOMIDE']",2
MONDO:0019955,GRFoma,MONDO:0019960,VIPoma,"['LANREOTIDE AUTOGEL', 'TEMOZOLOMIDE']",2
MONDO:0019955,GRFoma,MONDO:0015065,Ileal neuroendocrine tumor,"['LANREOTIDE AUTOGEL', 'TEMOZOLOMIDE']",2
MONDO:0019955,GRFoma,MONDO:0002882,Neuroendocrine tumor of the colon,"['LANREOTIDE AUTOGEL', 'TEMOZOLOMIDE']",2
MONDO:0019955,GRFoma,MONDO:0019963,Bronchial neuroendocrine tumor,"['LANREOTIDE AUTOGEL', 'TEMOZOLOMIDE']",2
MONDO:0019955,GRFoma,MONDO:0003111,Neuroendocrine tumor of stomach,"['LANREOTIDE AUTOGEL', 'TEMOZOLOMIDE']",3
MONDO:0019955,GRFoma,MONDO:0016722,Pineoblastoma,['TEMOZOLOMIDE'],2
MONDO:0019955,GRFoma,MONDO:0015069,Neuroendocrine tumor of anal canal,"['LANREOTIDE AUTOGEL', 'TEMOZOLOMIDE']",2
MONDO:0019955,GRFoma,MONDO:0006486,Uveal melanoma,['TEMOZOLOMIDE'],2
MONDO:0019955,GRFoma,MONDO:0005072,neuroblastoma,['TEMOZOLOMIDE'],7
MONDO:0019955,GRFoma,MONDO:0019964,Thymic neuroendocrine tumor,"['LANREOTIDE AUTOGEL', 'TEMOZOLOMIDE']",2
MONDO:0019955,GRFoma,MONDO:0009837,Papilloma of choroid plexus,['TEMOZOLOMIDE'],2
MONDO:0019955,GRFoma,MONDO:0015066,Neuroendocrine neoplasm of appendix,"['LANREOTIDE AUTOGEL', 'TEMOZOLOMIDE']",2
MONDO:0019955,GRFoma,MONDO:0019959,Glucagonoma,"['LANREOTIDE AUTOGEL', 'TEMOZOLOMIDE']",2
MONDO:0019955,GRFoma,MONDO:0002728,Rhabdoid tumor,['TEMOZOLOMIDE'],2
MONDO:0019955,GRFoma,MONDO:0800029,interstitial lung disease 2,['LANREOTIDE AUTOGEL'],2
MONDO:0019955,GRFoma,MONDO:0000447,Isolated polycystic liver disease,['LANREOTIDE AUTOGEL'],2
MONDO:0011178,Infantile convulsions and choreoathetosis,MONDO:0100135,Dravet syndrome,['PRAX-562'],2
MONDO:0011178,Infantile convulsions and choreoathetosis,MONDO:0018214,Generalized epilepsy with febrile seizures-plus,['PRAX-562'],2
MONDO:0011178,Infantile convulsions and choreoathetosis,MONDO:0017615,Benign familial infantile epilepsy,['PRAX-562'],2
MONDO:0011178,Infantile convulsions and choreoathetosis,MONDO:0017385,Malignant migrating focal seizures of infancy,['PRAX-562'],2
MONDO:0008737,Familial afibrinogenemia,MONDO:0018060,Congenital fibrinogen deficiency,['HUMAN FIBRINOGEN'],4
MONDO:0008737,Familial afibrinogenemia,MONDO:0015096,Familial hypofibrinogenemia,['HUMAN FIBRINOGEN'],2
MONDO:0010735,Kennedy disease,MONDO:0018485,"Glycogen storage disease due to acid maltase deficiency, late-onset",['CLENBUTEROL'],2
MONDO:0020527,Cushing syndrome due to ectopic ACTH secretion,MONDO:0009050,Cushing disease,['PASIREOTIDE'],15
MONDO:0020527,Cushing syndrome due to ectopic ACTH secretion,MONDO:0015277,Medullary thyroid carcinoma,['PASIREOTIDE'],5
MONDO:0020527,Cushing syndrome due to ectopic ACTH secretion,MONDO:0019963,Bronchial neuroendocrine tumor,['PASIREOTIDE'],5
MONDO:0020527,Cushing syndrome due to ectopic ACTH secretion,MONDO:0019210,Cutaneous neuroendocrine carcinoma,['PASIREOTIDE'],6
MONDO:0020527,Cushing syndrome due to ectopic ACTH secretion,MONDO:0016035,Nelson syndrome,['PASIREOTIDE'],5
MONDO:0018018,Wild type ATTR amyloidosis,MONDO:0019441,ATTRV122I amyloidosis,['VUTRISIRAN'],7
MONDO:0035357,Portosinusoidal vascular disease,MONDO:0018089,Double outlet right ventricle,['APIXABAN'],2
MONDO:0035357,Portosinusoidal vascular disease,MONDO:0006664,Interatrial communication,['APIXABAN'],2
MONDO:0035357,Portosinusoidal vascular disease,MONDO:0018072,Truncus arteriosus,['APIXABAN'],2
MONDO:0005657,aspergillosis,MONDO:0005388,Primary biliary cholangitis,['OLOROFIM'],8
MONDO:0005657,aspergillosis,MONDO:0015243,allergic bronchopulmonary aspergillosis,"['IBREXAFUNGERP', 'ITRACONAZOLE']",28
MONDO:0005657,aspergillosis,MONDO:0005706,coccidioidomycosis,"['IBREXAFUNGERP', 'ITRACONAZOLE']",22
MONDO:0005657,aspergillosis,MONDO:0004976,Amyotrophic lateral sclerosis,"['PHENAZEPAM', 'ITRACONAZOLE']",24
MONDO:0005657,aspergillosis,MONDO:0009061,Cystic fibrosis,['ITRACONAZOLE'],24
MONDO:0005657,aspergillosis,MONDO:0015279,Chronic mucocutaneous candidiasis,"['IBREXAFUNGERP', 'REZAFUNGIN ACETATE']",2
MONDO:0005657,aspergillosis,MONDO:0001444,American trypanosomiasis,['POSACONAZOLE'],13
MONDO:0005657,aspergillosis,MONDO:0011719,gastrointestinal stromal tumor,['PHENAZEPAM'],9
MONDO:0005657,aspergillosis,MONDO:0019121,Pneumocystosis,['REZAFUNGIN ACETATE'],2
MONDO:0005657,aspergillosis,MONDO:0019402,Beta-thalassemia,['CYCLOSPORINE'],8
MONDO:0005657,aspergillosis,MONDO:0018906,follicular lymphoma,['CYCLOSPORINE'],50
MONDO:0005657,aspergillosis,MONDO:0011996,"chronic myelogenous leukemia, BCR-ABL1 positive",['CYCLOSPORINE'],129
MONDO:0005657,aspergillosis,MONDO:0100280,Waldenstrom macroglobulinemia,['CYCLOSPORINE'],37
MONDO:0005657,aspergillosis,MONDO:0005072,neuroblastoma,['CYCLOSPORINE'],7
MONDO:0005657,aspergillosis,MONDO:0008558,autoimmune thrombocytopenic purpura,['CYCLOSPORINE'],5
MONDO:0005657,aspergillosis,MONDO:0016264,Autoimmune hepatitis,['CYCLOSPORINE'],3
MONDO:0005657,aspergillosis,MONDO:0019019,osteogenesis imperfecta,['CYCLOSPORINE'],3
MONDO:0019802,Secondary short bowel syndrome,MONDO:0020546,Acute graft versus host disease,['APRAGLUTIDE'],6
MONDO:0015728,Distal duplication 15q,MONDO:0008608,Down syndrome,['BASMISANIL'],2
MONDO:0008056,Steinert myotonic dystrophy,MONDO:0007739,Huntington disease,['METFORMIN'],4
MONDO:0008056,Steinert myotonic dystrophy,MONDO:0008840,Ataxia-telangiectasia,['METFORMIN'],4
MONDO:0008056,Steinert myotonic dystrophy,MONDO:0008728,Classic congenital adrenal hyperplasia due to 21-hydroxylase deficiency,['METFORMIN'],4
MONDO:0008056,Steinert myotonic dystrophy,MONDO:0001734,tuberous sclerosis,['METFORMIN'],4
MONDO:0008056,Steinert myotonic dystrophy,MONDO:0016158,Narcolepsy type 1,['MODAFINIL'],2
MONDO:0008056,Steinert myotonic dystrophy,MONDO:0009717,Schwartz-Jampel syndrome,['MEXILETINE HYDROCHLORIDE'],2
MONDO:0008056,Steinert myotonic dystrophy,MONDO:0008195,Paramyotonia congenita of Von Eulenburg,['MEXILETINE HYDROCHLORIDE'],3
MONDO:0008056,Steinert myotonic dystrophy,MONDO:0019037,progressive supranuclear palsy,['TIDEGLUSIB'],4
MONDO:0011420,Short stature due to partial GHR deficiency,MONDO:0018997,Noonan syndrome,['SOMAPACITAN'],5
MONDO:0011420,Short stature due to partial GHR deficiency,MONDO:0019499,Turner syndrome,['SOMAPACITAN'],5
MONDO:0011420,Short stature due to partial GHR deficiency,MONDO:0000050,Non-acquired isolated growth hormone deficiency,['SOMAPACITAN'],6
MONDO:0011420,Short stature due to partial GHR deficiency,MONDO:0014403,Short stature due to GHSR deficiency,['SOMAPACITAN'],2
MONDO:0018866,Aicardi-Goutires syndrome,MONDO:0017161,Frontotemporal dementia with motor neuron disease,['CENSAVUDINE'],3
MONDO:0018866,Aicardi-Goutires syndrome,MONDO:0004976,Amyotrophic lateral sclerosis,['CENSAVUDINE'],3
MONDO:0100133,Isolated complex I deficiency,MONDO:0013433,Primary sclerosing cholangitis,['BEZAFIBRATE'],3
MONDO:0100133,Isolated complex I deficiency,MONDO:0005388,Primary biliary cholangitis,['BEZAFIBRATE'],3
MONDO:0100133,Isolated complex I deficiency,MONDO:0015515,Carnitine palmitoyltransferase II deficiency,['BEZAFIBRATE'],2
MONDO:0100133,Isolated complex I deficiency,MONDO:0012545,Neutral lipid storage myopathy,['BEZAFIBRATE'],2
MONDO:0009676,Dysferlin-related limb-girdle muscular dystrophy R2,MONDO:0001347,Facioscapulohumeral dystrophy,"['505 AMINO ACID PROTEIN, CORRESPONDING TO AMINO ACIDS 2-506 OF THE WILD TYPE HUMAN HISTIDYL-TRNA SYNTHETASE']",4
MONDO:0009676,Dysferlin-related limb-girdle muscular dystrophy R2,MONDO:0010679,Duchenne muscular dystrophy,['DEFLAZACORT'],2
MONDO:0009676,Dysferlin-related limb-girdle muscular dystrophy R2,MONDO:0009685,Miyoshi myopathy,['DEFLAZACORT'],2
MONDO:0019115,Obesity due to melanocortin 4 receptor deficiency,MONDO:0008763,Alstrm syndrome,['SETMELANOTIDE'],9
MONDO:0019115,Obesity due to melanocortin 4 receptor deficiency,MONDO:0012335,Obesity due to pro-opiomelanocortin deficiency,['SETMELANOTIDE'],15
MONDO:0019115,Obesity due to melanocortin 4 receptor deficiency,MONDO:0013992,Obesity due to leptin receptor gene deficiency,['SETMELANOTIDE'],12
MONDO:0019115,Obesity due to melanocortin 4 receptor deficiency,MONDO:0015229,Bardet-Biedl syndrome,['SETMELANOTIDE'],14
MONDO:0019115,Obesity due to melanocortin 4 receptor deficiency,MONDO:0015786,Prader-Willi syndrome due to imprinting mutation,['SETMELANOTIDE'],6
MONDO:0019115,Obesity due to melanocortin 4 receptor deficiency,MONDO:0017994,Severe early-onset obesity-insulin resistance syndrome due to SH2B1 deficiency,['SETMELANOTIDE'],7
MONDO:0005029,essential thrombocythemia,MONDO:0018906,follicular lymphoma,"['PARSACLISIB', 'CHEMBL78', 'LENALIDOMIDE', 'PREDNISONE', 'VORINOSTAT', 'IDASANUTLIN', 'BUPARLISIB']",94
MONDO:0005029,essential thrombocythemia,MONDO:0012105,Granulomatosis with polyangiitis,['PREDNISONE'],36
MONDO:0005029,essential thrombocythemia,MONDO:0015943,eosinophilic granulomatosis with polyangiitis,['PREDNISONE'],19
MONDO:0005029,essential thrombocythemia,MONDO:0019127,polymyositis,['PREDNISONE'],17
MONDO:0005029,essential thrombocythemia,MONDO:0009891,acquired polycythemia vera,"['TAMOXIFEN CITRATE', 'SABATOLIMAB', 'GANDOTINIB', 'CHEMBL78', 'CHEMBL175105', 'NAVTEMADLIN', 'BOMEDEMSTAT', 'HYDROXYUREA', 'BMS-986158', 'SELINEXOR', 'PACRITINIB', 'ARSENIC TRIOXIDE', 'NAVITOCLAX', 'TL-895', 'CRIZANLIZUMAB', 'LENALIDOMIDE', 'LUSPATERCEPT', 'VAC85135', 'ITACITINIB', 'IMETELSTAT', 'PARSACLISIB', 'ASPIRIN TRELAMINE', 'POMALIDOMIDE', 'KER-050', 'FEDRATINIB', 'ANAGRELIDE', 'IDASANUTLIN', 'PEGINTERFERON ALFA-2A', 'PLITIDEPSIN', 'RUXOLITINIB', 'PEGINTERFERON ALFA-2B', 'PREDNISONE', 'GLASDEGIB', 'VORINOSTAT', 'PEGYLATED INTERFERON ALPHA-2A', 'MOMELOTINIB', 'BUPARLISIB', 'HYDROXYCARBAMIDE', '2-((4S)-6-(4-CHLOROPHENYL)-1-METHYL-4H-BENZO[C]ISOXAZOLO[4,5-E]AZEPIN-4-YL)ACETAMIDE MONOHYDRATE']",5
MONDO:0005029,essential thrombocythemia,MONDO:0019124,microscopic polyangiitis,['PREDNISONE'],31
MONDO:0005029,essential thrombocythemia,MONDO:0008558,autoimmune thrombocytopenic purpura,['PREDNISONE'],18
MONDO:0005029,essential thrombocythemia,MONDO:0010679,Duchenne muscular dystrophy,"['TAMOXIFEN CITRATE', 'PREDNISONE']",6
MONDO:0005029,essential thrombocythemia,MONDO:0019338,sarcoidosis,['PREDNISONE'],13
MONDO:0005029,essential thrombocythemia,MONDO:0800029,interstitial lung disease 2,['PREDNISONE'],12
MONDO:0005029,essential thrombocythemia,MONDO:0015564,Castleman disease,['PREDNISONE'],11
MONDO:0005029,essential thrombocythemia,MONDO:0006806,intermediate uveitis,['PREDNISONE'],14
MONDO:0005029,essential thrombocythemia,MONDO:0009692,Primary myelofibrosis,"['TAMOXIFEN CITRATE', 'SABATOLIMAB', 'GANDOTINIB', 'NAVTEMADLIN', 'AZD-1480', 'HYDROXYUREA', 'BMS-986158', 'SELINEXOR', 'INCA033989', 'PACRITINIB', 'ARSENIC TRIOXIDE', 'NAVITOCLAX', 'TL-895', 'CRIZANLIZUMAB', 'MOMELOTINIB', 'LUSPATERCEPT', 'VAC85135', 'ITACITINIB', 'IMETELSTAT', 'PARSACLISIB', 'POMALIDOMIDE', 'KER-050', 'FEDRATINIB', 'PEGINTERFERON ALFA-2A', 'PEGINTERFERON ALFA-2B', 'PREDNISONE', 'GLASDEGIB', 'PLITIDEPSIN', 'LENALIDOMIDE', 'RUXOLITINIB', 'BUPARLISIB', '2-((4S)-6-(4-CHLOROPHENYL)-1-METHYL-4H-BENZO[C]ISOXAZOLO[4,5-E]AZEPIN-4-YL)ACETAMIDE MONOHYDRATE']",8
MONDO:0005029,essential thrombocythemia,MONDO:0009061,Cystic fibrosis,['PREDNISONE'],10
MONDO:0005029,essential thrombocythemia,MONDO:0016264,Autoimmune hepatitis,['PREDNISONE'],11
MONDO:0005029,essential thrombocythemia,MONDO:0004976,Amyotrophic lateral sclerosis,['PREDNISONE'],9
MONDO:0005029,essential thrombocythemia,MONDO:0010602,hemophilia A,['PREDNISONE'],10
MONDO:0005029,essential thrombocythemia,MONDO:0011719,gastrointestinal stromal tumor,"['SELINEXOR', 'PREDNISONE']",2
MONDO:0005029,essential thrombocythemia,MONDO:0020546,Acute graft versus host disease,"['ITACITINIB', 'RUXOLITINIB']",6
MONDO:0005029,essential thrombocythemia,MONDO:0020547,Chronic graft versus host disease,"['ITACITINIB', 'RUXOLITINIB', 'GLASDEGIB']",13
MONDO:0005029,essential thrombocythemia,MONDO:0005100,systemic sclerosis,['ITACITINIB'],5
MONDO:0005029,essential thrombocythemia,MONDO:0011996,"chronic myelogenous leukemia, BCR-ABL1 positive","['HYDROXYUREA', 'ASPIRIN TRELAMINE', 'ARSENIC TRIOXIDE', 'RUXOLITINIB', 'PEGINTERFERON ALFA-2B', 'CHEMBL78', 'PEGYLATED INTERFERON ALPHA-2A', 'VORINOSTAT', 'LENALIDOMIDE', 'NAVTEMADLIN', 'PEGINTERFERON ALFA-2A']",3
MONDO:0005029,essential thrombocythemia,MONDO:0005072,neuroblastoma,"['LENALIDOMIDE', 'VORINOSTAT']",11
MONDO:0005029,essential thrombocythemia,MONDO:0007650,MALT lymphoma,"['LENALIDOMIDE', 'VORINOSTAT']",16
MONDO:0005029,essential thrombocythemia,MONDO:0020331,Indolent systemic mastocytosis,['HYDROXYCARBAMIDE'],2
MONDO:0005029,essential thrombocythemia,MONDO:0020333,Aggressive systemic mastocytosis,['HYDROXYCARBAMIDE'],2
MONDO:0005029,essential thrombocythemia,MONDO:0015686,Primary peritoneal carcinoma,['NAVITOCLAX'],3
MONDO:0005029,essential thrombocythemia,MONDO:0019402,Beta-thalassemia,"['HYDROXYUREA', 'PEGYLATED INTERFERON ALPHA-2A', 'LUSPATERCEPT']",23
MONDO:0005029,essential thrombocythemia,MONDO:0016642,meningioma,['HYDROXYUREA'],30
MONDO:0005029,essential thrombocythemia,MONDO:0005149,Idiopathic/heritable pulmonary arterial hypertension,['HYDROXYUREA'],26
MONDO:0005029,essential thrombocythemia,MONDO:0005789,Hepatitis delta,"['PEGINTERFERON ALFA-2B', 'PEGINTERFERON ALFA-2A', 'PEGYLATED INTERFERON ALPHA-2A']",4
MONDO:0005029,essential thrombocythemia,MONDO:0018907,Craniopharyngioma,['PEGINTERFERON ALFA-2B'],3
MONDO:0005029,essential thrombocythemia,MONDO:0009348,Classic Hodgkin lymphoma,"['RUXOLITINIB', 'PARSACLISIB']",5
MONDO:0005029,essential thrombocythemia,MONDO:0002142,Undifferentiated pleomorphic sarcoma,['SELINEXOR'],2
MONDO:0005029,essential thrombocythemia,MONDO:0016681,Gliosarcoma,['POMALIDOMIDE'],10
MONDO:0005029,essential thrombocythemia,MONDO:0019438,AL amyloidosis,"['LENALIDOMIDE', 'POMALIDOMIDE']",15
MONDO:0005029,essential thrombocythemia,MONDO:0016682,Giant cell glioblastoma,['POMALIDOMIDE'],10
MONDO:0005029,essential thrombocythemia,MONDO:0019157,Acquired idiopathic sideroblastic anemia,['LUSPATERCEPT'],3
MONDO:0005029,essential thrombocythemia,MONDO:0016487,Beta-thalassemia intermedia,['LUSPATERCEPT'],3
MONDO:0005029,essential thrombocythemia,MONDO:0016486,Beta-thalassemia major,['LUSPATERCEPT'],3
MONDO:0005029,essential thrombocythemia,MONDO:0019210,Cutaneous neuroendocrine carcinoma,['NAVTEMADLIN'],6
MONDO:0005029,essential thrombocythemia,MONDO:0100280,Waldenstrom macroglobulinemia,['LENALIDOMIDE'],33
MONDO:0005029,essential thrombocythemia,MONDO:0019369,Complex regional pain syndrome,['LENALIDOMIDE'],8
MONDO:0005029,essential thrombocythemia,MONDO:0005055,Kaposi\'s sarcoma,['LENALIDOMIDE'],6
MONDO:0019438,AL amyloidosis,MONDO:0018906,follicular lymphoma,"['BORTEZOMIB', 'IXAZOMIB CITRATE', 'DARATUMUMAB', 'CYCLOPHOSPHAMIDE', 'CHEMBL558551', 'IXAZOMIB', 'DEXAMETHASONE VALARATE', 'MELPHALAN', 'FILGRASTIM', 'LENALIDOMIDE', 'VENETOCLAX', 'DEXAMETHASONE (40 MG TABLET)', 'CYCLOPHOSPHAMIDE ANHYDROUS']",2
MONDO:0019438,AL amyloidosis,MONDO:0100280,Waldenstrom macroglobulinemia,"['BORTEZOMIB', 'DEXAMETHASONE SODIUM PHOSPHATE ENCAPSULATED IN HUMAN ERYTHROCYTES', 'IXAZOMIB CITRATE', 'DARATUMUMAB', 'CYCLOPHOSPHAMIDE', 'POMALIDOMIDE', 'CHEMBL558551', 'DEXAMETHASONE VALARATE', 'FILGRASTIM', 'DEXAMETHASONE', 'LENALIDOMIDE', 'VENETOCLAX', 'CYCLOPHOSPHAMIDE ANHYDROUS']",21
MONDO:0019438,AL amyloidosis,MONDO:0011996,"chronic myelogenous leukemia, BCR-ABL1 positive","['BORTEZOMIB', 'SELINEXOR', 'FILGRASTIM', 'LENALIDOMIDE', 'VENETOCLAX', 'CYCLOPHOSPHAMIDE ANHYDROUS']",28
MONDO:0019438,AL amyloidosis,MONDO:0007650,MALT lymphoma,"['BORTEZOMIB', 'CHEMBL558551', 'FILGRASTIM', 'DOXYCYCLINE HYCLATE', 'LENALIDOMIDE', 'CYCLOPHOSPHAMIDE ANHYDROUS']",12
MONDO:0019438,AL amyloidosis,MONDO:0012105,Granulomatosis with polyangiitis,['CYCLOPHOSPHAMIDE ANHYDROUS'],50
MONDO:0019438,AL amyloidosis,MONDO:0005072,neuroblastoma,"['BORTEZOMIB', 'CYCLOPHOSPHAMIDE', 'CHEMBL558551', 'MELPHALAN', 'FILGRASTIM', 'LENALIDOMIDE', 'CYCLOPHOSPHAMIDE ANHYDROUS']",11
MONDO:0019438,AL amyloidosis,MONDO:0009692,Primary myelofibrosis,"['POMALIDOMIDE', 'CHEMBL558551', 'FILGRASTIM', 'LENALIDOMIDE', 'CYCLOPHOSPHAMIDE ANHYDROUS']",17
MONDO:0019438,AL amyloidosis,MONDO:0019124,microscopic polyangiitis,['CYCLOPHOSPHAMIDE ANHYDROUS'],45
MONDO:0019438,AL amyloidosis,MONDO:0015564,Castleman disease,"['BORTEZOMIB', 'POMALIDOMIDE', 'CHEMBL558551', 'CYCLOPHOSPHAMIDE ANHYDROUS']",14
MONDO:0019438,AL amyloidosis,MONDO:0005100,systemic sclerosis,"['CYCLOPHOSPHAMIDE', 'POMALIDOMIDE', 'CHEMBL558551', 'FILGRASTIM', 'CYCLOPHOSPHAMIDE ANHYDROUS']",36
MONDO:0019438,AL amyloidosis,MONDO:0018868,metachromatic leukodystrophy,['CYCLOPHOSPHAMIDE ANHYDROUS'],24
MONDO:0019438,AL amyloidosis,MONDO:0008558,autoimmune thrombocytopenic purpura,"['BORTEZOMIB', 'IXAZOMIB CITRATE', 'DEXAMETHASONE VALARATE', 'DARATUMUMAB', 'CYCLOPHOSPHAMIDE ANHYDROUS']",57
MONDO:0019438,AL amyloidosis,MONDO:0009499,Krabbe disease,['CYCLOPHOSPHAMIDE ANHYDROUS'],22
MONDO:0019438,AL amyloidosis,MONDO:0010006,Sandhoff disease,['CYCLOPHOSPHAMIDE ANHYDROUS'],15
MONDO:0019438,AL amyloidosis,MONDO:0019019,osteogenesis imperfecta,['CYCLOPHOSPHAMIDE ANHYDROUS'],15
MONDO:0019438,AL amyloidosis,MONDO:0019338,sarcoidosis,"['DEXAMETHASONE VALARATE', 'CHEMBL558551', 'CYCLOPHOSPHAMIDE ANHYDROUS']",55
MONDO:0019438,AL amyloidosis,MONDO:0008840,Ataxia-telangiectasia,['DEXAMETHASONE SODIUM PHOSPHATE ENCAPSULATED IN HUMAN ERYTHROCYTES'],10
MONDO:0019438,AL amyloidosis,MONDO:0020547,Chronic graft versus host disease,['IXAZOMIB'],7
MONDO:0019438,AL amyloidosis,MONDO:0016079,Sporadic Creutzfeldt-Jakob disease,['DOXYCYCLINE HYCLATE'],4
MONDO:0019438,AL amyloidosis,MONDO:0015247,Opsoclonus-myoclonus syndrome,"['CYCLOPHOSPHAMIDE', 'DEXAMETHASONE']",7
MONDO:0019438,AL amyloidosis,MONDO:0017844,Szary syndrome,['CYCLOPHOSPHAMIDE'],3
MONDO:0019438,AL amyloidosis,MONDO:0019475,Subcutaneous panniculitis-like T-cell lymphoma,['CYCLOPHOSPHAMIDE'],3
MONDO:0019438,AL amyloidosis,MONDO:0009837,Papilloma of choroid plexus,['CYCLOPHOSPHAMIDE'],3
MONDO:0019438,AL amyloidosis,MONDO:0020561,Myxoid/round cell liposarcoma,['CYCLOPHOSPHAMIDE'],3
MONDO:0019438,AL amyloidosis,MONDO:0002728,Rhabdoid tumor,['CYCLOPHOSPHAMIDE'],3
MONDO:0019438,AL amyloidosis,MONDO:0015686,Primary peritoneal carcinoma,['CYCLOPHOSPHAMIDE'],3
MONDO:0019438,AL amyloidosis,MONDO:0800029,interstitial lung disease 2,"['CYCLOPHOSPHAMIDE', 'CHEMBL558551']",3
MONDO:0019438,AL amyloidosis,MONDO:0009348,Classic Hodgkin lymphoma,['CYCLOPHOSPHAMIDE'],3
MONDO:0019438,AL amyloidosis,MONDO:0019127,polymyositis,['DEXAMETHASONE'],5
MONDO:0019438,AL amyloidosis,MONDO:0100130,Adult acute respiratory distress syndrome,['DEXAMETHASONE'],5
MONDO:0019438,AL amyloidosis,MONDO:0006702,Chronic inflammatory demyelinating polyneuropathy,['DEXAMETHASONE'],5
MONDO:0019438,AL amyloidosis,MONDO:0019441,ATTRV122I amyloidosis,['FLORBETABEN (18F)'],2
MONDO:0019438,AL amyloidosis,MONDO:0018922,Cold agglutinin disease,['BORTEZOMIB'],5
MONDO:0019438,AL amyloidosis,MONDO:0017816,Primary systemic amyloidosis,"['BORTEZOMIB', 'DARATUMUMAB']",5
MONDO:0019438,AL amyloidosis,MONDO:0019402,Beta-thalassemia,"['CHEMBL558551', 'FILGRASTIM']",11
MONDO:0019438,AL amyloidosis,MONDO:0004976,Amyotrophic lateral sclerosis,['CHEMBL558551'],8
MONDO:0019438,AL amyloidosis,MONDO:0009891,acquired polycythemia vera,"['LENALIDOMIDE', 'POMALIDOMIDE']",16
MONDO:0019438,AL amyloidosis,MONDO:0005055,Kaposi\'s sarcoma,"['LENALIDOMIDE', 'POMALIDOMIDE']",11
MONDO:0019438,AL amyloidosis,MONDO:0016681,Gliosarcoma,['POMALIDOMIDE'],3
MONDO:0019438,AL amyloidosis,MONDO:0016682,Giant cell glioblastoma,['POMALIDOMIDE'],3
MONDO:0019438,AL amyloidosis,MONDO:0006486,Uveal melanoma,['MELPHALAN'],7
MONDO:0019438,AL amyloidosis,MONDO:0019180,Hereditary hemorrhagic telangiectasia,['THALIDOMIDE'],2
MONDO:0019438,AL amyloidosis,MONDO:0006806,intermediate uveitis,['DEXAMETHASONE VALARATE'],58
MONDO:0019438,AL amyloidosis,MONDO:0019369,Complex regional pain syndrome,['LENALIDOMIDE'],13
MONDO:0019438,AL amyloidosis,MONDO:0007925,Myelodysplastic syndrome associated with isolated del(5q) chromosome abnormality,['LENALIDOMIDE'],7
MONDO:0019438,AL amyloidosis,MONDO:0019157,Acquired idiopathic sideroblastic anemia,['LENALIDOMIDE'],5
MONDO:0018324,Adult-onset myasthenia gravis,MONDO:0016244,Atypical hemolytic uremic syndrome,"['ECULIZUMAB', 'RAVULIZUMAB']",34
MONDO:0018324,Adult-onset myasthenia gravis,MONDO:0019536,Shiga toxin-associated hemolytic uremic syndrome,['ECULIZUMAB'],4
MONDO:0018324,Adult-onset myasthenia gravis,MONDO:0100244,paroxysmal nocturnal hemoglobinuria,"['ECULIZUMAB', 'VEMIRCOPAN', 'RAVULIZUMAB']",13
MONDO:0018324,Adult-onset myasthenia gravis,MONDO:0018904,Primary membranoproliferative glomerulonephritis,['ECULIZUMAB'],4
MONDO:0018324,Adult-onset myasthenia gravis,MONDO:0018922,Cold agglutinin disease,['ECULIZUMAB'],4
MONDO:0018324,Adult-onset myasthenia gravis,MONDO:0004976,Amyotrophic lateral sclerosis,['RAVULIZUMAB'],3
MONDO:0018324,Adult-onset myasthenia gravis,MONDO:0006702,Chronic inflammatory demyelinating polyneuropathy,"['RITUXIMAB', 'ROZANOLIXIZUMAB', 'NIPOCALIMAB']",4
MONDO:0018324,Adult-onset myasthenia gravis,MONDO:0008558,autoimmune thrombocytopenic purpura,"['RITUXIMAB', 'ROZANOLIXIZUMAB', 'MEZAGITAMAB']",4
MONDO:0018324,Adult-onset myasthenia gravis,MONDO:0018325,Juvenile myasthenia gravis,['ROZANOLIXIZUMAB'],4
MONDO:0018324,Adult-onset myasthenia gravis,MONDO:0035666,Acute transverse myelitis with anti-MOG antibodies,['ROZANOLIXIZUMAB'],3
MONDO:0018324,Adult-onset myasthenia gravis,MONDO:0100280,Waldenstrom macroglobulinemia,['RITUXIMAB'],9
MONDO:0018324,Adult-onset myasthenia gravis,MONDO:0018906,follicular lymphoma,['RITUXIMAB'],63
MONDO:0018324,Adult-onset myasthenia gravis,MONDO:0019534,Mixed-type autoimmune hemolytic anemia,['RITUXIMAB'],3
MONDO:0018324,Adult-onset myasthenia gravis,MONDO:0019740,Immune-mediated thrombotic thrombocytopenic purpura,['RITUXIMAB'],5
MONDO:0018324,Adult-onset myasthenia gravis,MONDO:0015247,Opsoclonus-myoclonus syndrome,['RITUXIMAB'],5
MONDO:0018324,Adult-onset myasthenia gravis,MONDO:0019124,microscopic polyangiitis,['RITUXIMAB'],6
MONDO:0018324,Adult-onset myasthenia gravis,MONDO:0007650,MALT lymphoma,['RITUXIMAB'],7
MONDO:0018324,Adult-onset myasthenia gravis,MONDO:0012105,Granulomatosis with polyangiitis,['RITUXIMAB'],7
MONDO:0018324,Adult-onset myasthenia gravis,MONDO:0005388,Primary biliary cholangitis,['RITUXIMAB'],3
MONDO:0018324,Adult-onset myasthenia gravis,MONDO:0008538,Giant cell arteritis,"['RITUXIMAB', 'PREDNISONE']",3
MONDO:0018324,Adult-onset myasthenia gravis,MONDO:0019006,Genetic steroid-resistant nephrotic syndrome,['RITUXIMAB'],3
MONDO:0018324,Adult-onset myasthenia gravis,MONDO:0018977,Polyneuropathy associated with IgM monoclonal gammopathy with anti-MAG,['RITUXIMAB'],3
MONDO:0018324,Adult-onset myasthenia gravis,MONDO:0019170,Polyarteritis nodosa,['RITUXIMAB'],3
MONDO:0018324,Adult-onset myasthenia gravis,MONDO:0019125,Relapsing polychondritis,['RITUXIMAB'],3
MONDO:0018324,Adult-onset myasthenia gravis,MONDO:0019127,polymyositis,['RITUXIMAB'],3
MONDO:0018324,Adult-onset myasthenia gravis,MONDO:0800029,interstitial lung disease 2,['RITUXIMAB'],3
MONDO:0018324,Adult-onset myasthenia gravis,MONDO:0020547,Chronic graft versus host disease,"['RITUXIMAB', 'PREDNISONE']",3
MONDO:0018324,Adult-onset myasthenia gravis,MONDO:0019067,Idiopathic steroid-sensitive nephrotic syndrome,['RITUXIMAB'],3
MONDO:0018324,Adult-onset myasthenia gravis,MONDO:0019535,Drug-induced autoimmune hemolytic anemia,['RITUXIMAB'],3
MONDO:0018324,Adult-onset myasthenia gravis,MONDO:0019167,Immunoglobulin A vasculitis,['RITUXIMAB'],3
MONDO:0018324,Adult-onset myasthenia gravis,MONDO:0010679,Duchenne muscular dystrophy,['PREDNISONE'],2
MONDO:0800445,Birt-Hogg-Dub syndrome,MONDO:0005072,neuroblastoma,['RAPAMYCIN (MTOR) INHIBITOR'],2
MONDO:0800445,Birt-Hogg-Dub syndrome,MONDO:0001734,tuberous sclerosis,['RAPAMYCIN (MTOR) INHIBITOR'],3
MONDO:0800445,Birt-Hogg-Dub syndrome,MONDO:0016722,Pineoblastoma,['RAPAMYCIN (MTOR) INHIBITOR'],2
MONDO:0004620,"Classic Hodgkin lymphoma, lymphocyte-depleted type",MONDO:0009348,Classic Hodgkin lymphoma,['VINBLASTINE'],9
MONDO:0004620,"Classic Hodgkin lymphoma, lymphocyte-depleted type",MONDO:0004633,"Classic Hodgkin lymphoma, mixed cellularity type","['GEMCITABINE HYDROCHLORIDE', 'VINBLASTINE']",2
MONDO:0004620,"Classic Hodgkin lymphoma, lymphocyte-depleted type",MONDO:0005072,neuroblastoma,['VINBLASTINE'],2
MONDO:0004620,"Classic Hodgkin lymphoma, lymphocyte-depleted type",MONDO:0009691,Classic mycosis fungoides,['GEMCITABINE HYDROCHLORIDE'],3
MONDO:0004620,"Classic Hodgkin lymphoma, lymphocyte-depleted type",MONDO:0015278,Familial pancreatic carcinoma,['GEMCITABINE HYDROCHLORIDE'],3
MONDO:0004620,"Classic Hodgkin lymphoma, lymphocyte-depleted type",MONDO:0006486,Uveal melanoma,['GEMCITABINE HYDROCHLORIDE'],2
MONDO:0004620,"Classic Hodgkin lymphoma, lymphocyte-depleted type",MONDO:0100280,Waldenstrom macroglobulinemia,['GEMCITABINE HYDROCHLORIDE'],2
MONDO:0004620,"Classic Hodgkin lymphoma, lymphocyte-depleted type",MONDO:0006292,Pleural mesothelioma,['GEMCITABINE HYDROCHLORIDE'],3
MONDO:0004620,"Classic Hodgkin lymphoma, lymphocyte-depleted type",MONDO:0018906,follicular lymphoma,['GEMCITABINE HYDROCHLORIDE'],2
MONDO:0004620,"Classic Hodgkin lymphoma, lymphocyte-depleted type",MONDO:0017844,Szary syndrome,['GEMCITABINE HYDROCHLORIDE'],4
MONDO:0004620,"Classic Hodgkin lymphoma, lymphocyte-depleted type",MONDO:0019475,Subcutaneous panniculitis-like T-cell lymphoma,['GEMCITABINE HYDROCHLORIDE'],4
MONDO:0004620,"Classic Hodgkin lymphoma, lymphocyte-depleted type",MONDO:0015686,Primary peritoneal carcinoma,['GEMCITABINE HYDROCHLORIDE'],2
MONDO:0008723,Very long chain acyl-CoA dehydrogenase deficiency,MONDO:0009293,Glycogen storage disease due to muscle glycogen phosphorylase deficiency,['MAVODELPAR'],3
MONDO:0008723,Very long chain acyl-CoA dehydrogenase deficiency,MONDO:0012173,Long chain 3-hydroxyacyl-CoA dehydrogenase deficiency,"['TRIHEPTANOIN', 'MAVODELPAR']",4
MONDO:0008723,Very long chain acyl-CoA dehydrogenase deficiency,MONDO:0012172,Mitochondrial trifunctional protein deficiency,"['TRIHEPTANOIN', 'MAVODELPAR']",4
MONDO:0008723,Very long chain acyl-CoA dehydrogenase deficiency,MONDO:0015515,Carnitine palmitoyltransferase II deficiency,"['TRIHEPTANOIN', 'MAVODELPAR']",4
MONDO:0008723,Very long chain acyl-CoA dehydrogenase deficiency,MONDO:0007739,Huntington disease,['TRIHEPTANOIN'],3
MONDO:0008723,Very long chain acyl-CoA dehydrogenase deficiency,MONDO:0011724,Classic glucose transporter type 1 deficiency syndrome,['TRIHEPTANOIN'],5
MONDO:0008723,Very long chain acyl-CoA dehydrogenase deficiency,MONDO:0008918,Carnitine-acylcarnitine translocase deficiency,['TRIHEPTANOIN'],4
MONDO:0008723,Very long chain acyl-CoA dehydrogenase deficiency,MONDO:0009705,Carnitine palmitoyl transferase 1A deficiency,['TRIHEPTANOIN'],4
MONDO:0017994,Severe early-onset obesity-insulin resistance syndrome due to SH2B1 deficiency,MONDO:0008763,Alstrm syndrome,['SETMELANOTIDE'],6
MONDO:0017994,Severe early-onset obesity-insulin resistance syndrome due to SH2B1 deficiency,MONDO:0012335,Obesity due to pro-opiomelanocortin deficiency,['SETMELANOTIDE'],12
MONDO:0017994,Severe early-onset obesity-insulin resistance syndrome due to SH2B1 deficiency,MONDO:0013992,Obesity due to leptin receptor gene deficiency,['SETMELANOTIDE'],9
MONDO:0017994,Severe early-onset obesity-insulin resistance syndrome due to SH2B1 deficiency,MONDO:0015229,Bardet-Biedl syndrome,['SETMELANOTIDE'],11
MONDO:0017994,Severe early-onset obesity-insulin resistance syndrome due to SH2B1 deficiency,MONDO:0015786,Prader-Willi syndrome due to imprinting mutation,['SETMELANOTIDE'],3
MONDO:0016748,Hemangioblastoma,MONDO:0011719,gastrointestinal stromal tumor,['SUNITINIB MALATE'],6
MONDO:0016748,Hemangioblastoma,MONDO:0017190,Sporadic pheochromocytoma/secreting paraganglioma,['SUNITINIB MALATE'],3
MONDO:0016748,Hemangioblastoma,MONDO:0017366,Hereditary pheochromocytoma-paraganglioma,['SUNITINIB MALATE'],3
MONDO:0016748,Hemangioblastoma,MONDO:0016238,Solitary fibrous tumor,['SUNITINIB MALATE'],3
MONDO:0016748,Hemangioblastoma,MONDO:0015277,Medullary thyroid carcinoma,['SUNITINIB MALATE'],2
MONDO:0016748,Hemangioblastoma,MONDO:0006486,Uveal melanoma,['SUNITINIB MALATE'],2
MONDO:0016748,Hemangioblastoma,MONDO:0002142,Undifferentiated pleomorphic sarcoma,['SUNITINIB MALATE'],2
MONDO:0009348,Classic Hodgkin lymphoma,MONDO:0005512,Malignant peritoneal mesothelioma,"['PEMBROLIZUMAB', 'CISPLATIN', 'DOXORUBICINE HYDROCHLORIDE']",12
MONDO:0009348,Classic Hodgkin lymphoma,MONDO:0005072,neuroblastoma,"['ETOPOSIDE', 'VINBLASTINE', 'CYCLOPHOSPHAMIDE', 'CISPLATIN', 'NIVOLUMAB', 'DOXORUBICINE HYDROCHLORIDE', 'DACARBAZINE']",8
MONDO:0009348,Classic Hodgkin lymphoma,MONDO:0006292,Pleural mesothelioma,"['PEMBROLIZUMAB', 'CISPLATIN', 'NIVOLUMAB', 'DOXORUBICINE HYDROCHLORIDE']",19
MONDO:0009348,Classic Hodgkin lymphoma,MONDO:0002142,Undifferentiated pleomorphic sarcoma,"['PEMBROLIZUMAB', 'CISPLATIN', 'NIVOLUMAB', 'DOXORUBICINE HYDROCHLORIDE']",12
MONDO:0009348,Classic Hodgkin lymphoma,MONDO:0018906,follicular lymphoma,"['MITOXANTRONE', 'ETOPOSIDE', 'PARSACLISIB', 'CYTARABINE', 'CYCLOPHOSPHAMIDE', 'PEMBROLIZUMAB', 'CISPLATIN', 'BRENTUXIMAB VEDOTIN', 'OFATUMUMAB', 'NIVOLUMAB', 'CHOP (CYCLOPHOSPHAMIDE, DOXORUBICIN, VINCRISTINE AND PREDNISONE)']",21
MONDO:0009348,Classic Hodgkin lymphoma,MONDO:0009691,Classic mycosis fungoides,"['RECOMBINANT ANTIBODY CONSTRUCT AGAINST HUMAN CD30 AND CD16A', 'BRENTUXIMAB VEDOTIN']",5
MONDO:0009348,Classic Hodgkin lymphoma,MONDO:0017844,Szary syndrome,"['CYCLOPHOSPHAMIDE', 'BRENTUXIMAB VEDOTIN', 'NIVOLUMAB', 'RECOMBINANT ANTIBODY CONSTRUCT AGAINST HUMAN CD30 AND CD16A']",2
MONDO:0009348,Classic Hodgkin lymphoma,MONDO:0019475,Subcutaneous panniculitis-like T-cell lymphoma,"['RECOMBINANT ANTIBODY CONSTRUCT AGAINST HUMAN CD30 AND CD16A', 'CYCLOPHOSPHAMIDE', 'BRENTUXIMAB VEDOTIN', 'NIVOLUMAB', 'CHOP (CYCLOPHOSPHAMIDE, DOXORUBICIN, VINCRISTINE AND PREDNISONE)']",2
MONDO:0009348,Classic Hodgkin lymphoma,MONDO:0006486,Uveal melanoma,"['PEMBROLIZUMAB', 'TISLELIZUMAB', 'NIVOLUMAB', 'DACARBAZINE']",12
MONDO:0009348,Classic Hodgkin lymphoma,MONDO:0020561,Myxoid/round cell liposarcoma,"['CYCLOPHOSPHAMIDE', 'PEMBROLIZUMAB', 'DACARBAZINE']",12
MONDO:0009348,Classic Hodgkin lymphoma,MONDO:0009692,Primary myelofibrosis,"['NIVOLUMAB', 'RUXOLITINIB', 'PANOBINOSTAT', 'PARSACLISIB']",2
MONDO:0009348,Classic Hodgkin lymphoma,MONDO:0009891,acquired polycythemia vera,"['RUXOLITINIB', 'PANOBINOSTAT', 'PARSACLISIB']",5
MONDO:0009348,Classic Hodgkin lymphoma,MONDO:0003111,Neuroendocrine tumor of stomach,['EVEROLIMUS'],7
MONDO:0009348,Classic Hodgkin lymphoma,MONDO:0015065,Ileal neuroendocrine tumor,['EVEROLIMUS'],7
MONDO:0009348,Classic Hodgkin lymphoma,MONDO:0018975,Neurofibromatosis type 1,['EVEROLIMUS'],3
MONDO:0009348,Classic Hodgkin lymphoma,MONDO:0001734,tuberous sclerosis,['EVEROLIMUS'],15
MONDO:0009348,Classic Hodgkin lymphoma,MONDO:0019963,Bronchial neuroendocrine tumor,"['PEMBROLIZUMAB', 'EVEROLIMUS']",18
MONDO:0009348,Classic Hodgkin lymphoma,MONDO:0003646,Neuroendocrine tumor of the rectum,"['PEMBROLIZUMAB', 'EVEROLIMUS']",12
MONDO:0009348,Classic Hodgkin lymphoma,MONDO:0015069,Neuroendocrine tumor of anal canal,['EVEROLIMUS'],6
MONDO:0009348,Classic Hodgkin lymphoma,MONDO:0002882,Neuroendocrine tumor of the colon,"['PEMBROLIZUMAB', 'EVEROLIMUS']",12
MONDO:0009348,Classic Hodgkin lymphoma,MONDO:0015066,Neuroendocrine neoplasm of appendix,['EVEROLIMUS'],3
MONDO:0009348,Classic Hodgkin lymphoma,MONDO:0007039,Full NF2-related schwannomatosis,['EVEROLIMUS'],3
MONDO:0009348,Classic Hodgkin lymphoma,MONDO:0000447,Isolated polycystic liver disease,['EVEROLIMUS'],3
MONDO:0009348,Classic Hodgkin lymphoma,MONDO:0020547,Chronic graft versus host disease,"['RUXOLITINIB', 'EVEROLIMUS']",3
MONDO:0009348,Classic Hodgkin lymphoma,MONDO:0015277,Medullary thyroid carcinoma,"['PEMBROLIZUMAB', 'EVEROLIMUS']",12
MONDO:0009348,Classic Hodgkin lymphoma,MONDO:0019210,Cutaneous neuroendocrine carcinoma,"['PEMBROLIZUMAB', 'ETOPOSIDE', 'CISPLATIN', 'AVELUMAB']",12
MONDO:0009348,Classic Hodgkin lymphoma,MONDO:0011996,"chronic myelogenous leukemia, BCR-ABL1 positive","['RUXOLITINIB', 'AVELUMAB', 'CYTARABINE']",2
MONDO:0009348,Classic Hodgkin lymphoma,MONDO:0016681,Gliosarcoma,['AVELUMAB'],2
MONDO:0009348,Classic Hodgkin lymphoma,MONDO:0015686,Primary peritoneal carcinoma,"['CYCLOPHOSPHAMIDE', 'PEMBROLIZUMAB', 'CISPLATIN', 'AVELUMAB', 'NIVOLUMAB', 'RELATLIMAB']",12
MONDO:0009348,Classic Hodgkin lymphoma,MONDO:0015247,Opsoclonus-myoclonus syndrome,['CYCLOPHOSPHAMIDE'],4
MONDO:0009348,Classic Hodgkin lymphoma,MONDO:0100280,Waldenstrom macroglobulinemia,"['CYCLOPHOSPHAMIDE', 'OFATUMUMAB']",4
MONDO:0009348,Classic Hodgkin lymphoma,MONDO:0009837,Papilloma of choroid plexus,"['CYCLOPHOSPHAMIDE', 'ETOPOSIDE', 'CISPLATIN']",6
MONDO:0009348,Classic Hodgkin lymphoma,MONDO:0002728,Rhabdoid tumor,"['CYCLOPHOSPHAMIDE', 'ETOPOSIDE', 'NIVOLUMAB', 'PEMBROLIZUMAB']",12
MONDO:0009348,Classic Hodgkin lymphoma,MONDO:0005100,systemic sclerosis,['CYCLOPHOSPHAMIDE'],2
MONDO:0009348,Classic Hodgkin lymphoma,MONDO:0800029,interstitial lung disease 2,['CYCLOPHOSPHAMIDE'],2
MONDO:0009348,Classic Hodgkin lymphoma,MONDO:0007650,MALT lymphoma,"['OFATUMUMAB', 'BENDAMUSTINE FOR 50 ML ADMIXTURE']",2
MONDO:0009348,Classic Hodgkin lymphoma,MONDO:0018055,Pediatric hepatocellular carcinoma,['CISPLATIN'],3
MONDO:0009348,Classic Hodgkin lymphoma,MONDO:0005028,Adenocarcinoma of the esophagus,"['PEMBROLIZUMAB', 'CISPLATIN', 'NIVOLUMAB']",23
MONDO:0009348,Classic Hodgkin lymphoma,MONDO:0019067,Idiopathic steroid-sensitive nephrotic syndrome,['OFATUMUMAB'],2
MONDO:0009348,Classic Hodgkin lymphoma,MONDO:0044778,Nodular lymphocyte predominant Hodgkin lymphoma,['OFATUMUMAB'],2
MONDO:0009348,Classic Hodgkin lymphoma,MONDO:0019338,sarcoidosis,['METHYLPREDNISOLONE'],3
MONDO:0009348,Classic Hodgkin lymphoma,MONDO:0100480,Addison disease,['METHYLPREDNISOLONE'],3
MONDO:0009348,Classic Hodgkin lymphoma,MONDO:0008558,autoimmune thrombocytopenic purpura,['METHYLPREDNISOLONE'],3
MONDO:0009348,Classic Hodgkin lymphoma,MONDO:0100130,Adult acute respiratory distress syndrome,['METHYLPREDNISOLONE'],3
MONDO:0009348,Classic Hodgkin lymphoma,MONDO:0004633,"Classic Hodgkin lymphoma, mixed cellularity type",['VINBLASTINE'],9
MONDO:0009348,Classic Hodgkin lymphoma,MONDO:0020546,Acute graft versus host disease,['RUXOLITINIB'],6
MONDO:0009348,Classic Hodgkin lymphoma,MONDO:0006468,Anaplastic thyroid carcinoma,['PEMBROLIZUMAB'],12
MONDO:0009348,Classic Hodgkin lymphoma,MONDO:0016974,Thymoma type B,"['PEMBROLIZUMAB', 'NIVOLUMAB']",12
MONDO:0009348,Classic Hodgkin lymphoma,MONDO:0017190,Sporadic pheochromocytoma/secreting paraganglioma,['NIVOLUMAB'],10
MONDO:0009348,Classic Hodgkin lymphoma,MONDO:0016238,Solitary fibrous tumor,['NIVOLUMAB'],10
MONDO:0011398,Dystrophic epidermolysis bullosa pruriginosa,MONDO:0019310,Recessive dystrophic epidermolysis bullosa inversa,"['EX-VIVO-EXPANDED AUTOLOGOUS HUMAN KERATINOCYTES CONTAINING EPIDERMAL STEM CELLS TRANSDUCED WITH A COL7A1-ENCODING RETROVIRAL VECTOR', 'RIGOSERTIB', 'CALCIPOTRIOL', 'ALLANTOIN']",2
MONDO:0011398,Dystrophic epidermolysis bullosa pruriginosa,MONDO:0019522,"Autosomal recessive generalized dystrophic epidermolysis bullosa, intermediate form","['EX-VIVO-EXPANDED AUTOLOGOUS HUMAN KERATINOCYTES CONTAINING EPIDERMAL STEM CELLS TRANSDUCED WITH A COL7A1-ENCODING RETROVIRAL VECTOR', 'RIGOSERTIB', 'CALCIPOTRIOL', 'ALLANTOIN']",2
MONDO:0011398,Dystrophic epidermolysis bullosa pruriginosa,MONDO:0007552,"Localized dystrophic epidermolysis bullosa, pretibial form","['CALCIPOTRIOL', 'ALLANTOIN']",7
MONDO:0011398,Dystrophic epidermolysis bullosa pruriginosa,MONDO:0015553,"Localized dystrophic epidermolysis bullosa, nails only",['CALCIPOTRIOL'],2
MONDO:0011398,Dystrophic epidermolysis bullosa pruriginosa,MONDO:0007549,Autosomal dominant generalized dystrophic epidermolysis bullosa,['CALCIPOTRIOL'],2
MONDO:0011398,Dystrophic epidermolysis bullosa pruriginosa,MONDO:0015041,Refractory anemia with excess blasts type 2,['RIGOSERTIB'],6
MONDO:0011398,Dystrophic epidermolysis bullosa pruriginosa,MONDO:0015040,Refractory anemia with excess blasts type 1,['RIGOSERTIB'],7
MONDO:0017190,Sporadic pheochromocytoma/secreting paraganglioma,MONDO:0011719,gastrointestinal stromal tumor,"['BELZUTIFAN', 'SUNITINIB MALATE']",7
MONDO:0017190,Sporadic pheochromocytoma/secreting paraganglioma,MONDO:0019963,Bronchial neuroendocrine tumor,"['LUTETIUM-177(3+), S2,S7-CYCLO[N-{4,7,10-TRICARBOXYMETHYL-1,4,7,10-TETRAAZA-CYCLODODECAN-1-YL-ACETYL}-4-CHLORO-L-PHENYLALANYL-D-CYSTEINYL-4-[(4S)-2,6-DIOXO-1,3-DIAZINANE-4-CARBOXAMIDO]-L-PHENYLALANYL-4-(CARBAMOYLAMINO)-D-PHENYLALANYL-L-LYSYL-L-THREONYL-L-CYSTEINYL-D-TYROSINAMIDE]']",2
MONDO:0017190,Sporadic pheochromocytoma/secreting paraganglioma,MONDO:0016642,meningioma,"['LUTETIUM-177(3+), S2,S7-CYCLO[N-{4,7,10-TRICARBOXYMETHYL-1,4,7,10-TETRAAZA-CYCLODODECAN-1-YL-ACETYL}-4-CHLORO-L-PHENYLALANYL-D-CYSTEINYL-4-[(4S)-2,6-DIOXO-1,3-DIAZINANE-4-CARBOXAMIDO]-L-PHENYLALANYL-4-(CARBAMOYLAMINO)-D-PHENYLALANYL-L-LYSYL-L-THREONYL-L-CYSTEINYL-D-TYROSINAMIDE]']",2
MONDO:0017190,Sporadic pheochromocytoma/secreting paraganglioma,MONDO:0017366,Hereditary pheochromocytoma-paraganglioma,"['LUTETIUM-177(3+), S2,S7-CYCLO[N-{4,7,10-TRICARBOXYMETHYL-1,4,7,10-TETRAAZA-CYCLODODECAN-1-YL-ACETYL}-4-CHLORO-L-PHENYLALANYL-D-CYSTEINYL-4-[(4S)-2,6-DIOXO-1,3-DIAZINANE-4-CARBOXAMIDO]-L-PHENYLALANYL-4-(CARBAMOYLAMINO)-D-PHENYLALANYL-L-LYSYL-L-THREONYL-L-CYSTEINYL-D-TYROSINAMIDE]', 'EP0031', 'SELPERCATINIB', 'SUNITINIB MALATE']",7
MONDO:0017190,Sporadic pheochromocytoma/secreting paraganglioma,MONDO:0008082,Multiple endocrine neoplasia type 2B,"['EP0031', 'SELPERCATINIB']",12
MONDO:0017190,Sporadic pheochromocytoma/secreting paraganglioma,MONDO:0008234,Multiple endocrine neoplasia type 2A,"['EP0031', 'SELPERCATINIB']",12
MONDO:0017190,Sporadic pheochromocytoma/secreting paraganglioma,MONDO:0015277,Medullary thyroid carcinoma,"['SELPERCATINIB', 'SUNITINIB MALATE']",7
MONDO:0017190,Sporadic pheochromocytoma/secreting paraganglioma,MONDO:0016238,Solitary fibrous tumor,"['NIVOLUMAB', 'SUNITINIB MALATE']",2
MONDO:0017190,Sporadic pheochromocytoma/secreting paraganglioma,MONDO:0006486,Uveal melanoma,"['NIVOLUMAB', 'SUNITINIB MALATE']",2
MONDO:0017190,Sporadic pheochromocytoma/secreting paraganglioma,MONDO:0002142,Undifferentiated pleomorphic sarcoma,"['NIVOLUMAB', 'SUNITINIB MALATE']",2
MONDO:0017190,Sporadic pheochromocytoma/secreting paraganglioma,MONDO:0015686,Primary peritoneal carcinoma,['NIVOLUMAB'],9
MONDO:0017190,Sporadic pheochromocytoma/secreting paraganglioma,MONDO:0018906,follicular lymphoma,['NIVOLUMAB'],4
MONDO:0017190,Sporadic pheochromocytoma/secreting paraganglioma,MONDO:0005072,neuroblastoma,['NIVOLUMAB'],3
MONDO:0017190,Sporadic pheochromocytoma/secreting paraganglioma,MONDO:0005028,Adenocarcinoma of the esophagus,['NIVOLUMAB'],3
MONDO:0017190,Sporadic pheochromocytoma/secreting paraganglioma,MONDO:0017844,Szary syndrome,['NIVOLUMAB'],2
MONDO:0017190,Sporadic pheochromocytoma/secreting paraganglioma,MONDO:0019475,Subcutaneous panniculitis-like T-cell lymphoma,['NIVOLUMAB'],2
MONDO:0017190,Sporadic pheochromocytoma/secreting paraganglioma,MONDO:0009692,Primary myelofibrosis,['NIVOLUMAB'],2
MONDO:0017190,Sporadic pheochromocytoma/secreting paraganglioma,MONDO:0006292,Pleural mesothelioma,['NIVOLUMAB'],2
MONDO:0017190,Sporadic pheochromocytoma/secreting paraganglioma,MONDO:0002728,Rhabdoid tumor,['NIVOLUMAB'],2
MONDO:0017190,Sporadic pheochromocytoma/secreting paraganglioma,MONDO:0016974,Thymoma type B,['NIVOLUMAB'],2
MONDO:0019016,Mitochondrial DNA-related progressive external ophthalmoplegia,MONDO:0016814,Mitochondrial DNA-associated Leigh syndrome,"['(S)-6-HYDROXY-2,5,7,8-TETRAMETHYL-N-((R)-PIPERIDIN-3-YL)CHROMAN-2-CARBOXAMIDE HYDROCHLORIDE']",2
MONDO:0019016,Mitochondrial DNA-related progressive external ophthalmoplegia,MONDO:0010790,MERRF,"['(S)-6-HYDROXY-2,5,7,8-TETRAMETHYL-N-((R)-PIPERIDIN-3-YL)CHROMAN-2-CARBOXAMIDE HYDROCHLORIDE']",3
MONDO:0019016,Mitochondrial DNA-related progressive external ophthalmoplegia,MONDO:0010789,MELAS,"['(S)-6-HYDROXY-2,5,7,8-TETRAMETHYL-N-((R)-PIPERIDIN-3-YL)CHROMAN-2-CARBOXAMIDE HYDROCHLORIDE']",3
MONDO:0019016,Mitochondrial DNA-related progressive external ophthalmoplegia,MONDO:0010787,Kearns-Sayre syndrome,"['(S)-6-HYDROXY-2,5,7,8-TETRAMETHYL-N-((R)-PIPERIDIN-3-YL)CHROMAN-2-CARBOXAMIDE HYDROCHLORIDE']",2
MONDO:0004114,Small cell carcinoma of the bladder,MONDO:0015072,Primary hepatic neuroendocrine carcinoma,['DELTA-LIKE LIGAND 3 (DLL3)/CD3 T CELL ENGAGING BISPECIFIC ANTIBODY'],10
MONDO:0008753,Alkaptonuria,MONDO:0010161,Tyrosinemia type 1,['NITISINONE'],4
MONDO:0008753,Alkaptonuria,MONDO:0019019,osteogenesis imperfecta,['RISEDRONATE SODIUM'],2
MONDO:0016974,Thymoma type B,MONDO:0005028,Adenocarcinoma of the esophagus,"['PEMBROLIZUMAB', 'NIVOLUMAB', 'LENVATINIB']",13
MONDO:0016974,Thymoma type B,MONDO:0015277,Medullary thyroid carcinoma,"['PEMBROLIZUMAB', 'LENVATINIB']",4
MONDO:0016974,Thymoma type B,MONDO:0015686,Primary peritoneal carcinoma,"['PEMBROLIZUMAB', 'NIVOLUMAB']",5
MONDO:0016974,Thymoma type B,MONDO:0019210,Cutaneous neuroendocrine carcinoma,['PEMBROLIZUMAB'],4
MONDO:0016974,Thymoma type B,MONDO:0005512,Malignant peritoneal mesothelioma,['PEMBROLIZUMAB'],2
MONDO:0016974,Thymoma type B,MONDO:0019963,Bronchial neuroendocrine tumor,['PEMBROLIZUMAB'],2
MONDO:0016974,Thymoma type B,MONDO:0006486,Uveal melanoma,"['PEMBROLIZUMAB', 'NIVOLUMAB']",2
MONDO:0016974,Thymoma type B,MONDO:0002142,Undifferentiated pleomorphic sarcoma,"['PEMBROLIZUMAB', 'NIVOLUMAB']",2
MONDO:0016974,Thymoma type B,MONDO:0018906,follicular lymphoma,"['PEMBROLIZUMAB', 'NIVOLUMAB']",4
MONDO:0016974,Thymoma type B,MONDO:0002882,Neuroendocrine tumor of the colon,['PEMBROLIZUMAB'],2
MONDO:0016974,Thymoma type B,MONDO:0006468,Anaplastic thyroid carcinoma,['PEMBROLIZUMAB'],2
MONDO:0016974,Thymoma type B,MONDO:0006292,Pleural mesothelioma,"['PEMBROLIZUMAB', 'NIVOLUMAB']",3
MONDO:0016974,Thymoma type B,MONDO:0020561,Myxoid/round cell liposarcoma,['PEMBROLIZUMAB'],2
MONDO:0016974,Thymoma type B,MONDO:0002728,Rhabdoid tumor,"['PEMBROLIZUMAB', 'NIVOLUMAB']",2
MONDO:0016974,Thymoma type B,MONDO:0003646,Neuroendocrine tumor of the rectum,['PEMBROLIZUMAB'],2
MONDO:0016974,Thymoma type B,MONDO:0005072,neuroblastoma,['NIVOLUMAB'],3
MONDO:0016974,Thymoma type B,MONDO:0017844,Szary syndrome,['NIVOLUMAB'],2
MONDO:0016974,Thymoma type B,MONDO:0019475,Subcutaneous panniculitis-like T-cell lymphoma,['NIVOLUMAB'],2
MONDO:0016974,Thymoma type B,MONDO:0009692,Primary myelofibrosis,['NIVOLUMAB'],2
MONDO:0016974,Thymoma type B,MONDO:0016238,Solitary fibrous tumor,['NIVOLUMAB'],2
MONDO:0019944,Eisenmenger syndrome,MONDO:0005149,Idiopathic/heritable pulmonary arterial hypertension,"['SILDENAFIL CITRATE', 'MACITENTAN', 'BOSENTAN', 'TREPROSTINIL DIETHANOLAMINE (ORAL USE)']",17
MONDO:0019944,Eisenmenger syndrome,MONDO:0005711,Congenital diaphragmatic hernia,['SILDENAFIL CITRATE'],4
MONDO:0019944,Eisenmenger syndrome,MONDO:0800029,interstitial lung disease 2,"['SILDENAFIL CITRATE', 'MACITENTAN', 'BOSENTAN']",4
MONDO:0019944,Eisenmenger syndrome,MONDO:0005100,systemic sclerosis,"['SILDENAFIL CITRATE', 'BOSENTAN']",2
MONDO:0019944,Eisenmenger syndrome,MONDO:0006851,Meconium aspiration syndrome,['SILDENAFIL CITRATE'],2
MONDO:0019944,Eisenmenger syndrome,MONDO:0017148,Heritable pulmonary arterial hypertension,"['MACITENTAN', 'BOSENTAN']",2
MONDO:0019944,Eisenmenger syndrome,MONDO:0006664,Interatrial communication,['BOSENTAN'],2
MONDO:0019944,Eisenmenger syndrome,MONDO:0008538,Giant cell arteritis,['BOSENTAN'],2
MONDO:0019258,Mild phenylketonuria,MONDO:0009861,phenylketonuria,['ADENO-ASSOCIATED VIRUS VECTOR ENCODING HUMAN PHENYLALANINE HYDROXYLASE'],2
MONDO:0019258,Mild phenylketonuria,MONDO:0019259,Classic phenylketonuria,['ADENO-ASSOCIATED VIRUS VECTOR ENCODING HUMAN PHENYLALANINE HYDROXYLASE'],2
MONDO:0005820,Lassa fever,MONDO:0005789,Hepatitis delta,['CHEMBL34'],6
MONDO:0005820,Lassa fever,MONDO:0019209,Japanese encephalitis,['CHEMBL34'],5
MONDO:0016682,Giant cell glioblastoma,MONDO:0016681,Gliosarcoma,"['POMALIDOMIDE', 'PEMIGATINIB']",3
MONDO:0016682,Giant cell glioblastoma,MONDO:0009692,Primary myelofibrosis,['POMALIDOMIDE'],11
MONDO:0016682,Giant cell glioblastoma,MONDO:0009891,acquired polycythemia vera,['POMALIDOMIDE'],10
MONDO:0043797,Spinal cord injury,MONDO:0019369,Complex regional pain syndrome,['CHEMBL88034'],18
MONDO:0043797,Spinal cord injury,MONDO:0005100,systemic sclerosis,['AUTOLOGOUS PERIPHERAL ADULT HEMATOPOIETIC STEM CELL TRANSPLANT'],4
MONDO:0043797,Spinal cord injury,MONDO:0004976,Amyotrophic lateral sclerosis,['RILUZOLE'],8
MONDO:0009889,Autosomal recessive polycystic kidney disease,MONDO:0004691,Autosomal dominant polycystic kidney disease,['TOLVAPTAN'],4
MONDO:0018938,Mucopolysaccharidosis type 4,MONDO:0009659,Mucopolysaccharidosis type 4A,['ELOSULFASE ALFA'],13
MONDO:0016730,Gangliocytoma,MONDO:0006468,Anaplastic thyroid carcinoma,"['DABRAFENIB', 'TRAMETINIB']",3
MONDO:0016730,Gangliocytoma,MONDO:0011719,gastrointestinal stromal tumor,"['DABRAFENIB', 'TRAMETINIB']",3
MONDO:0016730,Gangliocytoma,MONDO:0016755,Neurofibroma,['TRAMETINIB'],2
MONDO:0016730,Gangliocytoma,MONDO:0018975,Neurofibromatosis type 1,['TRAMETINIB'],2
MONDO:0100339,Friedreich ataxia,MONDO:0004976,Amyotrophic lateral sclerosis,"['LERIGLITAZONE', 'EPOETIN ALFA', 'PIOGLITAZONE', 'DEFERIPRONE']",3
MONDO:0100339,Friedreich ataxia,MONDO:0009319,Pantothenate kinase-associated neurodegeneration,['DEFERIPRONE'],12
MONDO:0100339,Friedreich ataxia,MONDO:0010726,Rett syndrome,['VATIQUINONE'],5
MONDO:0100339,Friedreich ataxia,MONDO:0010184,"Methylmalonic acidemia with homocystinuria, type cblC",['VATIQUINONE'],5
MONDO:0100339,Friedreich ataxia,MONDO:0009723,Leigh syndrome,['VATIQUINONE'],5
MONDO:0100339,Friedreich ataxia,MONDO:0010679,Duchenne muscular dystrophy,['IDEBENONE'],30
MONDO:0100339,Friedreich ataxia,MONDO:0007739,Huntington disease,['RESVERATROL'],3
MONDO:0100339,Friedreich ataxia,MONDO:0018906,follicular lymphoma,['RESVERATROL'],3
MONDO:0100339,Friedreich ataxia,MONDO:0015686,Primary peritoneal carcinoma,"['N-[(2S)-2,3-DIHYDROXYPROPYL]-3-[(2-FLUORO-4-IODOPHENYL)AMINO]ISONICOTINAMIDE HYDROCHLORIDE']",2
MONDO:0100339,Friedreich ataxia,MONDO:0019402,Beta-thalassemia,['DEFERIPRONE'],15
MONDO:0100339,Friedreich ataxia,MONDO:0019433,Oligoarticular juvenile idiopathic arthritis,['NICOTINAMIDE (VITAMIN PP)'],5
MONDO:0100339,Friedreich ataxia,MONDO:0011996,"chronic myelogenous leukemia, BCR-ABL1 positive","['LERIGLITAZONE', 'PIOGLITAZONE']",9
MONDO:0100339,Friedreich ataxia,MONDO:0009061,Cystic fibrosis,['LERIGLITAZONE'],5
MONDO:0100339,Friedreich ataxia,MONDO:0016642,meningioma,['LERIGLITAZONE'],3
MONDO:0100339,Friedreich ataxia,MONDO:0008840,Ataxia-telangiectasia,['PIOGLITAZONE'],2
MONDO:0100339,Friedreich ataxia,MONDO:0004691,Autosomal dominant polycystic kidney disease,['PIOGLITAZONE'],2
MONDO:0012545,Neutral lipid storage myopathy,MONDO:0013433,Primary sclerosing cholangitis,['BEZAFIBRATE'],3
MONDO:0012545,Neutral lipid storage myopathy,MONDO:0005388,Primary biliary cholangitis,['BEZAFIBRATE'],3
MONDO:0012545,Neutral lipid storage myopathy,MONDO:0015515,Carnitine palmitoyltransferase II deficiency,['BEZAFIBRATE'],2
MONDO:0016755,Neurofibroma,MONDO:0006468,Anaplastic thyroid carcinoma,['TRAMETINIB'],3
MONDO:0016755,Neurofibroma,MONDO:0011719,gastrointestinal stromal tumor,['TRAMETINIB'],3
MONDO:0016755,Neurofibroma,MONDO:0018975,Neurofibromatosis type 1,['TRAMETINIB'],2
MONDO:0019391,Fanconi anemia,MONDO:0008558,autoimmune thrombocytopenic purpura,['ELTROMBOPAG OLAMINE'],17
MONDO:0019391,Fanconi anemia,MONDO:0010518,Wiskott-Aldrich syndrome,['ELTROMBOPAG OLAMINE'],2
MONDO:0019391,Fanconi anemia,MONDO:0009276,Bernard-Soulier syndrome,['ELTROMBOPAG OLAMINE'],2
MONDO:0019391,Fanconi anemia,MONDO:0015912,MYH9-related disease,['ELTROMBOPAG OLAMINE'],2
MONDO:0010518,Wiskott-Aldrich syndrome,MONDO:0004976,Amyotrophic lateral sclerosis,['ALDESLEUKIN'],3
MONDO:0010518,Wiskott-Aldrich syndrome,MONDO:0005072,neuroblastoma,['ALDESLEUKIN'],5
MONDO:0010518,Wiskott-Aldrich syndrome,MONDO:0011996,"chronic myelogenous leukemia, BCR-ABL1 positive",['ALDESLEUKIN'],2
MONDO:0010518,Wiskott-Aldrich syndrome,MONDO:0008558,autoimmune thrombocytopenic purpura,['ELTROMBOPAG OLAMINE'],17
MONDO:0010518,Wiskott-Aldrich syndrome,MONDO:0009276,Bernard-Soulier syndrome,['ELTROMBOPAG OLAMINE'],2
MONDO:0010518,Wiskott-Aldrich syndrome,MONDO:0015912,MYH9-related disease,['ELTROMBOPAG OLAMINE'],2
MONDO:0019188,Rubinstein-Taybi syndrome,MONDO:0018105,Wolfram syndrome,['SODIUM VALPROATE'],4
MONDO:0015717,Mild hemophilia B,MONDO:0015715,Severe hemophilia B,"['RECOMBINANT FUSION PROTEIN LINKING HUMAN COAGULATION FACTOR VIIA WITH HUMAN ALBUMIN (RVIIA-FP)', 'EPTACOG ALFA (ACTIVATED)', 'VATREPTACOG ALFA (ACTIVATED)', 'CONCIZUMAB']",6
MONDO:0015717,Mild hemophilia B,MONDO:0015716,Moderate hemophilia B,"['RECOMBINANT FUSION PROTEIN LINKING HUMAN COAGULATION FACTOR VIIA WITH HUMAN ALBUMIN (RVIIA-FP)', 'EPTACOG ALFA (ACTIVATED)', 'VATREPTACOG ALFA (ACTIVATED)', 'CONCIZUMAB']",7
MONDO:0015717,Mild hemophilia B,MONDO:0010602,hemophilia A,"['EPTACOG ALFA (ACTIVATED)', 'CONCIZUMAB']",4
MONDO:0015717,Mild hemophilia B,MONDO:0015721,Mild hemophilia A,"['RECOMBINANT FUSION PROTEIN LINKING HUMAN COAGULATION FACTOR VIIA WITH HUMAN ALBUMIN (RVIIA-FP)', 'EPTACOG ALFA (ACTIVATED)', 'VATREPTACOG ALFA (ACTIVATED)', 'CONCIZUMAB']",6
MONDO:0015717,Mild hemophilia B,MONDO:0015788,Bleeding disorder in hemophilia B carriers,['EPTACOG ALFA (ACTIVATED)'],3
MONDO:0015717,Mild hemophilia B,MONDO:0015719,Severe hemophilia A,"['RECOMBINANT FUSION PROTEIN LINKING HUMAN COAGULATION FACTOR VIIA WITH HUMAN ALBUMIN (RVIIA-FP)', 'EPTACOG ALFA (ACTIVATED)', 'VATREPTACOG ALFA (ACTIVATED)', 'CONCIZUMAB']",5
MONDO:0015717,Mild hemophilia B,MONDO:0010604,Hemophilia B,['CONCIZUMAB'],4
MONDO:0017389,Tetrahydrobiopterin-responsive hyperphenylalaninemia/phenylketonuria,MONDO:0009861,phenylketonuria,['TETRAHYDROBIOPTERIN'],2
MONDO:0020492,Hemimegalencephaly,MONDO:0017177,Hemihyperplasia-multiple lipomatosis syndrome,"['ALPELISIB', 'MIRANSERTIB']",2
MONDO:0020492,Hemimegalencephaly,MONDO:0008318,Proteus syndrome,['MIRANSERTIB'],3
MONDO:0020492,Hemimegalencephaly,MONDO:0015293,Segmental outgrowth-lipomatosis-arteriovenous malformation-epidermal nevus syndrome,['MIRANSERTIB'],2
MONDO:0020492,Hemimegalencephaly,MONDO:0017571,Proteus-like syndrome,['MIRANSERTIB'],2
MONDO:0018471,Generalized eruptive keratoacanthoma,MONDO:0018851,Familial keratoacanthoma,['DARLEUKIN/FIBROMUN'],2
MONDO:0018471,Generalized eruptive keratoacanthoma,MONDO:0019210,Cutaneous neuroendocrine carcinoma,['DARLEUKIN/FIBROMUN'],2
MONDO:0018471,Generalized eruptive keratoacanthoma,MONDO:0005055,Kaposi\'s sarcoma,['DARLEUKIN/FIBROMUN'],2
MONDO:0018485,"Glycogen storage disease due to acid maltase deficiency, late-onset",MONDO:0009061,Cystic fibrosis,['MIGLUSTAT'],6
MONDO:0010184,"Methylmalonic acidemia with homocystinuria, type cblC",MONDO:0010726,Rett syndrome,['VATIQUINONE'],2
MONDO:0010184,"Methylmalonic acidemia with homocystinuria, type cblC",MONDO:0009723,Leigh syndrome,['VATIQUINONE'],2
MONDO:0018469,Pulmonary non-tuberculous mycobacterial infection,MONDO:0009061,Cystic fibrosis,['AMIKACIN SULFATE (LIPOSOMAL)'],5
MONDO:0006486,Uveal melanoma,MONDO:0005072,neuroblastoma,"['TEMOZOLOMIDE', 'NIVOLUMAB', 'DACARBAZINE', 'MELPHALAN', 'CELYVIR', 'ENTINOSTAT']",3
MONDO:0006486,Uveal melanoma,MONDO:0019963,Bronchial neuroendocrine tumor,"['PEMBROLIZUMAB', 'TREMELIMUMAB', 'DURVALUMAB', 'TEMOZOLOMIDE']",2
MONDO:0006486,Uveal melanoma,MONDO:0015686,Primary peritoneal carcinoma,"['DURVALUMAB', 'IPILIMUMAB', 'PEMBROLIZUMAB', 'VELIPARIB', 'NIVOLUMAB', 'CEDIRANIB', 'GEMCITABINE HYDROCHLORIDE', 'BINIMETINIB', 'BEVACIZUMAB']",7
MONDO:0006486,Uveal melanoma,MONDO:0006468,Anaplastic thyroid carcinoma,"['PEMBROLIZUMAB', 'TREMELIMUMAB', 'DURVALUMAB']",2
MONDO:0006486,Uveal melanoma,MONDO:0018906,follicular lymphoma,"['DURVALUMAB', 'PEMBROLIZUMAB', 'NIVOLUMAB', 'GEMCITABINE HYDROCHLORIDE', 'MELPHALAN']",4
MONDO:0006486,Uveal melanoma,MONDO:0015277,Medullary thyroid carcinoma,"['DURVALUMAB', 'PEMBROLIZUMAB', 'SORAFENIB TOSYLATE', 'SUNITINIB MALATE', 'TREMELIMUMAB']",3
MONDO:0006486,Uveal melanoma,MONDO:0006292,Pleural mesothelioma,"['DURVALUMAB', 'IPILIMUMAB', 'PEMBROLIZUMAB', 'NIVOLUMAB', 'GEMCITABINE HYDROCHLORIDE', 'IMATINIB MESILATE', 'TREMELIMUMAB', 'BEVACIZUMAB']",3
MONDO:0006486,Uveal melanoma,MONDO:0005028,Adenocarcinoma of the esophagus,"['PEMBROLIZUMAB', 'DURVALUMAB', 'NIVOLUMAB']",2
MONDO:0006486,Uveal melanoma,MONDO:0020561,Myxoid/round cell liposarcoma,"['PEMBROLIZUMAB', 'DACARBAZINE']",2
MONDO:0006486,Uveal melanoma,MONDO:0007039,Full NF2-related schwannomatosis,['SORAFENIB TOSYLATE'],3
MONDO:0006486,Uveal melanoma,MONDO:0019180,Hereditary hemorrhagic telangiectasia,['BEVACIZUMAB'],6
MONDO:0006486,Uveal melanoma,MONDO:0016681,Gliosarcoma,['BEVACIZUMAB'],2
MONDO:0006486,Uveal melanoma,MONDO:0003646,Neuroendocrine tumor of the rectum,"['PEMBROLIZUMAB', 'TEMOZOLOMIDE']",2
MONDO:0006486,Uveal melanoma,MONDO:0019960,VIPoma,['TEMOZOLOMIDE'],2
MONDO:0006486,Uveal melanoma,MONDO:0015065,Ileal neuroendocrine tumor,['TEMOZOLOMIDE'],2
MONDO:0006486,Uveal melanoma,MONDO:0002882,Neuroendocrine tumor of the colon,"['PEMBROLIZUMAB', 'TEMOZOLOMIDE']",2
MONDO:0006486,Uveal melanoma,MONDO:0003111,Neuroendocrine tumor of stomach,['TEMOZOLOMIDE'],2
MONDO:0006486,Uveal melanoma,MONDO:0016722,Pineoblastoma,['TEMOZOLOMIDE'],2
MONDO:0006486,Uveal melanoma,MONDO:0015069,Neuroendocrine tumor of anal canal,['TEMOZOLOMIDE'],2
MONDO:0006486,Uveal melanoma,MONDO:0019964,Thymic neuroendocrine tumor,['TEMOZOLOMIDE'],2
MONDO:0006486,Uveal melanoma,MONDO:0009837,Papilloma of choroid plexus,['TEMOZOLOMIDE'],2
MONDO:0006486,Uveal melanoma,MONDO:0015066,Neuroendocrine neoplasm of appendix,['TEMOZOLOMIDE'],2
MONDO:0006486,Uveal melanoma,MONDO:0019959,Glucagonoma,['TEMOZOLOMIDE'],2
MONDO:0006486,Uveal melanoma,MONDO:0002728,Rhabdoid tumor,"['PEMBROLIZUMAB', 'NIVOLUMAB', 'TEMOZOLOMIDE', 'ENTINOSTAT']",2
MONDO:0006486,Uveal melanoma,MONDO:0011719,gastrointestinal stromal tumor,"['SUNITINIB MALATE', 'IMATINIB MESILATE']",6
MONDO:0006486,Uveal melanoma,MONDO:0011996,"chronic myelogenous leukemia, BCR-ABL1 positive",['IMATINIB MESILATE'],27
MONDO:0006486,Uveal melanoma,MONDO:0005149,Idiopathic/heritable pulmonary arterial hypertension,['IMATINIB MESILATE'],11
MONDO:0006486,Uveal melanoma,MONDO:0005100,systemic sclerosis,['IMATINIB MESILATE'],3
MONDO:0006486,Uveal melanoma,MONDO:0020331,Indolent systemic mastocytosis,['IMATINIB MESILATE'],2
MONDO:0006486,Uveal melanoma,MONDO:0020333,Aggressive systemic mastocytosis,['IMATINIB MESILATE'],2
MONDO:0006486,Uveal melanoma,MONDO:0015796,Acute lung injury,['IMATINIB MESILATE'],2
MONDO:0006486,Uveal melanoma,MONDO:0009925,Pseudoxanthoma elasticum,"['RANIBIZUMAB', 'AFLIBERCEPT']",2
MONDO:0006486,Uveal melanoma,MONDO:0019210,Cutaneous neuroendocrine carcinoma,"['PEMBROLIZUMAB', 'IPILIMUMAB']",4
MONDO:0006486,Uveal melanoma,MONDO:0016532,Lennox-Gastaut syndrome,['MELATONIN'],2
MONDO:0006486,Uveal melanoma,MONDO:0019200,Retinitis pigmentosa,['MELATONIN'],2
MONDO:0006486,Uveal melanoma,MONDO:0018975,Neurofibromatosis type 1,['SELUMETINIB'],8
MONDO:0006486,Uveal melanoma,MONDO:0009691,Classic mycosis fungoides,['GEMCITABINE HYDROCHLORIDE'],3
MONDO:0006486,Uveal melanoma,MONDO:0015278,Familial pancreatic carcinoma,['GEMCITABINE HYDROCHLORIDE'],3
MONDO:0006486,Uveal melanoma,MONDO:0004633,"Classic Hodgkin lymphoma, mixed cellularity type",['GEMCITABINE HYDROCHLORIDE'],2
MONDO:0006486,Uveal melanoma,MONDO:0100280,Waldenstrom macroglobulinemia,['GEMCITABINE HYDROCHLORIDE'],2
MONDO:0006486,Uveal melanoma,MONDO:0017844,Szary syndrome,"['GEMCITABINE HYDROCHLORIDE', 'NIVOLUMAB']",2
MONDO:0006486,Uveal melanoma,MONDO:0019475,Subcutaneous panniculitis-like T-cell lymphoma,"['GEMCITABINE HYDROCHLORIDE', 'NIVOLUMAB']",2
MONDO:0006486,Uveal melanoma,MONDO:0005512,Malignant peritoneal mesothelioma,"['PEMBROLIZUMAB', 'TREMELIMUMAB']",7
MONDO:0006486,Uveal melanoma,MONDO:0017366,Hereditary pheochromocytoma-paraganglioma,['SUNITINIB MALATE'],3
MONDO:0006486,Uveal melanoma,MONDO:0016238,Solitary fibrous tumor,"['NIVOLUMAB', 'SUNITINIB MALATE']",2
MONDO:0006486,Uveal melanoma,MONDO:0002142,Undifferentiated pleomorphic sarcoma,"['PEMBROLIZUMAB', 'NIVOLUMAB', 'SUNITINIB MALATE']",2
MONDO:0006486,Uveal melanoma,MONDO:0009692,Primary myelofibrosis,['NIVOLUMAB'],2
MONDO:0015786,Prader-Willi syndrome due to imprinting mutation,MONDO:0008763,Alstrm syndrome,['SETMELANOTIDE'],5
MONDO:0015786,Prader-Willi syndrome due to imprinting mutation,MONDO:0012335,Obesity due to pro-opiomelanocortin deficiency,['SETMELANOTIDE'],11
MONDO:0015786,Prader-Willi syndrome due to imprinting mutation,MONDO:0013992,Obesity due to leptin receptor gene deficiency,['SETMELANOTIDE'],8
MONDO:0015786,Prader-Willi syndrome due to imprinting mutation,MONDO:0015229,Bardet-Biedl syndrome,['SETMELANOTIDE'],10
MONDO:0005100,systemic sclerosis,MONDO:0800029,interstitial lung disease 2,"['RITUXIMAB', 'PIRFENIDONE', 'TREPROSTINIL', 'NINTEDANIB', 'CYCLOPHOSPHAMIDE', 'SILDENAFIL CITRATE', 'CHEMBL558551', 'SILDENAFIL', 'ZIRITAXESTAT', 'FIPAXALPARANT', 'MACITENTAN', 'CHEMBL2136735', 'BOSENTAN']",8
MONDO:0005100,systemic sclerosis,MONDO:0100280,Waldenstrom macroglobulinemia,"['RITUXIMAB', 'CYCLOPHOSPHAMIDE', 'TACROLIMUS ANHYDROUS', 'POMALIDOMIDE', 'CHEMBL558551', 'CHEMBL156', 'SILDENAFIL', 'FILGRASTIM', 'CHEMBL3210645', 'FLUDARABINE', 'CYCLOPHOSPHAMIDE ANHYDROUS']",182
MONDO:0005100,systemic sclerosis,MONDO:0018906,follicular lymphoma,"['RITUXIMAB', 'CYCLOPHOSPHAMIDE', 'TACROLIMUS ANHYDROUS', 'TOCILIZUMAB', 'CHEMBL558551', 'CHEMBL156', 'FILGRASTIM', 'CHEMBL3210645', 'FLUDARABINE', 'CYCLOPHOSPHAMIDE ANHYDROUS']",96
MONDO:0005100,systemic sclerosis,MONDO:0007650,MALT lymphoma,"['RITUXIMAB', 'TACROLIMUS ANHYDROUS', 'CHEMBL558551', 'CHEMBL156', 'FILGRASTIM', 'CHEMBL3210645', 'FLUDARABINE', 'CYCLOPHOSPHAMIDE ANHYDROUS']",71
MONDO:0005100,systemic sclerosis,MONDO:0019124,microscopic polyangiitis,"['RITUXIMAB', 'CHEMBL3210645', 'CYCLOPHOSPHAMIDE ANHYDROUS']",40
MONDO:0005100,systemic sclerosis,MONDO:0011996,"chronic myelogenous leukemia, BCR-ABL1 positive","['RITUXIMAB', 'VALPROIC ACID', 'TACROLIMUS ANHYDROUS', 'CHEMBL156', 'FLUDARABINE', 'IMATINIB', 'NILOTINIB', 'IMATINIB MESILATE', 'FILGRASTIM', 'CHEMBL3210645', 'CHEMBL3560003', 'CYCLOPHOSPHAMIDE ANHYDROUS']",325
MONDO:0005100,systemic sclerosis,MONDO:0015943,eosinophilic granulomatosis with polyangiitis,['RITUXIMAB'],31
MONDO:0005100,systemic sclerosis,MONDO:0008558,autoimmune thrombocytopenic purpura,"['RITUXIMAB', 'TACROLIMUS ANHYDROUS', 'CHEMBL3210645', 'CYCLOPHOSPHAMIDE ANHYDROUS']",26
MONDO:0005100,systemic sclerosis,MONDO:0006702,Chronic inflammatory demyelinating polyneuropathy,['RITUXIMAB'],30
MONDO:0005100,systemic sclerosis,MONDO:0012105,Granulomatosis with polyangiitis,"['RITUXIMAB', 'CHEMBL3210645', 'CHEMBL156', 'CYCLOPHOSPHAMIDE ANHYDROUS']",38
MONDO:0005100,systemic sclerosis,MONDO:0015564,Castleman disease,"['RITUXIMAB', 'POMALIDOMIDE', 'TOCILIZUMAB', 'CHEMBL558551', 'CHEMBL3560003', 'CYCLOPHOSPHAMIDE ANHYDROUS']",40
MONDO:0005100,systemic sclerosis,MONDO:0005388,Primary biliary cholangitis,"['RITUXIMAB', 'CHEMBL156']",15
MONDO:0005100,systemic sclerosis,MONDO:0019338,sarcoidosis,"['RITUXIMAB', 'CHEMBL558551', 'CHEMBL156', 'TOFACITINIB', 'CHEMBL3560003', 'CYCLOPHOSPHAMIDE ANHYDROUS']",35
MONDO:0005100,systemic sclerosis,MONDO:0010602,hemophilia A,['RITUXIMAB'],29
MONDO:0005100,systemic sclerosis,MONDO:0005072,neuroblastoma,"['RITUXIMAB', 'CYCLOPHOSPHAMIDE', 'TACROLIMUS ANHYDROUS', 'CHEMBL558551', 'CHEMBL156', 'FLUDARABINE', 'FILGRASTIM', 'CHEMBL3210645', 'CHEMBL3560003', 'CYCLOPHOSPHAMIDE ANHYDROUS']",26
MONDO:0005100,systemic sclerosis,MONDO:0009891,acquired polycythemia vera,"['ITACITINIB', 'POMALIDOMIDE', 'TACROLIMUS ANHYDROUS', 'CHEMBL156', 'IMATINIB', 'CHEMBL3210645', 'FLUDARABINE']",20
MONDO:0005100,systemic sclerosis,MONDO:0009692,Primary myelofibrosis,"['ITACITINIB', 'TACROLIMUS ANHYDROUS', 'POMALIDOMIDE', 'CHEMBL558551', 'CHEMBL156', 'IMATINIB', 'FILGRASTIM', 'CHEMBL3210645', 'FLUDARABINE', 'CYCLOPHOSPHAMIDE ANHYDROUS']",35
MONDO:0005100,systemic sclerosis,MONDO:0006806,intermediate uveitis,"['TOCILIZUMAB', 'CHEMBL3560003', 'CHEMBL156']",14
MONDO:0005100,systemic sclerosis,MONDO:0100244,paroxysmal nocturnal hemoglobinuria,"['TACROLIMUS ANHYDROUS', 'CHEMBL3210645', 'FLUDARABINE', 'CHEMBL156']",36
MONDO:0005100,systemic sclerosis,MONDO:0019200,Retinitis pigmentosa,"['CHEMBL156', 'VALPROIC ACID']",2
MONDO:0005100,systemic sclerosis,MONDO:0019127,polymyositis,"['ALLOGENEIC ENGINEERED T-CELLS EXPRESSING ANTI-CD19 CHIMERIC ANTIGEN RECEPTOR', 'DAXDILIMAB']",2
MONDO:0005100,systemic sclerosis,MONDO:0005312,Pouchitis,['TOFACITINIB'],4
MONDO:0005100,systemic sclerosis,MONDO:0020546,Acute graft versus host disease,['ITACITINIB'],3
MONDO:0005100,systemic sclerosis,MONDO:0020547,Chronic graft versus host disease,['ITACITINIB'],5
MONDO:0005100,systemic sclerosis,MONDO:0018868,metachromatic leukodystrophy,['CYCLOPHOSPHAMIDE ANHYDROUS'],44
MONDO:0005100,systemic sclerosis,MONDO:0009499,Krabbe disease,['CYCLOPHOSPHAMIDE ANHYDROUS'],42
MONDO:0005100,systemic sclerosis,MONDO:0010006,Sandhoff disease,['CYCLOPHOSPHAMIDE ANHYDROUS'],35
MONDO:0005100,systemic sclerosis,MONDO:0019019,osteogenesis imperfecta,['CYCLOPHOSPHAMIDE ANHYDROUS'],35
MONDO:0005100,systemic sclerosis,MONDO:0005149,Idiopathic/heritable pulmonary arterial hypertension,"['TADALAFIL', 'TREPROSTINIL', 'RIOCIGUAT', 'TOCILIZUMAB', 'SILDENAFIL CITRATE', 'SILDENAFIL', 'MACITENTAN', 'IMATINIB MESILATE', 'ILOPROST', 'IMATINIB', 'CHEMBL3560003', 'BOSENTAN']",57
MONDO:0005100,systemic sclerosis,MONDO:0009061,Cystic fibrosis,"['RIOCIGUAT', 'SILDENAFIL']",7
MONDO:0005100,systemic sclerosis,MONDO:0005711,Congenital diaphragmatic hernia,['SILDENAFIL CITRATE'],4
MONDO:0005100,systemic sclerosis,MONDO:0006851,Meconium aspiration syndrome,['SILDENAFIL CITRATE'],2
MONDO:0005100,systemic sclerosis,MONDO:0001734,tuberous sclerosis,['CHEMBL3560003'],23
MONDO:0005100,systemic sclerosis,MONDO:0019402,Beta-thalassemia,"['TACROLIMUS ANHYDROUS', 'CHEMBL558551', 'FLUDARABINE', 'SILDENAFIL', 'FILGRASTIM', 'CHEMBL3210645', 'CHEMBL3560003']",28
MONDO:0005100,systemic sclerosis,MONDO:0004976,Amyotrophic lateral sclerosis,"['VALPROIC ACID', 'TACROLIMUS ANHYDROUS', 'TOCILIZUMAB', 'CHEMBL558551', 'CHEMBL3210645', 'CHEMBL3560003']",24
MONDO:0005100,systemic sclerosis,MONDO:0002142,Undifferentiated pleomorphic sarcoma,['NINTEDANIB'],17
MONDO:0005100,systemic sclerosis,MONDO:0006292,Pleural mesothelioma,"['IMATINIB MESILATE', 'NINTEDANIB']",6
MONDO:0005100,systemic sclerosis,MONDO:0015686,Primary peritoneal carcinoma,"['CYCLOPHOSPHAMIDE', 'NINTEDANIB']",2
MONDO:0005100,systemic sclerosis,MONDO:0002728,Rhabdoid tumor,"['CYCLOPHOSPHAMIDE', 'NINTEDANIB']",2
MONDO:0005100,systemic sclerosis,MONDO:0016238,Solitary fibrous tumor,['NINTEDANIB'],17
MONDO:0005100,systemic sclerosis,MONDO:0019373,Desmoplastic small round cell tumor,['NINTEDANIB'],17
MONDO:0005100,systemic sclerosis,MONDO:0020561,Myxoid/round cell liposarcoma,"['CYCLOPHOSPHAMIDE', 'NINTEDANIB']",2
MONDO:0005100,systemic sclerosis,MONDO:0016264,Autoimmune hepatitis,['TACROLIMUS ANHYDROUS'],11
MONDO:0005100,systemic sclerosis,MONDO:0018301,interstitial cystitis,['CHEMBL3210645'],24
MONDO:0005100,systemic sclerosis,MONDO:0015247,Opsoclonus-myoclonus syndrome,['CYCLOPHOSPHAMIDE'],4
MONDO:0005100,systemic sclerosis,MONDO:0017844,Szary syndrome,['CYCLOPHOSPHAMIDE'],2
MONDO:0005100,systemic sclerosis,MONDO:0019475,Subcutaneous panniculitis-like T-cell lymphoma,['CYCLOPHOSPHAMIDE'],2
MONDO:0005100,systemic sclerosis,MONDO:0009837,Papilloma of choroid plexus,['CYCLOPHOSPHAMIDE'],2
MONDO:0005100,systemic sclerosis,MONDO:0011719,gastrointestinal stromal tumor,"['NILOTINIB', 'IMATINIB', 'IMATINIB MESILATE']",98
MONDO:0005100,systemic sclerosis,MONDO:0020331,Indolent systemic mastocytosis,['IMATINIB MESILATE'],3
MONDO:0005100,systemic sclerosis,MONDO:0020333,Aggressive systemic mastocytosis,['IMATINIB MESILATE'],3
MONDO:0005100,systemic sclerosis,MONDO:0015796,Acute lung injury,['IMATINIB MESILATE'],3
MONDO:0005100,systemic sclerosis,MONDO:0010604,Hemophilia B,['VALPROIC ACID'],2
MONDO:0005100,systemic sclerosis,MONDO:0010826,childhood absence epilepsy,['VALPROIC ACID'],3
MONDO:0005100,systemic sclerosis,MONDO:0019434,Systemic-onset juvenile idiopathic arthritis,['TOCILIZUMAB'],20
MONDO:0005100,systemic sclerosis,MONDO:0018088,Familial Mediterranean fever,['TOCILIZUMAB'],4
MONDO:0005100,systemic sclerosis,MONDO:0019435,Rheumatoid factor-positive polyarticular juvenile idiopathic arthritis,['TOCILIZUMAB'],7
MONDO:0005100,systemic sclerosis,MONDO:0008538,Giant cell arteritis,"['TOCILIZUMAB', 'BOSENTAN']",14
MONDO:0005100,systemic sclerosis,MONDO:0019170,Polyarteritis nodosa,['TOCILIZUMAB'],4
MONDO:0005100,systemic sclerosis,MONDO:0019432,Rheumatoid factor-negative polyarticular juvenile idiopathic arthritis,['TOCILIZUMAB'],7
MONDO:0005100,systemic sclerosis,MONDO:0019125,Relapsing polychondritis,['TOCILIZUMAB'],5
MONDO:0005100,systemic sclerosis,MONDO:0019433,Oligoarticular juvenile idiopathic arthritis,['TOCILIZUMAB'],4
MONDO:0005100,systemic sclerosis,MONDO:0018304,Schnitzler syndrome,['TOCILIZUMAB'],4
MONDO:0005100,systemic sclerosis,MONDO:0019167,Immunoglobulin A vasculitis,['TOCILIZUMAB'],4
MONDO:0005100,systemic sclerosis,MONDO:0010679,Duchenne muscular dystrophy,"['TADALAFIL', 'SILDENAFIL']",6
MONDO:0005100,systemic sclerosis,MONDO:0017148,Heritable pulmonary arterial hypertension,['BOSENTAN'],2
MONDO:0005100,systemic sclerosis,MONDO:0006664,Interatrial communication,['BOSENTAN'],2
MONDO:0005100,systemic sclerosis,MONDO:0019091,Bronchopulmonary dysplasia,['SILDENAFIL'],11
MONDO:0005100,systemic sclerosis,MONDO:0005055,Kaposi\'s sarcoma,['POMALIDOMIDE'],2
MONDO:0005100,systemic sclerosis,MONDO:0007739,Huntington disease,['NILOTINIB'],2
MONDO:0016264,Autoimmune hepatitis,MONDO:0010826,childhood absence epilepsy,['CANNABIDIOL'],5
MONDO:0016264,Autoimmune hepatitis,MONDO:0016532,Lennox-Gastaut syndrome,['CANNABIDIOL'],11
MONDO:0016264,Autoimmune hepatitis,MONDO:0007739,Huntington disease,['CANNABIDIOL'],2
MONDO:0016264,Autoimmune hepatitis,MONDO:0018301,interstitial cystitis,['CANNABIDIOL'],2
MONDO:0016264,Autoimmune hepatitis,MONDO:0004976,Amyotrophic lateral sclerosis,"['TACROLIMUS ANHYDROUS', 'CANNABIDIOL', 'PREDNISONE']",2
MONDO:0016264,Autoimmune hepatitis,MONDO:0018906,follicular lymphoma,"['TACROLIMUS ANHYDROUS', 'CYCLOSPORINE', 'PREDNISONE']",187
MONDO:0016264,Autoimmune hepatitis,MONDO:0012105,Granulomatosis with polyangiitis,"['AZATHIOPRIN', 'PREDNISONE', 'MYCOPHENOLATE MOFETIL']",2
MONDO:0016264,Autoimmune hepatitis,MONDO:0015943,eosinophilic granulomatosis with polyangiitis,"['AZATHIOPRIN', 'PREDNISONE']",2
MONDO:0016264,Autoimmune hepatitis,MONDO:0019127,polymyositis,['PREDNISONE'],14
MONDO:0016264,Autoimmune hepatitis,MONDO:0009891,acquired polycythemia vera,"['TACROLIMUS ANHYDROUS', 'PREDNISONE']",9
MONDO:0016264,Autoimmune hepatitis,MONDO:0019124,microscopic polyangiitis,"['AZATHIOPRIN', 'PREDNISONE', 'MYCOPHENOLATE MOFETIL']",4
MONDO:0016264,Autoimmune hepatitis,MONDO:0008558,autoimmune thrombocytopenic purpura,"['TACROLIMUS ANHYDROUS', 'CYCLOSPORINE', 'ANTI-BAFF (B-CELL-ACTIVATING FACTOR) MONOCLONAL ANTIBODY', 'PREDNISONE']",3
MONDO:0016264,Autoimmune hepatitis,MONDO:0010679,Duchenne muscular dystrophy,['PREDNISONE'],10
MONDO:0016264,Autoimmune hepatitis,MONDO:0019338,sarcoidosis,"['INFLIXIMAB', 'PREDNISONE']",7
MONDO:0016264,Autoimmune hepatitis,MONDO:0800029,interstitial lung disease 2,"['ANTI-BAFF (B-CELL-ACTIVATING FACTOR) MONOCLONAL ANTIBODY', 'PREDNISONE']",6
MONDO:0016264,Autoimmune hepatitis,MONDO:0015564,Castleman disease,['PREDNISONE'],8
MONDO:0016264,Autoimmune hepatitis,MONDO:0006806,intermediate uveitis,['PREDNISONE'],11
MONDO:0016264,Autoimmune hepatitis,MONDO:0009692,Primary myelofibrosis,"['TACROLIMUS ANHYDROUS', 'PREDNISONE']",18
MONDO:0016264,Autoimmune hepatitis,MONDO:0009061,Cystic fibrosis,['PREDNISONE'],7
MONDO:0016264,Autoimmune hepatitis,MONDO:0010602,hemophilia A,['PREDNISONE'],7
MONDO:0016264,Autoimmune hepatitis,MONDO:0011719,gastrointestinal stromal tumor,['PREDNISONE'],5
MONDO:0016264,Autoimmune hepatitis,MONDO:0018596,Systemic polyarteritis nodosa,['MYCOPHENOLATE MOFETIL'],2
MONDO:0016264,Autoimmune hepatitis,MONDO:0008219,Pemphigus vulgaris,"['ANTI-BAFF (B-CELL-ACTIVATING FACTOR) MONOCLONAL ANTIBODY', 'MYCOPHENOLATE MOFETIL']",2
MONDO:0016264,Autoimmune hepatitis,MONDO:0019067,Idiopathic steroid-sensitive nephrotic syndrome,['MYCOPHENOLATE MOFETIL'],4
MONDO:0016264,Autoimmune hepatitis,MONDO:0006702,Chronic inflammatory demyelinating polyneuropathy,['MYCOPHENOLATE MOFETIL'],2
MONDO:0016264,Autoimmune hepatitis,MONDO:0019167,Immunoglobulin A vasculitis,['INFLIXIMAB'],2
MONDO:0016264,Autoimmune hepatitis,MONDO:0019125,Relapsing polychondritis,['INFLIXIMAB'],2
MONDO:0016264,Autoimmune hepatitis,MONDO:0007191,Behet disease,['INFLIXIMAB'],2
MONDO:0016264,Autoimmune hepatitis,MONDO:0019170,Polyarteritis nodosa,"['INFLIXIMAB', 'AZATHIOPRIN']",2
MONDO:0016264,Autoimmune hepatitis,MONDO:0008538,Giant cell arteritis,['INFLIXIMAB'],2
MONDO:0016264,Autoimmune hepatitis,MONDO:0011996,"chronic myelogenous leukemia, BCR-ABL1 positive","['TACROLIMUS ANHYDROUS', 'CYCLOSPORINE']",111
MONDO:0016264,Autoimmune hepatitis,MONDO:0019402,Beta-thalassemia,"['TACROLIMUS ANHYDROUS', 'CYCLOSPORINE']",9
MONDO:0016264,Autoimmune hepatitis,MONDO:0007650,MALT lymphoma,['TACROLIMUS ANHYDROUS'],33
MONDO:0016264,Autoimmune hepatitis,MONDO:0100280,Waldenstrom macroglobulinemia,"['TACROLIMUS ANHYDROUS', 'CYCLOSPORINE']",28
MONDO:0016264,Autoimmune hepatitis,MONDO:0100244,paroxysmal nocturnal hemoglobinuria,['TACROLIMUS ANHYDROUS'],5
MONDO:0016264,Autoimmune hepatitis,MONDO:0005072,neuroblastoma,"['TACROLIMUS ANHYDROUS', 'CYCLOSPORINE']",4
MONDO:0016264,Autoimmune hepatitis,MONDO:0019091,Bronchopulmonary dysplasia,['BUDESONIDE'],11
MONDO:0016264,Autoimmune hepatitis,MONDO:0005388,Primary biliary cholangitis,['BUDESONIDE'],6
MONDO:0016264,Autoimmune hepatitis,MONDO:0015243,allergic bronchopulmonary aspergillosis,['BUDESONIDE'],4
MONDO:0016264,Autoimmune hepatitis,MONDO:0013433,Primary sclerosing cholangitis,['METRONIDAZOLE'],2
MONDO:0016264,Autoimmune hepatitis,MONDO:0019019,osteogenesis imperfecta,['CYCLOSPORINE'],2
MONDO:0015579,Hb Bart's hydrops fetalis,MONDO:0016486,Beta-thalassemia major,['MITAPIVAT SULFATE'],2
MONDO:0015579,Hb Bart's hydrops fetalis,MONDO:0016487,Beta-thalassemia intermedia,['MITAPIVAT SULFATE'],3
MONDO:0015579,Hb Bart's hydrops fetalis,MONDO:0013512,Hemoglobin H disease,['MITAPIVAT SULFATE'],3
MONDO:0010726,Rett syndrome,MONDO:0004976,Amyotrophic lateral sclerosis,"['FINGOLIMOD', 'DEXTROMETHORPHAN', 'GLATIRAMER ACETATE']",3
MONDO:0010726,Rett syndrome,MONDO:0009723,Leigh syndrome,['VATIQUINONE'],2
MONDO:0010726,Rett syndrome,MONDO:0007739,Huntington disease,['RISPERIDONE'],2
MONDO:0010726,Rett syndrome,MONDO:0016532,Lennox-Gastaut syndrome,['CANNABIDIOL'],6
MONDO:0010726,Rett syndrome,MONDO:0001734,tuberous sclerosis,['CANNABIDIOL'],6
MONDO:0010726,Rett syndrome,MONDO:0100135,Dravet syndrome,['CANNABIDIOL'],6
MONDO:0010726,Rett syndrome,MONDO:0017746,Atypical Rett syndrome,['CANNABIDIOL'],5
MONDO:0010726,Rett syndrome,MONDO:0006702,Chronic inflammatory demyelinating polyneuropathy,['FINGOLIMOD'],2
MONDO:0010726,Rett syndrome,MONDO:0019369,Complex regional pain syndrome,['KETAMINE'],7
MONDO:0008199,Hereditary late-onset Parkinson disease,MONDO:0018608,Pure autonomic failure,['AMPRELOXETINE'],4
MONDO:0008199,Hereditary late-onset Parkinson disease,MONDO:0017279,Young-onset Parkinson disease,['AMPRELOXETINE'],4
MONDO:0019200,Retinitis pigmentosa,MONDO:0010557,Choroideremia,"['ADENO-ASSOCIATED VIRAL VECTOR SEROTYPE 2 CONTAINING THE HUMAN REP1 GENE', 'ADENOVIRUS-ASSOCIATED VIRAL VECTOR SEROTYPE 8 CONTAINING THE HUMAN RPGR GENE']",5
MONDO:0019200,Retinitis pigmentosa,MONDO:0009891,acquired polycythemia vera,['CHEMBL156'],13
MONDO:0019200,Retinitis pigmentosa,MONDO:0100280,Waldenstrom macroglobulinemia,['CHEMBL156'],25
MONDO:0019200,Retinitis pigmentosa,MONDO:0007650,MALT lymphoma,['CHEMBL156'],22
MONDO:0019200,Retinitis pigmentosa,MONDO:0011996,"chronic myelogenous leukemia, BCR-ABL1 positive","['CHEMBL156', 'VALPROIC ACID']",90
MONDO:0019200,Retinitis pigmentosa,MONDO:0009692,Primary myelofibrosis,['CHEMBL156'],28
MONDO:0019200,Retinitis pigmentosa,MONDO:0018906,follicular lymphoma,['CHEMBL156'],51
MONDO:0019200,Retinitis pigmentosa,MONDO:0012105,Granulomatosis with polyangiitis,['CHEMBL156'],16
MONDO:0019200,Retinitis pigmentosa,MONDO:0005388,Primary biliary cholangitis,['CHEMBL156'],4
MONDO:0019200,Retinitis pigmentosa,MONDO:0005072,neuroblastoma,['CHEMBL156'],4
MONDO:0019200,Retinitis pigmentosa,MONDO:0006806,intermediate uveitis,"['ADALIMUMAB', 'CHEMBL156', 'FLUOCINOLONE ACETONIDE (PROLONGED-RELEASE INTRAVITREAL IMPLANT)']",12
MONDO:0019200,Retinitis pigmentosa,MONDO:0100244,paroxysmal nocturnal hemoglobinuria,['CHEMBL156'],5
MONDO:0019200,Retinitis pigmentosa,MONDO:0019338,sarcoidosis,['CHEMBL156'],4
MONDO:0019200,Retinitis pigmentosa,MONDO:0009061,Cystic fibrosis,"['HYDROXYCHLOROQUINE', 'DOCONEXENT']",2
MONDO:0019200,Retinitis pigmentosa,MONDO:0018092,Vogt-Koyanagi-Harada disease,"['ADALIMUMAB', 'FLUOCINOLONE ACETONIDE (PROLONGED-RELEASE INTRAVITREAL IMPLANT)']",2
MONDO:0019200,Retinitis pigmentosa,MONDO:0010604,Hemophilia B,['VALPROIC ACID'],3
MONDO:0019200,Retinitis pigmentosa,MONDO:0004976,Amyotrophic lateral sclerosis,['VALPROIC ACID'],3
MONDO:0019200,Retinitis pigmentosa,MONDO:0010826,childhood absence epilepsy,['VALPROIC ACID'],4
MONDO:0019200,Retinitis pigmentosa,MONDO:0019437,Enthesitis-related juvenile idiopathic arthritis,['ADALIMUMAB'],7
MONDO:0019200,Retinitis pigmentosa,MONDO:0000754,Anal fistula,['ADALIMUMAB'],2
MONDO:0019200,Retinitis pigmentosa,MONDO:0019435,Rheumatoid factor-positive polyarticular juvenile idiopathic arthritis,['ADALIMUMAB'],3
MONDO:0019200,Retinitis pigmentosa,MONDO:0019433,Oligoarticular juvenile idiopathic arthritis,['ADALIMUMAB'],2
MONDO:0019200,Retinitis pigmentosa,MONDO:0019432,Rheumatoid factor-negative polyarticular juvenile idiopathic arthritis,['ADALIMUMAB'],3
MONDO:0019200,Retinitis pigmentosa,MONDO:0016484,Usher syndrome type 2,['ULTEVURSEN'],6
MONDO:0019200,Retinitis pigmentosa,MONDO:0016532,Lennox-Gastaut syndrome,['MELATONIN'],2
MONDO:0007827,Inclusion body myositis,MONDO:0001734,tuberous sclerosis,['SIROLIMUS'],4
MONDO:0007827,Inclusion body myositis,MONDO:0004691,Autosomal dominant polycystic kidney disease,['SIROLIMUS'],3
MONDO:0007827,Inclusion body myositis,MONDO:0018092,Vogt-Koyanagi-Harada disease,['SIROLIMUS'],6
MONDO:0007827,Inclusion body myositis,MONDO:0004976,Amyotrophic lateral sclerosis,"['SIROLIMUS', 'ARIMOCLOMOL']",3
MONDO:0007827,Inclusion body myositis,MONDO:0019338,sarcoidosis,['SIROLIMUS'],3
MONDO:0007827,Inclusion body myositis,MONDO:0011927,Tufted angioma,['SIROLIMUS'],3
MONDO:0007827,Inclusion body myositis,MONDO:0006806,intermediate uveitis,['SIROLIMUS'],6
MONDO:0007827,Inclusion body myositis,MONDO:0020561,Myxoid/round cell liposarcoma,['SIROLIMUS'],3
MONDO:0007827,Inclusion body myositis,MONDO:0019402,Beta-thalassemia,['SIROLIMUS'],3
MONDO:0007827,Inclusion body myositis,MONDO:0020547,Chronic graft versus host disease,['SIROLIMUS'],3
MONDO:0013892,C3 glomerulonephritis,MONDO:0019124,microscopic polyangiitis,['AVACOPAN'],3
MONDO:0013892,C3 glomerulonephritis,MONDO:0016244,Atypical hemolytic uremic syndrome,['AVACOPAN'],3
MONDO:0013892,C3 glomerulonephritis,MONDO:0012105,Granulomatosis with polyangiitis,['AVACOPAN'],3
MONDO:0013892,C3 glomerulonephritis,MONDO:0018904,Primary membranoproliferative glomerulonephritis,['ENALAPRIL MALEATE'],2
MONDO:0013892,C3 glomerulonephritis,MONDO:0008542,Tetralogy of Fallot,['ENALAPRIL MALEATE'],3
MONDO:0019543,Acquired aneurysmal subarachnoid hemorrhage,MONDO:0008147,Osteogenesis imperfecta type 2,['DENOSUMAB'],3
MONDO:0019543,Acquired aneurysmal subarachnoid hemorrhage,MONDO:0008148,Osteogenesis imperfecta type 4,['DENOSUMAB'],3
MONDO:0019543,Acquired aneurysmal subarachnoid hemorrhage,MONDO:0019019,osteogenesis imperfecta,['DENOSUMAB'],2
MONDO:0019543,Acquired aneurysmal subarachnoid hemorrhage,MONDO:0009804,Osteogenesis imperfecta type 3,['DENOSUMAB'],3
MONDO:0019543,Acquired aneurysmal subarachnoid hemorrhage,MONDO:0001569,Vestibular schwannoma,['NIMODIPINE'],3
MONDO:0018304,Schnitzler syndrome,MONDO:0019434,Systemic-onset juvenile idiopathic arthritis,['TOCILIZUMAB'],18
MONDO:0018304,Schnitzler syndrome,MONDO:0018088,Familial Mediterranean fever,['TOCILIZUMAB'],2
MONDO:0018304,Schnitzler syndrome,MONDO:0019435,Rheumatoid factor-positive polyarticular juvenile idiopathic arthritis,['TOCILIZUMAB'],5
MONDO:0018304,Schnitzler syndrome,MONDO:0005149,Idiopathic/heritable pulmonary arterial hypertension,['TOCILIZUMAB'],2
MONDO:0018304,Schnitzler syndrome,MONDO:0008538,Giant cell arteritis,"['METHOTREXATE', 'TOCILIZUMAB']",3
MONDO:0018304,Schnitzler syndrome,MONDO:0019170,Polyarteritis nodosa,['TOCILIZUMAB'],2
MONDO:0018304,Schnitzler syndrome,MONDO:0019432,Rheumatoid factor-negative polyarticular juvenile idiopathic arthritis,['TOCILIZUMAB'],5
MONDO:0018304,Schnitzler syndrome,MONDO:0019125,Relapsing polychondritis,['TOCILIZUMAB'],3
MONDO:0018304,Schnitzler syndrome,MONDO:0019433,Oligoarticular juvenile idiopathic arthritis,['TOCILIZUMAB'],2
MONDO:0018304,Schnitzler syndrome,MONDO:0019167,Immunoglobulin A vasculitis,['TOCILIZUMAB'],2
MONDO:0018304,Schnitzler syndrome,MONDO:0008054,Juvenile dermatomyositis,['METHOTREXATE'],2
MONDO:0018304,Schnitzler syndrome,MONDO:0006806,intermediate uveitis,['METHOTREXATE'],2
MONDO:0018304,Schnitzler syndrome,MONDO:0009837,Papilloma of choroid plexus,['METHOTREXATE'],2
MONDO:0018304,Schnitzler syndrome,MONDO:0018092,Vogt-Koyanagi-Harada disease,['METHOTREXATE'],2
MONDO:0018304,Schnitzler syndrome,MONDO:0020546,Acute graft versus host disease,['METHOTREXATE'],2
MONDO:0016642,meningioma,MONDO:0001734,tuberous sclerosis,['EVEROLIMUS'],26
MONDO:0016642,meningioma,MONDO:0100280,Waldenstrom macroglobulinemia,"['PEMBROLIZUMAB', 'EVEROLIMUS']",17
MONDO:0016642,meningioma,MONDO:0011719,gastrointestinal stromal tumor,"['EVEROLIMUS', 'IPILIMUMAB', 'PEMBROLIZUMAB', 'NIVOLUMAB', 'ALPELISIB', 'BEVACIZUMAB', 'TRAMETINIB', 'CABOZANTINIB']",11
MONDO:0016642,meningioma,MONDO:0011996,"chronic myelogenous leukemia, BCR-ABL1 positive","['HYDROXYUREA', 'EVEROLIMUS', 'IPILIMUMAB', 'NIVOLUMAB', 'LERIGLITAZONE', 'BEVACIZUMAB']",25
MONDO:0016642,meningioma,MONDO:0005072,neuroblastoma,"['IPILIMUMAB', 'PEMBROLIZUMAB', 'NIVOLUMAB', 'ABEMACICLIB', 'BEVACIZUMAB']",6
MONDO:0016642,meningioma,MONDO:0005789,Hepatitis delta,['NIVOLUMAB'],4
MONDO:0016642,meningioma,MONDO:0018906,follicular lymphoma,"['PEMBROLIZUMAB', 'BEVACIZUMAB', 'NIVOLUMAB']",5
MONDO:0016642,meningioma,MONDO:0018907,Craniopharyngioma,"['TRAMETINIB', 'NIVOLUMAB']",4
MONDO:0016642,meningioma,MONDO:0019402,Beta-thalassemia,['HYDROXYUREA'],80
MONDO:0016642,meningioma,MONDO:0009891,acquired polycythemia vera,['HYDROXYUREA'],39
MONDO:0016642,meningioma,MONDO:0009692,Primary myelofibrosis,['HYDROXYUREA'],26
MONDO:0016642,meningioma,MONDO:0005149,Idiopathic/heritable pulmonary arterial hypertension,"['HYDROXYUREA', 'OLAPARIB']",12
MONDO:0016642,meningioma,MONDO:0800029,interstitial lung disease 2,"['SOMATOSTATIN ANALOGUE', 'VISMODEGIB']",3
MONDO:0016642,meningioma,MONDO:0019963,Bronchial neuroendocrine tumor,"['LUTETIUM-177(3+), S2,S7-CYCLO[N-{4,7,10-TRICARBOXYMETHYL-1,4,7,10-TETRAAZA-CYCLODODECAN-1-YL-ACETYL}-4-CHLORO-L-PHENYLALANYL-D-CYSTEINYL-4-[(4S)-2,6-DIOXO-1,3-DIAZINANE-4-CARBOXAMIDO]-L-PHENYLALANYL-4-(CARBAMOYLAMINO)-D-PHENYLALANYL-L-LYSYL-L-THREONYL-L-CYSTEINYL-D-TYROSINAMIDE]']",2
MONDO:0016642,meningioma,MONDO:0017366,Hereditary pheochromocytoma-paraganglioma,"['LUTETIUM-177(3+), S2,S7-CYCLO[N-{4,7,10-TRICARBOXYMETHYL-1,4,7,10-TETRAAZA-CYCLODODECAN-1-YL-ACETYL}-4-CHLORO-L-PHENYLALANYL-D-CYSTEINYL-4-[(4S)-2,6-DIOXO-1,3-DIAZINANE-4-CARBOXAMIDO]-L-PHENYLALANYL-4-(CARBAMOYLAMINO)-D-PHENYLALANYL-L-LYSYL-L-THREONYL-L-CYSTEINYL-D-TYROSINAMIDE]']",2
MONDO:0016642,meningioma,MONDO:0005055,Kaposi\'s sarcoma,"['PEMBROLIZUMAB', 'BEVACIZUMAB', 'ABEMACICLIB']",5
MONDO:0016642,meningioma,MONDO:0004976,Amyotrophic lateral sclerosis,['LERIGLITAZONE'],3
MONDO:0016642,meningioma,MONDO:0009061,Cystic fibrosis,"['LERIGLITAZONE', 'OLAPARIB']",3
MONDO:0016642,meningioma,MONDO:0015686,Primary peritoneal carcinoma,['OLAPARIB'],24
MONDO:0016642,meningioma,MONDO:0016681,Gliosarcoma,['OLAPARIB'],2
MONDO:0016642,meningioma,MONDO:0015278,Familial pancreatic carcinoma,['OLAPARIB'],2
MONDO:0019125,Relapsing polychondritis,MONDO:0019167,Immunoglobulin A vasculitis,"['INFLIXIMAB', 'TOCILIZUMAB', 'RITUXIMAB']",2
MONDO:0019125,Relapsing polychondritis,MONDO:0007191,Behet disease,['INFLIXIMAB'],2
MONDO:0019125,Relapsing polychondritis,MONDO:0019170,Polyarteritis nodosa,"['INFLIXIMAB', 'TOCILIZUMAB', 'RITUXIMAB']",2
MONDO:0019125,Relapsing polychondritis,MONDO:0008538,Giant cell arteritis,"['INFLIXIMAB', 'TOCILIZUMAB', 'RITUXIMAB']",2
MONDO:0019125,Relapsing polychondritis,MONDO:0019338,sarcoidosis,['INFLIXIMAB'],2
MONDO:0019125,Relapsing polychondritis,MONDO:0019434,Systemic-onset juvenile idiopathic arthritis,['TOCILIZUMAB'],19
MONDO:0019125,Relapsing polychondritis,MONDO:0018088,Familial Mediterranean fever,['TOCILIZUMAB'],3
MONDO:0019125,Relapsing polychondritis,MONDO:0019435,Rheumatoid factor-positive polyarticular juvenile idiopathic arthritis,['TOCILIZUMAB'],6
MONDO:0019125,Relapsing polychondritis,MONDO:0005149,Idiopathic/heritable pulmonary arterial hypertension,['TOCILIZUMAB'],3
MONDO:0019125,Relapsing polychondritis,MONDO:0019432,Rheumatoid factor-negative polyarticular juvenile idiopathic arthritis,['TOCILIZUMAB'],6
MONDO:0019125,Relapsing polychondritis,MONDO:0019433,Oligoarticular juvenile idiopathic arthritis,['TOCILIZUMAB'],3
MONDO:0019125,Relapsing polychondritis,MONDO:0100280,Waldenstrom macroglobulinemia,['RITUXIMAB'],8
MONDO:0019125,Relapsing polychondritis,MONDO:0018906,follicular lymphoma,['RITUXIMAB'],62
MONDO:0019125,Relapsing polychondritis,MONDO:0019534,Mixed-type autoimmune hemolytic anemia,['RITUXIMAB'],2
MONDO:0019125,Relapsing polychondritis,MONDO:0019740,Immune-mediated thrombotic thrombocytopenic purpura,['RITUXIMAB'],4
MONDO:0019125,Relapsing polychondritis,MONDO:0015247,Opsoclonus-myoclonus syndrome,['RITUXIMAB'],4
MONDO:0019125,Relapsing polychondritis,MONDO:0019124,microscopic polyangiitis,['RITUXIMAB'],5
MONDO:0019125,Relapsing polychondritis,MONDO:0007650,MALT lymphoma,['RITUXIMAB'],6
MONDO:0019125,Relapsing polychondritis,MONDO:0012105,Granulomatosis with polyangiitis,['RITUXIMAB'],6
MONDO:0019125,Relapsing polychondritis,MONDO:0005388,Primary biliary cholangitis,['RITUXIMAB'],2
MONDO:0019125,Relapsing polychondritis,MONDO:0019006,Genetic steroid-resistant nephrotic syndrome,['RITUXIMAB'],2
MONDO:0019125,Relapsing polychondritis,MONDO:0008558,autoimmune thrombocytopenic purpura,['RITUXIMAB'],3
MONDO:0019125,Relapsing polychondritis,MONDO:0018977,Polyneuropathy associated with IgM monoclonal gammopathy with anti-MAG,['RITUXIMAB'],2
MONDO:0019125,Relapsing polychondritis,MONDO:0019127,polymyositis,['RITUXIMAB'],2
MONDO:0019125,Relapsing polychondritis,MONDO:0800029,interstitial lung disease 2,['RITUXIMAB'],2
MONDO:0019125,Relapsing polychondritis,MONDO:0020547,Chronic graft versus host disease,['RITUXIMAB'],2
MONDO:0019125,Relapsing polychondritis,MONDO:0006702,Chronic inflammatory demyelinating polyneuropathy,['RITUXIMAB'],2
MONDO:0019125,Relapsing polychondritis,MONDO:0019067,Idiopathic steroid-sensitive nephrotic syndrome,['RITUXIMAB'],2
MONDO:0019125,Relapsing polychondritis,MONDO:0019535,Drug-induced autoimmune hemolytic anemia,['RITUXIMAB'],2
MONDO:0018060,Congenital fibrinogen deficiency,MONDO:0015096,Familial hypofibrinogenemia,['HUMAN FIBRINOGEN'],4
MONDO:0012173,Long chain 3-hydroxyacyl-CoA dehydrogenase deficiency,MONDO:0009293,Glycogen storage disease due to muscle glycogen phosphorylase deficiency,['MAVODELPAR'],3
MONDO:0012173,Long chain 3-hydroxyacyl-CoA dehydrogenase deficiency,MONDO:0012172,Mitochondrial trifunctional protein deficiency,"['TRIHEPTANOIN', 'MAVODELPAR']",4
MONDO:0012173,Long chain 3-hydroxyacyl-CoA dehydrogenase deficiency,MONDO:0015515,Carnitine palmitoyltransferase II deficiency,"['TRIHEPTANOIN', 'MAVODELPAR']",4
MONDO:0012173,Long chain 3-hydroxyacyl-CoA dehydrogenase deficiency,MONDO:0007739,Huntington disease,['TRIHEPTANOIN'],3
MONDO:0012173,Long chain 3-hydroxyacyl-CoA dehydrogenase deficiency,MONDO:0011724,Classic glucose transporter type 1 deficiency syndrome,['TRIHEPTANOIN'],5
MONDO:0012173,Long chain 3-hydroxyacyl-CoA dehydrogenase deficiency,MONDO:0008918,Carnitine-acylcarnitine translocase deficiency,['TRIHEPTANOIN'],4
MONDO:0012173,Long chain 3-hydroxyacyl-CoA dehydrogenase deficiency,MONDO:0009705,Carnitine palmitoyl transferase 1A deficiency,['TRIHEPTANOIN'],4
MONDO:0019210,Cutaneous neuroendocrine carcinoma,MONDO:0009050,Cushing disease,['PASIREOTIDE'],13
MONDO:0019210,Cutaneous neuroendocrine carcinoma,MONDO:0015277,Medullary thyroid carcinoma,"['PEMBROLIZUMAB', 'PASIREOTIDE']",3
MONDO:0019210,Cutaneous neuroendocrine carcinoma,MONDO:0019963,Bronchial neuroendocrine tumor,"['PEMBROLIZUMAB', 'PAZOPANIB HYDROCHLORIDE', 'PASIREOTIDE']",3
MONDO:0019210,Cutaneous neuroendocrine carcinoma,MONDO:0016035,Nelson syndrome,['PASIREOTIDE'],3
MONDO:0019210,Cutaneous neuroendocrine carcinoma,MONDO:0011996,"chronic myelogenous leukemia, BCR-ABL1 positive","['NAVTEMADLIN', 'AVELUMAB']",7
MONDO:0019210,Cutaneous neuroendocrine carcinoma,MONDO:0016681,Gliosarcoma,['AVELUMAB'],7
MONDO:0019210,Cutaneous neuroendocrine carcinoma,MONDO:0015686,Primary peritoneal carcinoma,"['IPILIMUMAB', 'PEMBROLIZUMAB', 'CISPLATIN', 'AVELUMAB', 'PAZOPANIB HYDROCHLORIDE', 'PACLITAXEL']",6
MONDO:0019210,Cutaneous neuroendocrine carcinoma,MONDO:0020561,Myxoid/round cell liposarcoma,"['PEMBROLIZUMAB', 'BOXR1030', 'PAZOPANIB HYDROCHLORIDE']",4
MONDO:0019210,Cutaneous neuroendocrine carcinoma,MONDO:0018851,Familial keratoacanthoma,['DARLEUKIN/FIBROMUN'],2
MONDO:0019210,Cutaneous neuroendocrine carcinoma,MONDO:0005055,Kaposi\'s sarcoma,"['DARLEUKIN/FIBROMUN', 'PAZOPANIB HYDROCHLORIDE']",2
MONDO:0019210,Cutaneous neuroendocrine carcinoma,MONDO:0006292,Pleural mesothelioma,"['PEMBROLIZUMAB', 'CISPLATIN', 'IPILIMUMAB']",9
MONDO:0019210,Cutaneous neuroendocrine carcinoma,MONDO:0005512,Malignant peritoneal mesothelioma,"['PEMBROLIZUMAB', 'CISPLATIN']",2
MONDO:0019210,Cutaneous neuroendocrine carcinoma,MONDO:0018906,follicular lymphoma,"['PEMBROLIZUMAB', 'ETOPOSIDE', 'CISPLATIN']",2
MONDO:0019210,Cutaneous neuroendocrine carcinoma,MONDO:0018055,Pediatric hepatocellular carcinoma,['CISPLATIN'],3
MONDO:0019210,Cutaneous neuroendocrine carcinoma,MONDO:0009837,Papilloma of choroid plexus,"['ETOPOSIDE', 'CISPLATIN']",2
MONDO:0019210,Cutaneous neuroendocrine carcinoma,MONDO:0005028,Adenocarcinoma of the esophagus,"['PEMBROLIZUMAB', 'CISPLATIN']",13
MONDO:0019210,Cutaneous neuroendocrine carcinoma,MONDO:0005072,neuroblastoma,"['ETOPOSIDE', 'CISPLATIN', 'PAZOPANIB HYDROCHLORIDE']",3
MONDO:0019210,Cutaneous neuroendocrine carcinoma,MONDO:0002142,Undifferentiated pleomorphic sarcoma,"['PEMBROLIZUMAB', 'CISPLATIN', 'PAZOPANIB HYDROCHLORIDE']",4
MONDO:0019210,Cutaneous neuroendocrine carcinoma,MONDO:0002728,Rhabdoid tumor,"['PEMBROLIZUMAB', 'ETOPOSIDE', 'PAZOPANIB HYDROCHLORIDE']",4
MONDO:0019210,Cutaneous neuroendocrine carcinoma,MONDO:0005103,Well-differentiated liposarcoma,['PAZOPANIB HYDROCHLORIDE'],3
MONDO:0019210,Cutaneous neuroendocrine carcinoma,MONDO:0011719,gastrointestinal stromal tumor,['PAZOPANIB HYDROCHLORIDE'],4
MONDO:0019210,Cutaneous neuroendocrine carcinoma,MONDO:0019373,Desmoplastic small round cell tumor,['PAZOPANIB HYDROCHLORIDE'],3
MONDO:0019210,Cutaneous neuroendocrine carcinoma,MONDO:0018271,Peripheral primitive neuroectodermal tumor,['PAZOPANIB HYDROCHLORIDE'],2
MONDO:0019210,Cutaneous neuroendocrine carcinoma,MONDO:0016238,Solitary fibrous tumor,['PAZOPANIB HYDROCHLORIDE'],4
MONDO:0019210,Cutaneous neuroendocrine carcinoma,MONDO:0019964,Thymic neuroendocrine tumor,['PAZOPANIB HYDROCHLORIDE'],2
MONDO:0019210,Cutaneous neuroendocrine carcinoma,MONDO:0009891,acquired polycythemia vera,['NAVTEMADLIN'],7
MONDO:0019210,Cutaneous neuroendocrine carcinoma,MONDO:0009692,Primary myelofibrosis,['NAVTEMADLIN'],6
MONDO:0019210,Cutaneous neuroendocrine carcinoma,MONDO:0006468,Anaplastic thyroid carcinoma,"['PEMBROLIZUMAB', 'PACLITAXEL']",3
MONDO:0019210,Cutaneous neuroendocrine carcinoma,MONDO:0002882,Neuroendocrine tumor of the colon,['PEMBROLIZUMAB'],4
MONDO:0019210,Cutaneous neuroendocrine carcinoma,MONDO:0003646,Neuroendocrine tumor of the rectum,['PEMBROLIZUMAB'],4
MONDO:0009267,Gaucher disease type 3,MONDO:0009265,Gaucher disease type 1,"['TALIGLUCERASE ALFA', 'ELIGLUSTAT']",4
MONDO:0009267,Gaucher disease type 3,MONDO:0009266,Gaucher disease type 2,['TALIGLUCERASE ALFA'],4
MONDO:0009267,Gaucher disease type 3,MONDO:0010006,Sandhoff disease,['VENGLUSTAT'],5
MONDO:0009267,Gaucher disease type 3,MONDO:0009737,Galactosialidosis,['VENGLUSTAT'],3
MONDO:0009267,Gaucher disease type 3,MONDO:0010099,"GM2 gangliosidosis, AB variant",['VENGLUSTAT'],2
MONDO:0009267,Gaucher disease type 3,MONDO:0004691,Autosomal dominant polycystic kidney disease,['VENGLUSTAT'],4
MONDO:0016487,Beta-thalassemia intermedia,MONDO:0015716,Moderate hemophilia B,['BETIBEGLOGENE AUTOTEMCEL'],3
MONDO:0016487,Beta-thalassemia intermedia,MONDO:0015715,Severe hemophilia B,['BETIBEGLOGENE AUTOTEMCEL'],3
MONDO:0016487,Beta-thalassemia intermedia,MONDO:0016486,Beta-thalassemia major,"['SOTATERCEPT', 'MITAPIVAT SULFATE', 'LUSPATERCEPT', 'BETIBEGLOGENE AUTOTEMCEL']",3
MONDO:0016487,Beta-thalassemia intermedia,MONDO:0013512,Hemoglobin H disease,['MITAPIVAT SULFATE'],4
MONDO:0016487,Beta-thalassemia intermedia,MONDO:0019157,Acquired idiopathic sideroblastic anemia,['LUSPATERCEPT'],2
MONDO:0016487,Beta-thalassemia intermedia,MONDO:0009692,Primary myelofibrosis,['LUSPATERCEPT'],7
MONDO:0016487,Beta-thalassemia intermedia,MONDO:0009891,acquired polycythemia vera,['LUSPATERCEPT'],3
MONDO:0016487,Beta-thalassemia intermedia,MONDO:0019402,Beta-thalassemia,['LUSPATERCEPT'],5
MONDO:0016487,Beta-thalassemia intermedia,MONDO:0005149,Idiopathic/heritable pulmonary arterial hypertension,['SOTATERCEPT'],13
MONDO:0016487,Beta-thalassemia intermedia,MONDO:0017148,Heritable pulmonary arterial hypertension,['SOTATERCEPT'],5
MONDO:0016098,Immune-mediated necrotizing myopathy,MONDO:0008538,Giant cell arteritis,['GEVOKIZUMAB'],7
MONDO:0016098,Immune-mediated necrotizing myopathy,MONDO:0018092,Vogt-Koyanagi-Harada disease,['GEVOKIZUMAB'],22
MONDO:0016098,Immune-mediated necrotizing myopathy,MONDO:0006806,intermediate uveitis,['GEVOKIZUMAB'],22
MONDO:0016098,Immune-mediated necrotizing myopathy,MONDO:0007191,Behet disease,['GEVOKIZUMAB'],8
MONDO:0016098,Immune-mediated necrotizing myopathy,MONDO:0019127,polymyositis,['GEVOKIZUMAB'],4
MONDO:0016098,Immune-mediated necrotizing myopathy,MONDO:0005028,Adenocarcinoma of the esophagus,['GEVOKIZUMAB'],2
MONDO:0009685,Miyoshi myopathy,MONDO:0010679,Duchenne muscular dystrophy,['DEFLAZACORT'],2
MONDO:0008892,Progressive familial intrahepatic cholestasis type 1,MONDO:0011156,Progressive familial intrahepatic cholestasis type 2,"['(2S)-2-{[(2R)-2-[({[3,3-DIBUTYL-7-(METHYLTHIO)-1,1-DIOXIDO-5-PHENYL-2,3,4,5-TETRAHYDRO-1,2,5-BENZOTHIADIAZEPIN-8-YL]OXY}ACETYL)AMINO]-2-(4-HYDROXYPHENYL)ACETYL]AMINO}BUTANOIC ACID']",10
MONDO:0019435,Rheumatoid factor-positive polyarticular juvenile idiopathic arthritis,MONDO:0008538,Giant cell arteritis,"['TOCILIZUMAB', 'ABATACEPT']",3
MONDO:0019435,Rheumatoid factor-positive polyarticular juvenile idiopathic arthritis,MONDO:0014493,Autoimmune lymphoproliferative syndrome due to CTLA4 haploinsuffiency,['ABATACEPT'],2
MONDO:0019435,Rheumatoid factor-positive polyarticular juvenile idiopathic arthritis,MONDO:0012105,Granulomatosis with polyangiitis,['ABATACEPT'],2
MONDO:0019435,Rheumatoid factor-positive polyarticular juvenile idiopathic arthritis,MONDO:0019432,Rheumatoid factor-negative polyarticular juvenile idiopathic arthritis,"['ADALIMUMAB', 'TOCILIZUMAB', 'ABATACEPT', 'GIVINOSTAT', 'GOLIMUMAB']",2
MONDO:0019435,Rheumatoid factor-positive polyarticular juvenile idiopathic arthritis,MONDO:0019338,sarcoidosis,['GOLIMUMAB'],4
MONDO:0019435,Rheumatoid factor-positive polyarticular juvenile idiopathic arthritis,MONDO:0019434,Systemic-onset juvenile idiopathic arthritis,['TOCILIZUMAB'],21
MONDO:0019435,Rheumatoid factor-positive polyarticular juvenile idiopathic arthritis,MONDO:0018088,Familial Mediterranean fever,['TOCILIZUMAB'],5
MONDO:0019435,Rheumatoid factor-positive polyarticular juvenile idiopathic arthritis,MONDO:0005149,Idiopathic/heritable pulmonary arterial hypertension,['TOCILIZUMAB'],5
MONDO:0019435,Rheumatoid factor-positive polyarticular juvenile idiopathic arthritis,MONDO:0019170,Polyarteritis nodosa,['TOCILIZUMAB'],5
MONDO:0019435,Rheumatoid factor-positive polyarticular juvenile idiopathic arthritis,MONDO:0019433,Oligoarticular juvenile idiopathic arthritis,"['TOCILIZUMAB', 'ADALIMUMAB']",5
MONDO:0019435,Rheumatoid factor-positive polyarticular juvenile idiopathic arthritis,MONDO:0019167,Immunoglobulin A vasculitis,['TOCILIZUMAB'],5
MONDO:0019435,Rheumatoid factor-positive polyarticular juvenile idiopathic arthritis,MONDO:0018092,Vogt-Koyanagi-Harada disease,['ADALIMUMAB'],11
MONDO:0019435,Rheumatoid factor-positive polyarticular juvenile idiopathic arthritis,MONDO:0019437,Enthesitis-related juvenile idiopathic arthritis,['ADALIMUMAB'],8
MONDO:0019435,Rheumatoid factor-positive polyarticular juvenile idiopathic arthritis,MONDO:0000754,Anal fistula,['ADALIMUMAB'],3
MONDO:0019435,Rheumatoid factor-positive polyarticular juvenile idiopathic arthritis,MONDO:0006806,intermediate uveitis,['ADALIMUMAB'],13
MONDO:0019435,Rheumatoid factor-positive polyarticular juvenile idiopathic arthritis,MONDO:0010679,Duchenne muscular dystrophy,['GIVINOSTAT'],8
MONDO:0019435,Rheumatoid factor-positive polyarticular juvenile idiopathic arthritis,MONDO:0009891,acquired polycythemia vera,['GIVINOSTAT'],2
MONDO:0010826,childhood absence epilepsy,MONDO:0019369,Complex regional pain syndrome,['ETHOSUXIMIDE'],4
MONDO:0010826,childhood absence epilepsy,MONDO:0016532,Lennox-Gastaut syndrome,"['CANNABIDIOL', 'LAMOTRIGINE']",14
MONDO:0010826,childhood absence epilepsy,MONDO:0007739,Huntington disease,['CANNABIDIOL'],5
MONDO:0010826,childhood absence epilepsy,MONDO:0018301,interstitial cystitis,['CANNABIDIOL'],5
MONDO:0010826,childhood absence epilepsy,MONDO:0004976,Amyotrophic lateral sclerosis,"['CANNABIDIOL', 'VALPROIC ACID']",5
MONDO:0010826,childhood absence epilepsy,MONDO:0010604,Hemophilia B,['VALPROIC ACID'],3
MONDO:0010826,childhood absence epilepsy,MONDO:0011996,"chronic myelogenous leukemia, BCR-ABL1 positive",['VALPROIC ACID'],3
MONDO:0008538,Giant cell arteritis,MONDO:0019167,Immunoglobulin A vasculitis,"['INFLIXIMAB', 'TOCILIZUMAB', 'RITUXIMAB']",2
MONDO:0008538,Giant cell arteritis,MONDO:0007191,Behet disease,"['GEVOKIZUMAB', 'INFLIXIMAB', 'SECUKINUMAB']",8
MONDO:0008538,Giant cell arteritis,MONDO:0019170,Polyarteritis nodosa,"['INFLIXIMAB', 'TOCILIZUMAB', 'RITUXIMAB']",2
MONDO:0008538,Giant cell arteritis,MONDO:0019338,sarcoidosis,['INFLIXIMAB'],2
MONDO:0008538,Giant cell arteritis,MONDO:0014493,Autoimmune lymphoproliferative syndrome due to CTLA4 haploinsuffiency,['ABATACEPT'],3
MONDO:0008538,Giant cell arteritis,MONDO:0012105,Granulomatosis with polyangiitis,"['RITUXIMAB', 'ABATACEPT']",3
MONDO:0008538,Giant cell arteritis,MONDO:0019432,Rheumatoid factor-negative polyarticular juvenile idiopathic arthritis,"['TOCILIZUMAB', 'ABATACEPT']",6
MONDO:0008538,Giant cell arteritis,MONDO:0019434,Systemic-onset juvenile idiopathic arthritis,"['SARILUMAB', 'TOCILIZUMAB']",16
MONDO:0008538,Giant cell arteritis,MONDO:0018088,Familial Mediterranean fever,['TOCILIZUMAB'],12
MONDO:0008538,Giant cell arteritis,MONDO:0005149,Idiopathic/heritable pulmonary arterial hypertension,"['TOCILIZUMAB', 'BOSENTAN']",24
MONDO:0008538,Giant cell arteritis,MONDO:0019433,Oligoarticular juvenile idiopathic arthritis,"['SARILUMAB', 'TOCILIZUMAB']",15
MONDO:0008538,Giant cell arteritis,MONDO:0017148,Heritable pulmonary arterial hypertension,['BOSENTAN'],2
MONDO:0008538,Giant cell arteritis,MONDO:0006664,Interatrial communication,['BOSENTAN'],2
MONDO:0008538,Giant cell arteritis,MONDO:0800029,interstitial lung disease 2,"['HYDROXYCHLOROQUINE', 'RITUXIMAB', 'BOSENTAN']",3
MONDO:0008538,Giant cell arteritis,MONDO:0100280,Waldenstrom macroglobulinemia,['RITUXIMAB'],8
MONDO:0008538,Giant cell arteritis,MONDO:0018906,follicular lymphoma,['RITUXIMAB'],62
MONDO:0008538,Giant cell arteritis,MONDO:0019534,Mixed-type autoimmune hemolytic anemia,['RITUXIMAB'],2
MONDO:0008538,Giant cell arteritis,MONDO:0019740,Immune-mediated thrombotic thrombocytopenic purpura,['RITUXIMAB'],4
MONDO:0008538,Giant cell arteritis,MONDO:0015247,Opsoclonus-myoclonus syndrome,['RITUXIMAB'],4
MONDO:0008538,Giant cell arteritis,MONDO:0019124,microscopic polyangiitis,['RITUXIMAB'],5
MONDO:0008538,Giant cell arteritis,MONDO:0007650,MALT lymphoma,['RITUXIMAB'],6
MONDO:0008538,Giant cell arteritis,MONDO:0005388,Primary biliary cholangitis,['RITUXIMAB'],2
MONDO:0008538,Giant cell arteritis,MONDO:0019006,Genetic steroid-resistant nephrotic syndrome,['RITUXIMAB'],2
MONDO:0008538,Giant cell arteritis,MONDO:0008558,autoimmune thrombocytopenic purpura,['RITUXIMAB'],3
MONDO:0008538,Giant cell arteritis,MONDO:0018977,Polyneuropathy associated with IgM monoclonal gammopathy with anti-MAG,['RITUXIMAB'],2
MONDO:0008538,Giant cell arteritis,MONDO:0019127,polymyositis,"['GEVOKIZUMAB', 'RITUXIMAB']",9
MONDO:0008538,Giant cell arteritis,MONDO:0020547,Chronic graft versus host disease,"['RITUXIMAB', 'PREDNISONE']",2
MONDO:0008538,Giant cell arteritis,MONDO:0006702,Chronic inflammatory demyelinating polyneuropathy,['RITUXIMAB'],2
MONDO:0008538,Giant cell arteritis,MONDO:0019067,Idiopathic steroid-sensitive nephrotic syndrome,['RITUXIMAB'],2
MONDO:0008538,Giant cell arteritis,MONDO:0019535,Drug-induced autoimmune hemolytic anemia,['RITUXIMAB'],2
MONDO:0008538,Giant cell arteritis,MONDO:0008054,Juvenile dermatomyositis,['METHOTREXATE'],3
MONDO:0008538,Giant cell arteritis,MONDO:0006806,intermediate uveitis,"['GEVOKIZUMAB', 'METHOTREXATE', 'SECUKINUMAB']",3
MONDO:0008538,Giant cell arteritis,MONDO:0009837,Papilloma of choroid plexus,['METHOTREXATE'],3
MONDO:0008538,Giant cell arteritis,MONDO:0018092,Vogt-Koyanagi-Harada disease,"['GEVOKIZUMAB', 'METHOTREXATE']",23
MONDO:0008538,Giant cell arteritis,MONDO:0020546,Acute graft versus host disease,['METHOTREXATE'],3
MONDO:0008538,Giant cell arteritis,MONDO:0010679,Duchenne muscular dystrophy,['PREDNISONE'],2
MONDO:0008538,Giant cell arteritis,MONDO:0008346,Idiopathic pulmonary hemosiderosis,['HYDROXYCHLOROQUINE'],3
MONDO:0008538,Giant cell arteritis,MONDO:0011871,Chronic visceral acid sphingomyelinase deficiency,['HYDROXYCHLOROQUINE'],2
MONDO:0008538,Giant cell arteritis,MONDO:0011996,"chronic myelogenous leukemia, BCR-ABL1 positive",['HYDROXYCHLOROQUINE'],2
MONDO:0008538,Giant cell arteritis,MONDO:0019621,Chronic pneumonitis of infancy,['HYDROXYCHLOROQUINE'],3
MONDO:0008538,Giant cell arteritis,MONDO:0012580,Hereditary pulmonary alveolar proteinosis,['HYDROXYCHLOROQUINE'],3
MONDO:0008538,Giant cell arteritis,MONDO:0005028,Adenocarcinoma of the esophagus,['GEVOKIZUMAB'],7
MONDO:0019338,sarcoidosis,MONDO:0800029,interstitial lung disease 2,"['RITUXIMAB', 'BMS 986278', 'AZITHROMYCIN', 'CHEMBL558551', 'PREDNISONE', 'PHOSPHODIESTERASE 4B INHIBITOR']",9
MONDO:0019338,sarcoidosis,MONDO:0100280,Waldenstrom macroglobulinemia,"['RITUXIMAB', 'CHEMBL558551', 'CHEMBL156', 'DEXAMETHASONE VALARATE', 'CYCLOPHOSPHAMIDE ANHYDROUS']",25
MONDO:0019338,sarcoidosis,MONDO:0018906,follicular lymphoma,"['RITUXIMAB', 'IBERDOMIDE', 'CHEMBL558551', 'CHEMBL156', 'DEXAMETHASONE VALARATE', 'PREDNISONE', 'CYCLOPHOSPHAMIDE ANHYDROUS']",5
MONDO:0019338,sarcoidosis,MONDO:0007650,MALT lymphoma,"['RITUXIMAB', 'AZITHROMYCIN', 'CHEMBL558551', 'CHEMBL156', 'CYCLOPHOSPHAMIDE ANHYDROUS']",3
MONDO:0019338,sarcoidosis,MONDO:0019124,microscopic polyangiitis,"['RITUXIMAB', 'INFLIXIMAB', 'PREDNISONE', 'CYCLOPHOSPHAMIDE ANHYDROUS']",4
MONDO:0019338,sarcoidosis,MONDO:0011996,"chronic myelogenous leukemia, BCR-ABL1 positive","['RITUXIMAB', 'CHEMBL3560003', 'CHEMBL156', 'CYCLOPHOSPHAMIDE ANHYDROUS']",90
MONDO:0019338,sarcoidosis,MONDO:0015943,eosinophilic granulomatosis with polyangiitis,"['RITUXIMAB', 'PREDNISONE']",9
MONDO:0019338,sarcoidosis,MONDO:0008558,autoimmune thrombocytopenic purpura,"['RITUXIMAB', 'ATORVASTATIN', 'DEXAMETHASONE VALARATE', 'METHYLPREDNISOLONE', 'PREDNISONE', 'CYCLOPHOSPHAMIDE ANHYDROUS']",2
MONDO:0019338,sarcoidosis,MONDO:0006702,Chronic inflammatory demyelinating polyneuropathy,['RITUXIMAB'],8
MONDO:0019338,sarcoidosis,MONDO:0012105,Granulomatosis with polyangiitis,"['RITUXIMAB', 'CHEMBL156', 'ABATACEPT', 'PREDNISONE', 'INFLIXIMAB', 'CYCLOPHOSPHAMIDE ANHYDROUS']",3
MONDO:0019338,sarcoidosis,MONDO:0015564,Castleman disease,"['RITUXIMAB', 'CHEMBL558551', 'PREDNISONE', 'CHEMBL3560003', 'CYCLOPHOSPHAMIDE ANHYDROUS']",5
MONDO:0019338,sarcoidosis,MONDO:0005388,Primary biliary cholangitis,"['RITUXIMAB', 'USTEKINUMAB', 'CHEMBL156']",6
MONDO:0019338,sarcoidosis,MONDO:0010602,hemophilia A,"['RITUXIMAB', 'PREDNISONE']",4
MONDO:0019338,sarcoidosis,MONDO:0005072,neuroblastoma,"['RITUXIMAB', 'CHEMBL558551', 'CHEMBL156', 'CHEMBL3560003', 'CYCLOPHOSPHAMIDE ANHYDROUS']",4
MONDO:0019338,sarcoidosis,MONDO:0019127,polymyositis,['PREDNISONE'],16
MONDO:0019338,sarcoidosis,MONDO:0009891,acquired polycythemia vera,"['PREDNISONE', 'CHEMBL156']",18
MONDO:0019338,sarcoidosis,MONDO:0010679,Duchenne muscular dystrophy,['PREDNISONE'],12
MONDO:0019338,sarcoidosis,MONDO:0006806,intermediate uveitis,"['SIROLIMUS', 'CHEMBL156', 'DEXAMETHASONE VALARATE', 'PREDNISONE', 'CHEMBL3560003']",5
MONDO:0019338,sarcoidosis,MONDO:0009692,Primary myelofibrosis,"['CHEMBL558551', 'PREDNISONE', 'CYCLOPHOSPHAMIDE ANHYDROUS', 'CHEMBL156']",33
MONDO:0019338,sarcoidosis,MONDO:0009061,Cystic fibrosis,"['PREDNISONE', 'AZITHROMYCIN']",9
MONDO:0019338,sarcoidosis,MONDO:0004976,Amyotrophic lateral sclerosis,"['CHEMBL558551', 'SIROLIMUS', 'PREDNISONE', 'CORTICOTROPIN', 'CHEMBL3560003']",3
MONDO:0019338,sarcoidosis,MONDO:0011719,gastrointestinal stromal tumor,['PREDNISONE'],7
MONDO:0019338,sarcoidosis,MONDO:0100244,paroxysmal nocturnal hemoglobinuria,['CHEMBL156'],7
MONDO:0019338,sarcoidosis,MONDO:0018301,interstitial cystitis,['ADALIMUMAB'],5
MONDO:0019338,sarcoidosis,MONDO:0019167,Immunoglobulin A vasculitis,['INFLIXIMAB'],2
MONDO:0019338,sarcoidosis,MONDO:0007191,Behet disease,['INFLIXIMAB'],2
MONDO:0019338,sarcoidosis,MONDO:0019170,Polyarteritis nodosa,['INFLIXIMAB'],2
MONDO:0019338,sarcoidosis,MONDO:0005312,Pouchitis,"['USTEKINUMAB', 'TOFACITINIB']",5
MONDO:0019338,sarcoidosis,MONDO:0018868,metachromatic leukodystrophy,['CYCLOPHOSPHAMIDE ANHYDROUS'],11
MONDO:0019338,sarcoidosis,MONDO:0009499,Krabbe disease,['CYCLOPHOSPHAMIDE ANHYDROUS'],9
MONDO:0019338,sarcoidosis,MONDO:0010006,Sandhoff disease,['CYCLOPHOSPHAMIDE ANHYDROUS'],2
MONDO:0019338,sarcoidosis,MONDO:0019019,osteogenesis imperfecta,['CYCLOPHOSPHAMIDE ANHYDROUS'],2
MONDO:0019338,sarcoidosis,MONDO:0005149,Idiopathic/heritable pulmonary arterial hypertension,"['CHEMBL3560003', 'SELEXIPAG']",3
MONDO:0019338,sarcoidosis,MONDO:0001734,tuberous sclerosis,"['CHEMBL3560003', 'SIROLIMUS']",22
MONDO:0019338,sarcoidosis,MONDO:0004691,Autosomal dominant polycystic kidney disease,['SIROLIMUS'],2
MONDO:0019338,sarcoidosis,MONDO:0018092,Vogt-Koyanagi-Harada disease,['SIROLIMUS'],5
MONDO:0019338,sarcoidosis,MONDO:0011927,Tufted angioma,['SIROLIMUS'],2
MONDO:0019338,sarcoidosis,MONDO:0020561,Myxoid/round cell liposarcoma,['SIROLIMUS'],2
MONDO:0019338,sarcoidosis,MONDO:0019402,Beta-thalassemia,"['CHEMBL3560003', 'CHEMBL558551', 'SIROLIMUS']",21
MONDO:0019338,sarcoidosis,MONDO:0020547,Chronic graft versus host disease,['SIROLIMUS'],2
MONDO:0019338,sarcoidosis,MONDO:0019432,Rheumatoid factor-negative polyarticular juvenile idiopathic arthritis,['GOLIMUMAB'],4
MONDO:0019338,sarcoidosis,MONDO:0100480,Addison disease,['METHYLPREDNISOLONE'],2
MONDO:0019338,sarcoidosis,MONDO:0100130,Adult acute respiratory distress syndrome,['METHYLPREDNISOLONE'],2
MONDO:0019338,sarcoidosis,MONDO:0016575,Primary ciliary dyskinesia,['AZITHROMYCIN'],3
MONDO:0019338,sarcoidosis,MONDO:0015264,Cryptogenic organizing pneumonia,"['BMS 986278', 'PHOSPHODIESTERASE 4B INHIBITOR']",4
MONDO:0019338,sarcoidosis,MONDO:0019091,Bronchopulmonary dysplasia,['AZITHROMYCIN'],3
MONDO:0009499,Krabbe disease,MONDO:0018906,follicular lymphoma,['CYCLOPHOSPHAMIDE ANHYDROUS'],499
MONDO:0009499,Krabbe disease,MONDO:0100280,Waldenstrom macroglobulinemia,['CYCLOPHOSPHAMIDE ANHYDROUS'],183
MONDO:0009499,Krabbe disease,MONDO:0011996,"chronic myelogenous leukemia, BCR-ABL1 positive",['CYCLOPHOSPHAMIDE ANHYDROUS'],267
MONDO:0009499,Krabbe disease,MONDO:0007650,MALT lymphoma,['CYCLOPHOSPHAMIDE ANHYDROUS'],221
MONDO:0009499,Krabbe disease,MONDO:0012105,Granulomatosis with polyangiitis,['CYCLOPHOSPHAMIDE ANHYDROUS'],44
MONDO:0009499,Krabbe disease,MONDO:0005072,neuroblastoma,['CYCLOPHOSPHAMIDE ANHYDROUS'],74
MONDO:0009499,Krabbe disease,MONDO:0009692,Primary myelofibrosis,['CYCLOPHOSPHAMIDE ANHYDROUS'],79
MONDO:0009499,Krabbe disease,MONDO:0019124,microscopic polyangiitis,['CYCLOPHOSPHAMIDE ANHYDROUS'],39
MONDO:0009499,Krabbe disease,MONDO:0015564,Castleman disease,['CYCLOPHOSPHAMIDE ANHYDROUS'],12
MONDO:0009499,Krabbe disease,MONDO:0018868,metachromatic leukodystrophy,['CYCLOPHOSPHAMIDE ANHYDROUS'],18
MONDO:0009499,Krabbe disease,MONDO:0008558,autoimmune thrombocytopenic purpura,['CYCLOPHOSPHAMIDE ANHYDROUS'],12
MONDO:0009499,Krabbe disease,MONDO:0010006,Sandhoff disease,['CYCLOPHOSPHAMIDE ANHYDROUS'],9
MONDO:0009499,Krabbe disease,MONDO:0019019,osteogenesis imperfecta,['CYCLOPHOSPHAMIDE ANHYDROUS'],9
MONDO:0019455,Acute panmyelosis with myelofibrosis,MONDO:0009692,Primary myelofibrosis,"[""3'-DESOXY-3'-[18F]-FLUORO-THYMIDINE""]",2
MONDO:0006702,Chronic inflammatory demyelinating polyneuropathy,MONDO:0018092,Vogt-Koyanagi-Harada disease,['FINGOLIMOD'],3
MONDO:0006702,Chronic inflammatory demyelinating polyneuropathy,MONDO:0006806,intermediate uveitis,['FINGOLIMOD'],3
MONDO:0006702,Chronic inflammatory demyelinating polyneuropathy,MONDO:0004976,Amyotrophic lateral sclerosis,"['D-BIOTIN', 'FINGOLIMOD']",2
MONDO:0006702,Chronic inflammatory demyelinating polyneuropathy,MONDO:0018977,Polyneuropathy associated with IgM monoclonal gammopathy with anti-MAG,"['D-BIOTIN', 'RITUXIMAB']",2
MONDO:0006702,Chronic inflammatory demyelinating polyneuropathy,MONDO:0800029,interstitial lung disease 2,"['HUMAN NORMAL IMMUNOGLOBULIN', 'RITUXIMAB']",16
MONDO:0006702,Chronic inflammatory demyelinating polyneuropathy,MONDO:0100280,Waldenstrom macroglobulinemia,"['RITUXIMAB', 'DEXAMETHASONE']",3
MONDO:0006702,Chronic inflammatory demyelinating polyneuropathy,MONDO:0018906,follicular lymphoma,['RITUXIMAB'],625
MONDO:0006702,Chronic inflammatory demyelinating polyneuropathy,MONDO:0007650,MALT lymphoma,['RITUXIMAB'],6
MONDO:0006702,Chronic inflammatory demyelinating polyneuropathy,MONDO:0019124,microscopic polyangiitis,"['RITUXIMAB', 'MYCOPHENOLATE MOFETIL']",5
MONDO:0006702,Chronic inflammatory demyelinating polyneuropathy,MONDO:0011996,"chronic myelogenous leukemia, BCR-ABL1 positive",['RITUXIMAB'],40
MONDO:0006702,Chronic inflammatory demyelinating polyneuropathy,MONDO:0015943,eosinophilic granulomatosis with polyangiitis,['RITUXIMAB'],15
MONDO:0006702,Chronic inflammatory demyelinating polyneuropathy,MONDO:0008558,autoimmune thrombocytopenic purpura,"['HUMAN NORMAL IMMUNOGLOBULIN', 'RITUXIMAB', 'BIVV020', 'ROZANOLIXIZUMAB', 'EFGARTIGIMOD COFORMULATED WITH RECOMBINANT HUMAN HYALURONIDASE PH20 (RHUPH20)', 'EFGARTIGIMOD ALFA']",5
MONDO:0006702,Chronic inflammatory demyelinating polyneuropathy,MONDO:0012105,Granulomatosis with polyangiitis,"['RITUXIMAB', 'MYCOPHENOLATE MOFETIL']",2
MONDO:0006702,Chronic inflammatory demyelinating polyneuropathy,MONDO:0015564,Castleman disease,['RITUXIMAB'],13
MONDO:0006702,Chronic inflammatory demyelinating polyneuropathy,MONDO:0005388,Primary biliary cholangitis,['RITUXIMAB'],3
MONDO:0006702,Chronic inflammatory demyelinating polyneuropathy,MONDO:0010602,hemophilia A,['RITUXIMAB'],13
MONDO:0006702,Chronic inflammatory demyelinating polyneuropathy,MONDO:0005072,neuroblastoma,['RITUXIMAB'],10
MONDO:0006702,Chronic inflammatory demyelinating polyneuropathy,MONDO:0018596,Systemic polyarteritis nodosa,['MYCOPHENOLATE MOFETIL'],2
MONDO:0006702,Chronic inflammatory demyelinating polyneuropathy,MONDO:0008219,Pemphigus vulgaris,"['HUMAN NORMAL IMMUNOGLOBULIN', 'EFGARTIGIMOD COFORMULATED WITH RECOMBINANT HUMAN HYALURONIDASE PH20 (RHUPH20)', 'MYCOPHENOLATE MOFETIL']",9
MONDO:0006702,Chronic inflammatory demyelinating polyneuropathy,MONDO:0019067,Idiopathic steroid-sensitive nephrotic syndrome,"['RITUXIMAB', 'MYCOPHENOLATE MOFETIL']",4
MONDO:0006702,Chronic inflammatory demyelinating polyneuropathy,MONDO:0018325,Juvenile myasthenia gravis,"['ROZANOLIXIZUMAB', 'EFGARTIGIMOD ALFA']",5
MONDO:0006702,Chronic inflammatory demyelinating polyneuropathy,MONDO:0019127,polymyositis,"['RITUXIMAB', 'DEXAMETHASONE']",2
MONDO:0006702,Chronic inflammatory demyelinating polyneuropathy,MONDO:0015247,Opsoclonus-myoclonus syndrome,"['RITUXIMAB', 'DEXAMETHASONE']",4
MONDO:0006702,Chronic inflammatory demyelinating polyneuropathy,MONDO:0100130,Adult acute respiratory distress syndrome,['DEXAMETHASONE'],2
MONDO:0006702,Chronic inflammatory demyelinating polyneuropathy,MONDO:0017409,Fetal cytomegalovirus syndrome,['HUMAN NORMAL IMMUNOGLOBULIN'],9
MONDO:0006702,Chronic inflammatory demyelinating polyneuropathy,MONDO:0019369,Complex regional pain syndrome,['HUMAN NORMAL IMMUNOGLOBULIN'],9
MONDO:0006702,Chronic inflammatory demyelinating polyneuropathy,MONDO:0035666,Acute transverse myelitis with anti-MOG antibodies,['ROZANOLIXIZUMAB'],4
MONDO:0006702,Chronic inflammatory demyelinating polyneuropathy,MONDO:0019534,Mixed-type autoimmune hemolytic anemia,['RITUXIMAB'],2
MONDO:0006702,Chronic inflammatory demyelinating polyneuropathy,MONDO:0019740,Immune-mediated thrombotic thrombocytopenic purpura,['RITUXIMAB'],4
MONDO:0006702,Chronic inflammatory demyelinating polyneuropathy,MONDO:0019006,Genetic steroid-resistant nephrotic syndrome,['RITUXIMAB'],2
MONDO:0006702,Chronic inflammatory demyelinating polyneuropathy,MONDO:0019170,Polyarteritis nodosa,['RITUXIMAB'],2
MONDO:0006702,Chronic inflammatory demyelinating polyneuropathy,MONDO:0020547,Chronic graft versus host disease,['RITUXIMAB'],2
MONDO:0006702,Chronic inflammatory demyelinating polyneuropathy,MONDO:0019535,Drug-induced autoimmune hemolytic anemia,['RITUXIMAB'],2
MONDO:0006702,Chronic inflammatory demyelinating polyneuropathy,MONDO:0019167,Immunoglobulin A vasculitis,['RITUXIMAB'],2
MONDO:0006702,Chronic inflammatory demyelinating polyneuropathy,MONDO:0018922,Cold agglutinin disease,['BIVV020'],2
MONDO:0008318,Proteus syndrome,MONDO:0017177,Hemihyperplasia-multiple lipomatosis syndrome,['MIRANSERTIB'],3
MONDO:0008318,Proteus syndrome,MONDO:0015293,Segmental outgrowth-lipomatosis-arteriovenous malformation-epidermal nevus syndrome,['MIRANSERTIB'],3
MONDO:0008318,Proteus syndrome,MONDO:0017571,Proteus-like syndrome,['MIRANSERTIB'],3
MONDO:0020333,Aggressive systemic mastocytosis,MONDO:0009891,acquired polycythemia vera,['HYDROXYCARBAMIDE'],3
MONDO:0020333,Aggressive systemic mastocytosis,MONDO:0020331,Indolent systemic mastocytosis,"['AVAPRITINIB', 'DASATINIB', 'MIDOSTAURIN', 'BLU-263', 'INTERFERON ALPHA 2B', 'IMATINIB MESILATE', 'BEZUCLASTINIB', 'HYDROXYCARBAMIDE']",4
MONDO:0020333,Aggressive systemic mastocytosis,MONDO:0011719,gastrointestinal stromal tumor,"['AVAPRITINIB', 'IMATINIB MESILATE', 'BEZUCLASTINIB']",2
MONDO:0020333,Aggressive systemic mastocytosis,MONDO:0011996,"chronic myelogenous leukemia, BCR-ABL1 positive","['IMATINIB MESILATE', 'DASATINIB']",26
MONDO:0020333,Aggressive systemic mastocytosis,MONDO:0005149,Idiopathic/heritable pulmonary arterial hypertension,['IMATINIB MESILATE'],11
MONDO:0020333,Aggressive systemic mastocytosis,MONDO:0006292,Pleural mesothelioma,['IMATINIB MESILATE'],2
MONDO:0020333,Aggressive systemic mastocytosis,MONDO:0015796,Acute lung injury,['IMATINIB MESILATE'],2
MONDO:0020333,Aggressive systemic mastocytosis,MONDO:0003111,Neuroendocrine tumor of stomach,['INTERFERON ALPHA 2B'],2
MONDO:0020333,Aggressive systemic mastocytosis,MONDO:0007407,Cryoglobulinemic vasculitis,['INTERFERON ALPHA 2B'],2
MONDO:0020333,Aggressive systemic mastocytosis,MONDO:0020332,Systemic mastocytosis with associated hematologic neoplasm,"['BLU-263', 'AVAPRITINIB', 'MIDOSTAURIN']",4
MONDO:0020333,Aggressive systemic mastocytosis,MONDO:0016722,Pineoblastoma,['DASATINIB'],2
MONDO:0015403,Non-involuting congenital hemangioma,MONDO:0005072,neuroblastoma,['PROPRANOLOL HYDROCHLORIDE'],2
MONDO:0010790,MERRF,MONDO:0016814,Mitochondrial DNA-associated Leigh syndrome,"['(S)-6-HYDROXY-2,5,7,8-TETRAMETHYL-N-((R)-PIPERIDIN-3-YL)CHROMAN-2-CARBOXAMIDE HYDROCHLORIDE']",3
MONDO:0010790,MERRF,MONDO:0010789,MELAS,"['(S)-6-HYDROXY-2,5,7,8-TETRAMETHYL-N-((R)-PIPERIDIN-3-YL)CHROMAN-2-CARBOXAMIDE HYDROCHLORIDE']",4
MONDO:0010790,MERRF,MONDO:0010787,Kearns-Sayre syndrome,"['(S)-6-HYDROXY-2,5,7,8-TETRAMETHYL-N-((R)-PIPERIDIN-3-YL)CHROMAN-2-CARBOXAMIDE HYDROCHLORIDE']",3
MONDO:0001444,American trypanosomiasis,MONDO:0005459,African trypanosomiasis,['FEXINIDAZOLE'],2
MONDO:0011776,CINCA syndrome,MONDO:0019434,Systemic-onset juvenile idiopathic arthritis,['CANAKINUMAB'],14
MONDO:0011776,CINCA syndrome,MONDO:0009849,Hyperimmunoglobulinemia D with periodic fever,['CANAKINUMAB'],4
MONDO:0011776,CINCA syndrome,MONDO:0018088,Familial Mediterranean fever,['CANAKINUMAB'],3
MONDO:0019259,Classic phenylketonuria,MONDO:0009861,phenylketonuria,['ADENO-ASSOCIATED VIRUS VECTOR ENCODING HUMAN PHENYLALANINE HYDROXYLASE'],2
MONDO:0019180,Hereditary hemorrhagic telangiectasia,MONDO:0006292,Pleural mesothelioma,['BEVACIZUMAB'],7
MONDO:0019180,Hereditary hemorrhagic telangiectasia,MONDO:0015686,Primary peritoneal carcinoma,['BEVACIZUMAB'],8
MONDO:0019180,Hereditary hemorrhagic telangiectasia,MONDO:0016681,Gliosarcoma,['BEVACIZUMAB'],6
MONDO:0008054,Juvenile dermatomyositis,MONDO:0006806,intermediate uveitis,['METHOTREXATE'],2
MONDO:0008054,Juvenile dermatomyositis,MONDO:0009837,Papilloma of choroid plexus,['METHOTREXATE'],2
MONDO:0008054,Juvenile dermatomyositis,MONDO:0018092,Vogt-Koyanagi-Harada disease,['METHOTREXATE'],2
MONDO:0008054,Juvenile dermatomyositis,MONDO:0020546,Acute graft versus host disease,['METHOTREXATE'],2
MONDO:0008054,Juvenile dermatomyositis,MONDO:0018824,Pyoderma gangrenosum,['CICLOSPORIN'],2
MONDO:0020721,X-linked sideroblastic anemia,MONDO:0011012,Dietary iron overload disease,"['DEFERITAZOLE', ""(S)-3'-(OH)-DESAZADESFERRITHIOCIN-POLYETHER, MAGNESIUM SALT""]",2
MONDO:0020721,X-linked sideroblastic anemia,MONDO:0015253,Diamond-Blackfan anemia,['DEFERITAZOLE'],3
MONDO:0020721,X-linked sideroblastic anemia,MONDO:0019402,Beta-thalassemia,"['DEFERITAZOLE', ""(S)-3'-(OH)-DESAZADESFERRITHIOCIN-POLYETHER, MAGNESIUM SALT""]",4
MONDO:0009050,Cushing disease,MONDO:0015277,Medullary thyroid carcinoma,['PASIREOTIDE'],12
MONDO:0009050,Cushing disease,MONDO:0019963,Bronchial neuroendocrine tumor,['PASIREOTIDE'],12
MONDO:0009050,Cushing disease,MONDO:0016035,Nelson syndrome,['PASIREOTIDE'],12
MONDO:0011996,"chronic myelogenous leukemia, BCR-ABL1 positive",MONDO:0001734,tuberous sclerosis,"['CHEMBL3560003', 'EVEROLIMUS']",25
MONDO:0011996,"chronic myelogenous leukemia, BCR-ABL1 positive",MONDO:0100280,Waldenstrom macroglobulinemia,"['BORTEZOMIB', 'RITUXIMAB', 'ETOPOSIDE', 'PERIFOSINE', 'EVEROLIMUS', 'CYCLOSPORINE', 'PAN-AKT INHIBITOR', 'TACROLIMUS ANHYDROUS', 'ATEZOLIZUMAB', 'CHEMBL156', 'CHEMBL2141644', 'FILGRASTIM', 'LENALIDOMIDE', 'VENETOCLAX', 'CHEMBL3210645', 'FLUDARABINE', 'DASATINIB', 'CYCLOPHOSPHAMIDE ANHYDROUS']",4
MONDO:0011996,"chronic myelogenous leukemia, BCR-ABL1 positive",MONDO:0011719,gastrointestinal stromal tumor,"['PERIFOSINE', 'EVEROLIMUS', 'IPILIMUMAB', 'NIVOLUMAB', 'NILOTINIB', 'OLVEREMBATINIB', 'PONATINIB', 'BEVACIZUMAB', 'GUADECITABINE', 'IMATINIB MESILATE', 'IMATINIB', 'SORAFENIB', 'DASATINIB']",25
MONDO:0011996,"chronic myelogenous leukemia, BCR-ABL1 positive",MONDO:0005072,neuroblastoma,"['SARGRAMOSTIM', 'DECITABINE', 'TACROLIMUS ANHYDROUS', 'CHEMBL3210645', 'BEVACIZUMAB', 'DASATINIB', 'ETOPOSIDE', 'CHEMBL156', 'TEMSIROLIMUS', 'FLUDARABINE', 'CHEMBL3560003', 'CYCLOPHOSPHAMIDE ANHYDROUS', 'BORTEZOMIB', 'RITUXIMAB', 'ALDESLEUKIN', 'CYCLOSPORINE', 'IPILIMUMAB', 'FILGRASTIM', 'SORAFENIB', 'ATEZOLIZUMAB', 'ISOTRETINOIN', 'NIVOLUMAB', 'VORINOSTAT', 'LENALIDOMIDE']",12
MONDO:0011996,"chronic myelogenous leukemia, BCR-ABL1 positive",MONDO:0800029,interstitial lung disease 2,"['HYDROXYCHLOROQUINE', 'RITUXIMAB']",9
MONDO:0011996,"chronic myelogenous leukemia, BCR-ABL1 positive",MONDO:0018906,follicular lymphoma,"['SARGRAMOSTIM', 'TACROLIMUS ANHYDROUS', 'CHEMBL78', 'VENETOCLAX', 'CHEMBL3210645', 'BEVACIZUMAB', 'DASATINIB', 'CYTARABINE', 'MITOXANTRONE', 'ETOPOSIDE', 'PAN-AKT INHIBITOR', 'CHEMBL156', 'FLUDARABINE', 'CHEMBL256907', 'CYCLOPHOSPHAMIDE ANHYDROUS', 'BORTEZOMIB', 'RITUXIMAB', 'ALDESLEUKIN', 'CYCLOSPORINE', 'TAZEMETOSTAT', 'FILGRASTIM', 'IDASANUTLIN', 'AZACITIDINE', 'ATEZOLIZUMAB', 'NIVOLUMAB', 'VORINOSTAT', 'LENALIDOMIDE']",96
MONDO:0011996,"chronic myelogenous leukemia, BCR-ABL1 positive",MONDO:0007650,MALT lymphoma,"['BORTEZOMIB', 'RITUXIMAB', 'ETOPOSIDE', 'TACROLIMUS ANHYDROUS', 'ATEZOLIZUMAB', 'CHEMBL156', 'FILGRASTIM', 'VORINOSTAT', 'LENALIDOMIDE', 'VENETOCLAX', 'CHEMBL3210645', 'FLUDARABINE', 'DASATINIB', 'CYCLOPHOSPHAMIDE ANHYDROUS']",51
MONDO:0011996,"chronic myelogenous leukemia, BCR-ABL1 positive",MONDO:0019124,microscopic polyangiitis,"['RITUXIMAB', 'CHEMBL3210645', 'CYCLOPHOSPHAMIDE ANHYDROUS']",50
MONDO:0011996,"chronic myelogenous leukemia, BCR-ABL1 positive",MONDO:0015943,eosinophilic granulomatosis with polyangiitis,['RITUXIMAB'],41
MONDO:0011996,"chronic myelogenous leukemia, BCR-ABL1 positive",MONDO:0008558,autoimmune thrombocytopenic purpura,"['BORTEZOMIB', 'RITUXIMAB', 'DECITABINE', 'CYCLOSPORINE', 'TACROLIMUS ANHYDROUS', 'ACETAMINOPHEN', 'CHEMBL3210645', 'CYCLOPHOSPHAMIDE ANHYDROUS']",16
MONDO:0011996,"chronic myelogenous leukemia, BCR-ABL1 positive",MONDO:0012105,Granulomatosis with polyangiitis,"['RITUXIMAB', 'CHEMBL3210645', 'CHEMBL156', 'CYCLOPHOSPHAMIDE ANHYDROUS']",104
MONDO:0011996,"chronic myelogenous leukemia, BCR-ABL1 positive",MONDO:0015564,Castleman disease,"['BORTEZOMIB', 'RITUXIMAB', 'ETOPOSIDE', 'CHEMBL3560003', 'CYCLOPHOSPHAMIDE ANHYDROUS']",36
MONDO:0011996,"chronic myelogenous leukemia, BCR-ABL1 positive",MONDO:0005388,Primary biliary cholangitis,"['RITUXIMAB', 'CHEMBL156']",91
MONDO:0011996,"chronic myelogenous leukemia, BCR-ABL1 positive",MONDO:0010602,hemophilia A,['RITUXIMAB'],39
MONDO:0011996,"chronic myelogenous leukemia, BCR-ABL1 positive",MONDO:0009891,acquired polycythemia vera,"['TACROLIMUS ANHYDROUS', 'CHEMBL78', 'CHEMBL3210645', 'NAVTEMADLIN', 'DASATINIB', 'HYDROXYUREA', 'CHEMBL156', 'ARSENIC TRIOXIDE', 'IMATINIB', 'FLUDARABINE', 'ASPIRIN TRELAMINE', 'PEGINTERFERON ALFA-2A', 'PEGINTERFERON ALFA-2B', 'PEGYLATED PROLINE-INTERFERON ALPHA-2B', 'PEGYLATED INTERFERON ALPHA-2A', 'VORINOSTAT', 'LENALIDOMIDE', 'CHEMBL2141644', 'RUXOLITINIB']",8
MONDO:0011996,"chronic myelogenous leukemia, BCR-ABL1 positive",MONDO:0009692,Primary myelofibrosis,"['HYDROXYUREA', 'TACROLIMUS ANHYDROUS', 'TIPIFARNIB', 'CHEMBL156', 'ARSENIC TRIOXIDE', 'RUXOLITINIB', 'PEGINTERFERON ALFA-2B', 'VATALANIB', 'IMATINIB', 'FLUDARABINE', 'PEGYLATED PROLINE-INTERFERON ALPHA-2B', 'FILGRASTIM', 'LENALIDOMIDE', 'CHEMBL2141644', 'CHEMBL3210645', 'NAVTEMADLIN', 'PEGINTERFERON ALFA-2A', 'CYCLOPHOSPHAMIDE ANHYDROUS']",8
MONDO:0011996,"chronic myelogenous leukemia, BCR-ABL1 positive",MONDO:0006806,intermediate uveitis,"['CHEMBL3560003', 'CHEMBL156']",90
MONDO:0011996,"chronic myelogenous leukemia, BCR-ABL1 positive",MONDO:0100244,paroxysmal nocturnal hemoglobinuria,"['TACROLIMUS ANHYDROUS', 'CHEMBL3210645', 'FLUDARABINE', 'CHEMBL156']",330
MONDO:0011996,"chronic myelogenous leukemia, BCR-ABL1 positive",MONDO:0006292,Pleural mesothelioma,"['ATEZOLIZUMAB', 'AUTOLOGOUS DENDRITIC CELLS PULSED WITH RNA FROM GLIOMA STEM CELLS', 'IMATINIB MESILATE']",6
MONDO:0011996,"chronic myelogenous leukemia, BCR-ABL1 positive",MONDO:0007039,Full NF2-related schwannomatosis,['NILOTINIB'],53
MONDO:0011996,"chronic myelogenous leukemia, BCR-ABL1 positive",MONDO:0018868,metachromatic leukodystrophy,['CYCLOPHOSPHAMIDE ANHYDROUS'],269
MONDO:0011996,"chronic myelogenous leukemia, BCR-ABL1 positive",MONDO:0010006,Sandhoff disease,['CYCLOPHOSPHAMIDE ANHYDROUS'],260
MONDO:0011996,"chronic myelogenous leukemia, BCR-ABL1 positive",MONDO:0019019,osteogenesis imperfecta,"['CYCLOSPORINE', 'CYCLOPHOSPHAMIDE ANHYDROUS']",128
MONDO:0011996,"chronic myelogenous leukemia, BCR-ABL1 positive",MONDO:0005055,Kaposi\'s sarcoma,"['ETOPOSIDE', 'SELUMETINIB', 'BEVACIZUMAB', 'DAUNORUBICIN', 'LENALIDOMIDE', 'CHEMBL256907']",4
MONDO:0011996,"chronic myelogenous leukemia, BCR-ABL1 positive",MONDO:0005512,Malignant peritoneal mesothelioma,['VORINOSTAT'],2
MONDO:0011996,"chronic myelogenous leukemia, BCR-ABL1 positive",MONDO:0016238,Solitary fibrous tumor,['VORINOSTAT'],2
MONDO:0011996,"chronic myelogenous leukemia, BCR-ABL1 positive",MONDO:0002142,Undifferentiated pleomorphic sarcoma,['VORINOSTAT'],2
MONDO:0011996,"chronic myelogenous leukemia, BCR-ABL1 positive",MONDO:0016681,Gliosarcoma,['AVELUMAB'],2
MONDO:0011996,"chronic myelogenous leukemia, BCR-ABL1 positive",MONDO:0015686,Primary peritoneal carcinoma,"['ATEZOLIZUMAB', 'AVELUMAB']",2
MONDO:0011996,"chronic myelogenous leukemia, BCR-ABL1 positive",MONDO:0019402,Beta-thalassemia,"['HYDROXYUREA', 'CYCLOSPORINE', 'TACROLIMUS ANHYDROUS', 'FLUDARABINE', 'FILGRASTIM', 'PEGYLATED INTERFERON ALPHA-2A', 'CHEMBL3210645', 'CHEMBL3560003']",29
MONDO:0011996,"chronic myelogenous leukemia, BCR-ABL1 positive",MONDO:0004976,Amyotrophic lateral sclerosis,"['ALDESLEUKIN', 'PIOGLITAZONE', 'BOSUTINIB', 'VALPROIC ACID', 'TACROLIMUS ANHYDROUS', 'LERIGLITAZONE', 'CHEMBL3210645', 'CHEMBL3560003']",2
MONDO:0011996,"chronic myelogenous leukemia, BCR-ABL1 positive",MONDO:0005149,Idiopathic/heritable pulmonary arterial hypertension,"['HYDROXYUREA', 'IMATINIB', 'CHEMBL3560003', 'IMATINIB MESILATE']",28
MONDO:0011996,"chronic myelogenous leukemia, BCR-ABL1 positive",MONDO:0018301,interstitial cystitis,['CHEMBL3210645'],160
MONDO:0011996,"chronic myelogenous leukemia, BCR-ABL1 positive",MONDO:0005789,Hepatitis delta,"['NIVOLUMAB', 'PEGINTERFERON ALFA-2B', 'LONAFARNIB', 'PEGYLATED INTERFERON ALPHA-2A', 'PEGINTERFERON ALFA-2A']",11
MONDO:0011996,"chronic myelogenous leukemia, BCR-ABL1 positive",MONDO:0018907,Craniopharyngioma,"['PEGINTERFERON ALFA-2B', 'NIVOLUMAB']",11
MONDO:0011996,"chronic myelogenous leukemia, BCR-ABL1 positive",MONDO:0017366,Hereditary pheochromocytoma-paraganglioma,['GUADECITABINE'],2
MONDO:0011996,"chronic myelogenous leukemia, BCR-ABL1 positive",MONDO:0020331,Indolent systemic mastocytosis,"['IMATINIB MESILATE', 'DASATINIB']",26
MONDO:0011996,"chronic myelogenous leukemia, BCR-ABL1 positive",MONDO:0015796,Acute lung injury,['IMATINIB MESILATE'],27
MONDO:0011996,"chronic myelogenous leukemia, BCR-ABL1 positive",MONDO:0010604,Hemophilia B,['VALPROIC ACID'],2
MONDO:0011996,"chronic myelogenous leukemia, BCR-ABL1 positive",MONDO:0007407,Cryoglobulinemic vasculitis,['INTERFERON ALFA 2A'],3
MONDO:0011996,"chronic myelogenous leukemia, BCR-ABL1 positive",MONDO:0007191,Behet disease,['INTERFERON ALFA 2A'],3
MONDO:0011996,"chronic myelogenous leukemia, BCR-ABL1 positive",MONDO:0020547,Chronic graft versus host disease,['RUXOLITINIB'],10
MONDO:0011996,"chronic myelogenous leukemia, BCR-ABL1 positive",MONDO:0020546,Acute graft versus host disease,['RUXOLITINIB'],6
MONDO:0011996,"chronic myelogenous leukemia, BCR-ABL1 positive",MONDO:0002728,Rhabdoid tumor,['TAZEMETOSTAT'],8
MONDO:0011996,"chronic myelogenous leukemia, BCR-ABL1 positive",MONDO:0017844,Szary syndrome,"['ATEZOLIZUMAB', 'PAN-AKT INHIBITOR']",3
MONDO:0011996,"chronic myelogenous leukemia, BCR-ABL1 positive",MONDO:0009691,Classic mycosis fungoides,"['ATEZOLIZUMAB', 'PAN-AKT INHIBITOR']",2
MONDO:0011996,"chronic myelogenous leukemia, BCR-ABL1 positive",MONDO:0005028,Adenocarcinoma of the esophagus,['ATEZOLIZUMAB'],2
MONDO:0011996,"chronic myelogenous leukemia, BCR-ABL1 positive",MONDO:0008346,Idiopathic pulmonary hemosiderosis,['HYDROXYCHLOROQUINE'],3
MONDO:0011996,"chronic myelogenous leukemia, BCR-ABL1 positive",MONDO:0011871,Chronic visceral acid sphingomyelinase deficiency,['HYDROXYCHLOROQUINE'],2
MONDO:0011996,"chronic myelogenous leukemia, BCR-ABL1 positive",MONDO:0019621,Chronic pneumonitis of infancy,['HYDROXYCHLOROQUINE'],3
MONDO:0011996,"chronic myelogenous leukemia, BCR-ABL1 positive",MONDO:0012580,Hereditary pulmonary alveolar proteinosis,['HYDROXYCHLOROQUINE'],3
MONDO:0011996,"chronic myelogenous leukemia, BCR-ABL1 positive",MONDO:0007739,Huntington disease,['NILOTINIB'],125
MONDO:0011996,"chronic myelogenous leukemia, BCR-ABL1 positive",MONDO:0009061,Cystic fibrosis,['LERIGLITAZONE'],10
MONDO:0011996,"chronic myelogenous leukemia, BCR-ABL1 positive",MONDO:0008840,Ataxia-telangiectasia,['PIOGLITAZONE'],2
MONDO:0011996,"chronic myelogenous leukemia, BCR-ABL1 positive",MONDO:0004691,Autosomal dominant polycystic kidney disease,['PIOGLITAZONE'],2
MONDO:0011996,"chronic myelogenous leukemia, BCR-ABL1 positive",MONDO:0019369,Complex regional pain syndrome,['LENALIDOMIDE'],8
MONDO:0011996,"chronic myelogenous leukemia, BCR-ABL1 positive",MONDO:0005136,Malaria,['ACETAMINOPHEN'],14
MONDO:0011996,"chronic myelogenous leukemia, BCR-ABL1 positive",MONDO:0007925,Myelodysplastic syndrome associated with isolated del(5q) chromosome abnormality,['LENALIDOMIDE'],5
MONDO:0011996,"chronic myelogenous leukemia, BCR-ABL1 positive",MONDO:0019157,Acquired idiopathic sideroblastic anemia,['LENALIDOMIDE'],3
MONDO:0011996,"chronic myelogenous leukemia, BCR-ABL1 positive",MONDO:0016722,Pineoblastoma,['DASATINIB'],26
MONDO:0009677,Gamma-sarcoglycan-related limb-girdle muscular dystrophy R5,MONDO:0011787,FKRP-related limb-girdle muscular dystrophy R9,['LISINOPRIL'],2
MONDO:0009677,Gamma-sarcoglycan-related limb-girdle muscular dystrophy R5,MONDO:0010679,Duchenne muscular dystrophy,['LISINOPRIL'],2
MONDO:0009677,Gamma-sarcoglycan-related limb-girdle muscular dystrophy R5,MONDO:0011028,Delta-sarcoglycan-related limb-girdle muscular dystrophy R6,['LISINOPRIL'],2
MONDO:0005706,coccidioidomycosis,MONDO:0015243,allergic bronchopulmonary aspergillosis,"['IBREXAFUNGERP', 'ITRACONAZOLE']",8
MONDO:0005706,coccidioidomycosis,MONDO:0004976,Amyotrophic lateral sclerosis,['ITRACONAZOLE'],7
MONDO:0005706,coccidioidomycosis,MONDO:0009061,Cystic fibrosis,['ITRACONAZOLE'],7
MONDO:0005706,coccidioidomycosis,MONDO:0015279,Chronic mucocutaneous candidiasis,['IBREXAFUNGERP'],2
MONDO:0005706,coccidioidomycosis,MONDO:0007739,Huntington disease,['SERTRALINE'],2
MONDO:0008771,Enamel-renal syndrome,MONDO:0015612,Dent disease,['FLUCONAZOLE'],2
MONDO:0019373,Desmoplastic small round cell tumor,MONDO:0020561,Myxoid/round cell liposarcoma,"['NINTEDANIB', 'OLARATUMAB', 'DOXORUBICIN HYDROCHLORIDE (LIPOSOMAL)', 'TRABECTEDIN', 'PAZOPANIB HYDROCHLORIDE', 'TEPROTUMUMAB']",6
MONDO:0019373,Desmoplastic small round cell tumor,MONDO:0015686,Primary peritoneal carcinoma,"['TRABECTEDIN', 'PAZOPANIB HYDROCHLORIDE', 'DOXORUBICIN HYDROCHLORIDE (LIPOSOMAL)', 'NINTEDANIB']",9
MONDO:0019373,Desmoplastic small round cell tumor,MONDO:0002728,Rhabdoid tumor,"['PALBOCICLIB', 'NINTEDANIB', 'REGORAFENIB', 'ALBUMIN-BINDING PRODRUG OF DOXORUBICIN', 'OLARATUMAB', 'DOXORUBICIN HYDROCHLORIDE (LIPOSOMAL)', 'TRABECTEDIN', 'PAZOPANIB HYDROCHLORIDE']",6
MONDO:0019373,Desmoplastic small round cell tumor,MONDO:0002142,Undifferentiated pleomorphic sarcoma,"['PALBOCICLIB', 'NINTEDANIB', 'REGORAFENIB', 'ALBUMIN-BINDING PRODRUG OF DOXORUBICIN', 'OLARATUMAB', 'DOXORUBICIN HYDROCHLORIDE (LIPOSOMAL)', 'TRABECTEDIN', 'PAZOPANIB HYDROCHLORIDE']",7
MONDO:0019373,Desmoplastic small round cell tumor,MONDO:0006292,Pleural mesothelioma,"['TRABECTEDIN', 'NINTEDANIB']",6
MONDO:0019373,Desmoplastic small round cell tumor,MONDO:0016238,Solitary fibrous tumor,"['PALBOCICLIB', 'NINTEDANIB', 'REGORAFENIB', 'ALBUMIN-BINDING PRODRUG OF DOXORUBICIN', 'OLARATUMAB', 'DOXORUBICIN HYDROCHLORIDE (LIPOSOMAL)', 'TRABECTEDIN', 'PAZOPANIB HYDROCHLORIDE']",5
MONDO:0019373,Desmoplastic small round cell tumor,MONDO:0005055,Kaposi\'s sarcoma,"['PALBOCICLIB', 'REGORAFENIB', 'DOXORUBICIN HYDROCHLORIDE (LIPOSOMAL)', 'TRABECTEDIN', 'PAZOPANIB HYDROCHLORIDE']",5
MONDO:0019373,Desmoplastic small round cell tumor,MONDO:0005103,Well-differentiated liposarcoma,"['TRABECTEDIN', 'PAZOPANIB HYDROCHLORIDE', 'PALBOCICLIB']",3
MONDO:0019373,Desmoplastic small round cell tumor,MONDO:0018906,follicular lymphoma,['DOXORUBICIN HYDROCHLORIDE (LIPOSOMAL)'],5
MONDO:0019373,Desmoplastic small round cell tumor,MONDO:0009691,Classic mycosis fungoides,['DOXORUBICIN HYDROCHLORIDE (LIPOSOMAL)'],5
MONDO:0019373,Desmoplastic small round cell tumor,MONDO:0018271,Peripheral primitive neuroectodermal tumor,"['REGORAFENIB', 'PAZOPANIB HYDROCHLORIDE', 'ALBUMIN-BINDING PRODRUG OF DOXORUBICIN']",3
MONDO:0019373,Desmoplastic small round cell tumor,MONDO:0800029,interstitial lung disease 2,['NINTEDANIB'],18
MONDO:0019373,Desmoplastic small round cell tumor,MONDO:0005072,neuroblastoma,"['PALBOCICLIB', 'PAZOPANIB HYDROCHLORIDE', 'REGORAFENIB']",3
MONDO:0019373,Desmoplastic small round cell tumor,MONDO:0011719,gastrointestinal stromal tumor,"['PALBOCICLIB', 'PAZOPANIB HYDROCHLORIDE', 'OLARATUMAB', 'REGORAFENIB']",10
MONDO:0019373,Desmoplastic small round cell tumor,MONDO:0005028,Adenocarcinoma of the esophagus,"['REGORAFENIB', 'RAMUCIRUMAB']",2
MONDO:0019373,Desmoplastic small round cell tumor,MONDO:0019963,Bronchial neuroendocrine tumor,['PAZOPANIB HYDROCHLORIDE'],3
MONDO:0019373,Desmoplastic small round cell tumor,MONDO:0019964,Thymic neuroendocrine tumor,['PAZOPANIB HYDROCHLORIDE'],3
MONDO:0015631,Von Willebrand disease type 2N,MONDO:0015628,Von Willebrand disease type 2A,['RECOMBINANT HUMAN VON WILLEBRAND FACTOR'],8
MONDO:0015631,Von Willebrand disease type 2N,MONDO:0008668,Von Willebrand disease type 1,['RECOMBINANT HUMAN VON WILLEBRAND FACTOR'],8
MONDO:0008294,Acute intermittent porphyria,MONDO:0008297,Porphyria variegata,['GIVOSIRAN'],6
MONDO:0008294,Acute intermittent porphyria,MONDO:0007369,Hereditary coproporphyria,['GIVOSIRAN'],6
MONDO:0015943,eosinophilic granulomatosis with polyangiitis,MONDO:0800029,interstitial lung disease 2,"['RITUXIMAB', 'PREDNISONE']",16
MONDO:0015943,eosinophilic granulomatosis with polyangiitis,MONDO:0100280,Waldenstrom macroglobulinemia,['RITUXIMAB'],219
MONDO:0015943,eosinophilic granulomatosis with polyangiitis,MONDO:0018906,follicular lymphoma,"['RITUXIMAB', 'PREDNISONE']",194
MONDO:0015943,eosinophilic granulomatosis with polyangiitis,MONDO:0007650,MALT lymphoma,['RITUXIMAB'],280
MONDO:0015943,eosinophilic granulomatosis with polyangiitis,MONDO:0019124,microscopic polyangiitis,"['RITUXIMAB', 'AZATHIOPRIN', 'PREDNISONE']",11
MONDO:0015943,eosinophilic granulomatosis with polyangiitis,MONDO:0008558,autoimmune thrombocytopenic purpura,"['RITUXIMAB', 'PREDNISONE']",19
MONDO:0015943,eosinophilic granulomatosis with polyangiitis,MONDO:0012105,Granulomatosis with polyangiitis,"['RITUXIMAB', 'AZATHIOPRIN', 'MEPOLIZUMAB', 'PREDNISONE']",14
MONDO:0015943,eosinophilic granulomatosis with polyangiitis,MONDO:0015564,Castleman disease,"['RITUXIMAB', 'PREDNISONE']",12
MONDO:0015943,eosinophilic granulomatosis with polyangiitis,MONDO:0005388,Primary biliary cholangitis,['RITUXIMAB'],10
MONDO:0015943,eosinophilic granulomatosis with polyangiitis,MONDO:0010602,hemophilia A,"['RITUXIMAB', 'PREDNISONE']",11
MONDO:0015943,eosinophilic granulomatosis with polyangiitis,MONDO:0005072,neuroblastoma,['RITUXIMAB'],11
MONDO:0015943,eosinophilic granulomatosis with polyangiitis,MONDO:0019127,polymyositis,['PREDNISONE'],22
MONDO:0015943,eosinophilic granulomatosis with polyangiitis,MONDO:0009891,acquired polycythemia vera,['PREDNISONE'],19
MONDO:0015943,eosinophilic granulomatosis with polyangiitis,MONDO:0010679,Duchenne muscular dystrophy,['PREDNISONE'],18
MONDO:0015943,eosinophilic granulomatosis with polyangiitis,MONDO:0006806,intermediate uveitis,['PREDNISONE'],19
MONDO:0015943,eosinophilic granulomatosis with polyangiitis,MONDO:0009692,Primary myelofibrosis,['PREDNISONE'],28
MONDO:0015943,eosinophilic granulomatosis with polyangiitis,MONDO:0009061,Cystic fibrosis,['PREDNISONE'],15
MONDO:0015943,eosinophilic granulomatosis with polyangiitis,MONDO:0004976,Amyotrophic lateral sclerosis,['PREDNISONE'],14
MONDO:0015943,eosinophilic granulomatosis with polyangiitis,MONDO:0011719,gastrointestinal stromal tumor,['PREDNISONE'],13
MONDO:0015943,eosinophilic granulomatosis with polyangiitis,MONDO:0019170,Polyarteritis nodosa,['AZATHIOPRIN'],2
MONDO:0015943,eosinophilic granulomatosis with polyangiitis,MONDO:0019067,Idiopathic steroid-sensitive nephrotic syndrome,['PREDNISOLONE'],3
MONDO:0018904,Primary membranoproliferative glomerulonephritis,MONDO:0016244,Atypical hemolytic uremic syndrome,['ECULIZUMAB'],32
MONDO:0018904,Primary membranoproliferative glomerulonephritis,MONDO:0019536,Shiga toxin-associated hemolytic uremic syndrome,['ECULIZUMAB'],2
MONDO:0018904,Primary membranoproliferative glomerulonephritis,MONDO:0100244,paroxysmal nocturnal hemoglobinuria,['ECULIZUMAB'],11
MONDO:0018904,Primary membranoproliferative glomerulonephritis,MONDO:0018922,Cold agglutinin disease,['ECULIZUMAB'],2
MONDO:0018904,Primary membranoproliferative glomerulonephritis,MONDO:0008542,Tetralogy of Fallot,['ENALAPRIL MALEATE'],3
MONDO:0007739,Huntington disease,MONDO:0016532,Lennox-Gastaut syndrome,['CANNABIDIOL'],11
MONDO:0007739,Huntington disease,MONDO:0018301,interstitial cystitis,['CANNABIDIOL'],2
MONDO:0007739,Huntington disease,MONDO:0004976,Amyotrophic lateral sclerosis,"['CANNABIDIOL', 'MEMANTINE HYDROCHLORIDE', 'PRIDOPIDINE', 'MEMANTINE', 'OLANZAPINE']",4
MONDO:0007739,Huntington disease,MONDO:0008840,Ataxia-telangiectasia,['METFORMIN'],2
MONDO:0007739,Huntington disease,MONDO:0008728,Classic congenital adrenal hyperplasia due to 21-hydroxylase deficiency,['METFORMIN'],2
MONDO:0007739,Huntington disease,MONDO:0001734,tuberous sclerosis,['METFORMIN'],2
MONDO:0007739,Huntington disease,MONDO:0011724,Classic glucose transporter type 1 deficiency syndrome,['TRIHEPTANOIN'],4
MONDO:0007739,Huntington disease,MONDO:0015515,Carnitine palmitoyltransferase II deficiency,['TRIHEPTANOIN'],3
MONDO:0007739,Huntington disease,MONDO:0008918,Carnitine-acylcarnitine translocase deficiency,['TRIHEPTANOIN'],3
MONDO:0007739,Huntington disease,MONDO:0012172,Mitochondrial trifunctional protein deficiency,['TRIHEPTANOIN'],3
MONDO:0007739,Huntington disease,MONDO:0009705,Carnitine palmitoyl transferase 1A deficiency,['TRIHEPTANOIN'],3
MONDO:0007739,Huntington disease,MONDO:0018906,follicular lymphoma,['RESVERATROL'],2
MONDO:0007739,Huntington disease,MONDO:0010200,Wilson disease,['BUPROPION'],2
MONDO:0007739,Huntington disease,MONDO:0011719,gastrointestinal stromal tumor,['NILOTINIB'],19
MONDO:0007739,Huntington disease,MONDO:0005388,Primary biliary cholangitis,['FENOFIBRATE'],13
MONDO:0007739,Huntington disease,MONDO:0016239,cystinosis,['MERCAPTAMINE BITARTRATE'],7
MONDO:0800175,Cardiogenic shock,MONDO:0009288,Glycogen storage disease due to glucose-6-phosphatase deficiency type Ib,['EMPAGLIFLOZINE'],2
MONDO:0010396,CDKL5-deficiency disorder,MONDO:0016532,Lennox-Gastaut syndrome,"['SOTICLESTAT', 'FENFLURAMINE HYDROCHLORIDE']",17
MONDO:0010396,CDKL5-deficiency disorder,MONDO:0100135,Dravet syndrome,"['SOTICLESTAT', 'FENFLURAMINE HYDROCHLORIDE']",17
MONDO:0010396,CDKL5-deficiency disorder,MONDO:0012081,15q11q13 microduplication syndrome,['SOTICLESTAT'],2
MONDO:0010396,CDKL5-deficiency disorder,MONDO:0019369,Complex regional pain syndrome,['SOTICLESTAT'],2
MONDO:0007119,Isolated aniridia,MONDO:0015716,Moderate hemophilia B,['ATALUREN'],2
MONDO:0007119,Isolated aniridia,MONDO:0010679,Duchenne muscular dystrophy,['ATALUREN'],26
MONDO:0007119,Isolated aniridia,MONDO:0009061,Cystic fibrosis,['ATALUREN'],22
MONDO:0007119,Isolated aniridia,MONDO:0015715,Severe hemophilia B,['ATALUREN'],2
MONDO:0007119,Isolated aniridia,MONDO:0015719,Severe hemophilia A,['ATALUREN'],2
MONDO:0016239,cystinosis,MONDO:0009061,Cystic fibrosis,['TARTRATE'],14
MONDO:0019091,Bronchopulmonary dysplasia,MONDO:0005149,Idiopathic/heritable pulmonary arterial hypertension,"['NITRIC OXIDE', 'SILDENAFIL']",46
MONDO:0019091,Bronchopulmonary dysplasia,MONDO:0800029,interstitial lung disease 2,"['NITRIC OXIDE', 'SILDENAFIL']",16
MONDO:0019091,Bronchopulmonary dysplasia,MONDO:0009061,Cystic fibrosis,"['NITRIC OXIDE', 'SILDENAFIL', 'AZITHROMYCIN']",12
MONDO:0019091,Bronchopulmonary dysplasia,MONDO:0005388,Primary biliary cholangitis,['BUDESONIDE'],11
MONDO:0019091,Bronchopulmonary dysplasia,MONDO:0015243,allergic bronchopulmonary aspergillosis,['BUDESONIDE'],9
MONDO:0019091,Bronchopulmonary dysplasia,MONDO:0019402,Beta-thalassemia,['SILDENAFIL'],7
MONDO:0019091,Bronchopulmonary dysplasia,MONDO:0100280,Waldenstrom macroglobulinemia,['SILDENAFIL'],4
MONDO:0019091,Bronchopulmonary dysplasia,MONDO:0010679,Duchenne muscular dystrophy,['SILDENAFIL'],4
MONDO:0019091,Bronchopulmonary dysplasia,MONDO:0004976,Amyotrophic lateral sclerosis,['CAFFEINE'],3
MONDO:0019091,Bronchopulmonary dysplasia,MONDO:0008728,Classic congenital adrenal hyperplasia due to 21-hydroxylase deficiency,['HYDROCORTISONE (MODIFIED RELEASE TABLET)'],3
MONDO:0019091,Bronchopulmonary dysplasia,MONDO:0100480,Addison disease,['HYDROCORTISONE'],4
MONDO:0008918,Carnitine-acylcarnitine translocase deficiency,MONDO:0011724,Classic glucose transporter type 1 deficiency syndrome,['TRIHEPTANOIN'],5
MONDO:0008918,Carnitine-acylcarnitine translocase deficiency,MONDO:0015515,Carnitine palmitoyltransferase II deficiency,['TRIHEPTANOIN'],4
MONDO:0008918,Carnitine-acylcarnitine translocase deficiency,MONDO:0012172,Mitochondrial trifunctional protein deficiency,['TRIHEPTANOIN'],4
MONDO:0008918,Carnitine-acylcarnitine translocase deficiency,MONDO:0009705,Carnitine palmitoyl transferase 1A deficiency,['TRIHEPTANOIN'],4
MONDO:0019124,microscopic polyangiitis,MONDO:0800029,interstitial lung disease 2,"['RITUXIMAB', 'PREDNISONE']",12
MONDO:0019124,microscopic polyangiitis,MONDO:0100280,Waldenstrom macroglobulinemia,"['RITUXIMAB', 'CHEMBL3210645', 'CYCLOPHOSPHAMIDE ANHYDROUS']",67
MONDO:0019124,microscopic polyangiitis,MONDO:0018906,follicular lymphoma,"['RITUXIMAB', 'CHEMBL3210645', 'PREDNISONE', 'CYCLOPHOSPHAMIDE ANHYDROUS']",90
MONDO:0019124,microscopic polyangiitis,MONDO:0007650,MALT lymphoma,"['RITUXIMAB', 'CHEMBL3210645', 'CYCLOPHOSPHAMIDE ANHYDROUS']",22
MONDO:0019124,microscopic polyangiitis,MONDO:0008558,autoimmune thrombocytopenic purpura,"['RITUXIMAB', 'CHEMBL3210645', 'PREDNISONE', 'CYCLOPHOSPHAMIDE ANHYDROUS']",19
MONDO:0019124,microscopic polyangiitis,MONDO:0012105,Granulomatosis with polyangiitis,"['RITUXIMAB', 'AZATHIOPRIN', 'AVACOPAN', 'VILOBELIMAB', 'PREDNISONE', 'INFLIXIMAB', 'CHEMBL3210645', 'MYCOPHENOLATE MOFETIL', 'CYCLOPHOSPHAMIDE ANHYDROUS']",24
MONDO:0019124,microscopic polyangiitis,MONDO:0015564,Castleman disease,"['RITUXIMAB', 'PREDNISONE', 'CYCLOPHOSPHAMIDE ANHYDROUS']",40
MONDO:0019124,microscopic polyangiitis,MONDO:0005388,Primary biliary cholangitis,['RITUXIMAB'],6
MONDO:0019124,microscopic polyangiitis,MONDO:0010602,hemophilia A,"['RITUXIMAB', 'PREDNISONE']",39
MONDO:0019124,microscopic polyangiitis,MONDO:0005072,neuroblastoma,"['RITUXIMAB', 'CHEMBL3210645', 'CYCLOPHOSPHAMIDE ANHYDROUS']",20
MONDO:0019124,microscopic polyangiitis,MONDO:0019127,polymyositis,"['RITUXIMAB', 'PREDNISONE']",14
MONDO:0019124,microscopic polyangiitis,MONDO:0009891,acquired polycythemia vera,"['CHEMBL3210645', 'PREDNISONE']",24
MONDO:0019124,microscopic polyangiitis,MONDO:0010679,Duchenne muscular dystrophy,['PREDNISONE'],30
MONDO:0019124,microscopic polyangiitis,MONDO:0006806,intermediate uveitis,['PREDNISONE'],31
MONDO:0019124,microscopic polyangiitis,MONDO:0009692,Primary myelofibrosis,"['CHEMBL3210645', 'PREDNISONE', 'CYCLOPHOSPHAMIDE ANHYDROUS']",33
MONDO:0019124,microscopic polyangiitis,MONDO:0009061,Cystic fibrosis,['PREDNISONE'],27
MONDO:0019124,microscopic polyangiitis,MONDO:0004976,Amyotrophic lateral sclerosis,"['CHEMBL3210645', 'PREDNISONE']",19
MONDO:0019124,microscopic polyangiitis,MONDO:0011719,gastrointestinal stromal tumor,['PREDNISONE'],25
MONDO:0019124,microscopic polyangiitis,MONDO:0018596,Systemic polyarteritis nodosa,['MYCOPHENOLATE MOFETIL'],2
MONDO:0019124,microscopic polyangiitis,MONDO:0008219,Pemphigus vulgaris,['MYCOPHENOLATE MOFETIL'],2
MONDO:0019124,microscopic polyangiitis,MONDO:0019067,Idiopathic steroid-sensitive nephrotic syndrome,"['RITUXIMAB', 'MYCOPHENOLATE MOFETIL']",7
MONDO:0019124,microscopic polyangiitis,MONDO:0016244,Atypical hemolytic uremic syndrome,['AVACOPAN'],8
MONDO:0019124,microscopic polyangiitis,MONDO:0019170,Polyarteritis nodosa,"['RITUXIMAB', 'AZATHIOPRIN']",4
MONDO:0019124,microscopic polyangiitis,MONDO:0018868,metachromatic leukodystrophy,['CYCLOPHOSPHAMIDE ANHYDROUS'],41
MONDO:0019124,microscopic polyangiitis,MONDO:0010006,Sandhoff disease,['CYCLOPHOSPHAMIDE ANHYDROUS'],32
MONDO:0019124,microscopic polyangiitis,MONDO:0019019,osteogenesis imperfecta,['CYCLOPHOSPHAMIDE ANHYDROUS'],32
MONDO:0019124,microscopic polyangiitis,MONDO:0019402,Beta-thalassemia,['CHEMBL3210645'],32
MONDO:0019124,microscopic polyangiitis,MONDO:0100244,paroxysmal nocturnal hemoglobinuria,['CHEMBL3210645'],23
MONDO:0019124,microscopic polyangiitis,MONDO:0018301,interstitial cystitis,['CHEMBL3210645'],18
MONDO:0019124,microscopic polyangiitis,MONDO:0019534,Mixed-type autoimmune hemolytic anemia,['RITUXIMAB'],5
MONDO:0019124,microscopic polyangiitis,MONDO:0019740,Immune-mediated thrombotic thrombocytopenic purpura,['RITUXIMAB'],7
MONDO:0019124,microscopic polyangiitis,MONDO:0015247,Opsoclonus-myoclonus syndrome,['RITUXIMAB'],7
MONDO:0019124,microscopic polyangiitis,MONDO:0019006,Genetic steroid-resistant nephrotic syndrome,['RITUXIMAB'],5
MONDO:0019124,microscopic polyangiitis,MONDO:0018977,Polyneuropathy associated with IgM monoclonal gammopathy with anti-MAG,['RITUXIMAB'],5
MONDO:0019124,microscopic polyangiitis,MONDO:0020547,Chronic graft versus host disease,['RITUXIMAB'],5
MONDO:0019124,microscopic polyangiitis,MONDO:0019535,Drug-induced autoimmune hemolytic anemia,['RITUXIMAB'],5
MONDO:0019124,microscopic polyangiitis,MONDO:0019167,Immunoglobulin A vasculitis,['RITUXIMAB'],5
MONDO:0009673,Proximal spinal muscular atrophy type 2,MONDO:0010056,Proximal spinal muscular atrophy type 4,"['ONASEMNOGENE ABEPARVOVEC', 'TALDITERCEPT ALFA', 'PYRIDOSTIGMINE', 'NUSINERSEN']",5
MONDO:0009673,Proximal spinal muscular atrophy type 2,MONDO:0009672,Proximal spinal muscular atrophy type 3,"['NUSINERSEN', 'APITEGROMAB', 'SOMATROPIN', 'RISDIPLAM', 'OLESOXIME', 'SELECTIVE SMN2 (SURVIVAL OF MOTOR NEURON 2) SPLICING MODIFIER', 'RO-7204239', 'TALDITERCEPT ALFA', 'ONASEMNOGENE ABEPARVOVEC', 'PYRIDOSTIGMINE']",10
MONDO:0009673,Proximal spinal muscular atrophy type 2,MONDO:0010679,Duchenne muscular dystrophy,['TALDITERCEPT ALFA'],7
MONDO:0009673,Proximal spinal muscular atrophy type 2,MONDO:0000050,Non-acquired isolated growth hormone deficiency,['SOMATROPIN'],4
MONDO:0009673,Proximal spinal muscular atrophy type 2,MONDO:0004976,Amyotrophic lateral sclerosis,['OLESOXIME'],15
MONDO:0009673,Proximal spinal muscular atrophy type 2,MONDO:0019079,Proximal spinal muscular atrophy,"['NUSINERSEN', 'RISDIPLAM']",9
MONDO:0009673,Proximal spinal muscular atrophy type 2,MONDO:0010532,Infantile-onset X-linked spinal muscular atrophy,['APITEGROMAB'],13
MONDO:0007407,Cryoglobulinemic vasculitis,MONDO:0007191,Behet disease,['INTERFERON ALFA 2A'],2
MONDO:0007407,Cryoglobulinemic vasculitis,MONDO:0003111,Neuroendocrine tumor of stomach,['INTERFERON ALPHA 2B'],2
MONDO:0007407,Cryoglobulinemic vasculitis,MONDO:0020331,Indolent systemic mastocytosis,['INTERFERON ALPHA 2B'],2
MONDO:0010604,Hemophilia B,MONDO:0009061,Cystic fibrosis,['ATALUREN'],13
MONDO:0010604,Hemophilia B,MONDO:0010679,Duchenne muscular dystrophy,['ATALUREN'],12
MONDO:0010604,Hemophilia B,MONDO:0010602,hemophilia A,"['CONCIZUMAB', 'ATALUREN', 'FITUSIRAN', 'MARZEPTACOG ALFA (ACTIVATED)']",10
MONDO:0010604,Hemophilia B,MONDO:0015715,Severe hemophilia B,"['NONACOG GAMMA', 'EFTRENONACOG ALFA', 'FITUSIRAN', 'CONCIZUMAB', 'MARZEPTACOG ALFA (ACTIVATED)', 'RECOMBINANT ADENO-ASSOCIATED VIRAL VECTOR SEROTYPE S3 CONTAINING CODON-OPTIMISED EXPRESSION CASSETTE ENCODING HUMAN COAGULATION FACTOR IX VARIANT', 'PEGYLATED RECOMBINANT HUMAN FACTOR IX', 'ADENO-ASSOCIATED VIRUS SEROTYPE 8 (AAV8) VECTOR EXPRESSING FIX PADUA']",10
MONDO:0010604,Hemophilia B,MONDO:0015716,Moderate hemophilia B,"['FITUSIRAN', 'CONCIZUMAB', 'RECOMBINANT ADENO-ASSOCIATED VIRAL VECTOR SEROTYPE S3 CONTAINING CODON-OPTIMISED EXPRESSION CASSETTE ENCODING HUMAN COAGULATION FACTOR IX VARIANT', 'ADENO-ASSOCIATED VIRAL VECTOR CONTAINING THE HUMAN FACTOR IX GENE', 'PEGYLATED RECOMBINANT HUMAN FACTOR IX', 'ADENO-ASSOCIATED VIRUS SEROTYPE 8 (AAV8) VECTOR EXPRESSING FIX PADUA']",13
MONDO:0010604,Hemophilia B,MONDO:0004976,Amyotrophic lateral sclerosis,['VALPROIC ACID'],2
MONDO:0010604,Hemophilia B,MONDO:0015719,Severe hemophilia A,"['FITUSIRAN', 'CONCIZUMAB']",17
MONDO:0010604,Hemophilia B,MONDO:0015721,Mild hemophilia A,['CONCIZUMAB'],4
MONDO:0010604,Hemophilia B,MONDO:0015788,Bleeding disorder in hemophilia B carriers,['PEGYLATED RECOMBINANT HUMAN FACTOR IX'],2
MONDO:0014493,Autoimmune lymphoproliferative syndrome due to CTLA4 haploinsuffiency,MONDO:0012105,Granulomatosis with polyangiitis,['ABATACEPT'],2
MONDO:0014493,Autoimmune lymphoproliferative syndrome due to CTLA4 haploinsuffiency,MONDO:0019432,Rheumatoid factor-negative polyarticular juvenile idiopathic arthritis,['ABATACEPT'],2
MONDO:0018328,Homozygous familial hypercholesterolemia,MONDO:0018637,Familial chylomicronemia syndrome,['LOMITAPIDE'],3
MONDO:0018328,Homozygous familial hypercholesterolemia,MONDO:0005388,Primary biliary cholangitis,['SELADELPAR'],10
MONDO:0015264,Cryptogenic organizing pneumonia,MONDO:0800029,interstitial lung disease 2,"['BMS 986278', 'PHOSPHODIESTERASE 4B INHIBITOR', 'BARDOXOLONE METHYL']",3
MONDO:0015264,Cryptogenic organizing pneumonia,MONDO:0018965,Alport syndrome,['BARDOXOLONE METHYL'],2
MONDO:0015264,Cryptogenic organizing pneumonia,MONDO:0004691,Autosomal dominant polycystic kidney disease,['BARDOXOLONE METHYL'],2
MONDO:0015264,Cryptogenic organizing pneumonia,MONDO:0005149,Idiopathic/heritable pulmonary arterial hypertension,['BARDOXOLONE METHYL'],2
MONDO:0015264,Cryptogenic organizing pneumonia,MONDO:0019204,Respiratory bronchiolitis-interstitial lung disease syndrome,['BARDOXOLONE METHYL'],2
MONDO:0005136,Malaria,MONDO:0007295,Rolandic epilepsy,['LEVETIRACETAM'],2
MONDO:0005136,Malaria,MONDO:0010006,Sandhoff disease,['PYRIMETHAMINE'],4
MONDO:0005136,Malaria,MONDO:0008558,autoimmune thrombocytopenic purpura,['ACETAMINOPHEN'],3
MONDO:0015293,Segmental outgrowth-lipomatosis-arteriovenous malformation-epidermal nevus syndrome,MONDO:0017177,Hemihyperplasia-multiple lipomatosis syndrome,['MIRANSERTIB'],2
MONDO:0015293,Segmental outgrowth-lipomatosis-arteriovenous malformation-epidermal nevus syndrome,MONDO:0017571,Proteus-like syndrome,['MIRANSERTIB'],2
MONDO:0015790,Central diabetes insipidus,MONDO:0008300,Prader-Willi syndrome,['OXYTOCIN'],8
MONDO:0015040,Refractory anemia with excess blasts type 1,MONDO:0007925,Myelodysplastic syndrome associated with isolated del(5q) chromosome abnormality,['DARBEPOETIN ALFA'],6
MONDO:0015040,Refractory anemia with excess blasts type 1,MONDO:0019157,Acquired idiopathic sideroblastic anemia,['DARBEPOETIN ALFA'],6
MONDO:0015040,Refractory anemia with excess blasts type 1,MONDO:0015041,Refractory anemia with excess blasts type 2,['RIGOSERTIB'],11
MONDO:0015040,Refractory anemia with excess blasts type 1,MONDO:0019310,Recessive dystrophic epidermolysis bullosa inversa,['RIGOSERTIB'],7
MONDO:0015040,Refractory anemia with excess blasts type 1,MONDO:0019522,"Autosomal recessive generalized dystrophic epidermolysis bullosa, intermediate form",['RIGOSERTIB'],7
MONDO:0100429,Intrahepatic cholestasis of pregnancy,MONDO:0005388,Primary biliary cholangitis,['URSODEOXYCHOLIC ACID'],3
MONDO:0100429,Intrahepatic cholestasis of pregnancy,MONDO:0013433,Primary sclerosing cholangitis,['URSODEOXYCHOLIC ACID'],3
MONDO:0100429,Intrahepatic cholestasis of pregnancy,MONDO:0000447,Isolated polycystic liver disease,['URSODEOXYCHOLIC ACID'],3
MONDO:0009672,Proximal spinal muscular atrophy type 3,MONDO:0018556,Lambert-Eaton myasthenic syndrome,['AMIFAMPRIDINE'],3
MONDO:0009672,Proximal spinal muscular atrophy type 3,MONDO:0010056,Proximal spinal muscular atrophy type 4,"['ONASEMNOGENE ABEPARVOVEC', 'TALDITERCEPT ALFA', 'PYRIDOSTIGMINE', 'NUSINERSEN']",5
MONDO:0009672,Proximal spinal muscular atrophy type 3,MONDO:0010679,Duchenne muscular dystrophy,['TALDITERCEPT ALFA'],7
MONDO:0009672,Proximal spinal muscular atrophy type 3,MONDO:0000050,Non-acquired isolated growth hormone deficiency,['SOMATROPIN'],4
MONDO:0009672,Proximal spinal muscular atrophy type 3,MONDO:0004976,Amyotrophic lateral sclerosis,['OLESOXIME'],15
MONDO:0009672,Proximal spinal muscular atrophy type 3,MONDO:0019079,Proximal spinal muscular atrophy,"['NUSINERSEN', 'RISDIPLAM']",12
MONDO:0009672,Proximal spinal muscular atrophy type 3,MONDO:0010532,Infantile-onset X-linked spinal muscular atrophy,['APITEGROMAB'],13
MONDO:0010679,Duchenne muscular dystrophy,MONDO:0018906,follicular lymphoma,['PREDNISONE'],192
MONDO:0010679,Duchenne muscular dystrophy,MONDO:0012105,Granulomatosis with polyangiitis,['PREDNISONE'],35
MONDO:0010679,Duchenne muscular dystrophy,MONDO:0019127,polymyositis,['PREDNISONE'],16
MONDO:0010679,Duchenne muscular dystrophy,MONDO:0009891,acquired polycythemia vera,"['TAMOXIFEN CITRATE', 'GIVINOSTAT', 'PREDNISONE']",11
MONDO:0010679,Duchenne muscular dystrophy,MONDO:0008558,autoimmune thrombocytopenic purpura,['PREDNISONE'],17
MONDO:0010679,Duchenne muscular dystrophy,MONDO:0800029,interstitial lung disease 2,"['PAMREVLUMAB', 'PREDNISONE', 'SILDENAFIL', 'IFETROBAN']",12
MONDO:0010679,Duchenne muscular dystrophy,MONDO:0015564,Castleman disease,['PREDNISONE'],10
MONDO:0010679,Duchenne muscular dystrophy,MONDO:0006806,intermediate uveitis,['PREDNISONE'],13
MONDO:0010679,Duchenne muscular dystrophy,MONDO:0009692,Primary myelofibrosis,"['TAMOXIFEN CITRATE', 'PREDNISONE']",21
MONDO:0010679,Duchenne muscular dystrophy,MONDO:0009061,Cystic fibrosis,"['ATALUREN', 'PREDNISONE', 'SILDENAFIL']",28
MONDO:0010679,Duchenne muscular dystrophy,MONDO:0004976,Amyotrophic lateral sclerosis,"['TAMOXIFEN', 'PREDNISONE']",5
MONDO:0010679,Duchenne muscular dystrophy,MONDO:0010602,hemophilia A,"['ATALUREN', 'PREDNISONE']",9
MONDO:0010679,Duchenne muscular dystrophy,MONDO:0011719,gastrointestinal stromal tumor,['PREDNISONE'],7
MONDO:0010679,Duchenne muscular dystrophy,MONDO:0015716,Moderate hemophilia B,['ATALUREN'],26
MONDO:0010679,Duchenne muscular dystrophy,MONDO:0015715,Severe hemophilia B,['ATALUREN'],26
MONDO:0010679,Duchenne muscular dystrophy,MONDO:0015719,Severe hemophilia A,['ATALUREN'],26
MONDO:0010679,Duchenne muscular dystrophy,MONDO:0005149,Idiopathic/heritable pulmonary arterial hypertension,"['TADALAFIL', 'SILDENAFIL']",129
MONDO:0010679,Duchenne muscular dystrophy,MONDO:0016301,Congenitally corrected transposition of the great arteries,['TADALAFIL'],6
MONDO:0010679,Duchenne muscular dystrophy,MONDO:0010056,Proximal spinal muscular atrophy type 4,['TALDITERCEPT ALFA'],7
MONDO:0010679,Duchenne muscular dystrophy,MONDO:0019432,Rheumatoid factor-negative polyarticular juvenile idiopathic arthritis,['GIVINOSTAT'],8
MONDO:0010679,Duchenne muscular dystrophy,MONDO:0015243,allergic bronchopulmonary aspergillosis,['DEFLAZACORT'],12
MONDO:0010679,Duchenne muscular dystrophy,MONDO:0019402,Beta-thalassemia,"['METOPROLOL', 'SILDENAFIL']",5
MONDO:0010679,Duchenne muscular dystrophy,MONDO:0100280,Waldenstrom macroglobulinemia,['SILDENAFIL'],2
MONDO:0010679,Duchenne muscular dystrophy,MONDO:0005072,neuroblastoma,['SPIRONOLACTONE'],3
MONDO:0010679,Duchenne muscular dystrophy,MONDO:0020547,Chronic graft versus host disease,['PREDNISONE'],2
MONDO:0010679,Duchenne muscular dystrophy,MONDO:0100130,Adult acute respiratory distress syndrome,['METOPROLOL'],2
MONDO:0010679,Duchenne muscular dystrophy,MONDO:0011787,FKRP-related limb-girdle muscular dystrophy R9,['LISINOPRIL'],2
MONDO:0010679,Duchenne muscular dystrophy,MONDO:0011028,Delta-sarcoglycan-related limb-girdle muscular dystrophy R6,['LISINOPRIL'],2
MONDO:0018055,Pediatric hepatocellular carcinoma,MONDO:0006292,Pleural mesothelioma,['CISPLATIN'],10
MONDO:0018055,Pediatric hepatocellular carcinoma,MONDO:0005512,Malignant peritoneal mesothelioma,['CISPLATIN'],3
MONDO:0018055,Pediatric hepatocellular carcinoma,MONDO:0018906,follicular lymphoma,['CISPLATIN'],3
MONDO:0018055,Pediatric hepatocellular carcinoma,MONDO:0009837,Papilloma of choroid plexus,['CISPLATIN'],3
MONDO:0018055,Pediatric hepatocellular carcinoma,MONDO:0005028,Adenocarcinoma of the esophagus,['CISPLATIN'],4
MONDO:0018055,Pediatric hepatocellular carcinoma,MONDO:0005072,neuroblastoma,['CISPLATIN'],3
MONDO:0018055,Pediatric hepatocellular carcinoma,MONDO:0015686,Primary peritoneal carcinoma,['CISPLATIN'],4
MONDO:0018055,Pediatric hepatocellular carcinoma,MONDO:0002142,Undifferentiated pleomorphic sarcoma,['CISPLATIN'],3
MONDO:0009837,Papilloma of choroid plexus,MONDO:0005072,neuroblastoma,"['ETOPOSIDE', 'TEMOZOLOMIDE', 'VINCRISTINE SULFATE', 'CYCLOPHOSPHAMIDE', 'CISPLATIN', 'IRINOTECAN']",7
MONDO:0009837,Papilloma of choroid plexus,MONDO:0015247,Opsoclonus-myoclonus syndrome,['CYCLOPHOSPHAMIDE'],4
MONDO:0009837,Papilloma of choroid plexus,MONDO:0017844,Szary syndrome,['CYCLOPHOSPHAMIDE'],2
MONDO:0009837,Papilloma of choroid plexus,MONDO:0019475,Subcutaneous panniculitis-like T-cell lymphoma,['CYCLOPHOSPHAMIDE'],2
MONDO:0009837,Papilloma of choroid plexus,MONDO:0100280,Waldenstrom macroglobulinemia,['CYCLOPHOSPHAMIDE'],4
MONDO:0009837,Papilloma of choroid plexus,MONDO:0020561,Myxoid/round cell liposarcoma,['CYCLOPHOSPHAMIDE'],2
MONDO:0009837,Papilloma of choroid plexus,MONDO:0002728,Rhabdoid tumor,"['CYCLOPHOSPHAMIDE', 'ETOPOSIDE', 'TEMOZOLOMIDE']",2
MONDO:0009837,Papilloma of choroid plexus,MONDO:0018906,follicular lymphoma,"['CYCLOPHOSPHAMIDE', 'ETOPOSIDE', 'CISPLATIN']",2
MONDO:0009837,Papilloma of choroid plexus,MONDO:0015686,Primary peritoneal carcinoma,"['CYCLOPHOSPHAMIDE', 'CISPLATIN']",2
MONDO:0009837,Papilloma of choroid plexus,MONDO:0800029,interstitial lung disease 2,['CYCLOPHOSPHAMIDE'],2
MONDO:0009837,Papilloma of choroid plexus,MONDO:0003646,Neuroendocrine tumor of the rectum,['TEMOZOLOMIDE'],2
MONDO:0009837,Papilloma of choroid plexus,MONDO:0019960,VIPoma,['TEMOZOLOMIDE'],2
MONDO:0009837,Papilloma of choroid plexus,MONDO:0015065,Ileal neuroendocrine tumor,['TEMOZOLOMIDE'],2
MONDO:0009837,Papilloma of choroid plexus,MONDO:0002882,Neuroendocrine tumor of the colon,['TEMOZOLOMIDE'],2
MONDO:0009837,Papilloma of choroid plexus,MONDO:0019963,Bronchial neuroendocrine tumor,['TEMOZOLOMIDE'],2
MONDO:0009837,Papilloma of choroid plexus,MONDO:0003111,Neuroendocrine tumor of stomach,['TEMOZOLOMIDE'],2
MONDO:0009837,Papilloma of choroid plexus,MONDO:0016722,Pineoblastoma,"['TEMOZOLOMIDE', 'IRINOTECAN']",2
MONDO:0009837,Papilloma of choroid plexus,MONDO:0015069,Neuroendocrine tumor of anal canal,['TEMOZOLOMIDE'],2
MONDO:0009837,Papilloma of choroid plexus,MONDO:0019964,Thymic neuroendocrine tumor,['TEMOZOLOMIDE'],2
MONDO:0009837,Papilloma of choroid plexus,MONDO:0015066,Neuroendocrine neoplasm of appendix,['TEMOZOLOMIDE'],2
MONDO:0009837,Papilloma of choroid plexus,MONDO:0019959,Glucagonoma,['TEMOZOLOMIDE'],2
MONDO:0009837,Papilloma of choroid plexus,MONDO:0006292,Pleural mesothelioma,['CISPLATIN'],9
MONDO:0009837,Papilloma of choroid plexus,MONDO:0005512,Malignant peritoneal mesothelioma,['CISPLATIN'],2
MONDO:0009837,Papilloma of choroid plexus,MONDO:0005028,Adenocarcinoma of the esophagus,['CISPLATIN'],3
MONDO:0009837,Papilloma of choroid plexus,MONDO:0002142,Undifferentiated pleomorphic sarcoma,['CISPLATIN'],2
MONDO:0009837,Papilloma of choroid plexus,MONDO:0006806,intermediate uveitis,['METHOTREXATE'],2
MONDO:0009837,Papilloma of choroid plexus,MONDO:0018092,Vogt-Koyanagi-Harada disease,['METHOTREXATE'],2
MONDO:0009837,Papilloma of choroid plexus,MONDO:0020546,Acute graft versus host disease,['METHOTREXATE'],2
MONDO:0019499,Turner syndrome,MONDO:0018997,Noonan syndrome,['SOMAPACITAN'],8
MONDO:0019499,Turner syndrome,MONDO:0000050,Non-acquired isolated growth hormone deficiency,['SOMAPACITAN'],9
MONDO:0019499,Turner syndrome,MONDO:0014403,Short stature due to GHSR deficiency,['SOMAPACITAN'],5
MONDO:0015279,Chronic mucocutaneous candidiasis,MONDO:0015243,allergic bronchopulmonary aspergillosis,['IBREXAFUNGERP'],2
MONDO:0015279,Chronic mucocutaneous candidiasis,MONDO:0019121,Pneumocystosis,['REZAFUNGIN ACETATE'],2
MONDO:0008300,Prader-Willi syndrome,MONDO:0008394,Silver-Russell syndrome,['ANASTROZOLE'],2
MONDO:0008300,Prader-Willi syndrome,MONDO:0017048,Pseudomyxoma peritonei,['ACETYLCYSTEINE'],2
MONDO:0008300,Prader-Willi syndrome,MONDO:0009061,Cystic fibrosis,['ACETYLCYSTEINE'],2
MONDO:0008300,Prader-Willi syndrome,MONDO:0800029,interstitial lung disease 2,['ACETYLCYSTEINE'],3
MONDO:0008300,Prader-Willi syndrome,MONDO:0013433,Primary sclerosing cholangitis,['ACETYLCYSTEINE'],2
MONDO:0008300,Prader-Willi syndrome,MONDO:0018907,Craniopharyngioma,['EXENATIDE'],2
MONDO:0000447,Isolated polycystic liver disease,MONDO:0003111,Neuroendocrine tumor of stomach,"['LANREOTIDE AUTOGEL', 'EVEROLIMUS']",3
MONDO:0000447,Isolated polycystic liver disease,MONDO:0015065,Ileal neuroendocrine tumor,"['LANREOTIDE AUTOGEL', 'EVEROLIMUS']",6
MONDO:0000447,Isolated polycystic liver disease,MONDO:0018975,Neurofibromatosis type 1,['EVEROLIMUS'],2
MONDO:0000447,Isolated polycystic liver disease,MONDO:0001734,tuberous sclerosis,['EVEROLIMUS'],14
MONDO:0000447,Isolated polycystic liver disease,MONDO:0019963,Bronchial neuroendocrine tumor,"['LANREOTIDE AUTOGEL', 'EVEROLIMUS']",8
MONDO:0000447,Isolated polycystic liver disease,MONDO:0003646,Neuroendocrine tumor of the rectum,"['LANREOTIDE AUTOGEL', 'EVEROLIMUS']",6
MONDO:0000447,Isolated polycystic liver disease,MONDO:0015069,Neuroendocrine tumor of anal canal,"['LANREOTIDE AUTOGEL', 'EVEROLIMUS']",5
MONDO:0000447,Isolated polycystic liver disease,MONDO:0002882,Neuroendocrine tumor of the colon,"['LANREOTIDE AUTOGEL', 'EVEROLIMUS']",2
MONDO:0000447,Isolated polycystic liver disease,MONDO:0015066,Neuroendocrine neoplasm of appendix,"['LANREOTIDE AUTOGEL', 'EVEROLIMUS']",2
MONDO:0000447,Isolated polycystic liver disease,MONDO:0007039,Full NF2-related schwannomatosis,['EVEROLIMUS'],2
MONDO:0000447,Isolated polycystic liver disease,MONDO:0020547,Chronic graft versus host disease,['EVEROLIMUS'],2
MONDO:0000447,Isolated polycystic liver disease,MONDO:0015277,Medullary thyroid carcinoma,['EVEROLIMUS'],2
MONDO:0000447,Isolated polycystic liver disease,MONDO:0019964,Thymic neuroendocrine tumor,['LANREOTIDE AUTOGEL'],3
MONDO:0000447,Isolated polycystic liver disease,MONDO:0800029,interstitial lung disease 2,['LANREOTIDE AUTOGEL'],2
MONDO:0000447,Isolated polycystic liver disease,MONDO:0019959,Glucagonoma,['LANREOTIDE AUTOGEL'],2
MONDO:0000447,Isolated polycystic liver disease,MONDO:0019960,VIPoma,['LANREOTIDE AUTOGEL'],2
MONDO:0000447,Isolated polycystic liver disease,MONDO:0005388,Primary biliary cholangitis,['URSODEOXYCHOLIC ACID'],2
MONDO:0000447,Isolated polycystic liver disease,MONDO:0013433,Primary sclerosing cholangitis,['URSODEOXYCHOLIC ACID'],2
MONDO:0008082,Multiple endocrine neoplasia type 2B,MONDO:0017366,Hereditary pheochromocytoma-paraganglioma,"['EP0031', 'SELPERCATINIB']",7
MONDO:0008082,Multiple endocrine neoplasia type 2B,MONDO:0008234,Multiple endocrine neoplasia type 2A,"['EP0031', 'SELPERCATINIB']",12
MONDO:0008082,Multiple endocrine neoplasia type 2B,MONDO:0015277,Medullary thyroid carcinoma,['SELPERCATINIB'],12
MONDO:0000754,Anal fistula,MONDO:0018092,Vogt-Koyanagi-Harada disease,['ADALIMUMAB'],10
MONDO:0000754,Anal fistula,MONDO:0019437,Enthesitis-related juvenile idiopathic arthritis,['ADALIMUMAB'],7
MONDO:0000754,Anal fistula,MONDO:0006806,intermediate uveitis,['ADALIMUMAB'],12
MONDO:0000754,Anal fistula,MONDO:0019433,Oligoarticular juvenile idiopathic arthritis,['ADALIMUMAB'],2
MONDO:0000754,Anal fistula,MONDO:0019432,Rheumatoid factor-negative polyarticular juvenile idiopathic arthritis,['ADALIMUMAB'],3
MONDO:0015715,Severe hemophilia B,MONDO:0015788,Bleeding disorder in hemophilia B carriers,"['EPTACOG ALFA (ACTIVATED)', 'GENTAMICIN', 'ANTI-INHIBITOR COAGULANT COMPLEX', 'PEGYLATED RECOMBINANT FACTOR VIIA', 'PEGYLATED RECOMBINANT HUMAN FACTOR IX']",3
MONDO:0015715,Severe hemophilia B,MONDO:0015716,Moderate hemophilia B,"['SERPINPC', 'FITUSIRAN', 'BETIBEGLOGENE AUTOTEMCEL', 'NONACOG ALFA', 'RECOMBINANT ADENO-ASSOCIATED VIRAL VECTOR SEROTYPE S3 CONTAINING CODON-OPTIMISED EXPRESSION CASSETTE ENCODING HUMAN COAGULATION FACTOR IX VARIANT', 'ATALUREN', 'PEGYLATED RECOMBINANT HUMAN FACTOR IX', 'RECOMBINANT ADENO-ASSOCIATED VIRAL VECTOR CONTAINING A CODON-OPTIMIZED PADUA DERIVATIVE OF HUMAN COAGULATION FACTOR IX CDNA (ETRANACOGENE DEZAPARVOVEC)', 'RECOMBINANT FUSION PROTEIN LINKING HUMAN COAGULATION FACTOR VIIA WITH HUMAN ALBUMIN (RVIIA-FP)', 'EPTACOG ALFA (ACTIVATED)', 'FIDANACOGENE ELAPARVOVEC', 'GENTAMICIN', 'ANTI-INHIBITOR COAGULANT COMPLEX', 'PEGYLATED RECOMBINANT FACTOR VIIA', 'SEQUENCE-MODIFIED HUMAN RECOMBINANT FACTOR VIIA', 'HUMAN COAGULATION FACTOR IX (ANTIHEMOPHILIC B FACTOR)', 'VATREPTACOG ALFA (ACTIVATED)', 'MARSTACIMAB', 'ALBUTREPENONACOG ALFA', 'CONCIZUMAB', 'ADENO-ASSOCIATED VIRUS SEROTYPE 8 (AAV8) VECTOR EXPRESSING FIX PADUA']",5
MONDO:0015715,Severe hemophilia B,MONDO:0015719,Severe hemophilia A,"['SEQUENCE-MODIFIED HUMAN RECOMBINANT FACTOR VIIA', 'EPTACOG ALFA (ACTIVATED)', 'VATREPTACOG ALFA (ACTIVATED)', 'MARSTACIMAB', 'SERPINPC', 'GENTAMICIN', 'FITUSIRAN', 'CONCIZUMAB', 'HUMAN MONOCLONAL IGG2 ANTIBODY AGAINST TISSUE FACTOR PATHWAY INHIBITOR', 'ANTI-INHIBITOR COAGULANT COMPLEX', 'RECOMBINANT FUSION PROTEIN LINKING HUMAN COAGULATION FACTOR VIIA WITH HUMAN ALBUMIN (RVIIA-FP)', 'ATALUREN', 'PEGYLATED RECOMBINANT FACTOR VIIA']",2
MONDO:0015715,Severe hemophilia B,MONDO:0016486,Beta-thalassemia major,['BETIBEGLOGENE AUTOTEMCEL'],3
MONDO:0015715,Severe hemophilia B,MONDO:0010602,hemophilia A,"['EPTACOG ALFA (ACTIVATED)', 'MARZEPTACOG ALFA (ACTIVATED)', 'FITUSIRAN', 'CONCIZUMAB']",4
MONDO:0015715,Severe hemophilia B,MONDO:0009061,Cystic fibrosis,['ATALUREN'],22
MONDO:0015715,Severe hemophilia B,MONDO:0015721,Mild hemophilia A,"['RECOMBINANT FUSION PROTEIN LINKING HUMAN COAGULATION FACTOR VIIA WITH HUMAN ALBUMIN (RVIIA-FP)', 'EPTACOG ALFA (ACTIVATED)', 'VATREPTACOG ALFA (ACTIVATED)', 'CONCIZUMAB']",6
MONDO:0017571,Proteus-like syndrome,MONDO:0017177,Hemihyperplasia-multiple lipomatosis syndrome,['MIRANSERTIB'],2
MONDO:0009376,Carbamoyl-phosphate synthetase 1 deficiency,MONDO:0008815,Argininosuccinic aciduria,['HETEROLOGOUS HUMAN ADULT LIVER DERIVED STEM CELLS'],4
MONDO:0009376,Carbamoyl-phosphate synthetase 1 deficiency,MONDO:0008988,Citrullinemia type I,['HETEROLOGOUS HUMAN ADULT LIVER DERIVED STEM CELLS'],4
MONDO:0009376,Carbamoyl-phosphate synthetase 1 deficiency,MONDO:0009377,Hyperammonemia due to N-acetylglutamate synthase deficiency,['HETEROLOGOUS HUMAN ADULT LIVER DERIVED STEM CELLS'],4
MONDO:0009376,Carbamoyl-phosphate synthetase 1 deficiency,MONDO:0008814,Argininemia,['HETEROLOGOUS HUMAN ADULT LIVER DERIVED STEM CELLS'],4
MONDO:0019402,Beta-thalassemia,MONDO:0019369,Complex regional pain syndrome,['ZOLEDRONIC ACID ANHYDROUS'],3
MONDO:0019402,Beta-thalassemia,MONDO:0005072,neuroblastoma,"['ZOLEDRONIC ACID ANHYDROUS', 'CYCLOSPORINE', 'TACROLIMUS ANHYDROUS', 'CHEMBL558551', 'FLUDARABINE', 'FILGRASTIM', 'CHEMBL3210645', 'CHEMBL3560003', 'ALEMTUZUMAB']",7
MONDO:0019402,Beta-thalassemia,MONDO:0009692,Primary myelofibrosis,"['ZOLEDRONIC ACID ANHYDROUS', 'HYDROXYUREA', 'TACROLIMUS ANHYDROUS', 'CHEMBL558551', 'FILGRASTIM', 'CHEMBL3210645', 'FLUDARABINE', 'LUSPATERCEPT']",23
MONDO:0019402,Beta-thalassemia,MONDO:0019019,osteogenesis imperfecta,"['ZOLEDRONIC ACID ANHYDROUS', 'CYCLOSPORINE']",2
MONDO:0019402,Beta-thalassemia,MONDO:0016486,Beta-thalassemia major,"['AUTOLOGOUS CD34+ CELL ENRICHED FRACTION CONTAINING HEMATOPOIETIC STEM CELLS (HSC) TRANSDUCED WITH THE GLOBE LENTIVIRAL VECTOR ENCODING FOR THE HUMAN BETA-GLOBIN GENE', 'LUSPATERCEPT']",2
MONDO:0019402,Beta-thalassemia,MONDO:0001734,tuberous sclerosis,"['CHEMBL3560003', 'SIROLIMUS']",41
MONDO:0019402,Beta-thalassemia,MONDO:0004691,Autosomal dominant polycystic kidney disease,['SIROLIMUS'],2
MONDO:0019402,Beta-thalassemia,MONDO:0018092,Vogt-Koyanagi-Harada disease,['SIROLIMUS'],5
MONDO:0019402,Beta-thalassemia,MONDO:0004976,Amyotrophic lateral sclerosis,"['TACROLIMUS ANHYDROUS', 'SIROLIMUS', 'CHEMBL558551', 'RIBAVIRIN', 'CHEMBL3210645', 'CHEMBL3560003', 'DEFERIPRONE']",22
MONDO:0019402,Beta-thalassemia,MONDO:0011927,Tufted angioma,['SIROLIMUS'],2
MONDO:0019402,Beta-thalassemia,MONDO:0006806,intermediate uveitis,"['CHEMBL3560003', 'SIROLIMUS']",24
MONDO:0019402,Beta-thalassemia,MONDO:0020561,Myxoid/round cell liposarcoma,['SIROLIMUS'],2
MONDO:0019402,Beta-thalassemia,MONDO:0020547,Chronic graft versus host disease,['SIROLIMUS'],2
MONDO:0019402,Beta-thalassemia,MONDO:0015564,Castleman disease,"['CHEMBL558551', 'CHEMBL3560003']",22
MONDO:0019402,Beta-thalassemia,MONDO:0005149,Idiopathic/heritable pulmonary arterial hypertension,"['HYDROXYUREA', 'CHEMBL3560003', 'SILDENAFIL']",24
MONDO:0019402,Beta-thalassemia,MONDO:0007650,MALT lymphoma,"['TACROLIMUS ANHYDROUS', 'CHEMBL558551', 'FILGRASTIM', 'CHEMBL3210645', 'FLUDARABINE']",53
MONDO:0019402,Beta-thalassemia,MONDO:0100280,Waldenstrom macroglobulinemia,"['CYCLOSPORINE', 'TACROLIMUS ANHYDROUS', 'CHEMBL558551', 'SILDENAFIL', 'FILGRASTIM', 'CHEMBL3210645', 'FLUDARABINE', 'ALEMTUZUMAB']",164
MONDO:0019402,Beta-thalassemia,MONDO:0018906,follicular lymphoma,"['CYCLOSPORINE', 'TACROLIMUS ANHYDROUS', 'CHEMBL558551', 'FLUDARABINE', 'FILGRASTIM', 'CHEMBL3210645', 'PLERIXAFOR']",12
MONDO:0019402,Beta-thalassemia,MONDO:0009891,acquired polycythemia vera,"['HYDROXYUREA', 'TACROLIMUS ANHYDROUS', 'PEGYLATED INTERFERON ALPHA-2A', 'CHEMBL3210645', 'FLUDARABINE', 'LUSPATERCEPT']",3
MONDO:0019402,Beta-thalassemia,MONDO:0100244,paroxysmal nocturnal hemoglobinuria,"['TACROLIMUS ANHYDROUS', 'CHEMBL3210645', 'FLUDARABINE']",21
MONDO:0019402,Beta-thalassemia,MONDO:0008558,autoimmune thrombocytopenic purpura,"['TACROLIMUS ANHYDROUS', 'CHEMBL3210645', 'CYCLOSPORINE']",11
MONDO:0019402,Beta-thalassemia,MONDO:0012105,Granulomatosis with polyangiitis,['CHEMBL3210645'],32
MONDO:0019402,Beta-thalassemia,MONDO:0018301,interstitial cystitis,['CHEMBL3210645'],16
MONDO:0019402,Beta-thalassemia,MONDO:0009061,Cystic fibrosis,['SILDENAFIL'],10
MONDO:0019402,Beta-thalassemia,MONDO:0800029,interstitial lung disease 2,"['CHEMBL558551', 'SILDENAFIL']",14
MONDO:0019402,Beta-thalassemia,MONDO:0011012,Dietary iron overload disease,"['DEFERITAZOLE', ""(S)-3'-(OH)-DESAZADESFERRITHIOCIN-POLYETHER, MAGNESIUM SALT""]",4
MONDO:0019402,Beta-thalassemia,MONDO:0015253,Diamond-Blackfan anemia,['DEFERITAZOLE'],5
MONDO:0019402,Beta-thalassemia,MONDO:0019157,Acquired idiopathic sideroblastic anemia,['LUSPATERCEPT'],5
MONDO:0019402,Beta-thalassemia,MONDO:0005789,Hepatitis delta,['PEGYLATED INTERFERON ALPHA-2A'],2
MONDO:0017048,Pseudomyxoma peritonei,MONDO:0009061,Cystic fibrosis,['ACETYLCYSTEINE'],2
MONDO:0017048,Pseudomyxoma peritonei,MONDO:0800029,interstitial lung disease 2,['ACETYLCYSTEINE'],3
MONDO:0017048,Pseudomyxoma peritonei,MONDO:0013433,Primary sclerosing cholangitis,['ACETYLCYSTEINE'],2
MONDO:0008668,Von Willebrand disease type 1,MONDO:0015628,Von Willebrand disease type 2A,['RECOMBINANT HUMAN VON WILLEBRAND FACTOR'],12
MONDO:0002142,Undifferentiated pleomorphic sarcoma,MONDO:0002728,Rhabdoid tumor,"['PALBOCICLIB', 'NINTEDANIB', 'PEMBROLIZUMAB', 'REGORAFENIB', 'ALBUMIN-BINDING PRODRUG OF DOXORUBICIN', 'OLARATUMAB', 'DOXORUBICIN HYDROCHLORIDE (LIPOSOMAL)', 'NIVOLUMAB', 'TRABECTEDIN', 'AXITINIB', 'PAZOPANIB HYDROCHLORIDE', 'IFOSFAMIDE']",4
MONDO:0002142,Undifferentiated pleomorphic sarcoma,MONDO:0005072,neuroblastoma,"['PALBOCICLIB', 'REGORAFENIB', 'CISPLATIN', 'NIVOLUMAB', 'DOXORUBICINE HYDROCHLORIDE', 'PAZOPANIB HYDROCHLORIDE', 'IFOSFAMIDE']",6
MONDO:0002142,Undifferentiated pleomorphic sarcoma,MONDO:0005512,Malignant peritoneal mesothelioma,"['PEMBROLIZUMAB', 'CISPLATIN', 'DOXORUBICINE HYDROCHLORIDE', 'VORINOSTAT']",2
MONDO:0002142,Undifferentiated pleomorphic sarcoma,MONDO:0006292,Pleural mesothelioma,"['NINTEDANIB', 'PEMBROLIZUMAB', 'CISPLATIN', 'NIVOLUMAB', 'DOXORUBICINE HYDROCHLORIDE', 'TRABECTEDIN']",9
MONDO:0002142,Undifferentiated pleomorphic sarcoma,MONDO:0020561,Myxoid/round cell liposarcoma,"['LB-100', 'NINTEDANIB', 'PEMBROLIZUMAB', 'OLARATUMAB', 'DOXORUBICIN HYDROCHLORIDE (LIPOSOMAL)', 'TRABECTEDIN', 'PAZOPANIB HYDROCHLORIDE']",4
MONDO:0002142,Undifferentiated pleomorphic sarcoma,MONDO:0015686,Primary peritoneal carcinoma,"['NINTEDANIB', 'PEMBROLIZUMAB', 'CISPLATIN', 'NIVOLUMAB', 'DOXORUBICIN HYDROCHLORIDE (LIPOSOMAL)', 'TRABECTEDIN', 'PAZOPANIB HYDROCHLORIDE']",8
MONDO:0002142,Undifferentiated pleomorphic sarcoma,MONDO:0016238,Solitary fibrous tumor,"['PALBOCICLIB', 'NINTEDANIB', 'REGORAFENIB', 'ALBUMIN-BINDING PRODRUG OF DOXORUBICIN', 'OLARATUMAB', 'DOXORUBICIN HYDROCHLORIDE (LIPOSOMAL)', 'NIVOLUMAB', 'TRABECTEDIN', 'AXITINIB', 'PAZOPANIB HYDROCHLORIDE', 'SUNITINIB MALATE', 'VORINOSTAT']",4
MONDO:0002142,Undifferentiated pleomorphic sarcoma,MONDO:0005055,Kaposi\'s sarcoma,"['PALBOCICLIB', 'REGORAFENIB', 'DOXORUBICIN HYDROCHLORIDE (LIPOSOMAL)', 'AXITINIB', 'TRABECTEDIN', 'PAZOPANIB HYDROCHLORIDE']",4
MONDO:0002142,Undifferentiated pleomorphic sarcoma,MONDO:0005103,Well-differentiated liposarcoma,"['TRABECTEDIN', 'PAZOPANIB HYDROCHLORIDE', 'PALBOCICLIB']",4
MONDO:0002142,Undifferentiated pleomorphic sarcoma,MONDO:0018906,follicular lymphoma,"['PEMBROLIZUMAB', 'CISPLATIN', 'NIVOLUMAB', 'DOXORUBICIN HYDROCHLORIDE (LIPOSOMAL)']",2
MONDO:0002142,Undifferentiated pleomorphic sarcoma,MONDO:0009691,Classic mycosis fungoides,['DOXORUBICIN HYDROCHLORIDE (LIPOSOMAL)'],6
MONDO:0002142,Undifferentiated pleomorphic sarcoma,MONDO:0018271,Peripheral primitive neuroectodermal tumor,"['REGORAFENIB', 'PAZOPANIB HYDROCHLORIDE', 'ALBUMIN-BINDING PRODRUG OF DOXORUBICIN']",4
MONDO:0002142,Undifferentiated pleomorphic sarcoma,MONDO:0800029,interstitial lung disease 2,['NINTEDANIB'],18
MONDO:0002142,Undifferentiated pleomorphic sarcoma,MONDO:0011719,gastrointestinal stromal tumor,"['PALBOCICLIB', 'REGORAFENIB', 'SELINEXOR', 'OLARATUMAB', 'PAZOPANIB HYDROCHLORIDE', 'SUNITINIB MALATE']",4
MONDO:0002142,Undifferentiated pleomorphic sarcoma,MONDO:0005028,Adenocarcinoma of the esophagus,"['PEMBROLIZUMAB', 'REGORAFENIB', 'CISPLATIN', 'NIVOLUMAB']",2
MONDO:0002142,Undifferentiated pleomorphic sarcoma,MONDO:0009891,acquired polycythemia vera,['SELINEXOR'],2
MONDO:0002142,Undifferentiated pleomorphic sarcoma,MONDO:0009692,Primary myelofibrosis,"['SELINEXOR', 'NIVOLUMAB']",2
MONDO:0002142,Undifferentiated pleomorphic sarcoma,MONDO:0017366,Hereditary pheochromocytoma-paraganglioma,['SUNITINIB MALATE'],3
MONDO:0002142,Undifferentiated pleomorphic sarcoma,MONDO:0015277,Medullary thyroid carcinoma,"['PEMBROLIZUMAB', 'SUNITINIB MALATE']",2
MONDO:0002142,Undifferentiated pleomorphic sarcoma,MONDO:0019963,Bronchial neuroendocrine tumor,"['PEMBROLIZUMAB', 'PAZOPANIB HYDROCHLORIDE']",4
MONDO:0002142,Undifferentiated pleomorphic sarcoma,MONDO:0019964,Thymic neuroendocrine tumor,['PAZOPANIB HYDROCHLORIDE'],4
MONDO:0002142,Undifferentiated pleomorphic sarcoma,MONDO:0016681,Gliosarcoma,['AXITINIB'],2
MONDO:0002142,Undifferentiated pleomorphic sarcoma,MONDO:0002882,Neuroendocrine tumor of the colon,['PEMBROLIZUMAB'],2
MONDO:0002142,Undifferentiated pleomorphic sarcoma,MONDO:0006468,Anaplastic thyroid carcinoma,['PEMBROLIZUMAB'],2
MONDO:0002142,Undifferentiated pleomorphic sarcoma,MONDO:0003646,Neuroendocrine tumor of the rectum,['PEMBROLIZUMAB'],2
MONDO:0002142,Undifferentiated pleomorphic sarcoma,MONDO:0017844,Szary syndrome,['NIVOLUMAB'],2
MONDO:0002142,Undifferentiated pleomorphic sarcoma,MONDO:0019475,Subcutaneous panniculitis-like T-cell lymphoma,['NIVOLUMAB'],2
MONDO:0006664,Interatrial communication,MONDO:0018089,Double outlet right ventricle,"['BLOOD-COAGULATION FACTOR XA INHIBITOR', 'EDOXABAN', 'APIXABAN']",2
MONDO:0006664,Interatrial communication,MONDO:0018072,Truncus arteriosus,"['BLOOD-COAGULATION FACTOR XA INHIBITOR', 'EDOXABAN', 'APIXABAN']",2
MONDO:0006664,Interatrial communication,MONDO:0005149,Idiopathic/heritable pulmonary arterial hypertension,['BOSENTAN'],14
MONDO:0006664,Interatrial communication,MONDO:0017148,Heritable pulmonary arterial hypertension,['BOSENTAN'],2
MONDO:0006664,Interatrial communication,MONDO:0800029,interstitial lung disease 2,['BOSENTAN'],3
MONDO:0006664,Interatrial communication,MONDO:0018048,Heparin-induced thrombocytopenia,['BLOOD-COAGULATION FACTOR XA INHIBITOR'],2
MONDO:0005312,Pouchitis,MONDO:0005388,Primary biliary cholangitis,['USTEKINUMAB'],2
MONDO:0017746,Atypical Rett syndrome,MONDO:0016532,Lennox-Gastaut syndrome,['CANNABIDIOL'],3
MONDO:0017746,Atypical Rett syndrome,MONDO:0001734,tuberous sclerosis,['CANNABIDIOL'],3
MONDO:0017746,Atypical Rett syndrome,MONDO:0100135,Dravet syndrome,['CANNABIDIOL'],3
MONDO:0008815,Argininosuccinic aciduria,MONDO:0008988,Citrullinemia type I,['HETEROLOGOUS HUMAN ADULT LIVER DERIVED STEM CELLS'],4
MONDO:0008815,Argininosuccinic aciduria,MONDO:0009377,Hyperammonemia due to N-acetylglutamate synthase deficiency,['HETEROLOGOUS HUMAN ADULT LIVER DERIVED STEM CELLS'],4
MONDO:0008815,Argininosuccinic aciduria,MONDO:0008814,Argininemia,['HETEROLOGOUS HUMAN ADULT LIVER DERIVED STEM CELLS'],4
MONDO:0025667,Limbal stem cell deficiency,MONDO:0018229,Stevens-Johnson syndrome,['EX VIVO EXPANDED AUTOLOGOUS HUMAN CORNEAL EPITHELIUM CONTAINING STEM CELLS'],2
MONDO:0015059,Progressive non-fluent aphasia,MONDO:0010857,Semantic dementia,['LATOZINEMAB'],2
MONDO:0016079,Sporadic Creutzfeldt-Jakob disease,MONDO:0007650,MALT lymphoma,['DOXYCYCLINE HYCLATE'],2
MONDO:0015277,Medullary thyroid carcinoma,MONDO:0019963,Bronchial neuroendocrine tumor,"['DURVALUMAB', 'EVEROLIMUS', 'PEMBROLIZUMAB', 'PASIREOTIDE', 'TREMELIMUMAB']",2
MONDO:0015277,Medullary thyroid carcinoma,MONDO:0015686,Primary peritoneal carcinoma,"['PEMBROLIZUMAB', 'DURVALUMAB']",7
MONDO:0015277,Medullary thyroid carcinoma,MONDO:0006468,Anaplastic thyroid carcinoma,"['PEMBROLIZUMAB', 'TREMELIMUMAB', 'DURVALUMAB']",2
MONDO:0015277,Medullary thyroid carcinoma,MONDO:0018906,follicular lymphoma,"['PEMBROLIZUMAB', 'DURVALUMAB']",2
MONDO:0015277,Medullary thyroid carcinoma,MONDO:0006292,Pleural mesothelioma,"['PEMBROLIZUMAB', 'TREMELIMUMAB', 'DURVALUMAB']",3
MONDO:0015277,Medullary thyroid carcinoma,MONDO:0005028,Adenocarcinoma of the esophagus,"['PEMBROLIZUMAB', 'DURVALUMAB', 'LENVATINIB']",4
MONDO:0015277,Medullary thyroid carcinoma,MONDO:0007039,Full NF2-related schwannomatosis,"['SORAFENIB TOSYLATE', 'EVEROLIMUS']",2
MONDO:0015277,Medullary thyroid carcinoma,MONDO:0016035,Nelson syndrome,['PASIREOTIDE'],2
MONDO:0015277,Medullary thyroid carcinoma,MONDO:0003111,Neuroendocrine tumor of stomach,"['CABOZANTINIB', 'EVEROLIMUS']",2
MONDO:0015277,Medullary thyroid carcinoma,MONDO:0015065,Ileal neuroendocrine tumor,['EVEROLIMUS'],6
MONDO:0015277,Medullary thyroid carcinoma,MONDO:0018975,Neurofibromatosis type 1,['EVEROLIMUS'],2
MONDO:0015277,Medullary thyroid carcinoma,MONDO:0001734,tuberous sclerosis,['EVEROLIMUS'],14
MONDO:0015277,Medullary thyroid carcinoma,MONDO:0003646,Neuroendocrine tumor of the rectum,"['PEMBROLIZUMAB', 'CABOZANTINIB', 'EVEROLIMUS']",2
MONDO:0015277,Medullary thyroid carcinoma,MONDO:0015069,Neuroendocrine tumor of anal canal,['EVEROLIMUS'],5
MONDO:0015277,Medullary thyroid carcinoma,MONDO:0002882,Neuroendocrine tumor of the colon,"['PEMBROLIZUMAB', 'EVEROLIMUS']",2
MONDO:0015277,Medullary thyroid carcinoma,MONDO:0015066,Neuroendocrine neoplasm of appendix,['EVEROLIMUS'],2
MONDO:0015277,Medullary thyroid carcinoma,MONDO:0020547,Chronic graft versus host disease,['EVEROLIMUS'],2
MONDO:0015277,Medullary thyroid carcinoma,MONDO:0017366,Hereditary pheochromocytoma-paraganglioma,"['SELPERCATINIB', 'SUNITINIB MALATE']",3
MONDO:0015277,Medullary thyroid carcinoma,MONDO:0008234,Multiple endocrine neoplasia type 2A,['SELPERCATINIB'],12
MONDO:0015277,Medullary thyroid carcinoma,MONDO:0005512,Malignant peritoneal mesothelioma,"['PEMBROLIZUMAB', 'TREMELIMUMAB']",7
MONDO:0015277,Medullary thyroid carcinoma,MONDO:0011719,gastrointestinal stromal tumor,"['CABOZANTINIB', 'SUNITINIB MALATE']",6
MONDO:0015277,Medullary thyroid carcinoma,MONDO:0016238,Solitary fibrous tumor,['SUNITINIB MALATE'],3
MONDO:0015277,Medullary thyroid carcinoma,MONDO:0019964,Thymic neuroendocrine tumor,['CABOZANTINIB'],4
MONDO:0015277,Medullary thyroid carcinoma,MONDO:0020561,Myxoid/round cell liposarcoma,['PEMBROLIZUMAB'],2
MONDO:0015277,Medullary thyroid carcinoma,MONDO:0002728,Rhabdoid tumor,['PEMBROLIZUMAB'],2
MONDO:0009823,Primary hyperoxaluria type 1,MONDO:0009824,Primary hyperoxaluria type 2,"['NEDOSIRAN', 'OXALOBACTER FORMIGENES STRAIN HC-1']",10
MONDO:0009823,Primary hyperoxaluria type 1,MONDO:0002474,Primary hyperoxaluria,"['NEDOSIRAN', 'OXALOBACTER FORMIGENES STRAIN HC-1']",9
MONDO:0020546,Acute graft versus host disease,MONDO:0009891,acquired polycythemia vera,"['ITACITINIB', 'RUXOLITINIB']",6
MONDO:0020546,Acute graft versus host disease,MONDO:0009692,Primary myelofibrosis,"['ITACITINIB', 'RUXOLITINIB']",31
MONDO:0020546,Acute graft versus host disease,MONDO:0020547,Chronic graft versus host disease,"['ITACITINIB', 'RUXOLITINIB', 'METHOXSALEN']",4
MONDO:0020546,Acute graft versus host disease,MONDO:0005388,Primary biliary cholangitis,['BUDESONIDE'],4
MONDO:0020546,Acute graft versus host disease,MONDO:0019167,Immunoglobulin A vasculitis,['BUDESONIDE'],2
MONDO:0020546,Acute graft versus host disease,MONDO:0013433,Primary sclerosing cholangitis,['VEDOLIZUMAB'],7
MONDO:0020546,Acute graft versus host disease,MONDO:0006806,intermediate uveitis,['METHOTREXATE'],2
MONDO:0020546,Acute graft versus host disease,MONDO:0018092,Vogt-Koyanagi-Harada disease,['METHOTREXATE'],2
MONDO:0020546,Acute graft versus host disease,MONDO:0017844,Szary syndrome,['METHOXSALEN'],2
MONDO:0020546,Acute graft versus host disease,MONDO:0009691,Classic mycosis fungoides,['METHOXSALEN'],2
MONDO:0015247,Opsoclonus-myoclonus syndrome,MONDO:0017844,Szary syndrome,['CYCLOPHOSPHAMIDE'],4
MONDO:0015247,Opsoclonus-myoclonus syndrome,MONDO:0019475,Subcutaneous panniculitis-like T-cell lymphoma,['CYCLOPHOSPHAMIDE'],4
MONDO:0015247,Opsoclonus-myoclonus syndrome,MONDO:0100280,Waldenstrom macroglobulinemia,"['CYCLOPHOSPHAMIDE', 'RITUXIMAB', 'DEXAMETHASONE']",5
MONDO:0015247,Opsoclonus-myoclonus syndrome,MONDO:0005072,neuroblastoma,['CYCLOPHOSPHAMIDE'],5
MONDO:0015247,Opsoclonus-myoclonus syndrome,MONDO:0020561,Myxoid/round cell liposarcoma,['CYCLOPHOSPHAMIDE'],4
MONDO:0015247,Opsoclonus-myoclonus syndrome,MONDO:0002728,Rhabdoid tumor,['CYCLOPHOSPHAMIDE'],4
MONDO:0015247,Opsoclonus-myoclonus syndrome,MONDO:0018906,follicular lymphoma,"['CYCLOPHOSPHAMIDE', 'RITUXIMAB']",6
MONDO:0015247,Opsoclonus-myoclonus syndrome,MONDO:0015686,Primary peritoneal carcinoma,['CYCLOPHOSPHAMIDE'],4
MONDO:0015247,Opsoclonus-myoclonus syndrome,MONDO:0800029,interstitial lung disease 2,"['CYCLOPHOSPHAMIDE', 'RITUXIMAB']",4
MONDO:0015247,Opsoclonus-myoclonus syndrome,MONDO:0019127,polymyositis,"['RITUXIMAB', 'DEXAMETHASONE']",4
MONDO:0015247,Opsoclonus-myoclonus syndrome,MONDO:0100130,Adult acute respiratory distress syndrome,['DEXAMETHASONE'],4
MONDO:0015247,Opsoclonus-myoclonus syndrome,MONDO:0019534,Mixed-type autoimmune hemolytic anemia,['RITUXIMAB'],4
MONDO:0015247,Opsoclonus-myoclonus syndrome,MONDO:0019740,Immune-mediated thrombotic thrombocytopenic purpura,['RITUXIMAB'],6
MONDO:0015247,Opsoclonus-myoclonus syndrome,MONDO:0007650,MALT lymphoma,['RITUXIMAB'],8
MONDO:0015247,Opsoclonus-myoclonus syndrome,MONDO:0012105,Granulomatosis with polyangiitis,['RITUXIMAB'],8
MONDO:0015247,Opsoclonus-myoclonus syndrome,MONDO:0005388,Primary biliary cholangitis,['RITUXIMAB'],4
MONDO:0015247,Opsoclonus-myoclonus syndrome,MONDO:0019006,Genetic steroid-resistant nephrotic syndrome,['RITUXIMAB'],4
MONDO:0015247,Opsoclonus-myoclonus syndrome,MONDO:0008558,autoimmune thrombocytopenic purpura,['RITUXIMAB'],5
MONDO:0015247,Opsoclonus-myoclonus syndrome,MONDO:0018977,Polyneuropathy associated with IgM monoclonal gammopathy with anti-MAG,['RITUXIMAB'],4
MONDO:0015247,Opsoclonus-myoclonus syndrome,MONDO:0019170,Polyarteritis nodosa,['RITUXIMAB'],4
MONDO:0015247,Opsoclonus-myoclonus syndrome,MONDO:0020547,Chronic graft versus host disease,['RITUXIMAB'],4
MONDO:0015247,Opsoclonus-myoclonus syndrome,MONDO:0019067,Idiopathic steroid-sensitive nephrotic syndrome,['RITUXIMAB'],4
MONDO:0015247,Opsoclonus-myoclonus syndrome,MONDO:0019535,Drug-induced autoimmune hemolytic anemia,['RITUXIMAB'],4
MONDO:0015247,Opsoclonus-myoclonus syndrome,MONDO:0019167,Immunoglobulin A vasculitis,['RITUXIMAB'],4
MONDO:0016575,Primary ciliary dyskinesia,MONDO:0009061,Cystic fibrosis,"['IVACAFTOR', 'AZITHROMYCIN']",148
MONDO:0016575,Primary ciliary dyskinesia,MONDO:0800029,interstitial lung disease 2,"['(S)-ALBUTEROL', 'AZITHROMYCIN']",2
MONDO:0016575,Primary ciliary dyskinesia,MONDO:0007650,MALT lymphoma,['AZITHROMYCIN'],4
MONDO:0016575,Primary ciliary dyskinesia,MONDO:0004976,Amyotrophic lateral sclerosis,['(S)-ALBUTEROL'],2
MONDO:0005055,Kaposi\'s sarcoma,MONDO:0018906,follicular lymphoma,"['CHEMBL1740907', 'ETOPOSIDE', 'PEMBROLIZUMAB', 'CHEMBL4303800', 'DOXORUBICIN HYDROCHLORIDE (LIPOSOMAL)', 'LENALIDOMIDE', 'BEVACIZUMAB', 'CHEMBL256907']",4
MONDO:0005055,Kaposi\'s sarcoma,MONDO:0005072,neuroblastoma,"['CHEMBL1740907', 'PALBOCICLIB', 'ETOPOSIDE', 'PEMBROLIZUMAB', 'REGORAFENIB', 'CHEMBL4303800', 'PAZOPANIB HYDROCHLORIDE', 'ABEMACICLIB', 'LENALIDOMIDE', 'BEVACIZUMAB']",6
MONDO:0005055,Kaposi\'s sarcoma,MONDO:0015564,Castleman disease,"['CHEMBL1740907', 'ETOPOSIDE', 'POMALIDOMIDE', 'CHEMBL4303800']",3
MONDO:0005055,Kaposi\'s sarcoma,MONDO:0015686,Primary peritoneal carcinoma,"['TRABECTEDIN', 'PAZOPANIB HYDROCHLORIDE', 'DOXORUBICIN HYDROCHLORIDE (LIPOSOMAL)']",7
MONDO:0005055,Kaposi\'s sarcoma,MONDO:0002728,Rhabdoid tumor,"['PALBOCICLIB', 'REGORAFENIB', 'DOXORUBICIN HYDROCHLORIDE (LIPOSOMAL)', 'AXITINIB', 'TRABECTEDIN', 'PAZOPANIB HYDROCHLORIDE']",3
MONDO:0005055,Kaposi\'s sarcoma,MONDO:0020561,Myxoid/round cell liposarcoma,"['TRABECTEDIN', 'PAZOPANIB HYDROCHLORIDE', 'DOXORUBICIN HYDROCHLORIDE (LIPOSOMAL)']",4
MONDO:0005055,Kaposi\'s sarcoma,MONDO:0006292,Pleural mesothelioma,['TRABECTEDIN'],3
MONDO:0005055,Kaposi\'s sarcoma,MONDO:0016238,Solitary fibrous tumor,"['PALBOCICLIB', 'REGORAFENIB', 'DOXORUBICIN HYDROCHLORIDE (LIPOSOMAL)', 'AXITINIB', 'TRABECTEDIN', 'PAZOPANIB HYDROCHLORIDE']",2
MONDO:0005055,Kaposi\'s sarcoma,MONDO:0005103,Well-differentiated liposarcoma,"['TRABECTEDIN', 'PAZOPANIB HYDROCHLORIDE', 'PALBOCICLIB']",2
MONDO:0005055,Kaposi\'s sarcoma,MONDO:0009691,Classic mycosis fungoides,['DOXORUBICIN HYDROCHLORIDE (LIPOSOMAL)'],5
MONDO:0005055,Kaposi\'s sarcoma,MONDO:0011719,gastrointestinal stromal tumor,"['PALBOCICLIB', 'PEMBROLIZUMAB', 'CHEMBL48', 'REGORAFENIB', 'SUNITINIB', 'PAZOPANIB HYDROCHLORIDE', 'BEVACIZUMAB']",16
MONDO:0005055,Kaposi\'s sarcoma,MONDO:0018851,Familial keratoacanthoma,['DARLEUKIN/FIBROMUN'],2
MONDO:0005055,Kaposi\'s sarcoma,MONDO:0005789,Hepatitis delta,['RITONAVIR'],8
MONDO:0005055,Kaposi\'s sarcoma,MONDO:0004976,Amyotrophic lateral sclerosis,['RITONAVIR'],2
MONDO:0005055,Kaposi\'s sarcoma,MONDO:0007650,MALT lymphoma,"['LENALIDOMIDE', 'ETOPOSIDE']",75
MONDO:0005055,Kaposi\'s sarcoma,MONDO:0100280,Waldenstrom macroglobulinemia,"['CHEMBL1740907', 'ETOPOSIDE', 'PEMBROLIZUMAB', 'POMALIDOMIDE', 'LENALIDOMIDE']",29
MONDO:0005055,Kaposi\'s sarcoma,MONDO:0008558,autoimmune thrombocytopenic purpura,['CHEMBL1740907'],6
MONDO:0005055,Kaposi\'s sarcoma,MONDO:0009891,acquired polycythemia vera,"['LENALIDOMIDE', 'POMALIDOMIDE']",7
MONDO:0005055,Kaposi\'s sarcoma,MONDO:0009692,Primary myelofibrosis,"['LENALIDOMIDE', 'POMALIDOMIDE']",8
MONDO:0005055,Kaposi\'s sarcoma,MONDO:0019963,Bronchial neuroendocrine tumor,['PAZOPANIB HYDROCHLORIDE'],3
MONDO:0005055,Kaposi\'s sarcoma,MONDO:0018271,Peripheral primitive neuroectodermal tumor,"['REGORAFENIB', 'PAZOPANIB HYDROCHLORIDE']",4
MONDO:0005055,Kaposi\'s sarcoma,MONDO:0019964,Thymic neuroendocrine tumor,['PAZOPANIB HYDROCHLORIDE'],3
MONDO:0005055,Kaposi\'s sarcoma,MONDO:0016681,Gliosarcoma,['AXITINIB'],2
MONDO:0005055,Kaposi\'s sarcoma,MONDO:0019369,Complex regional pain syndrome,['LENALIDOMIDE'],4
MONDO:0005055,Kaposi\'s sarcoma,MONDO:0005028,Adenocarcinoma of the esophagus,['REGORAFENIB'],2
MONDO:0006292,Pleural mesothelioma,MONDO:0005512,Malignant peritoneal mesothelioma,"['RANPIRNASE', 'PEMBROLIZUMAB', 'CISPLATIN', 'DOXORUBICINE HYDROCHLORIDE', 'TREMELIMUMAB', 'NGR-HUMAN TUMOUR NECROSIS FACTOR']",9
MONDO:0006292,Pleural mesothelioma,MONDO:0005072,neuroblastoma,"['ATEZOLIZUMAB', 'CISPLATIN', 'NIVOLUMAB', 'DOXORUBICINE HYDROCHLORIDE']",8
MONDO:0006292,Pleural mesothelioma,MONDO:0019963,Bronchial neuroendocrine tumor,"['PEMBROLIZUMAB', 'TREMELIMUMAB', 'DURVALUMAB']",3
MONDO:0006292,Pleural mesothelioma,MONDO:0015686,Primary peritoneal carcinoma,"['GANETESPIB', 'DURVALUMAB', 'IPILIMUMAB', 'NINTEDANIB', 'LURBINECTEDIN', 'ATEZOLIZUMAB', 'CISPLATIN', 'PEMBROLIZUMAB', 'NIVOLUMAB', 'TRABECTEDIN', 'GEMCITABINE HYDROCHLORIDE', 'BEVACIZUMAB']",6
MONDO:0006292,Pleural mesothelioma,MONDO:0006468,Anaplastic thyroid carcinoma,"['PEMBROLIZUMAB', 'TREMELIMUMAB', 'DURVALUMAB', 'PEMETREXED']",3
MONDO:0006292,Pleural mesothelioma,MONDO:0018906,follicular lymphoma,"['DURVALUMAB', 'PEMBROLIZUMAB', 'ATEZOLIZUMAB', 'CISPLATIN', 'NIVOLUMAB', 'GEMCITABINE HYDROCHLORIDE']",6
MONDO:0006292,Pleural mesothelioma,MONDO:0005028,Adenocarcinoma of the esophagus,"['DURVALUMAB', 'PEMBROLIZUMAB', 'ATEZOLIZUMAB', 'CISPLATIN', 'NIVOLUMAB']",6
MONDO:0006292,Pleural mesothelioma,MONDO:0002728,Rhabdoid tumor,"['PEMBROLIZUMAB', 'TRABECTEDIN', 'NIVOLUMAB', 'NINTEDANIB']",3
MONDO:0006292,Pleural mesothelioma,MONDO:0020561,Myxoid/round cell liposarcoma,"['PEMBROLIZUMAB', 'TRABECTEDIN', 'NINTEDANIB']",4
MONDO:0006292,Pleural mesothelioma,MONDO:0016238,Solitary fibrous tumor,"['TRABECTEDIN', 'NIVOLUMAB', 'NINTEDANIB']",2
MONDO:0006292,Pleural mesothelioma,MONDO:0005103,Well-differentiated liposarcoma,['TRABECTEDIN'],2
MONDO:0006292,Pleural mesothelioma,MONDO:0800029,interstitial lung disease 2,['NINTEDANIB'],21
MONDO:0006292,Pleural mesothelioma,MONDO:0016681,Gliosarcoma,['BEVACIZUMAB'],3
MONDO:0006292,Pleural mesothelioma,MONDO:0011719,gastrointestinal stromal tumor,['IMATINIB MESILATE'],17
MONDO:0006292,Pleural mesothelioma,MONDO:0005149,Idiopathic/heritable pulmonary arterial hypertension,['IMATINIB MESILATE'],11
MONDO:0006292,Pleural mesothelioma,MONDO:0020331,Indolent systemic mastocytosis,['IMATINIB MESILATE'],2
MONDO:0006292,Pleural mesothelioma,MONDO:0015796,Acute lung injury,['IMATINIB MESILATE'],2
MONDO:0006292,Pleural mesothelioma,MONDO:0009691,Classic mycosis fungoides,"['ATEZOLIZUMAB', 'GEMCITABINE HYDROCHLORIDE']",7
MONDO:0006292,Pleural mesothelioma,MONDO:0015278,Familial pancreatic carcinoma,['GEMCITABINE HYDROCHLORIDE'],4
MONDO:0006292,Pleural mesothelioma,MONDO:0004633,"Classic Hodgkin lymphoma, mixed cellularity type",['GEMCITABINE HYDROCHLORIDE'],3
MONDO:0006292,Pleural mesothelioma,MONDO:0100280,Waldenstrom macroglobulinemia,"['ATEZOLIZUMAB', 'GEMCITABINE HYDROCHLORIDE']",6
MONDO:0006292,Pleural mesothelioma,MONDO:0017844,Szary syndrome,"['ATEZOLIZUMAB', 'GEMCITABINE HYDROCHLORIDE', 'NIVOLUMAB']",6
MONDO:0006292,Pleural mesothelioma,MONDO:0019475,Subcutaneous panniculitis-like T-cell lymphoma,"['GEMCITABINE HYDROCHLORIDE', 'NIVOLUMAB']",2
MONDO:0006292,Pleural mesothelioma,MONDO:0007650,MALT lymphoma,['ATEZOLIZUMAB'],6
MONDO:0006292,Pleural mesothelioma,MONDO:0002882,Neuroendocrine tumor of the colon,['PEMBROLIZUMAB'],3
MONDO:0006292,Pleural mesothelioma,MONDO:0003646,Neuroendocrine tumor of the rectum,['PEMBROLIZUMAB'],3
MONDO:0006292,Pleural mesothelioma,MONDO:0009692,Primary myelofibrosis,['NIVOLUMAB'],2
MONDO:0017385,Malignant migrating focal seizures of infancy,MONDO:0100135,Dravet syndrome,['PRAX-562'],2
MONDO:0017385,Malignant migrating focal seizures of infancy,MONDO:0018214,Generalized epilepsy with febrile seizures-plus,['PRAX-562'],2
MONDO:0017385,Malignant migrating focal seizures of infancy,MONDO:0017615,Benign familial infantile epilepsy,['PRAX-562'],2
MONDO:0800029,interstitial lung disease 2,MONDO:0100280,Waldenstrom macroglobulinemia,"['RITUXIMAB', 'VISMODEGIB', 'CYCLOPHOSPHAMIDE', 'CHEMBL558551', 'SILDENAFIL']",9
MONDO:0800029,interstitial lung disease 2,MONDO:0018906,follicular lymphoma,"['RITUXIMAB', 'VISMODEGIB', 'CYCLOPHOSPHAMIDE', 'CHEMBL558551', 'PREDNISONE']",187
MONDO:0800029,interstitial lung disease 2,MONDO:0007650,MALT lymphoma,"['RITUXIMAB', 'CHEMBL558551', 'ESOMEPRAZOLE', 'AZITHROMYCIN']",13
MONDO:0800029,interstitial lung disease 2,MONDO:0008558,autoimmune thrombocytopenic purpura,"['HUMAN NORMAL IMMUNOGLOBULIN', 'RITUXIMAB', 'ANTI-BAFF (B-CELL-ACTIVATING FACTOR) MONOCLONAL ANTIBODY', 'PREDNISONE']",10
MONDO:0800029,interstitial lung disease 2,MONDO:0012105,Granulomatosis with polyangiitis,"['RITUXIMAB', 'PREDNISONE']",46
MONDO:0800029,interstitial lung disease 2,MONDO:0015564,Castleman disease,"['RITUXIMAB', 'CHEMBL558551', 'PREDNISONE']",12
MONDO:0800029,interstitial lung disease 2,MONDO:0005388,Primary biliary cholangitis,"['RITUXIMAB', 'SETANAXIB']",11
MONDO:0800029,interstitial lung disease 2,MONDO:0010602,hemophilia A,"['RITUXIMAB', 'PREDNISONE']",11
MONDO:0800029,interstitial lung disease 2,MONDO:0005072,neuroblastoma,"['CYCLOPHOSPHAMIDE', 'RITUXIMAB', 'CHEMBL558551']",11
MONDO:0800029,interstitial lung disease 2,MONDO:0019127,polymyositis,"['RITUXIMAB', 'PREDNISONE']",11
MONDO:0800029,interstitial lung disease 2,MONDO:0009891,acquired polycythemia vera,['PREDNISONE'],12
MONDO:0800029,interstitial lung disease 2,MONDO:0006806,intermediate uveitis,['PREDNISONE'],12
MONDO:0800029,interstitial lung disease 2,MONDO:0009692,Primary myelofibrosis,"['CHEMBL558551', 'PREDNISONE']",6
MONDO:0800029,interstitial lung disease 2,MONDO:0009061,Cystic fibrosis,"['NITRIC OXIDE', 'MEDICAL OXYGEN', 'LOSARTAN', 'AZITHROMYCIN', 'SILDENAFIL', 'PREDNISONE', 'ESOMEPRAZOLE', 'ACETYLCYSTEINE']",10
MONDO:0800029,interstitial lung disease 2,MONDO:0004976,Amyotrophic lateral sclerosis,"['(S)-ALBUTEROL', 'CHEMBL558551', 'PREDNISONE']",3
MONDO:0800029,interstitial lung disease 2,MONDO:0011719,gastrointestinal stromal tumor,['PREDNISONE'],6
MONDO:0800029,interstitial lung disease 2,MONDO:0005149,Idiopathic/heritable pulmonary arterial hypertension,"['NITRIC OXIDE', 'AMBRISENTAN', 'TREPROSTINIL', 'LOSARTAN', 'SILDENAFIL CITRATE', 'SILDENAFIL', 'TREPROSTINIL SODIUM (INHALATION USE)', 'BARDOXOLONE METHYL', 'MACITENTAN', 'BOSENTAN', 'CHEMBL4162724']",38
MONDO:0800029,interstitial lung disease 2,MONDO:0018965,Alport syndrome,['BARDOXOLONE METHYL'],2
MONDO:0800029,interstitial lung disease 2,MONDO:0004691,Autosomal dominant polycystic kidney disease,['BARDOXOLONE METHYL'],2
MONDO:0800029,interstitial lung disease 2,MONDO:0019204,Respiratory bronchiolitis-interstitial lung disease syndrome,['BARDOXOLONE METHYL'],2
MONDO:0800029,interstitial lung disease 2,MONDO:0005711,Congenital diaphragmatic hernia,['SILDENAFIL CITRATE'],4
MONDO:0800029,interstitial lung disease 2,MONDO:0006851,Meconium aspiration syndrome,['SILDENAFIL CITRATE'],2
MONDO:0800029,interstitial lung disease 2,MONDO:0015686,Primary peritoneal carcinoma,"['CYCLOPHOSPHAMIDE', 'NINTEDANIB']",18
MONDO:0800029,interstitial lung disease 2,MONDO:0002728,Rhabdoid tumor,"['CYCLOPHOSPHAMIDE', 'NINTEDANIB']",18
MONDO:0800029,interstitial lung disease 2,MONDO:0016238,Solitary fibrous tumor,['NINTEDANIB'],18
MONDO:0800029,interstitial lung disease 2,MONDO:0020561,Myxoid/round cell liposarcoma,"['CYCLOPHOSPHAMIDE', 'NINTEDANIB']",18
MONDO:0800029,interstitial lung disease 2,MONDO:0017844,Szary syndrome,['CYCLOPHOSPHAMIDE'],2
MONDO:0800029,interstitial lung disease 2,MONDO:0019475,Subcutaneous panniculitis-like T-cell lymphoma,['CYCLOPHOSPHAMIDE'],2
MONDO:0800029,interstitial lung disease 2,MONDO:0013433,Primary sclerosing cholangitis,"['SIMTUZUMAB', 'DUAL SELECTIVE INHIBITOR OF INTEGRIN ALPHAVBETA1 AND INTEGRIN ALPHAVBETA6', 'ACETYLCYSTEINE']",3
MONDO:0800029,interstitial lung disease 2,MONDO:0019964,Thymic neuroendocrine tumor,['LANREOTIDE AUTOGEL'],3
MONDO:0800029,interstitial lung disease 2,MONDO:0003646,Neuroendocrine tumor of the rectum,['LANREOTIDE AUTOGEL'],3
MONDO:0800029,interstitial lung disease 2,MONDO:0002882,Neuroendocrine tumor of the colon,['LANREOTIDE AUTOGEL'],2
MONDO:0800029,interstitial lung disease 2,MONDO:0019963,Bronchial neuroendocrine tumor,['LANREOTIDE AUTOGEL'],4
MONDO:0800029,interstitial lung disease 2,MONDO:0015065,Ileal neuroendocrine tumor,['LANREOTIDE AUTOGEL'],2
MONDO:0800029,interstitial lung disease 2,MONDO:0015069,Neuroendocrine tumor of anal canal,['LANREOTIDE AUTOGEL'],2
MONDO:0800029,interstitial lung disease 2,MONDO:0003111,Neuroendocrine tumor of stomach,['LANREOTIDE AUTOGEL'],3
MONDO:0800029,interstitial lung disease 2,MONDO:0019959,Glucagonoma,['LANREOTIDE AUTOGEL'],2
MONDO:0800029,interstitial lung disease 2,MONDO:0019960,VIPoma,['LANREOTIDE AUTOGEL'],2
MONDO:0800029,interstitial lung disease 2,MONDO:0015066,Neuroendocrine neoplasm of appendix,['LANREOTIDE AUTOGEL'],2
MONDO:0800029,interstitial lung disease 2,MONDO:0017148,Heritable pulmonary arterial hypertension,"['MACITENTAN', 'BOSENTAN']",4
MONDO:0800029,interstitial lung disease 2,MONDO:0017409,Fetal cytomegalovirus syndrome,['HUMAN NORMAL IMMUNOGLOBULIN'],2
MONDO:0800029,interstitial lung disease 2,MONDO:0019369,Complex regional pain syndrome,['HUMAN NORMAL IMMUNOGLOBULIN'],2
MONDO:0800029,interstitial lung disease 2,MONDO:0008219,Pemphigus vulgaris,"['HUMAN NORMAL IMMUNOGLOBULIN', 'ANTI-BAFF (B-CELL-ACTIVATING FACTOR) MONOCLONAL ANTIBODY']",2
MONDO:0800029,interstitial lung disease 2,MONDO:0019534,Mixed-type autoimmune hemolytic anemia,['RITUXIMAB'],2
MONDO:0800029,interstitial lung disease 2,MONDO:0019740,Immune-mediated thrombotic thrombocytopenic purpura,['RITUXIMAB'],4
MONDO:0800029,interstitial lung disease 2,MONDO:0019006,Genetic steroid-resistant nephrotic syndrome,['RITUXIMAB'],2
MONDO:0800029,interstitial lung disease 2,MONDO:0018977,Polyneuropathy associated with IgM monoclonal gammopathy with anti-MAG,['RITUXIMAB'],2
MONDO:0800029,interstitial lung disease 2,MONDO:0019170,Polyarteritis nodosa,['RITUXIMAB'],2
MONDO:0800029,interstitial lung disease 2,MONDO:0020547,Chronic graft versus host disease,['RITUXIMAB'],2
MONDO:0800029,interstitial lung disease 2,MONDO:0019067,Idiopathic steroid-sensitive nephrotic syndrome,['RITUXIMAB'],2
MONDO:0800029,interstitial lung disease 2,MONDO:0019535,Drug-induced autoimmune hemolytic anemia,['RITUXIMAB'],2
MONDO:0800029,interstitial lung disease 2,MONDO:0019167,Immunoglobulin A vasculitis,['RITUXIMAB'],2
MONDO:0800029,interstitial lung disease 2,MONDO:0018301,interstitial cystitis,"['GEFAPIXANT', 'TIPELUKAST']",2
MONDO:0800029,interstitial lung disease 2,MONDO:0100130,Adult acute respiratory distress syndrome,['MEDICAL OXYGEN'],2
MONDO:0800029,interstitial lung disease 2,MONDO:0008346,Idiopathic pulmonary hemosiderosis,['HYDROXYCHLOROQUINE'],3
MONDO:0800029,interstitial lung disease 2,MONDO:0011871,Chronic visceral acid sphingomyelinase deficiency,['HYDROXYCHLOROQUINE'],2
MONDO:0800029,interstitial lung disease 2,MONDO:0019621,Chronic pneumonitis of infancy,['HYDROXYCHLOROQUINE'],3
MONDO:0800029,interstitial lung disease 2,MONDO:0012580,Hereditary pulmonary alveolar proteinosis,['HYDROXYCHLOROQUINE'],3
MONDO:0800029,interstitial lung disease 2,MONDO:0020331,Indolent systemic mastocytosis,['SODIUM CROMOGLICATE'],4
MONDO:0013387,KCNQ2-related epileptic encephalopathy,MONDO:0004976,Amyotrophic lateral sclerosis,['RETIGABINE'],3
MONDO:0020572,Complex regional pain syndrome type 2,MONDO:0019369,Complex regional pain syndrome,['NERIDRONIC ACID'],2
MONDO:0017844,Szary syndrome,MONDO:0018906,follicular lymphoma,"['PAN-AKT INHIBITOR', 'CYCLOPHOSPHAMIDE', 'ATEZOLIZUMAB', 'BRENTUXIMAB VEDOTIN', 'NIVOLUMAB', 'GEMCITABINE HYDROCHLORIDE']",4
MONDO:0017844,Szary syndrome,MONDO:0009691,Classic mycosis fungoides,"['RECOMBINANT ANTIBODY CONSTRUCT AGAINST HUMAN CD30 AND CD16A', 'ROMIDEPSIN', 'RESMINOSTAT', 'PAN-AKT INHIBITOR', 'ATEZOLIZUMAB', 'BRENTUXIMAB VEDOTIN', 'MOGAMULIZUMAB', 'GEMCITABINE HYDROCHLORIDE', 'ALISERTIB', 'PRALATREXATE', 'METHOXSALEN']",4
MONDO:0017844,Szary syndrome,MONDO:0019475,Subcutaneous panniculitis-like T-cell lymphoma,"['RECOMBINANT ANTIBODY CONSTRUCT AGAINST HUMAN CD30 AND CD16A', 'ROMIDEPSIN', 'CYCLOPHOSPHAMIDE', 'BRENTUXIMAB VEDOTIN', 'NIVOLUMAB', 'GEMCITABINE HYDROCHLORIDE', 'ALISERTIB', 'PRALATREXATE']",2
MONDO:0017844,Szary syndrome,MONDO:0100280,Waldenstrom macroglobulinemia,"['CYCLOPHOSPHAMIDE', 'ATEZOLIZUMAB', 'GEMCITABINE HYDROCHLORIDE', 'PAN-AKT INHIBITOR']",3
MONDO:0017844,Szary syndrome,MONDO:0005072,neuroblastoma,"['CYCLOPHOSPHAMIDE', 'ATEZOLIZUMAB', 'NIVOLUMAB', 'ALISERTIB']",3
MONDO:0017844,Szary syndrome,MONDO:0020561,Myxoid/round cell liposarcoma,['CYCLOPHOSPHAMIDE'],2
MONDO:0017844,Szary syndrome,MONDO:0002728,Rhabdoid tumor,"['CYCLOPHOSPHAMIDE', 'NIVOLUMAB']",2
MONDO:0017844,Szary syndrome,MONDO:0015686,Primary peritoneal carcinoma,"['CYCLOPHOSPHAMIDE', 'ATEZOLIZUMAB', 'GEMCITABINE HYDROCHLORIDE', 'NIVOLUMAB']",2
MONDO:0017844,Szary syndrome,MONDO:0015278,Familial pancreatic carcinoma,['GEMCITABINE HYDROCHLORIDE'],5
MONDO:0017844,Szary syndrome,MONDO:0004633,"Classic Hodgkin lymphoma, mixed cellularity type",['GEMCITABINE HYDROCHLORIDE'],4
MONDO:0017844,Szary syndrome,MONDO:0007650,MALT lymphoma,['ATEZOLIZUMAB'],3
MONDO:0017844,Szary syndrome,MONDO:0005028,Adenocarcinoma of the esophagus,"['ATEZOLIZUMAB', 'NIVOLUMAB']",3
MONDO:0017844,Szary syndrome,MONDO:0009692,Primary myelofibrosis,['NIVOLUMAB'],2
MONDO:0017844,Szary syndrome,MONDO:0016238,Solitary fibrous tumor,['NIVOLUMAB'],2
MONDO:0017844,Szary syndrome,MONDO:0020547,Chronic graft versus host disease,['METHOXSALEN'],3
MONDO:0019434,Systemic-onset juvenile idiopathic arthritis,MONDO:0019437,Enthesitis-related juvenile idiopathic arthritis,['BARICITINIB'],3
MONDO:0019434,Systemic-onset juvenile idiopathic arthritis,MONDO:0009061,Cystic fibrosis,['ANAKINRA'],2
MONDO:0019434,Systemic-onset juvenile idiopathic arthritis,MONDO:0004976,Amyotrophic lateral sclerosis,['ANAKINRA'],2
MONDO:0019434,Systemic-onset juvenile idiopathic arthritis,MONDO:0018088,Familial Mediterranean fever,"['TOCILIZUMAB', 'CANAKINUMAB']",15
MONDO:0019434,Systemic-onset juvenile idiopathic arthritis,MONDO:0005149,Idiopathic/heritable pulmonary arterial hypertension,['TOCILIZUMAB'],18
MONDO:0019434,Systemic-onset juvenile idiopathic arthritis,MONDO:0019170,Polyarteritis nodosa,['TOCILIZUMAB'],18
MONDO:0019434,Systemic-onset juvenile idiopathic arthritis,MONDO:0019432,Rheumatoid factor-negative polyarticular juvenile idiopathic arthritis,['TOCILIZUMAB'],21
MONDO:0019434,Systemic-onset juvenile idiopathic arthritis,MONDO:0019433,Oligoarticular juvenile idiopathic arthritis,"['SARILUMAB', 'TOCILIZUMAB']",9
MONDO:0019434,Systemic-onset juvenile idiopathic arthritis,MONDO:0019167,Immunoglobulin A vasculitis,['TOCILIZUMAB'],18
MONDO:0019434,Systemic-onset juvenile idiopathic arthritis,MONDO:0009849,Hyperimmunoglobulinemia D with periodic fever,['CANAKINUMAB'],16
MONDO:0019019,osteogenesis imperfecta,MONDO:0019369,Complex regional pain syndrome,['ZOLEDRONIC ACID ANHYDROUS'],8
MONDO:0019019,osteogenesis imperfecta,MONDO:0005072,neuroblastoma,"['ZOLEDRONIC ACID ANHYDROUS', 'CYCLOSPORINE', 'CYCLOPHOSPHAMIDE ANHYDROUS']",3
MONDO:0019019,osteogenesis imperfecta,MONDO:0009692,Primary myelofibrosis,"['ZOLEDRONIC ACID ANHYDROUS', 'CYCLOPHOSPHAMIDE ANHYDROUS']",7
MONDO:0019019,osteogenesis imperfecta,MONDO:0018906,follicular lymphoma,"['CYCLOSPORINE', 'CYCLOPHOSPHAMIDE ANHYDROUS']",492
MONDO:0019019,osteogenesis imperfecta,MONDO:0100280,Waldenstrom macroglobulinemia,"['CYCLOSPORINE', 'CYCLOPHOSPHAMIDE ANHYDROUS']",36
MONDO:0019019,osteogenesis imperfecta,MONDO:0007650,MALT lymphoma,['CYCLOPHOSPHAMIDE ANHYDROUS'],214
MONDO:0019019,osteogenesis imperfecta,MONDO:0012105,Granulomatosis with polyangiitis,['CYCLOPHOSPHAMIDE ANHYDROUS'],37
MONDO:0019019,osteogenesis imperfecta,MONDO:0015564,Castleman disease,['CYCLOPHOSPHAMIDE ANHYDROUS'],5
MONDO:0019019,osteogenesis imperfecta,MONDO:0018868,metachromatic leukodystrophy,['CYCLOPHOSPHAMIDE ANHYDROUS'],11
MONDO:0019019,osteogenesis imperfecta,MONDO:0008558,autoimmune thrombocytopenic purpura,"['CYCLOSPORINE', 'CYCLOPHOSPHAMIDE ANHYDROUS']",4
MONDO:0019019,osteogenesis imperfecta,MONDO:0010006,Sandhoff disease,['CYCLOPHOSPHAMIDE ANHYDROUS'],2
MONDO:0019019,osteogenesis imperfecta,MONDO:0008148,Osteogenesis imperfecta type 4,"['DENOSUMAB', 'RECOMBINANT HUMANISED MONOCLONAL IGG2 LAMBDA ANTIBODY AGAINST HUMAN SCLEROSTIN']",4
MONDO:0019019,osteogenesis imperfecta,MONDO:0009804,Osteogenesis imperfecta type 3,"['DENOSUMAB', 'RECOMBINANT HUMANISED MONOCLONAL IGG2 LAMBDA ANTIBODY AGAINST HUMAN SCLEROSTIN']",4
MONDO:0019019,osteogenesis imperfecta,MONDO:0008147,Osteogenesis imperfecta type 2,['DENOSUMAB'],3
MONDO:0019019,osteogenesis imperfecta,MONDO:0018543,Autosomal dominant hypocalcemia,['TERIPARATIDE'],3
MONDO:0015065,Ileal neuroendocrine tumor,MONDO:0003111,Neuroendocrine tumor of stomach,"['LANREOTIDE AUTOGEL', 'TEMOZOLOMIDE', 'EVEROLIMUS']",3
MONDO:0015065,Ileal neuroendocrine tumor,MONDO:0018975,Neurofibromatosis type 1,['EVEROLIMUS'],6
MONDO:0015065,Ileal neuroendocrine tumor,MONDO:0001734,tuberous sclerosis,['EVEROLIMUS'],18
MONDO:0015065,Ileal neuroendocrine tumor,MONDO:0019963,Bronchial neuroendocrine tumor,"['LANREOTIDE AUTOGEL', 'TEMOZOLOMIDE', 'EVEROLIMUS']",2
MONDO:0015065,Ileal neuroendocrine tumor,MONDO:0003646,Neuroendocrine tumor of the rectum,"['LANREOTIDE AUTOGEL', 'TEMOZOLOMIDE', 'EVEROLIMUS']",2
MONDO:0015065,Ileal neuroendocrine tumor,MONDO:0015069,Neuroendocrine tumor of anal canal,"['LANREOTIDE AUTOGEL', 'TEMOZOLOMIDE', 'EVEROLIMUS']",5
MONDO:0015065,Ileal neuroendocrine tumor,MONDO:0002882,Neuroendocrine tumor of the colon,"['LANREOTIDE AUTOGEL', 'TEMOZOLOMIDE', 'EVEROLIMUS']",2
MONDO:0015065,Ileal neuroendocrine tumor,MONDO:0015066,Neuroendocrine neoplasm of appendix,"['LANREOTIDE AUTOGEL', 'TEMOZOLOMIDE', 'EVEROLIMUS']",2
MONDO:0015065,Ileal neuroendocrine tumor,MONDO:0007039,Full NF2-related schwannomatosis,['EVEROLIMUS'],6
MONDO:0015065,Ileal neuroendocrine tumor,MONDO:0020547,Chronic graft versus host disease,['EVEROLIMUS'],6
MONDO:0015065,Ileal neuroendocrine tumor,MONDO:0019960,VIPoma,"['LANREOTIDE AUTOGEL', 'TEMOZOLOMIDE']",2
MONDO:0015065,Ileal neuroendocrine tumor,MONDO:0016722,Pineoblastoma,['TEMOZOLOMIDE'],2
MONDO:0015065,Ileal neuroendocrine tumor,MONDO:0005072,neuroblastoma,['TEMOZOLOMIDE'],7
MONDO:0015065,Ileal neuroendocrine tumor,MONDO:0019964,Thymic neuroendocrine tumor,"['LANREOTIDE AUTOGEL', 'TEMOZOLOMIDE']",2
MONDO:0015065,Ileal neuroendocrine tumor,MONDO:0019959,Glucagonoma,"['LANREOTIDE AUTOGEL', 'TEMOZOLOMIDE']",2
MONDO:0015065,Ileal neuroendocrine tumor,MONDO:0002728,Rhabdoid tumor,['TEMOZOLOMIDE'],2
MONDO:0009692,Primary myelofibrosis,MONDO:0018906,follicular lymphoma,"['PARSACLISIB', 'TACROLIMUS ANHYDROUS', 'CHEMBL558551', 'NIVOLUMAB', 'CHEMBL156', 'PREDNISONE', 'FILGRASTIM', 'LENALIDOMIDE', 'CHEMBL3210645', 'FLUDARABINE', 'BUPARLISIB', 'CYCLOPHOSPHAMIDE ANHYDROUS']",80
MONDO:0009692,Primary myelofibrosis,MONDO:0012105,Granulomatosis with polyangiitis,"['CHEMBL3210645', 'PREDNISONE', 'CYCLOPHOSPHAMIDE ANHYDROUS', 'CHEMBL156']",42
MONDO:0009692,Primary myelofibrosis,MONDO:0019127,polymyositis,['PREDNISONE'],26
MONDO:0009692,Primary myelofibrosis,MONDO:0009891,acquired polycythemia vera,"['TAMOXIFEN CITRATE', 'TACROLIMUS ANHYDROUS', 'SABATOLIMAB', 'GANDOTINIB', 'CHEMBL3210645', 'NAVTEMADLIN', 'HYDROXYUREA', 'BMS-986158', 'LCL-161', 'SELINEXOR', 'PACRITINIB', 'CHEMBL156', 'ARSENIC TRIOXIDE', 'NAVITOCLAX', 'TL-895', 'CRIZANLIZUMAB', 'IMATINIB', 'FLUDARABINE', 'LUSPATERCEPT', 'VAC85135', 'ITACITINIB', 'IMETELSTAT', 'PARSACLISIB', 'POMALIDOMIDE', 'KER-050', 'FEDRATINIB', 'PANOBINOSTAT', 'PEGINTERFERON ALFA-2A', 'PLITIDEPSIN', 'RUXOLITINIB', 'PEGINTERFERON ALFA-2B', 'PEGYLATED PROLINE-INTERFERON ALPHA-2B', 'PREDNISONE', 'GLASDEGIB', 'LENALIDOMIDE', 'CHEMBL2141644', 'MOMELOTINIB', 'BUPARLISIB', '2-((4S)-6-(4-CHLOROPHENYL)-1-METHYL-4H-BENZO[C]ISOXAZOLO[4,5-E]AZEPIN-4-YL)ACETAMIDE MONOHYDRATE']",8
MONDO:0009692,Primary myelofibrosis,MONDO:0008558,autoimmune thrombocytopenic purpura,"['TACROLIMUS ANHYDROUS', 'CHEMBL3210645', 'PREDNISONE', 'CYCLOPHOSPHAMIDE ANHYDROUS']",19
MONDO:0009692,Primary myelofibrosis,MONDO:0015564,Castleman disease,"['POMALIDOMIDE', 'CHEMBL558551', 'PREDNISONE', 'CYCLOPHOSPHAMIDE ANHYDROUS']",9
MONDO:0009692,Primary myelofibrosis,MONDO:0006806,intermediate uveitis,"['PREDNISONE', 'CHEMBL156']",34
MONDO:0009692,Primary myelofibrosis,MONDO:0009061,Cystic fibrosis,['PREDNISONE'],19
MONDO:0009692,Primary myelofibrosis,MONDO:0004976,Amyotrophic lateral sclerosis,"['TACROLIMUS ANHYDROUS', 'CHEMBL3210645', 'CHEMBL558551', 'PREDNISONE']",7
MONDO:0009692,Primary myelofibrosis,MONDO:0010602,hemophilia A,['PREDNISONE'],19
MONDO:0009692,Primary myelofibrosis,MONDO:0011719,gastrointestinal stromal tumor,"['IMATINIB', 'SELINEXOR', 'PREDNISONE']",2
MONDO:0009692,Primary myelofibrosis,MONDO:0100280,Waldenstrom macroglobulinemia,"['TAK-901', 'TACROLIMUS ANHYDROUS', 'POMALIDOMIDE', 'CHEMBL558551', 'CHEMBL156', 'FILGRASTIM', 'LENALIDOMIDE', 'CHEMBL2141644', 'CHEMBL3210645', 'FLUDARABINE', 'CYCLOPHOSPHAMIDE ANHYDROUS']",8
MONDO:0009692,Primary myelofibrosis,MONDO:0007650,MALT lymphoma,"['TACROLIMUS ANHYDROUS', 'CHEMBL558551', 'CHEMBL156', 'FILGRASTIM', 'LENALIDOMIDE', 'CHEMBL3210645', 'FLUDARABINE', 'CYCLOPHOSPHAMIDE ANHYDROUS']",55
MONDO:0009692,Primary myelofibrosis,MONDO:0005388,Primary biliary cholangitis,['CHEMBL156'],30
MONDO:0009692,Primary myelofibrosis,MONDO:0005072,neuroblastoma,"['ZOLEDRONIC ACID ANHYDROUS', 'TACROLIMUS ANHYDROUS', 'CHEMBL558551', 'NIVOLUMAB', 'CHEMBL156', 'FILGRASTIM', 'LENALIDOMIDE', 'CHEMBL3210645', 'FLUDARABINE', 'SONIDEGIB', 'CYCLOPHOSPHAMIDE ANHYDROUS']",9
MONDO:0009692,Primary myelofibrosis,MONDO:0100244,paroxysmal nocturnal hemoglobinuria,"['TACROLIMUS ANHYDROUS', 'CHEMBL3210645', 'FLUDARABINE', 'CHEMBL156']",40
MONDO:0009692,Primary myelofibrosis,MONDO:0019369,Complex regional pain syndrome,"['LENALIDOMIDE', 'ZOLEDRONIC ACID ANHYDROUS']",9
MONDO:0009692,Primary myelofibrosis,MONDO:0020547,Chronic graft versus host disease,"['ITACITINIB', 'RUXOLITINIB', 'GLASDEGIB']",11
MONDO:0009692,Primary myelofibrosis,MONDO:0018868,metachromatic leukodystrophy,['CYCLOPHOSPHAMIDE ANHYDROUS'],81
MONDO:0009692,Primary myelofibrosis,MONDO:0010006,Sandhoff disease,['CYCLOPHOSPHAMIDE ANHYDROUS'],72
MONDO:0009692,Primary myelofibrosis,MONDO:0018301,interstitial cystitis,['CHEMBL3210645'],57
MONDO:0009692,Primary myelofibrosis,MONDO:0015686,Primary peritoneal carcinoma,"['NAVITOCLAX', 'NIVOLUMAB']",7
MONDO:0009692,Primary myelofibrosis,MONDO:0005149,Idiopathic/heritable pulmonary arterial hypertension,"['HYDROXYUREA', 'IMATINIB']",22
MONDO:0009692,Primary myelofibrosis,MONDO:0005789,Hepatitis delta,"['PEGINTERFERON ALFA-2B', 'PEGINTERFERON ALFA-2A']",4
MONDO:0009692,Primary myelofibrosis,MONDO:0018907,Craniopharyngioma,['PEGINTERFERON ALFA-2B'],3
MONDO:0009692,Primary myelofibrosis,MONDO:0016681,Gliosarcoma,['POMALIDOMIDE'],11
MONDO:0009692,Primary myelofibrosis,MONDO:0019157,Acquired idiopathic sideroblastic anemia,['LUSPATERCEPT'],7
MONDO:0009692,Primary myelofibrosis,MONDO:0016486,Beta-thalassemia major,['LUSPATERCEPT'],7
MONDO:0009692,Primary myelofibrosis,MONDO:0005028,Adenocarcinoma of the esophagus,['NIVOLUMAB'],3
MONDO:0009692,Primary myelofibrosis,MONDO:0019475,Subcutaneous panniculitis-like T-cell lymphoma,['NIVOLUMAB'],2
MONDO:0009692,Primary myelofibrosis,MONDO:0016238,Solitary fibrous tumor,['NIVOLUMAB'],2
MONDO:0009692,Primary myelofibrosis,MONDO:0002728,Rhabdoid tumor,['NIVOLUMAB'],2
MONDO:0006806,intermediate uveitis,MONDO:0018092,Vogt-Koyanagi-Harada disease,"['ADALIMUMAB', 'GEVOKIZUMAB', 'METHOTREXATE', 'DNA PLASMID ENCODING A RECOMBINANT FUSION PROTEIN CONSISTING OF THE EXTRACELLULAR DOMAIN OF HUMAN TNFALPHA P55 RECEPTOR LINKED TO THE HUMAN IGG1 FC DOMAIN', 'SIROLIMUS', ""3-{[2,3,5,6-TETRAFLUORO-3'-(TRIFLUOROMETHOXY)BIPHENYL-4-YL]CARBAMOYL}THIOPHENE-2-CARBOXYLIC ACID"", 'FLUOCINOLONE ACETONIDE (PROLONGED-RELEASE INTRAVITREAL IMPLANT)', 'FINGOLIMOD', 'IZOKIBEP', 'TESIDOLUMAB']",2
MONDO:0006806,intermediate uveitis,MONDO:0018906,follicular lymphoma,"['DEXAMETHASONE VALARATE', 'TOCILIZUMAB', 'PREDNISONE', 'CHEMBL156']",87
MONDO:0006806,intermediate uveitis,MONDO:0012105,Granulomatosis with polyangiitis,"['PREDNISONE', 'CHEMBL156']",22
MONDO:0006806,intermediate uveitis,MONDO:0019127,polymyositis,"['GEVOKIZUMAB', 'PREDNISONE']",31
MONDO:0006806,intermediate uveitis,MONDO:0009891,acquired polycythemia vera,"['PREDNISONE', 'CHEMBL156']",19
MONDO:0006806,intermediate uveitis,MONDO:0008558,autoimmune thrombocytopenic purpura,"['DEXAMETHASONE VALARATE', 'PREDNISONE']",15
MONDO:0006806,intermediate uveitis,MONDO:0015564,Castleman disease,"['TOCILIZUMAB', 'CHEMBL3560003', 'PREDNISONE']",5
MONDO:0006806,intermediate uveitis,MONDO:0009061,Cystic fibrosis,['PREDNISONE'],10
MONDO:0006806,intermediate uveitis,MONDO:0004976,Amyotrophic lateral sclerosis,"['CHEMBL3560003', 'TOCILIZUMAB', 'SIROLIMUS', 'PREDNISONE']",5
MONDO:0006806,intermediate uveitis,MONDO:0010602,hemophilia A,['PREDNISONE'],10
MONDO:0006806,intermediate uveitis,MONDO:0011719,gastrointestinal stromal tumor,['PREDNISONE'],8
MONDO:0006806,intermediate uveitis,MONDO:0100280,Waldenstrom macroglobulinemia,"['DEXAMETHASONE VALARATE', 'CHEMBL156']",28
MONDO:0006806,intermediate uveitis,MONDO:0007650,MALT lymphoma,['CHEMBL156'],25
MONDO:0006806,intermediate uveitis,MONDO:0005388,Primary biliary cholangitis,['CHEMBL156'],7
MONDO:0006806,intermediate uveitis,MONDO:0005072,neuroblastoma,"['CHEMBL3560003', 'CHEMBL156']",4
MONDO:0006806,intermediate uveitis,MONDO:0100244,paroxysmal nocturnal hemoglobinuria,['CHEMBL156'],8
MONDO:0006806,intermediate uveitis,MONDO:0001734,tuberous sclerosis,"['CHEMBL3560003', 'SIROLIMUS']",25
MONDO:0006806,intermediate uveitis,MONDO:0004691,Autosomal dominant polycystic kidney disease,['SIROLIMUS'],5
MONDO:0006806,intermediate uveitis,MONDO:0011927,Tufted angioma,['SIROLIMUS'],5
MONDO:0006806,intermediate uveitis,MONDO:0020561,Myxoid/round cell liposarcoma,['SIROLIMUS'],5
MONDO:0006806,intermediate uveitis,MONDO:0020547,Chronic graft versus host disease,['SIROLIMUS'],5
MONDO:0006806,intermediate uveitis,MONDO:0005149,Idiopathic/heritable pulmonary arterial hypertension,['CHEMBL3560003'],3
MONDO:0006806,intermediate uveitis,MONDO:0019437,Enthesitis-related juvenile idiopathic arthritis,['ADALIMUMAB'],17
MONDO:0006806,intermediate uveitis,MONDO:0019433,Oligoarticular juvenile idiopathic arthritis,['ADALIMUMAB'],12
MONDO:0006806,intermediate uveitis,MONDO:0019432,Rheumatoid factor-negative polyarticular juvenile idiopathic arthritis,['ADALIMUMAB'],13
MONDO:0006806,intermediate uveitis,MONDO:0007191,Behet disease,"['GEVOKIZUMAB', 'SECUKINUMAB']",8
MONDO:0006806,intermediate uveitis,MONDO:0005028,Adenocarcinoma of the esophagus,['GEVOKIZUMAB'],22
MONDO:0007925,Myelodysplastic syndrome associated with isolated del(5q) chromosome abnormality,MONDO:0019157,Acquired idiopathic sideroblastic anemia,"['LENALIDOMIDE', 'DARBEPOETIN ALFA']",5
MONDO:0007925,Myelodysplastic syndrome associated with isolated del(5q) chromosome abnormality,MONDO:0007650,MALT lymphoma,['LENALIDOMIDE'],6
MONDO:0007925,Myelodysplastic syndrome associated with isolated del(5q) chromosome abnormality,MONDO:0018906,follicular lymphoma,['LENALIDOMIDE'],13
MONDO:0019209,Japanese encephalitis,MONDO:0005789,Hepatitis delta,['CHEMBL34'],3
MONDO:0019432,Rheumatoid factor-negative polyarticular juvenile idiopathic arthritis,MONDO:0012105,Granulomatosis with polyangiitis,['ABATACEPT'],2
MONDO:0019432,Rheumatoid factor-negative polyarticular juvenile idiopathic arthritis,MONDO:0018088,Familial Mediterranean fever,['TOCILIZUMAB'],5
MONDO:0019432,Rheumatoid factor-negative polyarticular juvenile idiopathic arthritis,MONDO:0005149,Idiopathic/heritable pulmonary arterial hypertension,['TOCILIZUMAB'],5
MONDO:0019432,Rheumatoid factor-negative polyarticular juvenile idiopathic arthritis,MONDO:0019170,Polyarteritis nodosa,['TOCILIZUMAB'],5
MONDO:0019432,Rheumatoid factor-negative polyarticular juvenile idiopathic arthritis,MONDO:0019433,Oligoarticular juvenile idiopathic arthritis,"['TOCILIZUMAB', 'ADALIMUMAB']",5
MONDO:0019432,Rheumatoid factor-negative polyarticular juvenile idiopathic arthritis,MONDO:0019167,Immunoglobulin A vasculitis,['TOCILIZUMAB'],5
MONDO:0019432,Rheumatoid factor-negative polyarticular juvenile idiopathic arthritis,MONDO:0018092,Vogt-Koyanagi-Harada disease,['ADALIMUMAB'],11
MONDO:0019432,Rheumatoid factor-negative polyarticular juvenile idiopathic arthritis,MONDO:0019437,Enthesitis-related juvenile idiopathic arthritis,['ADALIMUMAB'],8
MONDO:0019432,Rheumatoid factor-negative polyarticular juvenile idiopathic arthritis,MONDO:0009891,acquired polycythemia vera,['GIVINOSTAT'],2
MONDO:0010200,Wilson disease,MONDO:0005072,neuroblastoma,['CELECOXIB'],7
MONDO:0010200,Wilson disease,MONDO:0004976,Amyotrophic lateral sclerosis,['CELECOXIB'],4
MONDO:0009691,Classic mycosis fungoides,MONDO:0018906,follicular lymphoma,"['PAN-AKT INHIBITOR', 'ATEZOLIZUMAB', 'BRENTUXIMAB VEDOTIN', 'DOXORUBICIN HYDROCHLORIDE (LIPOSOMAL)', 'GEMCITABINE HYDROCHLORIDE']",2
MONDO:0009691,Classic mycosis fungoides,MONDO:0019475,Subcutaneous panniculitis-like T-cell lymphoma,"['RECOMBINANT ANTIBODY CONSTRUCT AGAINST HUMAN CD30 AND CD16A', 'ROMIDEPSIN', 'BRENTUXIMAB VEDOTIN', 'GEMCITABINE HYDROCHLORIDE', 'ALISERTIB', 'PRALATREXATE']",3
MONDO:0009691,Classic mycosis fungoides,MONDO:0016238,Solitary fibrous tumor,['DOXORUBICIN HYDROCHLORIDE (LIPOSOMAL)'],5
MONDO:0009691,Classic mycosis fungoides,MONDO:0002728,Rhabdoid tumor,['DOXORUBICIN HYDROCHLORIDE (LIPOSOMAL)'],5
MONDO:0009691,Classic mycosis fungoides,MONDO:0020561,Myxoid/round cell liposarcoma,['DOXORUBICIN HYDROCHLORIDE (LIPOSOMAL)'],3
MONDO:0009691,Classic mycosis fungoides,MONDO:0015686,Primary peritoneal carcinoma,"['ATEZOLIZUMAB', 'GEMCITABINE HYDROCHLORIDE', 'DOXORUBICIN HYDROCHLORIDE (LIPOSOMAL)']",2
MONDO:0009691,Classic mycosis fungoides,MONDO:0015278,Familial pancreatic carcinoma,['GEMCITABINE HYDROCHLORIDE'],4
MONDO:0009691,Classic mycosis fungoides,MONDO:0004633,"Classic Hodgkin lymphoma, mixed cellularity type",['GEMCITABINE HYDROCHLORIDE'],3
MONDO:0009691,Classic mycosis fungoides,MONDO:0100280,Waldenstrom macroglobulinemia,"['ATEZOLIZUMAB', 'GEMCITABINE HYDROCHLORIDE', 'PAN-AKT INHIBITOR']",3
MONDO:0009691,Classic mycosis fungoides,MONDO:0005072,neuroblastoma,"['ATEZOLIZUMAB', 'ALISERTIB']",3
MONDO:0009691,Classic mycosis fungoides,MONDO:0007650,MALT lymphoma,['ATEZOLIZUMAB'],3
MONDO:0009691,Classic mycosis fungoides,MONDO:0005028,Adenocarcinoma of the esophagus,['ATEZOLIZUMAB'],3
MONDO:0009691,Classic mycosis fungoides,MONDO:0020547,Chronic graft versus host disease,['METHOXSALEN'],3
MONDO:0100130,Adult acute respiratory distress syndrome,MONDO:0100280,Waldenstrom macroglobulinemia,['DEXAMETHASONE'],3
MONDO:0100130,Adult acute respiratory distress syndrome,MONDO:0019127,polymyositis,['DEXAMETHASONE'],2
MONDO:0100130,Adult acute respiratory distress syndrome,MONDO:0015796,Acute lung injury,"['HEPARIN SODIUM', 'DROTRECOGIN ALFA (ACTIVATED)']",2
MONDO:0100130,Adult acute respiratory distress syndrome,MONDO:0100480,Addison disease,['METHYLPREDNISOLONE'],2
MONDO:0100130,Adult acute respiratory distress syndrome,MONDO:0008558,autoimmune thrombocytopenic purpura,['METHYLPREDNISOLONE'],2
MONDO:0100130,Adult acute respiratory distress syndrome,MONDO:0009061,Cystic fibrosis,['MEDICAL OXYGEN'],2
MONDO:0100130,Adult acute respiratory distress syndrome,MONDO:0010557,Choroideremia,['SIMVASTATIN'],3
MONDO:0018956,Idiopathic bronchiectasis,MONDO:0009061,Cystic fibrosis,"['CIPROFLOXACIN (INHALATION USE)', '(R)-2-(5-CYANO-2-(6-(METHOXYCARBONYL)-7-METHYL-3-OXO-8-(3-(TRIFLUOROMETHYL)PHENYL)-2,3,5,8-TETRAHYDRO-[1,2,4]TRIAZOLO[4,3-A]PYRIMIDINE-5-YL)PHENYL)-N,N,N-TRIMETHYLETHANAMINIUM METHANESULFONATE DEHYDRATE']",4
MONDO:0018608,Pure autonomic failure,MONDO:0017279,Young-onset Parkinson disease,['AMPRELOXETINE'],4
MONDO:0018072,Truncus arteriosus,MONDO:0018089,Double outlet right ventricle,"['BLOOD-COAGULATION FACTOR XA INHIBITOR', 'EDOXABAN', 'APIXABAN']",2
MONDO:0018072,Truncus arteriosus,MONDO:0018048,Heparin-induced thrombocytopenia,['BLOOD-COAGULATION FACTOR XA INHIBITOR'],2
MONDO:0008250,Isolated growth hormone deficiency type II,MONDO:0000050,Non-acquired isolated growth hormone deficiency,"['SUSTAINED-RELEASE  PRODRUG  OF  RECOMBINANT  HUMAN  GROWTH  HORMONE-TRANSCON HGH', 'SOMATROGON']",6
MONDO:0015104,Porphyria cutanea tarda,MONDO:0019157,Acquired idiopathic sideroblastic anemia,['DEFERASIROX'],3
MONDO:0018975,Neurofibromatosis type 1,MONDO:0018997,Noonan syndrome,"['LAMOTRIGINE', 'LOVASTATIN']",5
MONDO:0018975,Neurofibromatosis type 1,MONDO:0003111,Neuroendocrine tumor of stomach,['EVEROLIMUS'],6
MONDO:0018975,Neurofibromatosis type 1,MONDO:0001734,tuberous sclerosis,['EVEROLIMUS'],14
MONDO:0018975,Neurofibromatosis type 1,MONDO:0019963,Bronchial neuroendocrine tumor,['EVEROLIMUS'],8
MONDO:0018975,Neurofibromatosis type 1,MONDO:0003646,Neuroendocrine tumor of the rectum,['EVEROLIMUS'],6
MONDO:0018975,Neurofibromatosis type 1,MONDO:0015069,Neuroendocrine tumor of anal canal,['EVEROLIMUS'],5
MONDO:0018975,Neurofibromatosis type 1,MONDO:0002882,Neuroendocrine tumor of the colon,['EVEROLIMUS'],5
MONDO:0018975,Neurofibromatosis type 1,MONDO:0015066,Neuroendocrine neoplasm of appendix,['EVEROLIMUS'],2
MONDO:0018975,Neurofibromatosis type 1,MONDO:0007039,Full NF2-related schwannomatosis,['EVEROLIMUS'],2
MONDO:0018975,Neurofibromatosis type 1,MONDO:0020547,Chronic graft versus host disease,['EVEROLIMUS'],2
MONDO:0018975,Neurofibromatosis type 1,MONDO:0006468,Anaplastic thyroid carcinoma,['TRAMETINIB'],3
MONDO:0018975,Neurofibromatosis type 1,MONDO:0011719,gastrointestinal stromal tumor,['TRAMETINIB'],3
MONDO:0016301,Congenitally corrected transposition of the great arteries,MONDO:0005149,Idiopathic/heritable pulmonary arterial hypertension,['TADALAFIL'],19
MONDO:0017409,Fetal cytomegalovirus syndrome,MONDO:0008558,autoimmune thrombocytopenic purpura,['HUMAN NORMAL IMMUNOGLOBULIN'],7
MONDO:0017409,Fetal cytomegalovirus syndrome,MONDO:0019369,Complex regional pain syndrome,['HUMAN NORMAL IMMUNOGLOBULIN'],2
MONDO:0017409,Fetal cytomegalovirus syndrome,MONDO:0008219,Pemphigus vulgaris,['HUMAN NORMAL IMMUNOGLOBULIN'],2
MONDO:0003111,Neuroendocrine tumor of stomach,MONDO:0001734,tuberous sclerosis,['EVEROLIMUS'],18
MONDO:0003111,Neuroendocrine tumor of stomach,MONDO:0019963,Bronchial neuroendocrine tumor,"['LANREOTIDE AUTOGEL', 'TEMOZOLOMIDE', 'EVEROLIMUS']",3
MONDO:0003111,Neuroendocrine tumor of stomach,MONDO:0003646,Neuroendocrine tumor of the rectum,"['LANREOTIDE AUTOGEL', 'CABOZANTINIB', 'TEMOZOLOMIDE', 'EVEROLIMUS']",3
MONDO:0003111,Neuroendocrine tumor of stomach,MONDO:0015069,Neuroendocrine tumor of anal canal,"['LANREOTIDE AUTOGEL', 'TEMOZOLOMIDE', 'EVEROLIMUS']",6
MONDO:0003111,Neuroendocrine tumor of stomach,MONDO:0002882,Neuroendocrine tumor of the colon,"['LANREOTIDE AUTOGEL', 'TEMOZOLOMIDE', 'EVEROLIMUS']",3
MONDO:0003111,Neuroendocrine tumor of stomach,MONDO:0015066,Neuroendocrine neoplasm of appendix,"['LANREOTIDE AUTOGEL', 'TEMOZOLOMIDE', 'EVEROLIMUS']",3
MONDO:0003111,Neuroendocrine tumor of stomach,MONDO:0007039,Full NF2-related schwannomatosis,['EVEROLIMUS'],6
MONDO:0003111,Neuroendocrine tumor of stomach,MONDO:0020547,Chronic graft versus host disease,['EVEROLIMUS'],6
MONDO:0003111,Neuroendocrine tumor of stomach,MONDO:0019960,VIPoma,"['LANREOTIDE AUTOGEL', 'TEMOZOLOMIDE']",3
MONDO:0003111,Neuroendocrine tumor of stomach,MONDO:0016722,Pineoblastoma,['TEMOZOLOMIDE'],2
MONDO:0003111,Neuroendocrine tumor of stomach,MONDO:0005072,neuroblastoma,['TEMOZOLOMIDE'],7
MONDO:0003111,Neuroendocrine tumor of stomach,MONDO:0019964,Thymic neuroendocrine tumor,"['LANREOTIDE AUTOGEL', 'CABOZANTINIB', 'TEMOZOLOMIDE']",3
MONDO:0003111,Neuroendocrine tumor of stomach,MONDO:0019959,Glucagonoma,"['LANREOTIDE AUTOGEL', 'TEMOZOLOMIDE']",3
MONDO:0003111,Neuroendocrine tumor of stomach,MONDO:0002728,Rhabdoid tumor,['TEMOZOLOMIDE'],2
MONDO:0003111,Neuroendocrine tumor of stomach,MONDO:0020331,Indolent systemic mastocytosis,['INTERFERON ALPHA 2B'],2
MONDO:0003111,Neuroendocrine tumor of stomach,MONDO:0011719,gastrointestinal stromal tumor,['CABOZANTINIB'],2
MONDO:0009705,Carnitine palmitoyl transferase 1A deficiency,MONDO:0011724,Classic glucose transporter type 1 deficiency syndrome,['TRIHEPTANOIN'],5
MONDO:0009705,Carnitine palmitoyl transferase 1A deficiency,MONDO:0015515,Carnitine palmitoyltransferase II deficiency,['TRIHEPTANOIN'],4
MONDO:0009705,Carnitine palmitoyl transferase 1A deficiency,MONDO:0012172,Mitochondrial trifunctional protein deficiency,['TRIHEPTANOIN'],4
MONDO:0013512,Hemoglobin H disease,MONDO:0016486,Beta-thalassemia major,['MITAPIVAT SULFATE'],3
MONDO:0009717,Schwartz-Jampel syndrome,MONDO:0008195,Paramyotonia congenita of Von Eulenburg,['MEXILETINE HYDROCHLORIDE'],3
MONDO:0011787,FKRP-related limb-girdle muscular dystrophy R9,MONDO:0011028,Delta-sarcoglycan-related limb-girdle muscular dystrophy R6,['LISINOPRIL'],2
MONDO:0007191,Behet disease,MONDO:0019167,Immunoglobulin A vasculitis,['INFLIXIMAB'],2
MONDO:0007191,Behet disease,MONDO:0019170,Polyarteritis nodosa,['INFLIXIMAB'],2
MONDO:0007191,Behet disease,MONDO:0018092,Vogt-Koyanagi-Harada disease,['GEVOKIZUMAB'],28
MONDO:0007191,Behet disease,MONDO:0019127,polymyositis,['GEVOKIZUMAB'],10
MONDO:0007191,Behet disease,MONDO:0005028,Adenocarcinoma of the esophagus,['GEVOKIZUMAB'],8
MONDO:0008840,Ataxia-telangiectasia,MONDO:0008728,Classic congenital adrenal hyperplasia due to 21-hydroxylase deficiency,['METFORMIN'],2
MONDO:0008840,Ataxia-telangiectasia,MONDO:0001734,tuberous sclerosis,['METFORMIN'],2
MONDO:0008840,Ataxia-telangiectasia,MONDO:0100280,Waldenstrom macroglobulinemia,['DEXAMETHASONE SODIUM PHOSPHATE ENCAPSULATED IN HUMAN ERYTHROCYTES'],7
MONDO:0008840,Ataxia-telangiectasia,MONDO:0004976,Amyotrophic lateral sclerosis,['PIOGLITAZONE'],2
MONDO:0008840,Ataxia-telangiectasia,MONDO:0004691,Autosomal dominant polycystic kidney disease,['PIOGLITAZONE'],2
MONDO:0008840,Ataxia-telangiectasia,MONDO:0009623,Nijmegen breakage syndrome,['TALAZOPARIB'],4
MONDO:0008840,Ataxia-telangiectasia,MONDO:0005072,neuroblastoma,['TALAZOPARIB'],3
MONDO:0010602,hemophilia A,MONDO:0100280,Waldenstrom macroglobulinemia,['RITUXIMAB'],217
MONDO:0010602,hemophilia A,MONDO:0018906,follicular lymphoma,"['RITUXIMAB', 'PREDNISONE']",189
MONDO:0010602,hemophilia A,MONDO:0007650,MALT lymphoma,['RITUXIMAB'],278
MONDO:0010602,hemophilia A,MONDO:0008558,autoimmune thrombocytopenic purpura,"['RITUXIMAB', 'PREDNISONE']",14
MONDO:0010602,hemophilia A,MONDO:0012105,Granulomatosis with polyangiitis,"['RITUXIMAB', 'PREDNISONE']",41
MONDO:0010602,hemophilia A,MONDO:0015564,Castleman disease,"['RITUXIMAB', 'PREDNISONE']",7
MONDO:0010602,hemophilia A,MONDO:0005388,Primary biliary cholangitis,['RITUXIMAB'],8
MONDO:0010602,hemophilia A,MONDO:0005072,neuroblastoma,['RITUXIMAB'],9
MONDO:0010602,hemophilia A,MONDO:0019127,polymyositis,['PREDNISONE'],13
MONDO:0010602,hemophilia A,MONDO:0009891,acquired polycythemia vera,['PREDNISONE'],10
MONDO:0010602,hemophilia A,MONDO:0009061,Cystic fibrosis,"['ATALUREN', 'PREDNISONE']",6
MONDO:0010602,hemophilia A,MONDO:0004976,Amyotrophic lateral sclerosis,['PREDNISONE'],5
MONDO:0010602,hemophilia A,MONDO:0011719,gastrointestinal stromal tumor,['PREDNISONE'],4
MONDO:0010602,hemophilia A,MONDO:0015719,Severe hemophilia A,"['EPTACOG ALFA (ACTIVATED)', 'HUMAN COAGULATION FACTOR VIII / VON WILLEBRAND FACTOR', 'EFMOROCTOCOG ALFA', 'PEGYLATED RECOMBINANT FACTOR VIII', 'TUROCTOCOG ALFA PEGOL', 'RECOMBINANT PORCINE FACTOR VIII (B DOMAIN DELETED)', 'FITUSIRAN', 'CONCIZUMAB', 'SIMOCTOCOG ALFA', 'DAMOCTOCOG ALFA PEGOL', 'HUMANISED MONOCLONAL MODIFIED IGG4 ANTIBODY WITH BISPECIFIC STRUCTURE TARGETING FACTORS IX, IXA, X AND XA']",15
MONDO:0010602,hemophilia A,MONDO:0015721,Mild hemophilia A,"['EPTACOG ALFA (ACTIVATED)', 'CONCIZUMAB', 'HUMANISED MONOCLONAL MODIFIED IGG4 ANTIBODY WITH BISPECIFIC STRUCTURE TARGETING FACTORS IX, IXA, X AND XA']",4
MONDO:0010602,hemophilia A,MONDO:0015716,Moderate hemophilia B,"['EPTACOG ALFA (ACTIVATED)', 'FITUSIRAN', 'CONCIZUMAB']",5
MONDO:0010602,hemophilia A,MONDO:0015788,Bleeding disorder in hemophilia B carriers,['EPTACOG ALFA (ACTIVATED)'],3
MONDO:0006468,Anaplastic thyroid carcinoma,MONDO:0019963,Bronchial neuroendocrine tumor,"['PEMBROLIZUMAB', 'TREMELIMUMAB', 'DURVALUMAB']",2
MONDO:0006468,Anaplastic thyroid carcinoma,MONDO:0015686,Primary peritoneal carcinoma,"['PEMBROLIZUMAB', 'DURVALUMAB', 'PACLITAXEL']",7
MONDO:0006468,Anaplastic thyroid carcinoma,MONDO:0018906,follicular lymphoma,"['PEMBROLIZUMAB', 'DURVALUMAB']",2
MONDO:0006468,Anaplastic thyroid carcinoma,MONDO:0005028,Adenocarcinoma of the esophagus,"['PEMBROLIZUMAB', 'DURVALUMAB']",2
MONDO:0006468,Anaplastic thyroid carcinoma,MONDO:0011719,gastrointestinal stromal tumor,"['DABRAFENIB', 'TRAMETINIB']",4
MONDO:0006468,Anaplastic thyroid carcinoma,MONDO:0005512,Malignant peritoneal mesothelioma,"['PEMBROLIZUMAB', 'TREMELIMUMAB']",7
MONDO:0006468,Anaplastic thyroid carcinoma,MONDO:0002882,Neuroendocrine tumor of the colon,['PEMBROLIZUMAB'],2
MONDO:0006468,Anaplastic thyroid carcinoma,MONDO:0020561,Myxoid/round cell liposarcoma,['PEMBROLIZUMAB'],2
MONDO:0006468,Anaplastic thyroid carcinoma,MONDO:0002728,Rhabdoid tumor,['PEMBROLIZUMAB'],2
MONDO:0006468,Anaplastic thyroid carcinoma,MONDO:0003646,Neuroendocrine tumor of the rectum,['PEMBROLIZUMAB'],2
MONDO:0000050,Non-acquired isolated growth hormone deficiency,MONDO:0018997,Noonan syndrome,['SOMAPACITAN'],9
MONDO:0000050,Non-acquired isolated growth hormone deficiency,MONDO:0014403,Short stature due to GHSR deficiency,['SOMAPACITAN'],6
MONDO:0005789,Hepatitis delta,MONDO:0011719,gastrointestinal stromal tumor,['NIVOLUMAB'],10
MONDO:0005789,Hepatitis delta,MONDO:0005072,neuroblastoma,['NIVOLUMAB'],15
MONDO:0005789,Hepatitis delta,MONDO:0018906,follicular lymphoma,['NIVOLUMAB'],22
MONDO:0005789,Hepatitis delta,MONDO:0018907,Craniopharyngioma,"['PEGINTERFERON ALFA-2B', 'NIVOLUMAB']",3
MONDO:0005789,Hepatitis delta,MONDO:0004976,Amyotrophic lateral sclerosis,['RITONAVIR'],8
MONDO:0005789,Hepatitis delta,MONDO:0009891,acquired polycythemia vera,"['PEGINTERFERON ALFA-2B', 'PEGINTERFERON ALFA-2A', 'PEGYLATED INTERFERON ALPHA-2A']",11
MONDO:0009377,Hyperammonemia due to N-acetylglutamate synthase deficiency,MONDO:0008988,Citrullinemia type I,['HETEROLOGOUS HUMAN ADULT LIVER DERIVED STEM CELLS'],4
MONDO:0009377,Hyperammonemia due to N-acetylglutamate synthase deficiency,MONDO:0008814,Argininemia,['HETEROLOGOUS HUMAN ADULT LIVER DERIVED STEM CELLS'],4
MONDO:0005149,Idiopathic/heritable pulmonary arterial hypertension,MONDO:0009061,Cystic fibrosis,"['NITRIC OXIDE', 'VARDENAFIL', 'LOSARTAN', 'RIOCIGUAT', 'SILDENAFIL', 'SIMVASTATIN', 'OLAPARIB']",38
MONDO:0005149,Idiopathic/heritable pulmonary arterial hypertension,MONDO:0018965,Alport syndrome,['BARDOXOLONE METHYL'],2
MONDO:0005149,Idiopathic/heritable pulmonary arterial hypertension,MONDO:0004691,Autosomal dominant polycystic kidney disease,['BARDOXOLONE METHYL'],2
MONDO:0005149,Idiopathic/heritable pulmonary arterial hypertension,MONDO:0019204,Respiratory bronchiolitis-interstitial lung disease syndrome,['BARDOXOLONE METHYL'],2
MONDO:0005149,Idiopathic/heritable pulmonary arterial hypertension,MONDO:0015796,Acute lung injury,"['RECOMBINANT HUMAN ANGIOTENSIN-CONVERTING ENZYME 2 (RHACE2)', 'IMATINIB MESILATE']",2
MONDO:0005149,Idiopathic/heritable pulmonary arterial hypertension,MONDO:0005711,Congenital diaphragmatic hernia,['SILDENAFIL CITRATE'],12
MONDO:0005149,Idiopathic/heritable pulmonary arterial hypertension,MONDO:0006851,Meconium aspiration syndrome,['SILDENAFIL CITRATE'],10
MONDO:0005149,Idiopathic/heritable pulmonary arterial hypertension,MONDO:0001734,tuberous sclerosis,['CHEMBL3560003'],23
MONDO:0005149,Idiopathic/heritable pulmonary arterial hypertension,MONDO:0005072,neuroblastoma,['CHEMBL3560003'],6
MONDO:0005149,Idiopathic/heritable pulmonary arterial hypertension,MONDO:0004976,Amyotrophic lateral sclerosis,"['CHEMBL3560003', 'DEXMEDETOMIDINE', 'ANAKINRA']",3
MONDO:0005149,Idiopathic/heritable pulmonary arterial hypertension,MONDO:0015564,Castleman disease,['CHEMBL3560003'],4
MONDO:0005149,Idiopathic/heritable pulmonary arterial hypertension,MONDO:0009891,acquired polycythemia vera,"['HYDROXYUREA', 'IMATINIB']",35
MONDO:0005149,Idiopathic/heritable pulmonary arterial hypertension,MONDO:0011719,gastrointestinal stromal tumor,"['IMATINIB', 'IMATINIB MESILATE']",100
MONDO:0005149,Idiopathic/heritable pulmonary arterial hypertension,MONDO:0020331,Indolent systemic mastocytosis,['IMATINIB MESILATE'],11
MONDO:0005149,Idiopathic/heritable pulmonary arterial hypertension,MONDO:0018088,Familial Mediterranean fever,['TOCILIZUMAB'],2
MONDO:0005149,Idiopathic/heritable pulmonary arterial hypertension,MONDO:0019170,Polyarteritis nodosa,['TOCILIZUMAB'],2
MONDO:0005149,Idiopathic/heritable pulmonary arterial hypertension,MONDO:0019433,Oligoarticular juvenile idiopathic arthritis,['TOCILIZUMAB'],2
MONDO:0005149,Idiopathic/heritable pulmonary arterial hypertension,MONDO:0019167,Immunoglobulin A vasculitis,['TOCILIZUMAB'],2
MONDO:0005149,Idiopathic/heritable pulmonary arterial hypertension,MONDO:0017148,Heritable pulmonary arterial hypertension,"['SOTATERCEPT', 'MACITENTAN', 'BOSENTAN']",17
MONDO:0005149,Idiopathic/heritable pulmonary arterial hypertension,MONDO:0100280,Waldenstrom macroglobulinemia,"['SIMVASTATIN', 'SILDENAFIL']",126
MONDO:0005149,Idiopathic/heritable pulmonary arterial hypertension,MONDO:0006687,Burning mouth syndrome,['ESCITALOPRAM'],2
MONDO:0005149,Idiopathic/heritable pulmonary arterial hypertension,MONDO:0010557,Choroideremia,['SIMVASTATIN'],3
MONDO:0005149,Idiopathic/heritable pulmonary arterial hypertension,MONDO:0016486,Beta-thalassemia major,['SOTATERCEPT'],13
MONDO:0005149,Idiopathic/heritable pulmonary arterial hypertension,MONDO:0015686,Primary peritoneal carcinoma,['OLAPARIB'],24
MONDO:0005149,Idiopathic/heritable pulmonary arterial hypertension,MONDO:0016681,Gliosarcoma,['OLAPARIB'],2
MONDO:0005149,Idiopathic/heritable pulmonary arterial hypertension,MONDO:0015278,Familial pancreatic carcinoma,['OLAPARIB'],2
MONDO:0011724,Classic glucose transporter type 1 deficiency syndrome,MONDO:0015515,Carnitine palmitoyltransferase II deficiency,['TRIHEPTANOIN'],5
MONDO:0011724,Classic glucose transporter type 1 deficiency syndrome,MONDO:0012172,Mitochondrial trifunctional protein deficiency,['TRIHEPTANOIN'],5
MONDO:0018301,interstitial cystitis,MONDO:0016532,Lennox-Gastaut syndrome,['CANNABIDIOL'],11
MONDO:0018301,interstitial cystitis,MONDO:0004976,Amyotrophic lateral sclerosis,"['CHEMBL3210645', 'CANNABIDIOL']",3
MONDO:0018301,interstitial cystitis,MONDO:0019369,Complex regional pain syndrome,['LIDOCAINE'],4
MONDO:0018301,interstitial cystitis,MONDO:0009891,acquired polycythemia vera,['CHEMBL3210645'],21
MONDO:0018301,interstitial cystitis,MONDO:0100280,Waldenstrom macroglobulinemia,['CHEMBL3210645'],51
MONDO:0018301,interstitial cystitis,MONDO:0007650,MALT lymphoma,['CHEMBL3210645'],49
MONDO:0018301,interstitial cystitis,MONDO:0018906,follicular lymphoma,['CHEMBL3210645'],74
MONDO:0018301,interstitial cystitis,MONDO:0012105,Granulomatosis with polyangiitis,['CHEMBL3210645'],18
MONDO:0018301,interstitial cystitis,MONDO:0100244,paroxysmal nocturnal hemoglobinuria,['CHEMBL3210645'],7
MONDO:0018301,interstitial cystitis,MONDO:0005072,neuroblastoma,['CHEMBL3210645'],5
MONDO:0018301,interstitial cystitis,MONDO:0008558,autoimmune thrombocytopenic purpura,['CHEMBL3210645'],4
MONDO:0016238,Solitary fibrous tumor,MONDO:0015686,Primary peritoneal carcinoma,"['NINTEDANIB', 'NIVOLUMAB', 'DOXORUBICIN HYDROCHLORIDE (LIPOSOMAL)', 'TRABECTEDIN', 'PAZOPANIB HYDROCHLORIDE']",6
MONDO:0016238,Solitary fibrous tumor,MONDO:0002728,Rhabdoid tumor,"['PALBOCICLIB', 'NINTEDANIB', 'REGORAFENIB', 'ALBUMIN-BINDING PRODRUG OF DOXORUBICIN', 'OLARATUMAB', 'DOXORUBICIN HYDROCHLORIDE (LIPOSOMAL)', 'NIVOLUMAB', 'TRABECTEDIN', 'AXITINIB', 'PAZOPANIB HYDROCHLORIDE']",2
MONDO:0016238,Solitary fibrous tumor,MONDO:0020561,Myxoid/round cell liposarcoma,"['NINTEDANIB', 'OLARATUMAB', 'DOXORUBICIN HYDROCHLORIDE (LIPOSOMAL)', 'TRABECTEDIN', 'PAZOPANIB HYDROCHLORIDE', 'ERIBULIN MESYLATE']",5
MONDO:0016238,Solitary fibrous tumor,MONDO:0005103,Well-differentiated liposarcoma,"['TRABECTEDIN', 'PAZOPANIB HYDROCHLORIDE', 'PALBOCICLIB']",2
MONDO:0016238,Solitary fibrous tumor,MONDO:0018906,follicular lymphoma,"['NIVOLUMAB', 'DOXORUBICIN HYDROCHLORIDE (LIPOSOMAL)']",4
MONDO:0016238,Solitary fibrous tumor,MONDO:0018271,Peripheral primitive neuroectodermal tumor,"['REGORAFENIB', 'PAZOPANIB HYDROCHLORIDE', 'ALBUMIN-BINDING PRODRUG OF DOXORUBICIN']",2
MONDO:0016238,Solitary fibrous tumor,MONDO:0005512,Malignant peritoneal mesothelioma,['VORINOSTAT'],2
MONDO:0016238,Solitary fibrous tumor,MONDO:0005072,neuroblastoma,"['PALBOCICLIB', 'PAZOPANIB HYDROCHLORIDE', 'NIVOLUMAB', 'REGORAFENIB']",3
MONDO:0016238,Solitary fibrous tumor,MONDO:0011719,gastrointestinal stromal tumor,"['PALBOCICLIB', 'REGORAFENIB', 'OLARATUMAB', 'PAZOPANIB HYDROCHLORIDE', 'SUNITINIB MALATE']",6
MONDO:0016238,Solitary fibrous tumor,MONDO:0017366,Hereditary pheochromocytoma-paraganglioma,['SUNITINIB MALATE'],4
MONDO:0016238,Solitary fibrous tumor,MONDO:0019963,Bronchial neuroendocrine tumor,['PAZOPANIB HYDROCHLORIDE'],4
MONDO:0016238,Solitary fibrous tumor,MONDO:0019964,Thymic neuroendocrine tumor,['PAZOPANIB HYDROCHLORIDE'],4
MONDO:0016238,Solitary fibrous tumor,MONDO:0016681,Gliosarcoma,['AXITINIB'],2
MONDO:0016238,Solitary fibrous tumor,MONDO:0005028,Adenocarcinoma of the esophagus,"['REGORAFENIB', 'NIVOLUMAB']",2
MONDO:0016238,Solitary fibrous tumor,MONDO:0019475,Subcutaneous panniculitis-like T-cell lymphoma,['NIVOLUMAB'],2
MONDO:0005835,Lynch syndrome,MONDO:0005028,Adenocarcinoma of the esophagus,['CETUXIMAB'],3
MONDO:0019534,Mixed-type autoimmune hemolytic anemia,MONDO:0100280,Waldenstrom macroglobulinemia,['RITUXIMAB'],8
MONDO:0019534,Mixed-type autoimmune hemolytic anemia,MONDO:0018906,follicular lymphoma,['RITUXIMAB'],62
MONDO:0019534,Mixed-type autoimmune hemolytic anemia,MONDO:0019740,Immune-mediated thrombotic thrombocytopenic purpura,['RITUXIMAB'],4
MONDO:0019534,Mixed-type autoimmune hemolytic anemia,MONDO:0007650,MALT lymphoma,['RITUXIMAB'],6
MONDO:0019534,Mixed-type autoimmune hemolytic anemia,MONDO:0012105,Granulomatosis with polyangiitis,['RITUXIMAB'],6
MONDO:0019534,Mixed-type autoimmune hemolytic anemia,MONDO:0005388,Primary biliary cholangitis,['RITUXIMAB'],2
MONDO:0019534,Mixed-type autoimmune hemolytic anemia,MONDO:0019006,Genetic steroid-resistant nephrotic syndrome,['RITUXIMAB'],2
MONDO:0019534,Mixed-type autoimmune hemolytic anemia,MONDO:0008558,autoimmune thrombocytopenic purpura,['RITUXIMAB'],3
MONDO:0019534,Mixed-type autoimmune hemolytic anemia,MONDO:0018977,Polyneuropathy associated with IgM monoclonal gammopathy with anti-MAG,['RITUXIMAB'],2
MONDO:0019534,Mixed-type autoimmune hemolytic anemia,MONDO:0019170,Polyarteritis nodosa,['RITUXIMAB'],2
MONDO:0019534,Mixed-type autoimmune hemolytic anemia,MONDO:0019127,polymyositis,['RITUXIMAB'],2
MONDO:0019534,Mixed-type autoimmune hemolytic anemia,MONDO:0020547,Chronic graft versus host disease,['RITUXIMAB'],2
MONDO:0019534,Mixed-type autoimmune hemolytic anemia,MONDO:0019067,Idiopathic steroid-sensitive nephrotic syndrome,['RITUXIMAB'],2
MONDO:0019534,Mixed-type autoimmune hemolytic anemia,MONDO:0019535,Drug-induced autoimmune hemolytic anemia,['RITUXIMAB'],2
MONDO:0019534,Mixed-type autoimmune hemolytic anemia,MONDO:0019167,Immunoglobulin A vasculitis,['RITUXIMAB'],2
MONDO:0018896,Thrombotic thrombocytopenic purpura,MONDO:0019740,Immune-mediated thrombotic thrombocytopenic purpura,['CAPLACIZUMAB'],14
MONDO:0018896,Thrombotic thrombocytopenic purpura,MONDO:0009303,Anti-glomerular basement membrane disease,['IMLIFIDASE'],4
MONDO:0019964,Thymic neuroendocrine tumor,MONDO:0003646,Neuroendocrine tumor of the rectum,"['LANREOTIDE AUTOGEL', 'CABOZANTINIB', 'TEMOZOLOMIDE']",2
MONDO:0019964,Thymic neuroendocrine tumor,MONDO:0019960,VIPoma,"['LANREOTIDE AUTOGEL', 'TEMOZOLOMIDE']",2
MONDO:0019964,Thymic neuroendocrine tumor,MONDO:0002882,Neuroendocrine tumor of the colon,"['LANREOTIDE AUTOGEL', 'TEMOZOLOMIDE']",2
MONDO:0019964,Thymic neuroendocrine tumor,MONDO:0019963,Bronchial neuroendocrine tumor,"['LANREOTIDE AUTOGEL', 'PAZOPANIB HYDROCHLORIDE', 'TEMOZOLOMIDE']",2
MONDO:0019964,Thymic neuroendocrine tumor,MONDO:0016722,Pineoblastoma,['TEMOZOLOMIDE'],2
MONDO:0019964,Thymic neuroendocrine tumor,MONDO:0015069,Neuroendocrine tumor of anal canal,"['LANREOTIDE AUTOGEL', 'TEMOZOLOMIDE']",2
MONDO:0019964,Thymic neuroendocrine tumor,MONDO:0005072,neuroblastoma,"['PAZOPANIB HYDROCHLORIDE', 'TEMOZOLOMIDE']",7
MONDO:0019964,Thymic neuroendocrine tumor,MONDO:0015066,Neuroendocrine neoplasm of appendix,"['LANREOTIDE AUTOGEL', 'TEMOZOLOMIDE']",2
MONDO:0019964,Thymic neuroendocrine tumor,MONDO:0019959,Glucagonoma,"['LANREOTIDE AUTOGEL', 'TEMOZOLOMIDE']",2
MONDO:0019964,Thymic neuroendocrine tumor,MONDO:0002728,Rhabdoid tumor,"['PAZOPANIB HYDROCHLORIDE', 'TEMOZOLOMIDE']",3
MONDO:0019964,Thymic neuroendocrine tumor,MONDO:0015686,Primary peritoneal carcinoma,['PAZOPANIB HYDROCHLORIDE'],6
MONDO:0019964,Thymic neuroendocrine tumor,MONDO:0005103,Well-differentiated liposarcoma,['PAZOPANIB HYDROCHLORIDE'],3
MONDO:0019964,Thymic neuroendocrine tumor,MONDO:0011719,gastrointestinal stromal tumor,"['PAZOPANIB HYDROCHLORIDE', 'CABOZANTINIB']",2
MONDO:0019964,Thymic neuroendocrine tumor,MONDO:0018271,Peripheral primitive neuroectodermal tumor,['PAZOPANIB HYDROCHLORIDE'],2
MONDO:0019964,Thymic neuroendocrine tumor,MONDO:0020561,Myxoid/round cell liposarcoma,['PAZOPANIB HYDROCHLORIDE'],3
MONDO:0008148,Osteogenesis imperfecta type 4,MONDO:0008147,Osteogenesis imperfecta type 2,"['DENOSUMAB', 'ROMOSOZUMAB']",2
MONDO:0008148,Osteogenesis imperfecta type 4,MONDO:0009804,Osteogenesis imperfecta type 3,"['DENOSUMAB', 'ROMOSOZUMAB', 'RECOMBINANT HUMANISED MONOCLONAL IGG2 LAMBDA ANTIBODY AGAINST HUMAN SCLEROSTIN']",2
MONDO:0018325,Juvenile myasthenia gravis,MONDO:0008558,autoimmune thrombocytopenic purpura,"['ROZANOLIXIZUMAB', 'EFGARTIGIMOD ALFA']",12
MONDO:0018325,Juvenile myasthenia gravis,MONDO:0035666,Acute transverse myelitis with anti-MOG antibodies,['ROZANOLIXIZUMAB'],3
MONDO:0019157,Acquired idiopathic sideroblastic anemia,MONDO:0019067,Idiopathic steroid-sensitive nephrotic syndrome,"['VALPROIC ACID, SODIUM']",2
MONDO:0019157,Acquired idiopathic sideroblastic anemia,MONDO:0019006,Genetic steroid-resistant nephrotic syndrome,"['VALPROIC ACID, SODIUM']",2
MONDO:0019157,Acquired idiopathic sideroblastic anemia,MONDO:0016486,Beta-thalassemia major,['LUSPATERCEPT'],2
MONDO:0019157,Acquired idiopathic sideroblastic anemia,MONDO:0009891,acquired polycythemia vera,['LUSPATERCEPT'],3
MONDO:0019157,Acquired idiopathic sideroblastic anemia,MONDO:0007650,MALT lymphoma,['LENALIDOMIDE'],4
MONDO:0019157,Acquired idiopathic sideroblastic anemia,MONDO:0018906,follicular lymphoma,['LENALIDOMIDE'],11
MONDO:0019522,"Autosomal recessive generalized dystrophic epidermolysis bullosa, intermediate form",MONDO:0019310,Recessive dystrophic epidermolysis bullosa inversa,"['EX-VIVO-EXPANDED AUTOLOGOUS HUMAN KERATINOCYTES CONTAINING EPIDERMAL STEM CELLS TRANSDUCED WITH A COL7A1-ENCODING RETROVIRAL VECTOR', 'RIGOSERTIB', 'CALCIPOTRIOL', 'ALLANTOIN', 'ALLOGENEIC SKIN-DERIVED ABCB5-POSITIVE MESENCHYMAL STEM CELLS']",2
MONDO:0019522,"Autosomal recessive generalized dystrophic epidermolysis bullosa, intermediate form",MONDO:0007552,"Localized dystrophic epidermolysis bullosa, pretibial form","['CALCIPOTRIOL', 'ALLANTOIN']",12
MONDO:0019522,"Autosomal recessive generalized dystrophic epidermolysis bullosa, intermediate form",MONDO:0015553,"Localized dystrophic epidermolysis bullosa, nails only",['CALCIPOTRIOL'],2
MONDO:0019522,"Autosomal recessive generalized dystrophic epidermolysis bullosa, intermediate form",MONDO:0007549,Autosomal dominant generalized dystrophic epidermolysis bullosa,['CALCIPOTRIOL'],2
MONDO:0019522,"Autosomal recessive generalized dystrophic epidermolysis bullosa, intermediate form",MONDO:0015041,Refractory anemia with excess blasts type 2,['RIGOSERTIB'],6
MONDO:0015253,Diamond-Blackfan anemia,MONDO:0011012,Dietary iron overload disease,['DEFERITAZOLE'],3
MONDO:0019740,Immune-mediated thrombotic thrombocytopenic purpura,MONDO:0100280,Waldenstrom macroglobulinemia,['RITUXIMAB'],10
MONDO:0019740,Immune-mediated thrombotic thrombocytopenic purpura,MONDO:0018906,follicular lymphoma,['RITUXIMAB'],64
MONDO:0019740,Immune-mediated thrombotic thrombocytopenic purpura,MONDO:0007650,MALT lymphoma,['RITUXIMAB'],8
MONDO:0019740,Immune-mediated thrombotic thrombocytopenic purpura,MONDO:0012105,Granulomatosis with polyangiitis,['RITUXIMAB'],8
MONDO:0019740,Immune-mediated thrombotic thrombocytopenic purpura,MONDO:0005388,Primary biliary cholangitis,['RITUXIMAB'],4
MONDO:0019740,Immune-mediated thrombotic thrombocytopenic purpura,MONDO:0019006,Genetic steroid-resistant nephrotic syndrome,['RITUXIMAB'],4
MONDO:0019740,Immune-mediated thrombotic thrombocytopenic purpura,MONDO:0008558,autoimmune thrombocytopenic purpura,['RITUXIMAB'],5
MONDO:0019740,Immune-mediated thrombotic thrombocytopenic purpura,MONDO:0018977,Polyneuropathy associated with IgM monoclonal gammopathy with anti-MAG,['RITUXIMAB'],4
MONDO:0019740,Immune-mediated thrombotic thrombocytopenic purpura,MONDO:0019170,Polyarteritis nodosa,['RITUXIMAB'],4
MONDO:0019740,Immune-mediated thrombotic thrombocytopenic purpura,MONDO:0019127,polymyositis,['RITUXIMAB'],4
MONDO:0019740,Immune-mediated thrombotic thrombocytopenic purpura,MONDO:0020547,Chronic graft versus host disease,['RITUXIMAB'],4
MONDO:0019740,Immune-mediated thrombotic thrombocytopenic purpura,MONDO:0019067,Idiopathic steroid-sensitive nephrotic syndrome,['RITUXIMAB'],4
MONDO:0019740,Immune-mediated thrombotic thrombocytopenic purpura,MONDO:0019535,Drug-induced autoimmune hemolytic anemia,['RITUXIMAB'],4
MONDO:0019740,Immune-mediated thrombotic thrombocytopenic purpura,MONDO:0019167,Immunoglobulin A vasculitis,['RITUXIMAB'],4
MONDO:0018596,Systemic polyarteritis nodosa,MONDO:0008219,Pemphigus vulgaris,['MYCOPHENOLATE MOFETIL'],2
MONDO:0018596,Systemic polyarteritis nodosa,MONDO:0019067,Idiopathic steroid-sensitive nephrotic syndrome,['MYCOPHENOLATE MOFETIL'],4
MONDO:0018596,Systemic polyarteritis nodosa,MONDO:0012105,Granulomatosis with polyangiitis,['MYCOPHENOLATE MOFETIL'],2
MONDO:0015912,MYH9-related disease,MONDO:0008558,autoimmune thrombocytopenic purpura,['ELTROMBOPAG OLAMINE'],17
MONDO:0015912,MYH9-related disease,MONDO:0009276,Bernard-Soulier syndrome,['ELTROMBOPAG OLAMINE'],2
MONDO:0011719,gastrointestinal stromal tumor,MONDO:0001734,tuberous sclerosis,['EVEROLIMUS'],31
MONDO:0011719,gastrointestinal stromal tumor,MONDO:0100280,Waldenstrom macroglobulinemia,"['UMBRALISIB', 'PERIFOSINE', 'EVEROLIMUS', 'PEMBROLIZUMAB', 'DASATINIB']",14
MONDO:0011719,gastrointestinal stromal tumor,MONDO:0018906,follicular lymphoma,"['UMBRALISIB', 'GEMCITABINE', 'OXALIPLATIN', 'PEMBROLIZUMAB', 'NIVOLUMAB', '7-ETHYL-10-HYDROXYCAMPTOTHECIN', 'PREDNISONE', 'BEVACIZUMAB', 'BUPARLISIB', 'DASATINIB']",14
MONDO:0011719,gastrointestinal stromal tumor,MONDO:0012105,Granulomatosis with polyangiitis,['PREDNISONE'],30
MONDO:0011719,gastrointestinal stromal tumor,MONDO:0019127,polymyositis,['PREDNISONE'],11
MONDO:0011719,gastrointestinal stromal tumor,MONDO:0009891,acquired polycythemia vera,"['UMBRALISIB', 'SELINEXOR', 'PREDNISONE', 'IMATINIB', 'DASATINIB']",4
MONDO:0011719,gastrointestinal stromal tumor,MONDO:0008558,autoimmune thrombocytopenic purpura,['PREDNISONE'],12
MONDO:0011719,gastrointestinal stromal tumor,MONDO:0015564,Castleman disease,['PREDNISONE'],5
MONDO:0011719,gastrointestinal stromal tumor,MONDO:0009061,Cystic fibrosis,"['REPAGLINIDE', 'PREDNISONE']",5
MONDO:0011719,gastrointestinal stromal tumor,MONDO:0004976,Amyotrophic lateral sclerosis,"['MASITINIB', 'MASITINIB MESILATE', 'PHENAZEPAM', 'PREDNISONE']",9
MONDO:0011719,gastrointestinal stromal tumor,MONDO:0005072,neuroblastoma,"['PALBOCICLIB', 'RIVOCERANIB', 'TEMOZOLOMIDE', 'IPILIMUMAB', 'OXALIPLATIN', 'CATEQUENTINIB', 'PEMBROLIZUMAB', 'CISPLATIN', 'REGORAFENIB', 'NIVOLUMAB', '7-ETHYL-10-HYDROXYCAMPTOTHECIN', 'VANDETANIB', 'PAZOPANIB HYDROCHLORIDE', 'BEVACIZUMAB', 'SORAFENIB', 'DASATINIB']",12
MONDO:0011719,gastrointestinal stromal tumor,MONDO:0007039,Full NF2-related schwannomatosis,['NILOTINIB'],6
MONDO:0011719,gastrointestinal stromal tumor,MONDO:0007650,MALT lymphoma,"['DASATINIB', '7-ETHYL-10-HYDROXYCAMPTOTHECIN']",8
MONDO:0011719,gastrointestinal stromal tumor,MONDO:0002728,Rhabdoid tumor,"['PALBOCICLIB', 'PAZOPANIB HYDROCHLORIDE', 'OLARATUMAB', 'REGORAFENIB']",7
MONDO:0011719,gastrointestinal stromal tumor,MONDO:0005103,Well-differentiated liposarcoma,"['PALBOCICLIB', 'PAZOPANIB HYDROCHLORIDE']",4
MONDO:0011719,gastrointestinal stromal tumor,MONDO:0018907,Craniopharyngioma,"['TRAMETINIB', 'NIVOLUMAB']",10
MONDO:0011719,gastrointestinal stromal tumor,MONDO:0020331,Indolent systemic mastocytosis,"['MASITINIB MESILATE', 'AVAPRITINIB', 'IMATINIB MESILATE', 'BEZUCLASTINIB']",4
MONDO:0011719,gastrointestinal stromal tumor,MONDO:0019037,progressive supranuclear palsy,['MASITINIB MESILATE'],8
MONDO:0011719,gastrointestinal stromal tumor,MONDO:0017366,Hereditary pheochromocytoma-paraganglioma,"['SUNITINIB MALATE', 'GUADECITABINE']",6
MONDO:0011719,gastrointestinal stromal tumor,MONDO:0015796,Acute lung injury,['IMATINIB MESILATE'],17
MONDO:0011719,gastrointestinal stromal tumor,MONDO:0010006,Sandhoff disease,['LEVOLEUCOVORIN'],11
MONDO:0011719,gastrointestinal stromal tumor,MONDO:0020561,Myxoid/round cell liposarcoma,"['PAZOPANIB HYDROCHLORIDE', 'OLARATUMAB']",3
MONDO:0011719,gastrointestinal stromal tumor,MONDO:0015686,Primary peritoneal carcinoma,['PAZOPANIB HYDROCHLORIDE'],8
MONDO:0011719,gastrointestinal stromal tumor,MONDO:0019963,Bronchial neuroendocrine tumor,['PAZOPANIB HYDROCHLORIDE'],4
MONDO:0011719,gastrointestinal stromal tumor,MONDO:0018271,Peripheral primitive neuroectodermal tumor,"['REGORAFENIB', 'PAZOPANIB HYDROCHLORIDE']",8
MONDO:0011719,gastrointestinal stromal tumor,MONDO:0020332,Systemic mastocytosis with associated hematologic neoplasm,['AVAPRITINIB'],11
MONDO:0011719,gastrointestinal stromal tumor,MONDO:0003646,Neuroendocrine tumor of the rectum,['CABOZANTINIB'],2
MONDO:0011719,gastrointestinal stromal tumor,MONDO:0005028,Adenocarcinoma of the esophagus,['REGORAFENIB'],6
MONDO:0016814,Mitochondrial DNA-associated Leigh syndrome,MONDO:0010789,MELAS,"['(S)-6-HYDROXY-2,5,7,8-TETRAMETHYL-N-((R)-PIPERIDIN-3-YL)CHROMAN-2-CARBOXAMIDE HYDROCHLORIDE']",3
MONDO:0016814,Mitochondrial DNA-associated Leigh syndrome,MONDO:0010787,Kearns-Sayre syndrome,"['(S)-6-HYDROXY-2,5,7,8-TETRAMETHYL-N-((R)-PIPERIDIN-3-YL)CHROMAN-2-CARBOXAMIDE HYDROCHLORIDE']",2
MONDO:0008219,Pemphigus vulgaris,MONDO:0019067,Idiopathic steroid-sensitive nephrotic syndrome,['MYCOPHENOLATE MOFETIL'],4
MONDO:0008219,Pemphigus vulgaris,MONDO:0012105,Granulomatosis with polyangiitis,['MYCOPHENOLATE MOFETIL'],2
MONDO:0008219,Pemphigus vulgaris,MONDO:0008558,autoimmune thrombocytopenic purpura,"['HUMAN NORMAL IMMUNOGLOBULIN', 'ANTI-BAFF (B-CELL-ACTIVATING FACTOR) MONOCLONAL ANTIBODY', 'EFGARTIGIMOD COFORMULATED WITH RECOMBINANT HUMAN HYALURONIDASE PH20 (RHUPH20)']",3
MONDO:0008219,Pemphigus vulgaris,MONDO:0019369,Complex regional pain syndrome,['HUMAN NORMAL IMMUNOGLOBULIN'],2
MONDO:0005103,Well-differentiated liposarcoma,MONDO:0015686,Primary peritoneal carcinoma,"['TRABECTEDIN', 'PAZOPANIB HYDROCHLORIDE']",6
MONDO:0005103,Well-differentiated liposarcoma,MONDO:0002728,Rhabdoid tumor,"['TRABECTEDIN', 'PAZOPANIB HYDROCHLORIDE', 'PALBOCICLIB']",3
MONDO:0005103,Well-differentiated liposarcoma,MONDO:0020561,Myxoid/round cell liposarcoma,"['TRABECTEDIN', 'PAZOPANIB HYDROCHLORIDE']",3
MONDO:0005103,Well-differentiated liposarcoma,MONDO:0005072,neuroblastoma,"['PALBOCICLIB', 'PAZOPANIB HYDROCHLORIDE']",2
MONDO:0005103,Well-differentiated liposarcoma,MONDO:0019963,Bronchial neuroendocrine tumor,['PAZOPANIB HYDROCHLORIDE'],3
MONDO:0005103,Well-differentiated liposarcoma,MONDO:0018271,Peripheral primitive neuroectodermal tumor,['PAZOPANIB HYDROCHLORIDE'],3
MONDO:0020547,Chronic graft versus host disease,MONDO:0009891,acquired polycythemia vera,"['ITACITINIB', 'RUXOLITINIB', 'GLASDEGIB']",13
MONDO:0020547,Chronic graft versus host disease,MONDO:0001734,tuberous sclerosis,"['SIROLIMUS', 'EVEROLIMUS']",14
MONDO:0020547,Chronic graft versus host disease,MONDO:0004691,Autosomal dominant polycystic kidney disease,['SIROLIMUS'],2
MONDO:0020547,Chronic graft versus host disease,MONDO:0018092,Vogt-Koyanagi-Harada disease,['SIROLIMUS'],5
MONDO:0020547,Chronic graft versus host disease,MONDO:0004976,Amyotrophic lateral sclerosis,['SIROLIMUS'],2
MONDO:0020547,Chronic graft versus host disease,MONDO:0011927,Tufted angioma,['SIROLIMUS'],2
MONDO:0020547,Chronic graft versus host disease,MONDO:0020561,Myxoid/round cell liposarcoma,['SIROLIMUS'],2
MONDO:0020547,Chronic graft versus host disease,MONDO:0019963,Bronchial neuroendocrine tumor,['EVEROLIMUS'],8
MONDO:0020547,Chronic graft versus host disease,MONDO:0003646,Neuroendocrine tumor of the rectum,['EVEROLIMUS'],6
MONDO:0020547,Chronic graft versus host disease,MONDO:0015069,Neuroendocrine tumor of anal canal,['EVEROLIMUS'],5
MONDO:0020547,Chronic graft versus host disease,MONDO:0002882,Neuroendocrine tumor of the colon,['EVEROLIMUS'],5
MONDO:0020547,Chronic graft versus host disease,MONDO:0015066,Neuroendocrine neoplasm of appendix,['EVEROLIMUS'],2
MONDO:0020547,Chronic graft versus host disease,MONDO:0007039,Full NF2-related schwannomatosis,['EVEROLIMUS'],2
MONDO:0020547,Chronic graft versus host disease,MONDO:0018906,follicular lymphoma,"['RITUXIMAB', 'IBRUTINIB', 'IXAZOMIB']",14
MONDO:0020547,Chronic graft versus host disease,MONDO:0100280,Waldenstrom macroglobulinemia,"['RITUXIMAB', 'IBRUTINIB']",8
MONDO:0020547,Chronic graft versus host disease,MONDO:0044778,Nodular lymphocyte predominant Hodgkin lymphoma,['IBRUTINIB'],6
MONDO:0020547,Chronic graft versus host disease,MONDO:0007650,MALT lymphoma,['RITUXIMAB'],6
MONDO:0020547,Chronic graft versus host disease,MONDO:0012105,Granulomatosis with polyangiitis,['RITUXIMAB'],6
MONDO:0020547,Chronic graft versus host disease,MONDO:0005388,Primary biliary cholangitis,['RITUXIMAB'],2
MONDO:0020547,Chronic graft versus host disease,MONDO:0019006,Genetic steroid-resistant nephrotic syndrome,['RITUXIMAB'],2
MONDO:0020547,Chronic graft versus host disease,MONDO:0008558,autoimmune thrombocytopenic purpura,['RITUXIMAB'],3
MONDO:0020547,Chronic graft versus host disease,MONDO:0018977,Polyneuropathy associated with IgM monoclonal gammopathy with anti-MAG,['RITUXIMAB'],2
MONDO:0020547,Chronic graft versus host disease,MONDO:0019170,Polyarteritis nodosa,['RITUXIMAB'],2
MONDO:0020547,Chronic graft versus host disease,MONDO:0019127,polymyositis,['RITUXIMAB'],2
MONDO:0020547,Chronic graft versus host disease,MONDO:0019067,Idiopathic steroid-sensitive nephrotic syndrome,['RITUXIMAB'],2
MONDO:0020547,Chronic graft versus host disease,MONDO:0019535,Drug-induced autoimmune hemolytic anemia,['RITUXIMAB'],2
MONDO:0020547,Chronic graft versus host disease,MONDO:0019167,Immunoglobulin A vasculitis,['RITUXIMAB'],2
MONDO:0016486,Beta-thalassemia major,MONDO:0015716,Moderate hemophilia B,['BETIBEGLOGENE AUTOTEMCEL'],3
MONDO:0016486,Beta-thalassemia major,MONDO:0009891,acquired polycythemia vera,['LUSPATERCEPT'],3
MONDO:0016486,Beta-thalassemia major,MONDO:0017148,Heritable pulmonary arterial hypertension,['SOTATERCEPT'],5
MONDO:0019535,Drug-induced autoimmune hemolytic anemia,MONDO:0100280,Waldenstrom macroglobulinemia,['RITUXIMAB'],8
MONDO:0019535,Drug-induced autoimmune hemolytic anemia,MONDO:0018906,follicular lymphoma,['RITUXIMAB'],62
MONDO:0019535,Drug-induced autoimmune hemolytic anemia,MONDO:0007650,MALT lymphoma,['RITUXIMAB'],6
MONDO:0019535,Drug-induced autoimmune hemolytic anemia,MONDO:0012105,Granulomatosis with polyangiitis,['RITUXIMAB'],6
MONDO:0019535,Drug-induced autoimmune hemolytic anemia,MONDO:0005388,Primary biliary cholangitis,['RITUXIMAB'],2
MONDO:0019535,Drug-induced autoimmune hemolytic anemia,MONDO:0019006,Genetic steroid-resistant nephrotic syndrome,['RITUXIMAB'],2
MONDO:0019535,Drug-induced autoimmune hemolytic anemia,MONDO:0008558,autoimmune thrombocytopenic purpura,['RITUXIMAB'],3
MONDO:0019535,Drug-induced autoimmune hemolytic anemia,MONDO:0018977,Polyneuropathy associated with IgM monoclonal gammopathy with anti-MAG,['RITUXIMAB'],2
MONDO:0019535,Drug-induced autoimmune hemolytic anemia,MONDO:0019170,Polyarteritis nodosa,['RITUXIMAB'],2
MONDO:0019535,Drug-induced autoimmune hemolytic anemia,MONDO:0019127,polymyositis,['RITUXIMAB'],2
MONDO:0019535,Drug-induced autoimmune hemolytic anemia,MONDO:0019067,Idiopathic steroid-sensitive nephrotic syndrome,['RITUXIMAB'],2
MONDO:0019535,Drug-induced autoimmune hemolytic anemia,MONDO:0019167,Immunoglobulin A vasculitis,['RITUXIMAB'],2
MONDO:0017615,Benign familial infantile epilepsy,MONDO:0100135,Dravet syndrome,['PRAX-562'],2
MONDO:0017615,Benign familial infantile epilepsy,MONDO:0018214,Generalized epilepsy with febrile seizures-plus,['PRAX-562'],2
MONDO:0100480,Addison disease,MONDO:0008558,autoimmune thrombocytopenic purpura,['METHYLPREDNISOLONE'],2
MONDO:0001734,tuberous sclerosis,MONDO:0100280,Waldenstrom macroglobulinemia,['EVEROLIMUS'],29
MONDO:0001734,tuberous sclerosis,MONDO:0008728,Classic congenital adrenal hyperplasia due to 21-hydroxylase deficiency,['METFORMIN'],2
MONDO:0001734,tuberous sclerosis,MONDO:0004691,Autosomal dominant polycystic kidney disease,['SIROLIMUS'],3
MONDO:0001734,tuberous sclerosis,MONDO:0018092,Vogt-Koyanagi-Harada disease,['SIROLIMUS'],6
MONDO:0001734,tuberous sclerosis,MONDO:0004976,Amyotrophic lateral sclerosis,"['CHEMBL3560003', 'SIROLIMUS']",22
MONDO:0001734,tuberous sclerosis,MONDO:0011927,Tufted angioma,['SIROLIMUS'],3
MONDO:0001734,tuberous sclerosis,MONDO:0020561,Myxoid/round cell liposarcoma,['SIROLIMUS'],3
MONDO:0001734,tuberous sclerosis,MONDO:0019963,Bronchial neuroendocrine tumor,['EVEROLIMUS'],20
MONDO:0001734,tuberous sclerosis,MONDO:0003646,Neuroendocrine tumor of the rectum,['EVEROLIMUS'],18
MONDO:0001734,tuberous sclerosis,MONDO:0015069,Neuroendocrine tumor of anal canal,['EVEROLIMUS'],17
MONDO:0001734,tuberous sclerosis,MONDO:0002882,Neuroendocrine tumor of the colon,['EVEROLIMUS'],17
MONDO:0001734,tuberous sclerosis,MONDO:0015066,Neuroendocrine neoplasm of appendix,['EVEROLIMUS'],14
MONDO:0001734,tuberous sclerosis,MONDO:0007039,Full NF2-related schwannomatosis,['EVEROLIMUS'],14
MONDO:0001734,tuberous sclerosis,MONDO:0005072,neuroblastoma,"['CHEMBL3560003', 'RAPAMYCIN (MTOR) INHIBITOR']",3
MONDO:0001734,tuberous sclerosis,MONDO:0015564,Castleman disease,['CHEMBL3560003'],23
MONDO:0001734,tuberous sclerosis,MONDO:0016722,Pineoblastoma,['RAPAMYCIN (MTOR) INHIBITOR'],3
MONDO:0001734,tuberous sclerosis,MONDO:0016532,Lennox-Gastaut syndrome,['CANNABIDIOL'],4
MONDO:0001734,tuberous sclerosis,MONDO:0100135,Dravet syndrome,['CANNABIDIOL'],4
MONDO:0002728,Rhabdoid tumor,MONDO:0005072,neuroblastoma,"['PALBOCICLIB', 'ETOPOSIDE', 'TEMOZOLOMIDE', 'CYCLOPHOSPHAMIDE', 'TOPOTECAN HYDROCHLORIDE', 'CARBOPLATIN', 'REGORAFENIB', 'NIVOLUMAB', 'PAZOPANIB HYDROCHLORIDE', 'DOXORUBICIN', 'IFOSFAMIDE', 'RIBOCICLIB', 'ENTINOSTAT']",2
MONDO:0002728,Rhabdoid tumor,MONDO:0015686,Primary peritoneal carcinoma,"['NINTEDANIB', 'CYCLOPHOSPHAMIDE', 'PEMBROLIZUMAB', 'CARBOPLATIN', 'NIVOLUMAB', 'DOXORUBICIN HYDROCHLORIDE (LIPOSOMAL)', 'TRABECTEDIN', 'PAZOPANIB HYDROCHLORIDE']",2
MONDO:0002728,Rhabdoid tumor,MONDO:0020561,Myxoid/round cell liposarcoma,"['NINTEDANIB', 'CYCLOPHOSPHAMIDE', 'PEMBROLIZUMAB', 'OLARATUMAB', 'DOXORUBICIN HYDROCHLORIDE (LIPOSOMAL)', 'TRABECTEDIN', 'PAZOPANIB HYDROCHLORIDE']",3
MONDO:0002728,Rhabdoid tumor,MONDO:0018906,follicular lymphoma,"['ETOPOSIDE', 'CYCLOPHOSPHAMIDE', 'PEMBROLIZUMAB', 'NIVOLUMAB', 'TAZEMETOSTAT', 'DOXORUBICIN HYDROCHLORIDE (LIPOSOMAL)']",4
MONDO:0002728,Rhabdoid tumor,MONDO:0018271,Peripheral primitive neuroectodermal tumor,"['REGORAFENIB', 'PAZOPANIB HYDROCHLORIDE', 'ALBUMIN-BINDING PRODRUG OF DOXORUBICIN']",3
MONDO:0002728,Rhabdoid tumor,MONDO:0019475,Subcutaneous panniculitis-like T-cell lymphoma,"['CYCLOPHOSPHAMIDE', 'NIVOLUMAB']",2
MONDO:0002728,Rhabdoid tumor,MONDO:0100280,Waldenstrom macroglobulinemia,['CYCLOPHOSPHAMIDE'],4
MONDO:0002728,Rhabdoid tumor,MONDO:0003646,Neuroendocrine tumor of the rectum,"['PEMBROLIZUMAB', 'TEMOZOLOMIDE']",2
MONDO:0002728,Rhabdoid tumor,MONDO:0019960,VIPoma,['TEMOZOLOMIDE'],2
MONDO:0002728,Rhabdoid tumor,MONDO:0002882,Neuroendocrine tumor of the colon,"['PEMBROLIZUMAB', 'TEMOZOLOMIDE']",2
MONDO:0002728,Rhabdoid tumor,MONDO:0019963,Bronchial neuroendocrine tumor,"['PEMBROLIZUMAB', 'PAZOPANIB HYDROCHLORIDE', 'TEMOZOLOMIDE']",2
MONDO:0002728,Rhabdoid tumor,MONDO:0016722,Pineoblastoma,['TEMOZOLOMIDE'],2
MONDO:0002728,Rhabdoid tumor,MONDO:0015069,Neuroendocrine tumor of anal canal,['TEMOZOLOMIDE'],2
MONDO:0002728,Rhabdoid tumor,MONDO:0015066,Neuroendocrine neoplasm of appendix,['TEMOZOLOMIDE'],2
MONDO:0002728,Rhabdoid tumor,MONDO:0019959,Glucagonoma,['TEMOZOLOMIDE'],2
MONDO:0002728,Rhabdoid tumor,MONDO:0016681,Gliosarcoma,['AXITINIB'],2
MONDO:0002728,Rhabdoid tumor,MONDO:0005028,Adenocarcinoma of the esophagus,"['PEMBROLIZUMAB', 'REGORAFENIB', 'NIVOLUMAB']",2
MONDO:0002728,Rhabdoid tumor,MONDO:0005512,Malignant peritoneal mesothelioma,['PEMBROLIZUMAB'],2
MONDO:0019310,Recessive dystrophic epidermolysis bullosa inversa,MONDO:0007552,"Localized dystrophic epidermolysis bullosa, pretibial form","['CALCIPOTRIOL', 'ALLANTOIN']",7
MONDO:0019310,Recessive dystrophic epidermolysis bullosa inversa,MONDO:0015553,"Localized dystrophic epidermolysis bullosa, nails only",['CALCIPOTRIOL'],2
MONDO:0019310,Recessive dystrophic epidermolysis bullosa inversa,MONDO:0007549,Autosomal dominant generalized dystrophic epidermolysis bullosa,['CALCIPOTRIOL'],2
MONDO:0019310,Recessive dystrophic epidermolysis bullosa inversa,MONDO:0015041,Refractory anemia with excess blasts type 2,['RIGOSERTIB'],6
MONDO:0008763,Alstrm syndrome,MONDO:0012335,Obesity due to pro-opiomelanocortin deficiency,['SETMELANOTIDE'],14
MONDO:0008763,Alstrm syndrome,MONDO:0013992,Obesity due to leptin receptor gene deficiency,['SETMELANOTIDE'],11
MONDO:0008763,Alstrm syndrome,MONDO:0015229,Bardet-Biedl syndrome,['SETMELANOTIDE'],13
MONDO:0008147,Osteogenesis imperfecta type 2,MONDO:0009804,Osteogenesis imperfecta type 3,"['DENOSUMAB', 'ROMOSOZUMAB']",2
MONDO:0015069,Neuroendocrine tumor of anal canal,MONDO:0019963,Bronchial neuroendocrine tumor,"['LANREOTIDE AUTOGEL', 'TEMOZOLOMIDE', 'EVEROLIMUS']",5
MONDO:0015069,Neuroendocrine tumor of anal canal,MONDO:0003646,Neuroendocrine tumor of the rectum,"['LANREOTIDE AUTOGEL', 'TEMOZOLOMIDE', 'EVEROLIMUS']",5
MONDO:0015069,Neuroendocrine tumor of anal canal,MONDO:0002882,Neuroendocrine tumor of the colon,"['LANREOTIDE AUTOGEL', 'TEMOZOLOMIDE', 'EVEROLIMUS']",5
MONDO:0015069,Neuroendocrine tumor of anal canal,MONDO:0015066,Neuroendocrine neoplasm of appendix,"['LANREOTIDE AUTOGEL', 'TEMOZOLOMIDE', 'EVEROLIMUS']",5
MONDO:0015069,Neuroendocrine tumor of anal canal,MONDO:0007039,Full NF2-related schwannomatosis,['EVEROLIMUS'],5
MONDO:0015069,Neuroendocrine tumor of anal canal,MONDO:0019960,VIPoma,"['LANREOTIDE AUTOGEL', 'TEMOZOLOMIDE']",2
MONDO:0015069,Neuroendocrine tumor of anal canal,MONDO:0016722,Pineoblastoma,['TEMOZOLOMIDE'],2
MONDO:0015069,Neuroendocrine tumor of anal canal,MONDO:0005072,neuroblastoma,['TEMOZOLOMIDE'],7
MONDO:0015069,Neuroendocrine tumor of anal canal,MONDO:0019959,Glucagonoma,"['LANREOTIDE AUTOGEL', 'TEMOZOLOMIDE']",2
MONDO:0018089,Double outlet right ventricle,MONDO:0008542,Tetralogy of Fallot,['CARVEDILOL'],2
MONDO:0018089,Double outlet right ventricle,MONDO:0009931,Pulmonary atresia-intact ventricular septum syndrome,['CARVEDILOL'],2
MONDO:0018089,Double outlet right ventricle,MONDO:0018048,Heparin-induced thrombocytopenia,['BLOOD-COAGULATION FACTOR XA INHIBITOR'],2
MONDO:0007650,MALT lymphoma,MONDO:0100280,Waldenstrom macroglobulinemia,"['CHEMBL126955', 'CHLORAMBUCIL', 'TACROLIMUS ANHYDROUS', 'OFATUMUMAB', 'VENETOCLAX', 'CHEMBL3210645', 'DASATINIB', 'ETOPOSIDE', 'CHEMBL156', 'FLUDARABINE', 'CYCLOPHOSPHAMIDE ANHYDROUS', 'BORTEZOMIB', 'RITUXIMAB', 'CHEMBL558551', 'FILGRASTIM', 'ATEZOLIZUMAB', 'EX VIVO EXPANDED AUTOLOGOUS T CELLS GENETICALLY MODIFIED TO EXPRESS ANTI-CD20 AND CD19 IMMUNORECEPTOR', 'LENALIDOMIDE', 'CHEMBL422897', 'IBRITUMOMAB TIUXETAN']",6
MONDO:0007650,MALT lymphoma,MONDO:0018906,follicular lymphoma,"['CHEMBL126955', 'TACROLIMUS ANHYDROUS', 'OFATUMUMAB', 'BLINATUMOMAB', 'CHEMBL3210645', 'VENETOCLAX', 'DASATINIB', 'ETOPOSIDE', 'HUMANISED ANTI-CD37 MONOCLONAL ANTIBODY CONJUGATED TO MAYTANSINOID DM1', 'CHEMBL156', '7-ETHYL-10-HYDROXYCAMPTOTHECIN', 'OBINUTUZUMAB', 'FLUDARABINE', 'CYCLOPHOSPHAMIDE ANHYDROUS', 'BORTEZOMIB', 'RITUXIMAB', 'CHEMBL558551', 'FILGRASTIM', 'ATEZOLIZUMAB', 'LUCATUMUMAB', 'EX VIVO EXPANDED AUTOLOGOUS T CELLS GENETICALLY MODIFIED TO EXPRESS ANTI-CD20 AND CD19 IMMUNORECEPTOR', 'VORINOSTAT', 'LENALIDOMIDE', 'CHEMBL422897', 'IBRITUMOMAB TIUXETAN']",64
MONDO:0007650,MALT lymphoma,MONDO:0008558,autoimmune thrombocytopenic purpura,"['BORTEZOMIB', 'RITUXIMAB', 'TACROLIMUS ANHYDROUS', 'CHEMBL3210645', 'CYCLOPHOSPHAMIDE ANHYDROUS']",8
MONDO:0007650,MALT lymphoma,MONDO:0012105,Granulomatosis with polyangiitis,"['RITUXIMAB', 'CHEMBL3210645', 'CHEMBL156', 'CYCLOPHOSPHAMIDE ANHYDROUS']",20
MONDO:0007650,MALT lymphoma,MONDO:0015564,Castleman disease,"['BORTEZOMIB', 'RITUXIMAB', 'ETOPOSIDE', 'CHEMBL558551', 'CYCLOPHOSPHAMIDE ANHYDROUS']",5
MONDO:0007650,MALT lymphoma,MONDO:0005388,Primary biliary cholangitis,"['RITUXIMAB', 'CHEMBL156']",7
MONDO:0007650,MALT lymphoma,MONDO:0005072,neuroblastoma,"['BORTEZOMIB', 'RITUXIMAB', 'ETOPOSIDE', 'TACROLIMUS ANHYDROUS', 'ATEZOLIZUMAB', 'CHEMBL558551', 'CHEMBL156', '7-ETHYL-10-HYDROXYCAMPTOTHECIN', 'FILGRASTIM', 'VORINOSTAT', 'LENALIDOMIDE', 'CHEMBL3210645', 'FLUDARABINE', 'DASATINIB', 'CYCLOPHOSPHAMIDE ANHYDROUS']",51
MONDO:0007650,MALT lymphoma,MONDO:0009891,acquired polycythemia vera,"['TACROLIMUS ANHYDROUS', 'CHEMBL156', 'VORINOSTAT', 'LENALIDOMIDE', 'CHEMBL3210645', 'FLUDARABINE', 'DASATINIB']",51
MONDO:0007650,MALT lymphoma,MONDO:0100244,paroxysmal nocturnal hemoglobinuria,"['TACROLIMUS ANHYDROUS', 'CHEMBL3210645', 'FLUDARABINE', 'CHEMBL156']",61
MONDO:0007650,MALT lymphoma,MONDO:0018868,metachromatic leukodystrophy,['CYCLOPHOSPHAMIDE ANHYDROUS'],223
MONDO:0007650,MALT lymphoma,MONDO:0010006,Sandhoff disease,['CYCLOPHOSPHAMIDE ANHYDROUS'],214
MONDO:0007650,MALT lymphoma,MONDO:0019067,Idiopathic steroid-sensitive nephrotic syndrome,"['OFATUMUMAB', 'RITUXIMAB', 'OBINUTUZUMAB']",6
MONDO:0007650,MALT lymphoma,MONDO:0009061,Cystic fibrosis,"['ESOMEPRAZOLE', 'AZITHROMYCIN']",3
MONDO:0007650,MALT lymphoma,MONDO:0004976,Amyotrophic lateral sclerosis,"['TACROLIMUS ANHYDROUS', 'CHEMBL3210645', 'CHEMBL558551']",50
MONDO:0007650,MALT lymphoma,MONDO:0044778,Nodular lymphocyte predominant Hodgkin lymphoma,['OFATUMUMAB'],2
MONDO:0007650,MALT lymphoma,MONDO:0019006,Genetic steroid-resistant nephrotic syndrome,['RITUXIMAB'],6
MONDO:0007650,MALT lymphoma,MONDO:0018977,Polyneuropathy associated with IgM monoclonal gammopathy with anti-MAG,['RITUXIMAB'],6
MONDO:0007650,MALT lymphoma,MONDO:0019170,Polyarteritis nodosa,['RITUXIMAB'],6
MONDO:0007650,MALT lymphoma,MONDO:0019127,polymyositis,['RITUXIMAB'],6
MONDO:0007650,MALT lymphoma,MONDO:0019167,Immunoglobulin A vasculitis,['RITUXIMAB'],6
MONDO:0007650,MALT lymphoma,MONDO:0015686,Primary peritoneal carcinoma,['ATEZOLIZUMAB'],9
MONDO:0007650,MALT lymphoma,MONDO:0005028,Adenocarcinoma of the esophagus,['ATEZOLIZUMAB'],2
MONDO:0007650,MALT lymphoma,MONDO:0019369,Complex regional pain syndrome,['LENALIDOMIDE'],70
MONDO:0016244,Atypical hemolytic uremic syndrome,MONDO:0100244,paroxysmal nocturnal hemoglobinuria,"['ECULIZUMAB', 'HUMANISED COMPLEMENT INHIBITOR C5 MONOCLONAL ANTIBODY', 'RAVULIZUMAB', 'CEMDISIRAN', 'IPTACOPAN']",11
MONDO:0016244,Atypical hemolytic uremic syndrome,MONDO:0019167,Immunoglobulin A vasculitis,"['CEMDISIRAN', 'IPTACOPAN']",7
MONDO:0016244,Atypical hemolytic uremic syndrome,MONDO:0019536,Shiga toxin-associated hemolytic uremic syndrome,['ECULIZUMAB'],32
MONDO:0016244,Atypical hemolytic uremic syndrome,MONDO:0018922,Cold agglutinin disease,"['ECULIZUMAB', 'IPTACOPAN']",2
MONDO:0016244,Atypical hemolytic uremic syndrome,MONDO:0012105,Granulomatosis with polyangiitis,['AVACOPAN'],8
MONDO:0016244,Atypical hemolytic uremic syndrome,MONDO:0004976,Amyotrophic lateral sclerosis,['RAVULIZUMAB'],5
MONDO:0016244,Atypical hemolytic uremic syndrome,MONDO:0008558,autoimmune thrombocytopenic purpura,['IPTACOPAN'],2
MONDO:0018044,Idiopathic hypersomnia,MONDO:0016158,Narcolepsy type 1,['OXYBATE MIXED SALT SOLUTION'],2
MONDO:0012172,Mitochondrial trifunctional protein deficiency,MONDO:0009293,Glycogen storage disease due to muscle glycogen phosphorylase deficiency,['MAVODELPAR'],3
MONDO:0012172,Mitochondrial trifunctional protein deficiency,MONDO:0015515,Carnitine palmitoyltransferase II deficiency,"['TRIHEPTANOIN', 'MAVODELPAR']",4
MONDO:0010787,Kearns-Sayre syndrome,MONDO:0010789,MELAS,"['(S)-6-HYDROXY-2,5,7,8-TETRAMETHYL-N-((R)-PIPERIDIN-3-YL)CHROMAN-2-CARBOXAMIDE HYDROCHLORIDE']",3
MONDO:0009293,Glycogen storage disease due to muscle glycogen phosphorylase deficiency,MONDO:0015515,Carnitine palmitoyltransferase II deficiency,['MAVODELPAR'],3
MONDO:0015686,Primary peritoneal carcinoma,MONDO:0019963,Bronchial neuroendocrine tumor,"['PEMBROLIZUMAB', 'DURVALUMAB', 'PAZOPANIB HYDROCHLORIDE']",7
MONDO:0015686,Primary peritoneal carcinoma,MONDO:0018906,follicular lymphoma,"['DURVALUMAB', 'CYCLOPHOSPHAMIDE', 'ATEZOLIZUMAB', 'CISPLATIN', 'PEMBROLIZUMAB', 'NIVOLUMAB', 'DOXORUBICIN HYDROCHLORIDE (LIPOSOMAL)', 'GEMCITABINE HYDROCHLORIDE']",7
MONDO:0015686,Primary peritoneal carcinoma,MONDO:0005028,Adenocarcinoma of the esophagus,"['DURVALUMAB', 'PEMBROLIZUMAB', 'ATEZOLIZUMAB', 'CISPLATIN', 'NIVOLUMAB', 'MICROTUBULE TARGETING AGENT']",7
MONDO:0015686,Primary peritoneal carcinoma,MONDO:0020561,Myxoid/round cell liposarcoma,"['NINTEDANIB', 'CYCLOPHOSPHAMIDE', 'PEMBROLIZUMAB', 'DOXORUBICIN HYDROCHLORIDE (LIPOSOMAL)', 'TRABECTEDIN', 'PAZOPANIB HYDROCHLORIDE']",3
MONDO:0015686,Primary peritoneal carcinoma,MONDO:0016681,Gliosarcoma,"['BEVACIZUMAB', 'AVELUMAB', 'OLAPARIB']",24
MONDO:0015686,Primary peritoneal carcinoma,MONDO:0019475,Subcutaneous panniculitis-like T-cell lymphoma,"['CYCLOPHOSPHAMIDE', 'GEMCITABINE HYDROCHLORIDE', 'NIVOLUMAB']",2
MONDO:0015686,Primary peritoneal carcinoma,MONDO:0100280,Waldenstrom macroglobulinemia,"['CYCLOPHOSPHAMIDE', 'ATEZOLIZUMAB', 'GEMCITABINE HYDROCHLORIDE']",2
MONDO:0015686,Primary peritoneal carcinoma,MONDO:0005072,neuroblastoma,"['CYCLOPHOSPHAMIDE', 'ATEZOLIZUMAB', 'CISPLATIN', 'CARBOPLATIN', 'NIVOLUMAB', 'PAZOPANIB HYDROCHLORIDE']",3
MONDO:0015686,Primary peritoneal carcinoma,MONDO:0009891,acquired polycythemia vera,['NAVITOCLAX'],3
MONDO:0015686,Primary peritoneal carcinoma,MONDO:0005512,Malignant peritoneal mesothelioma,"['PEMBROLIZUMAB', 'CISPLATIN']",3
MONDO:0015686,Primary peritoneal carcinoma,MONDO:0015278,Familial pancreatic carcinoma,"['GEMCITABINE HYDROCHLORIDE', 'OLAPARIB']",24
MONDO:0015686,Primary peritoneal carcinoma,MONDO:0004633,"Classic Hodgkin lymphoma, mixed cellularity type",['GEMCITABINE HYDROCHLORIDE'],2
MONDO:0015686,Primary peritoneal carcinoma,MONDO:0018271,Peripheral primitive neuroectodermal tumor,['PAZOPANIB HYDROCHLORIDE'],6
MONDO:0015686,Primary peritoneal carcinoma,MONDO:0002882,Neuroendocrine tumor of the colon,['PEMBROLIZUMAB'],5
MONDO:0015686,Primary peritoneal carcinoma,MONDO:0003646,Neuroendocrine tumor of the rectum,['PEMBROLIZUMAB'],5
MONDO:0015686,Primary peritoneal carcinoma,MONDO:0009061,Cystic fibrosis,['OLAPARIB'],25
MONDO:0003646,Neuroendocrine tumor of the rectum,MONDO:0019963,Bronchial neuroendocrine tumor,"['PEMBROLIZUMAB', 'LANREOTIDE AUTOGEL', 'TEMOZOLOMIDE', 'EVEROLIMUS']",2
MONDO:0003646,Neuroendocrine tumor of the rectum,MONDO:0002882,Neuroendocrine tumor of the colon,"['PEMBROLIZUMAB', 'LANREOTIDE AUTOGEL', 'TEMOZOLOMIDE', 'EVEROLIMUS']",2
MONDO:0003646,Neuroendocrine tumor of the rectum,MONDO:0015066,Neuroendocrine neoplasm of appendix,"['LANREOTIDE AUTOGEL', 'TEMOZOLOMIDE', 'EVEROLIMUS']",2
MONDO:0003646,Neuroendocrine tumor of the rectum,MONDO:0007039,Full NF2-related schwannomatosis,['EVEROLIMUS'],6
MONDO:0003646,Neuroendocrine tumor of the rectum,MONDO:0019960,VIPoma,"['LANREOTIDE AUTOGEL', 'TEMOZOLOMIDE']",2
MONDO:0003646,Neuroendocrine tumor of the rectum,MONDO:0016722,Pineoblastoma,['TEMOZOLOMIDE'],2
MONDO:0003646,Neuroendocrine tumor of the rectum,MONDO:0005072,neuroblastoma,['TEMOZOLOMIDE'],7
MONDO:0003646,Neuroendocrine tumor of the rectum,MONDO:0019959,Glucagonoma,"['LANREOTIDE AUTOGEL', 'TEMOZOLOMIDE']",2
MONDO:0003646,Neuroendocrine tumor of the rectum,MONDO:0005028,Adenocarcinoma of the esophagus,['PEMBROLIZUMAB'],13
MONDO:0003646,Neuroendocrine tumor of the rectum,MONDO:0005512,Malignant peritoneal mesothelioma,['PEMBROLIZUMAB'],2
MONDO:0003646,Neuroendocrine tumor of the rectum,MONDO:0018906,follicular lymphoma,['PEMBROLIZUMAB'],2
MONDO:0003646,Neuroendocrine tumor of the rectum,MONDO:0020561,Myxoid/round cell liposarcoma,['PEMBROLIZUMAB'],2
MONDO:0008814,Argininemia,MONDO:0008988,Citrullinemia type I,['HETEROLOGOUS HUMAN ADULT LIVER DERIVED STEM CELLS'],4
MONDO:0018214,Generalized epilepsy with febrile seizures-plus,MONDO:0100135,Dravet syndrome,['PRAX-562'],2
MONDO:0005711,Congenital diaphragmatic hernia,MONDO:0006851,Meconium aspiration syndrome,['SILDENAFIL CITRATE'],4
MONDO:0009061,Cystic fibrosis,MONDO:0018906,follicular lymphoma,['PREDNISONE'],189
MONDO:0009061,Cystic fibrosis,MONDO:0012105,Granulomatosis with polyangiitis,['PREDNISONE'],32
MONDO:0009061,Cystic fibrosis,MONDO:0019127,polymyositis,['PREDNISONE'],13
MONDO:0009061,Cystic fibrosis,MONDO:0009891,acquired polycythemia vera,['PREDNISONE'],10
MONDO:0009061,Cystic fibrosis,MONDO:0008558,autoimmune thrombocytopenic purpura,['PREDNISONE'],14
MONDO:0009061,Cystic fibrosis,MONDO:0015564,Castleman disease,['PREDNISONE'],7
MONDO:0009061,Cystic fibrosis,MONDO:0004976,Amyotrophic lateral sclerosis,"['ANAKINRA', 'ITRACONAZOLE', 'PREDNISONE', 'LERIGLITAZONE', 'CIPROFLOXACIN']",3
MONDO:0009061,Cystic fibrosis,MONDO:0015243,allergic bronchopulmonary aspergillosis,['ITRACONAZOLE'],10
MONDO:0009061,Cystic fibrosis,MONDO:0015716,Moderate hemophilia B,['ATALUREN'],22
MONDO:0009061,Cystic fibrosis,MONDO:0015719,Severe hemophilia A,['ATALUREN'],22
MONDO:0009061,Cystic fibrosis,MONDO:0013433,Primary sclerosing cholangitis,['ACETYLCYSTEINE'],2
MONDO:0009061,Cystic fibrosis,MONDO:0100280,Waldenstrom macroglobulinemia,"['SIMVASTATIN', 'SILDENAFIL']",7
MONDO:0009061,Cystic fibrosis,MONDO:0010557,Choroideremia,['SIMVASTATIN'],4
MONDO:0009061,Cystic fibrosis,MONDO:0010006,Sandhoff disease,['MIGLUSTAT'],6
MONDO:0009061,Cystic fibrosis,MONDO:0004691,Autosomal dominant polycystic kidney disease,['C2 CYSTIC FIBROSIS TRANSMEMBRANE CONDUCTANCE REGULATOR (CFTR) CORRECTOR'],2
MONDO:0009061,Cystic fibrosis,MONDO:0005072,neuroblastoma,['CHEMBL1232712'],3
MONDO:0009061,Cystic fibrosis,MONDO:0016681,Gliosarcoma,['OLAPARIB'],3
MONDO:0009061,Cystic fibrosis,MONDO:0015278,Familial pancreatic carcinoma,['OLAPARIB'],3
MONDO:0019006,Genetic steroid-resistant nephrotic syndrome,MONDO:0019067,Idiopathic steroid-sensitive nephrotic syndrome,"['RITUXIMAB', 'VALPROIC ACID, SODIUM']",2
MONDO:0019006,Genetic steroid-resistant nephrotic syndrome,MONDO:0100280,Waldenstrom macroglobulinemia,['RITUXIMAB'],8
MONDO:0019006,Genetic steroid-resistant nephrotic syndrome,MONDO:0018906,follicular lymphoma,['RITUXIMAB'],62
MONDO:0019006,Genetic steroid-resistant nephrotic syndrome,MONDO:0012105,Granulomatosis with polyangiitis,['RITUXIMAB'],6
MONDO:0019006,Genetic steroid-resistant nephrotic syndrome,MONDO:0005388,Primary biliary cholangitis,['RITUXIMAB'],2
MONDO:0019006,Genetic steroid-resistant nephrotic syndrome,MONDO:0008558,autoimmune thrombocytopenic purpura,['RITUXIMAB'],3
MONDO:0019006,Genetic steroid-resistant nephrotic syndrome,MONDO:0018977,Polyneuropathy associated with IgM monoclonal gammopathy with anti-MAG,['RITUXIMAB'],2
MONDO:0019006,Genetic steroid-resistant nephrotic syndrome,MONDO:0019170,Polyarteritis nodosa,['RITUXIMAB'],2
MONDO:0019006,Genetic steroid-resistant nephrotic syndrome,MONDO:0019127,polymyositis,['RITUXIMAB'],2
MONDO:0019006,Genetic steroid-resistant nephrotic syndrome,MONDO:0019167,Immunoglobulin A vasculitis,"['RITUXIMAB', 'SPARSENTAN']",13
MONDO:0019006,Genetic steroid-resistant nephrotic syndrome,MONDO:0018965,Alport syndrome,"['ATRASENTAN', 'SPARSENTAN']",2
MONDO:0004633,"Classic Hodgkin lymphoma, mixed cellularity type",MONDO:0005072,neuroblastoma,['VINBLASTINE'],2
MONDO:0004633,"Classic Hodgkin lymphoma, mixed cellularity type",MONDO:0015278,Familial pancreatic carcinoma,['GEMCITABINE HYDROCHLORIDE'],3
MONDO:0004633,"Classic Hodgkin lymphoma, mixed cellularity type",MONDO:0100280,Waldenstrom macroglobulinemia,['GEMCITABINE HYDROCHLORIDE'],2
MONDO:0004633,"Classic Hodgkin lymphoma, mixed cellularity type",MONDO:0018906,follicular lymphoma,['GEMCITABINE HYDROCHLORIDE'],2
MONDO:0004633,"Classic Hodgkin lymphoma, mixed cellularity type",MONDO:0019475,Subcutaneous panniculitis-like T-cell lymphoma,['GEMCITABINE HYDROCHLORIDE'],4
MONDO:0018965,Alport syndrome,MONDO:0004691,Autosomal dominant polycystic kidney disease,['BARDOXOLONE METHYL'],2
MONDO:0018965,Alport syndrome,MONDO:0019204,Respiratory bronchiolitis-interstitial lung disease syndrome,['BARDOXOLONE METHYL'],2
MONDO:0018965,Alport syndrome,MONDO:0019167,Immunoglobulin A vasculitis,['SPARSENTAN'],3
MONDO:0019170,Polyarteritis nodosa,MONDO:0019167,Immunoglobulin A vasculitis,"['INFLIXIMAB', 'TOCILIZUMAB', 'RITUXIMAB']",2
MONDO:0019170,Polyarteritis nodosa,MONDO:0012105,Granulomatosis with polyangiitis,"['RITUXIMAB', 'AZATHIOPRIN']",4
MONDO:0019170,Polyarteritis nodosa,MONDO:0018088,Familial Mediterranean fever,['TOCILIZUMAB'],2
MONDO:0019170,Polyarteritis nodosa,MONDO:0019433,Oligoarticular juvenile idiopathic arthritis,['TOCILIZUMAB'],2
MONDO:0019170,Polyarteritis nodosa,MONDO:0100280,Waldenstrom macroglobulinemia,['RITUXIMAB'],8
MONDO:0019170,Polyarteritis nodosa,MONDO:0018906,follicular lymphoma,['RITUXIMAB'],62
MONDO:0019170,Polyarteritis nodosa,MONDO:0005388,Primary biliary cholangitis,['RITUXIMAB'],2
MONDO:0019170,Polyarteritis nodosa,MONDO:0008558,autoimmune thrombocytopenic purpura,['RITUXIMAB'],3
MONDO:0019170,Polyarteritis nodosa,MONDO:0018977,Polyneuropathy associated with IgM monoclonal gammopathy with anti-MAG,['RITUXIMAB'],2
MONDO:0019170,Polyarteritis nodosa,MONDO:0019127,polymyositis,['RITUXIMAB'],2
MONDO:0019170,Polyarteritis nodosa,MONDO:0019067,Idiopathic steroid-sensitive nephrotic syndrome,['RITUXIMAB'],2
MONDO:0011871,Chronic visceral acid sphingomyelinase deficiency,MONDO:0008346,Idiopathic pulmonary hemosiderosis,['HYDROXYCHLOROQUINE'],3
MONDO:0011871,Chronic visceral acid sphingomyelinase deficiency,MONDO:0019621,Chronic pneumonitis of infancy,['HYDROXYCHLOROQUINE'],3
MONDO:0011871,Chronic visceral acid sphingomyelinase deficiency,MONDO:0012580,Hereditary pulmonary alveolar proteinosis,['HYDROXYCHLOROQUINE'],3
MONDO:0012081,15q11q13 microduplication syndrome,MONDO:0100135,Dravet syndrome,['SOTICLESTAT'],5
MONDO:0012081,15q11q13 microduplication syndrome,MONDO:0016532,Lennox-Gastaut syndrome,['SOTICLESTAT'],5
MONDO:0012081,15q11q13 microduplication syndrome,MONDO:0019369,Complex regional pain syndrome,['SOTICLESTAT'],2
MONDO:0035666,Acute transverse myelitis with anti-MOG antibodies,MONDO:0035664,Neuromyelitis optica spectrum disorder with anti-MOG antibodies,['SATRALIZUMAB'],6
MONDO:0035666,Acute transverse myelitis with anti-MOG antibodies,MONDO:0021081,NMDA receptor encephalitis,['SATRALIZUMAB'],4
MONDO:0035666,Acute transverse myelitis with anti-MOG antibodies,MONDO:0008558,autoimmune thrombocytopenic purpura,['ROZANOLIXIZUMAB'],11
MONDO:0018907,Craniopharyngioma,MONDO:0005072,neuroblastoma,['NIVOLUMAB'],15
MONDO:0018907,Craniopharyngioma,MONDO:0018906,follicular lymphoma,['NIVOLUMAB'],22
MONDO:0018907,Craniopharyngioma,MONDO:0009891,acquired polycythemia vera,['PEGINTERFERON ALFA-2B'],3
MONDO:0019204,Respiratory bronchiolitis-interstitial lung disease syndrome,MONDO:0004691,Autosomal dominant polycystic kidney disease,['BARDOXOLONE METHYL'],2
MONDO:0015599,Atopic keratoconjunctivitis,MONDO:0100244,paroxysmal nocturnal hemoglobinuria,['COVERSIN'],2
MONDO:0008116,oculopharyngeal muscular dystrophy,MONDO:0004976,Amyotrophic lateral sclerosis,['TREHALOSE'],6
MONDO:0015719,Severe hemophilia A,MONDO:0015788,Bleeding disorder in hemophilia B carriers,"['EPTACOG ALFA (ACTIVATED)', 'PEGYLATED RECOMBINANT FACTOR VIIA', 'GENTAMICIN', 'ANTI-INHIBITOR COAGULANT COMPLEX']",3
MONDO:0015719,Severe hemophilia A,MONDO:0015716,Moderate hemophilia B,"['SEQUENCE-MODIFIED HUMAN RECOMBINANT FACTOR VIIA', 'EPTACOG ALFA (ACTIVATED)', 'VATREPTACOG ALFA (ACTIVATED)', 'MARSTACIMAB', 'SERPINPC', 'GENTAMICIN', 'FITUSIRAN', 'CONCIZUMAB', 'ANTI-INHIBITOR COAGULANT COMPLEX', 'RECOMBINANT FUSION PROTEIN LINKING HUMAN COAGULATION FACTOR VIIA WITH HUMAN ALBUMIN (RVIIA-FP)', 'ATALUREN', 'PEGYLATED RECOMBINANT FACTOR VIIA']",6
MONDO:0015719,Severe hemophilia A,MONDO:0015721,Mild hemophilia A,"['EPTACOG ALFA (ACTIVATED)', 'VATREPTACOG ALFA (ACTIVATED)', 'CONCIZUMAB', 'RECOMBINANT FUSION PROTEIN LINKING HUMAN COAGULATION FACTOR VIIA WITH HUMAN ALBUMIN (RVIIA-FP)', 'HUMANISED MONOCLONAL MODIFIED IGG4 ANTIBODY WITH BISPECIFIC STRUCTURE TARGETING FACTORS IX, IXA, X AND XA']",15
MONDO:0015719,Severe hemophilia A,MONDO:0018852,Achromatopsia,['AAV2/8-HLP-FVIII-V3'],2
MONDO:0018977,Polyneuropathy associated with IgM monoclonal gammopathy with anti-MAG,MONDO:0004976,Amyotrophic lateral sclerosis,['D-BIOTIN'],2
MONDO:0018977,Polyneuropathy associated with IgM monoclonal gammopathy with anti-MAG,MONDO:0100280,Waldenstrom macroglobulinemia,['RITUXIMAB'],8
MONDO:0018977,Polyneuropathy associated with IgM monoclonal gammopathy with anti-MAG,MONDO:0018906,follicular lymphoma,['RITUXIMAB'],62
MONDO:0018977,Polyneuropathy associated with IgM monoclonal gammopathy with anti-MAG,MONDO:0012105,Granulomatosis with polyangiitis,['RITUXIMAB'],6
MONDO:0018977,Polyneuropathy associated with IgM monoclonal gammopathy with anti-MAG,MONDO:0005388,Primary biliary cholangitis,['RITUXIMAB'],2
MONDO:0018977,Polyneuropathy associated with IgM monoclonal gammopathy with anti-MAG,MONDO:0008558,autoimmune thrombocytopenic purpura,['RITUXIMAB'],3
MONDO:0018977,Polyneuropathy associated with IgM monoclonal gammopathy with anti-MAG,MONDO:0019127,polymyositis,['RITUXIMAB'],2
MONDO:0018977,Polyneuropathy associated with IgM monoclonal gammopathy with anti-MAG,MONDO:0019067,Idiopathic steroid-sensitive nephrotic syndrome,['RITUXIMAB'],2
MONDO:0018977,Polyneuropathy associated with IgM monoclonal gammopathy with anti-MAG,MONDO:0019167,Immunoglobulin A vasculitis,['RITUXIMAB'],2
MONDO:0009623,Nijmegen breakage syndrome,MONDO:0005072,neuroblastoma,['TALAZOPARIB'],3
MONDO:0035664,Neuromyelitis optica spectrum disorder with anti-MOG antibodies,MONDO:0021081,NMDA receptor encephalitis,['SATRALIZUMAB'],4
MONDO:0008297,Porphyria variegata,MONDO:0007369,Hereditary coproporphyria,['GIVOSIRAN'],4
MONDO:0015721,Mild hemophilia A,MONDO:0015716,Moderate hemophilia B,"['RECOMBINANT FUSION PROTEIN LINKING HUMAN COAGULATION FACTOR VIIA WITH HUMAN ALBUMIN (RVIIA-FP)', 'EPTACOG ALFA (ACTIVATED)', 'VATREPTACOG ALFA (ACTIVATED)', 'CONCIZUMAB']",7
MONDO:0015721,Mild hemophilia A,MONDO:0015788,Bleeding disorder in hemophilia B carriers,['EPTACOG ALFA (ACTIVATED)'],3
MONDO:0015278,Familial pancreatic carcinoma,MONDO:0100280,Waldenstrom macroglobulinemia,['GEMCITABINE HYDROCHLORIDE'],3
MONDO:0015278,Familial pancreatic carcinoma,MONDO:0018906,follicular lymphoma,['GEMCITABINE HYDROCHLORIDE'],3
MONDO:0015278,Familial pancreatic carcinoma,MONDO:0019475,Subcutaneous panniculitis-like T-cell lymphoma,['GEMCITABINE HYDROCHLORIDE'],5
MONDO:0015278,Familial pancreatic carcinoma,MONDO:0016681,Gliosarcoma,['OLAPARIB'],2
MONDO:0005388,Primary biliary cholangitis,MONDO:0100280,Waldenstrom macroglobulinemia,"['RITUXIMAB', 'CHEMBL156']",26
MONDO:0005388,Primary biliary cholangitis,MONDO:0018906,follicular lymphoma,"['RITUXIMAB', 'CHEMBL156']",52
MONDO:0005388,Primary biliary cholangitis,MONDO:0008558,autoimmune thrombocytopenic purpura,"['RITUXIMAB', 'BARICITINIB']",4
MONDO:0005388,Primary biliary cholangitis,MONDO:0012105,Granulomatosis with polyangiitis,"['RITUXIMAB', 'CHEMBL156']",17
MONDO:0005388,Primary biliary cholangitis,MONDO:0015564,Castleman disease,['RITUXIMAB'],8
MONDO:0005388,Primary biliary cholangitis,MONDO:0005072,neuroblastoma,"['RITUXIMAB', 'CHEMBL156']",5
MONDO:0005388,Primary biliary cholangitis,MONDO:0009891,acquired polycythemia vera,['CHEMBL156'],15
MONDO:0005388,Primary biliary cholangitis,MONDO:0100244,paroxysmal nocturnal hemoglobinuria,['CHEMBL156'],7
MONDO:0005388,Primary biliary cholangitis,MONDO:0004976,Amyotrophic lateral sclerosis,['COLCHICINE'],2
MONDO:0005388,Primary biliary cholangitis,MONDO:0013433,Primary sclerosing cholangitis,"['ELAFIBRANOR', 'EP547', 'MARALIXIBAT CHLORIDE', 'OBETICHOLIC ACID', 'URSODEOXYCHOLIC ACID', 'CILOFEXOR', 'BEZAFIBRATE']",3
MONDO:0005388,Primary biliary cholangitis,MONDO:0015243,allergic bronchopulmonary aspergillosis,['BUDESONIDE'],4
MONDO:0005388,Primary biliary cholangitis,MONDO:0019167,Immunoglobulin A vasculitis,"['BUDESONIDE', 'RITUXIMAB']",4
MONDO:0005388,Primary biliary cholangitis,MONDO:0019127,polymyositis,['RITUXIMAB'],2
MONDO:0005388,Primary biliary cholangitis,MONDO:0019067,Idiopathic steroid-sensitive nephrotic syndrome,['RITUXIMAB'],2
MONDO:0005388,Primary biliary cholangitis,MONDO:0015515,Carnitine palmitoyltransferase II deficiency,['BEZAFIBRATE'],3
MONDO:0007039,Full NF2-related schwannomatosis,MONDO:0019963,Bronchial neuroendocrine tumor,['EVEROLIMUS'],8
MONDO:0007039,Full NF2-related schwannomatosis,MONDO:0002882,Neuroendocrine tumor of the colon,['EVEROLIMUS'],5
MONDO:0007039,Full NF2-related schwannomatosis,MONDO:0015066,Neuroendocrine neoplasm of appendix,['EVEROLIMUS'],2
MONDO:0009561,alpha-mannosidosis,MONDO:0017732,"Alpha-mannosidosis, infantile form",['LAMAZYM'],11
MONDO:0019369,Complex regional pain syndrome,MONDO:0005072,neuroblastoma,"['LENALIDOMIDE', 'ZOLEDRONIC ACID ANHYDROUS']",4
MONDO:0019369,Complex regional pain syndrome,MONDO:0100135,Dravet syndrome,['SOTICLESTAT'],5
MONDO:0019369,Complex regional pain syndrome,MONDO:0016532,Lennox-Gastaut syndrome,['SOTICLESTAT'],5
MONDO:0019369,Complex regional pain syndrome,MONDO:0008558,autoimmune thrombocytopenic purpura,['HUMAN NORMAL IMMUNOGLOBULIN'],7
MONDO:0019369,Complex regional pain syndrome,MONDO:0100280,Waldenstrom macroglobulinemia,['LENALIDOMIDE'],31
MONDO:0019369,Complex regional pain syndrome,MONDO:0018906,follicular lymphoma,['LENALIDOMIDE'],134
MONDO:0019369,Complex regional pain syndrome,MONDO:0009891,acquired polycythemia vera,['LENALIDOMIDE'],8
MONDO:0010997,Classic progressive supranuclear palsy syndrome,MONDO:0019037,progressive supranuclear palsy,"['HUMANISED IGG4 MONOCLONAL ANTIBODY AGAINST EXTRACELLULAR TAU', 'RIVASTIGMINE']",2
MONDO:0015564,Castleman disease,MONDO:0018906,follicular lymphoma,"['BORTEZOMIB', 'RITUXIMAB', 'ETOPOSIDE', 'CHEMBL1740907', 'TOCILIZUMAB', 'CHEMBL4303800', 'CHEMBL558551', 'ZANUBRUTINIB', 'PREDNISONE', 'CYCLOPHOSPHAMIDE ANHYDROUS']",63
MONDO:0015564,Castleman disease,MONDO:0005072,neuroblastoma,"['BORTEZOMIB', 'RITUXIMAB', 'ETOPOSIDE', 'CHEMBL1740907', 'CHEMBL4303800', 'CHEMBL558551', 'CHEMBL3560003', 'CYCLOPHOSPHAMIDE ANHYDROUS']",6
MONDO:0015564,Castleman disease,MONDO:0100280,Waldenstrom macroglobulinemia,"['BORTEZOMIB', 'RITUXIMAB', 'ETOPOSIDE', 'CHEMBL1740907', 'POMALIDOMIDE', 'CHEMBL558551', 'ZANUBRUTINIB', 'CYCLOPHOSPHAMIDE ANHYDROUS']",31
MONDO:0015564,Castleman disease,MONDO:0008558,autoimmune thrombocytopenic purpura,"['BORTEZOMIB', 'RITUXIMAB', 'CHEMBL1740907', 'ZANUBRUTINIB', 'PREDNISONE', 'CYCLOPHOSPHAMIDE ANHYDROUS']",7
MONDO:0015564,Castleman disease,MONDO:0012105,Granulomatosis with polyangiitis,"['RITUXIMAB', 'PREDNISONE', 'CYCLOPHOSPHAMIDE ANHYDROUS']",42
MONDO:0015564,Castleman disease,MONDO:0019127,polymyositis,['PREDNISONE'],14
MONDO:0015564,Castleman disease,MONDO:0009891,acquired polycythemia vera,"['POMALIDOMIDE', 'PREDNISONE']",10
MONDO:0015564,Castleman disease,MONDO:0004976,Amyotrophic lateral sclerosis,"['TOCILIZUMAB', 'CHEMBL3560003', 'PREDNISONE', 'CHEMBL558551']",5
MONDO:0015564,Castleman disease,MONDO:0018868,metachromatic leukodystrophy,['CYCLOPHOSPHAMIDE ANHYDROUS'],14
MONDO:0015564,Castleman disease,MONDO:0010006,Sandhoff disease,['CYCLOPHOSPHAMIDE ANHYDROUS'],5
MONDO:0015553,"Localized dystrophic epidermolysis bullosa, nails only",MONDO:0007552,"Localized dystrophic epidermolysis bullosa, pretibial form",['CALCIPOTRIOL'],2
MONDO:0015553,"Localized dystrophic epidermolysis bullosa, nails only",MONDO:0007549,Autosomal dominant generalized dystrophic epidermolysis bullosa,['CALCIPOTRIOL'],2
MONDO:0019963,Bronchial neuroendocrine tumor,MONDO:0018906,follicular lymphoma,"['PEMBROLIZUMAB', 'DURVALUMAB']",2
MONDO:0019963,Bronchial neuroendocrine tumor,MONDO:0005028,Adenocarcinoma of the esophagus,"['PEMBROLIZUMAB', 'DURVALUMAB']",2
MONDO:0019963,Bronchial neuroendocrine tumor,MONDO:0016035,Nelson syndrome,['PASIREOTIDE'],2
MONDO:0019963,Bronchial neuroendocrine tumor,MONDO:0002882,Neuroendocrine tumor of the colon,"['PEMBROLIZUMAB', 'LANREOTIDE AUTOGEL', 'TEMOZOLOMIDE', 'EVEROLIMUS']",2
MONDO:0019963,Bronchial neuroendocrine tumor,MONDO:0015066,Neuroendocrine neoplasm of appendix,"['LANREOTIDE AUTOGEL', 'TEMOZOLOMIDE', 'EVEROLIMUS']",2
MONDO:0019963,Bronchial neuroendocrine tumor,MONDO:0019960,VIPoma,"['LANREOTIDE AUTOGEL', 'TEMOZOLOMIDE']",2
MONDO:0019963,Bronchial neuroendocrine tumor,MONDO:0016722,Pineoblastoma,['TEMOZOLOMIDE'],2
MONDO:0019963,Bronchial neuroendocrine tumor,MONDO:0005072,neuroblastoma,"['PAZOPANIB HYDROCHLORIDE', 'TEMOZOLOMIDE']",7
MONDO:0019963,Bronchial neuroendocrine tumor,MONDO:0019959,Glucagonoma,"['LANREOTIDE AUTOGEL', 'TEMOZOLOMIDE']",2
MONDO:0019963,Bronchial neuroendocrine tumor,MONDO:0017366,Hereditary pheochromocytoma-paraganglioma,"['LUTETIUM-177(3+), S2,S7-CYCLO[N-{4,7,10-TRICARBOXYMETHYL-1,4,7,10-TETRAAZA-CYCLODODECAN-1-YL-ACETYL}-4-CHLORO-L-PHENYLALANYL-D-CYSTEINYL-4-[(4S)-2,6-DIOXO-1,3-DIAZINANE-4-CARBOXAMIDO]-L-PHENYLALANYL-4-(CARBAMOYLAMINO)-D-PHENYLALANYL-L-LYSYL-L-THREONYL-L-CYSTEINYL-D-TYROSINAMIDE]']",2
MONDO:0019963,Bronchial neuroendocrine tumor,MONDO:0005512,Malignant peritoneal mesothelioma,"['PEMBROLIZUMAB', 'TREMELIMUMAB']",7
MONDO:0019963,Bronchial neuroendocrine tumor,MONDO:0018271,Peripheral primitive neuroectodermal tumor,['PAZOPANIB HYDROCHLORIDE'],2
MONDO:0019963,Bronchial neuroendocrine tumor,MONDO:0020561,Myxoid/round cell liposarcoma,"['PEMBROLIZUMAB', 'PAZOPANIB HYDROCHLORIDE']",2
MONDO:0018906,follicular lymphoma,MONDO:0005072,neuroblastoma,"['SARGRAMOSTIM', 'OXALIPLATIN', 'TACROLIMUS ANHYDROUS', 'CHEMBL4303800', 'CARMUSTINE', 'CHEMBL3210645', 'BEVACIZUMAB', 'DASATINIB', 'CHEMBL1740907', 'ETOPOSIDE', 'CISPLATIN', 'CHEMBL156', '7-ETHYL-10-HYDROXYCAMPTOTHECIN', 'MELPHALAN', 'FLUDARABINE', 'ENZASTAURIN', 'IFOSFAMIDE', 'CYCLOPHOSPHAMIDE ANHYDROUS', 'BORTEZOMIB', 'RITUXIMAB', 'ALDESLEUKIN', 'CYCLOSPORINE', 'CHEMBL558551', 'PEGFILGRASTIM', 'FILGRASTIM', 'CYCLOPHOSPHAMIDE', 'PEMBROLIZUMAB', 'ATEZOLIZUMAB', 'NIVOLUMAB', 'ALISERTIB', 'VORINOSTAT', 'LENALIDOMIDE']",4
MONDO:0018906,follicular lymphoma,MONDO:0100280,Waldenstrom macroglobulinemia,"['CHEMBL126955', 'TACROLIMUS ANHYDROUS', 'ORELABRUTINIB', 'OFATUMUMAB', 'IBRUTINIB', 'VENETOCLAX', 'CHEMBL3210645', 'BENDAMUSTIN', 'SAR442257', 'DASATINIB', 'OXALIPLATINE', 'ETOPOSIDE', 'IXAZOMIB CITRATE', 'VISMODEGIB', 'CHEMBL1740907', 'UMBRALISIB', 'PAN-AKT INHIBITOR', 'COPANLISIB', 'CHEMBL156', 'GEMCITABINE HYDROCHLORIDE', 'BETALUTIN (177LU-TETRAXETAN-TETULOMAB)', 'DARATUMUMAB', 'ENZASTAURIN', 'FLUDARABINE', 'OBINUTUZUMAB', 'CYCLOPHOSPHAMIDE ANHYDROUS', 'BORTEZOMIB', 'RITUXIMAB', 'ACALABRUTINIB', 'CYCLOSPORINE', 'CHEMBL558551', 'FILGRASTIM', 'CARFILZOMIB', 'NEMTABRUTINIB', 'CYCLOPHOSPHAMIDE', 'PEMBROLIZUMAB', 'ATEZOLIZUMAB', 'ZANUBRUTINIB', 'DEXAMETHASONE VALARATE', 'EX VIVO EXPANDED AUTOLOGOUS T CELLS GENETICALLY MODIFIED TO EXPRESS ANTI-CD20 AND CD19 IMMUNORECEPTOR', 'IDELALISIB', 'LENALIDOMIDE', 'CHEMBL422897', 'IBRITUMOMAB TIUXETAN']",22
MONDO:0018906,follicular lymphoma,MONDO:0008558,autoimmune thrombocytopenic purpura,"['BORTEZOMIB', 'RITUXIMAB', 'IXAZOMIB CITRATE', 'CHEMBL1740907', 'CYCLOSPORINE', 'TACROLIMUS ANHYDROUS', 'ORELABRUTINIB', 'ZANUBRUTINIB', 'DEXAMETHASONE VALARATE', 'PREDNISONE', 'DARATUMUMAB', 'CHEMBL3210645', 'CYCLOPHOSPHAMIDE ANHYDROUS']",62
MONDO:0018906,follicular lymphoma,MONDO:0012105,Granulomatosis with polyangiitis,"['RITUXIMAB', 'CHEMBL156', 'PREDNISONE', 'CHEMBL3210645', 'CYCLOPHOSPHAMIDE ANHYDROUS']",88
MONDO:0018906,follicular lymphoma,MONDO:0019127,polymyositis,"['RITUXIMAB', 'PREDNISONE']",196
MONDO:0018906,follicular lymphoma,MONDO:0009891,acquired polycythemia vera,"['UMBRALISIB', 'PARSACLISIB', 'TACROLIMUS ANHYDROUS', 'CHEMBL156', 'CHEMBL78', 'LENALIDOMIDE', 'PREDNISONE', 'VORINOSTAT', 'IDASANUTLIN', 'CHEMBL3210645', 'FLUDARABINE', 'BUPARLISIB', 'DASATINIB']",100
MONDO:0018906,follicular lymphoma,MONDO:0004976,Amyotrophic lateral sclerosis,"['ALDESLEUKIN', 'TACROLIMUS ANHYDROUS', 'TOCILIZUMAB', 'CHEMBL558551', 'PREDNISONE', 'CHEMBL3210645']",74
MONDO:0018906,follicular lymphoma,MONDO:0019475,Subcutaneous panniculitis-like T-cell lymphoma,"['CYCLOPHOSPHAMIDE', 'BRENTUXIMAB VEDOTIN', 'NIVOLUMAB', 'GEMCITABINE HYDROCHLORIDE', 'CHOP (CYCLOPHOSPHAMIDE, DOXORUBICIN, VINCRISTINE AND PREDNISONE)']",4
MONDO:0018906,follicular lymphoma,MONDO:0100244,paroxysmal nocturnal hemoglobinuria,"['TACROLIMUS ANHYDROUS', 'CHEMBL3210645', 'FLUDARABINE', 'CHEMBL156']",86
MONDO:0018906,follicular lymphoma,MONDO:0005028,Adenocarcinoma of the esophagus,"['OXALIPLATINE', 'DURVALUMAB', 'PEMBROLIZUMAB', 'ATEZOLIZUMAB', 'CISPLATIN', 'NIVOLUMAB']",2
MONDO:0018906,follicular lymphoma,MONDO:0020561,Myxoid/round cell liposarcoma,"['CYCLOPHOSPHAMIDE', 'PEMBROLIZUMAB', 'DOXORUBICIN HYDROCHLORIDE (LIPOSOMAL)']",4
MONDO:0018906,follicular lymphoma,MONDO:0018868,metachromatic leukodystrophy,['CYCLOPHOSPHAMIDE ANHYDROUS'],501
MONDO:0018906,follicular lymphoma,MONDO:0010006,Sandhoff disease,['CYCLOPHOSPHAMIDE ANHYDROUS'],492
MONDO:0018906,follicular lymphoma,MONDO:0019067,Idiopathic steroid-sensitive nephrotic syndrome,"['OFATUMUMAB', 'RITUXIMAB', 'OBINUTUZUMAB']",11
MONDO:0018906,follicular lymphoma,MONDO:0044778,Nodular lymphocyte predominant Hodgkin lymphoma,"['OFATUMUMAB', 'IBRUTINIB']",14
MONDO:0018906,follicular lymphoma,MONDO:0005512,Malignant peritoneal mesothelioma,"['PEMBROLIZUMAB', 'CISPLATIN']",2
MONDO:0018906,follicular lymphoma,MONDO:0021081,NMDA receptor encephalitis,['INEBILIZUMAB'],2
MONDO:0018906,follicular lymphoma,MONDO:0018922,Cold agglutinin disease,['BORTEZOMIB'],2
MONDO:0018906,follicular lymphoma,MONDO:0017816,Primary systemic amyloidosis,"['BORTEZOMIB', 'DARATUMUMAB']",2
MONDO:0018906,follicular lymphoma,MONDO:0019167,Immunoglobulin A vasculitis,['RITUXIMAB'],62
MONDO:0018906,follicular lymphoma,MONDO:0002882,Neuroendocrine tumor of the colon,['PEMBROLIZUMAB'],2
MONDO:0016532,Lennox-Gastaut syndrome,MONDO:0004976,Amyotrophic lateral sclerosis,"['CANNABIDIOL', 'PERAMPANEL']",14
MONDO:0016532,Lennox-Gastaut syndrome,MONDO:0100135,Dravet syndrome,"['SOTICLESTAT', 'FENFLURAMINE HYDROCHLORIDE', 'CANNABIDIOL']",11
MONDO:0015243,allergic bronchopulmonary aspergillosis,MONDO:0004976,Amyotrophic lateral sclerosis,['ITRACONAZOLE'],10
MONDO:0008234,Multiple endocrine neoplasia type 2A,MONDO:0017366,Hereditary pheochromocytoma-paraganglioma,"['EP0031', 'SELPERCATINIB']",7
MONDO:0019475,Subcutaneous panniculitis-like T-cell lymphoma,MONDO:0100280,Waldenstrom macroglobulinemia,"['CYCLOPHOSPHAMIDE', 'GEMCITABINE HYDROCHLORIDE']",4
MONDO:0019475,Subcutaneous panniculitis-like T-cell lymphoma,MONDO:0005072,neuroblastoma,"['CYCLOPHOSPHAMIDE', 'NIVOLUMAB', 'ALISERTIB']",3
MONDO:0019475,Subcutaneous panniculitis-like T-cell lymphoma,MONDO:0020561,Myxoid/round cell liposarcoma,['CYCLOPHOSPHAMIDE'],2
MONDO:0019475,Subcutaneous panniculitis-like T-cell lymphoma,MONDO:0005028,Adenocarcinoma of the esophagus,['NIVOLUMAB'],3
MONDO:0011927,Tufted angioma,MONDO:0004691,Autosomal dominant polycystic kidney disease,['SIROLIMUS'],2
MONDO:0011927,Tufted angioma,MONDO:0018092,Vogt-Koyanagi-Harada disease,['SIROLIMUS'],5
MONDO:0011927,Tufted angioma,MONDO:0004976,Amyotrophic lateral sclerosis,['SIROLIMUS'],2
MONDO:0011927,Tufted angioma,MONDO:0020561,Myxoid/round cell liposarcoma,['SIROLIMUS'],2
MONDO:0010006,Sandhoff disease,MONDO:0100280,Waldenstrom macroglobulinemia,['CYCLOPHOSPHAMIDE ANHYDROUS'],176
MONDO:0010006,Sandhoff disease,MONDO:0012105,Granulomatosis with polyangiitis,['CYCLOPHOSPHAMIDE ANHYDROUS'],37
MONDO:0010006,Sandhoff disease,MONDO:0005072,neuroblastoma,['CYCLOPHOSPHAMIDE ANHYDROUS'],67
MONDO:0010006,Sandhoff disease,MONDO:0018868,metachromatic leukodystrophy,['CYCLOPHOSPHAMIDE ANHYDROUS'],11
MONDO:0010006,Sandhoff disease,MONDO:0008558,autoimmune thrombocytopenic purpura,['CYCLOPHOSPHAMIDE ANHYDROUS'],5
MONDO:0010006,Sandhoff disease,MONDO:0009737,Galactosialidosis,['VENGLUSTAT'],6
MONDO:0010006,Sandhoff disease,MONDO:0010099,"GM2 gangliosidosis, AB variant",['VENGLUSTAT'],5
MONDO:0010006,Sandhoff disease,MONDO:0004691,Autosomal dominant polycystic kidney disease,['VENGLUSTAT'],7
MONDO:0009849,Hyperimmunoglobulinemia D with periodic fever,MONDO:0018088,Familial Mediterranean fever,['CANAKINUMAB'],5
MONDO:0009276,Bernard-Soulier syndrome,MONDO:0008558,autoimmune thrombocytopenic purpura,['ELTROMBOPAG OLAMINE'],17
MONDO:0015066,Neuroendocrine neoplasm of appendix,MONDO:0002882,Neuroendocrine tumor of the colon,"['LANREOTIDE AUTOGEL', 'TEMOZOLOMIDE', 'EVEROLIMUS']",2
MONDO:0015066,Neuroendocrine neoplasm of appendix,MONDO:0019960,VIPoma,"['LANREOTIDE AUTOGEL', 'TEMOZOLOMIDE']",2
MONDO:0015066,Neuroendocrine neoplasm of appendix,MONDO:0016722,Pineoblastoma,['TEMOZOLOMIDE'],2
MONDO:0015066,Neuroendocrine neoplasm of appendix,MONDO:0005072,neuroblastoma,['TEMOZOLOMIDE'],7
MONDO:0015066,Neuroendocrine neoplasm of appendix,MONDO:0019959,Glucagonoma,"['LANREOTIDE AUTOGEL', 'TEMOZOLOMIDE']",2
MONDO:0004976,Amyotrophic lateral sclerosis,MONDO:0009319,Pantothenate kinase-associated neurodegeneration,['DEFERIPRONE'],5
MONDO:0004976,Amyotrophic lateral sclerosis,MONDO:0012105,Granulomatosis with polyangiitis,"['CHEMBL3210645', 'PREDNISONE']",31
MONDO:0004976,Amyotrophic lateral sclerosis,MONDO:0019127,polymyositis,['PREDNISONE'],12
MONDO:0004976,Amyotrophic lateral sclerosis,MONDO:0009891,acquired polycythemia vera,"['TACROLIMUS ANHYDROUS', 'CHEMBL3210645', 'PREDNISONE']",9
MONDO:0004976,Amyotrophic lateral sclerosis,MONDO:0008558,autoimmune thrombocytopenic purpura,"['TACROLIMUS ANHYDROUS', 'CHEMBL3210645', 'PREDNISONE']",5
MONDO:0004976,Amyotrophic lateral sclerosis,MONDO:0100244,paroxysmal nocturnal hemoglobinuria,"['TACROLIMUS ANHYDROUS', 'CHEMBL3210645', 'PEGCETACOPLAN', 'RAVULIZUMAB']",11
MONDO:0004976,Amyotrophic lateral sclerosis,MONDO:0004691,Autosomal dominant polycystic kidney disease,"['PIOGLITAZONE', 'SIROLIMUS']",2
MONDO:0004976,Amyotrophic lateral sclerosis,MONDO:0018092,Vogt-Koyanagi-Harada disease,['SIROLIMUS'],5
MONDO:0004976,Amyotrophic lateral sclerosis,MONDO:0020561,Myxoid/round cell liposarcoma,['SIROLIMUS'],2
MONDO:0004976,Amyotrophic lateral sclerosis,MONDO:0006687,Burning mouth syndrome,['DELTA-9-TETRAHYDROCANNABINOL AND CANNABIDIOL FROM EXTRACTS OF THE CANNABIS SATIVA L. PLANT'],2
MONDO:0004976,Amyotrophic lateral sclerosis,MONDO:0014005,Immunoglobulin-mediated membranoproliferative glomerulonephritis,['PEGCETACOPLAN'],9
MONDO:0004976,Amyotrophic lateral sclerosis,MONDO:0018922,Cold agglutinin disease,['PEGCETACOPLAN'],9
MONDO:0004976,Amyotrophic lateral sclerosis,MONDO:0005072,neuroblastoma,"['ALDESLEUKIN', 'TACROLIMUS ANHYDROUS', 'CHEMBL558551', 'CELECOXIB', 'CHEMBL3210645', 'CHEMBL3560003']",20
MONDO:0004976,Amyotrophic lateral sclerosis,MONDO:0100280,Waldenstrom macroglobulinemia,"['TACROLIMUS ANHYDROUS', 'CHEMBL3210645', 'CHEMBL558551']",10
MONDO:0004976,Amyotrophic lateral sclerosis,MONDO:0020331,Indolent systemic mastocytosis,['MASITINIB MESILATE'],4
MONDO:0004976,Amyotrophic lateral sclerosis,MONDO:0019037,progressive supranuclear palsy,"['MASITINIB MESILATE', '9-CIS, 12-CIS-11,11-D2-LINOLEIC ACID ETHYL ESTER', 'RASAGILINE']",2
MONDO:0004976,Amyotrophic lateral sclerosis,MONDO:0017161,Frontotemporal dementia with motor neuron disease,['CENSAVUDINE'],2
MONDO:0004976,Amyotrophic lateral sclerosis,MONDO:0020352,"Multiple system atrophy, parkinsonian type",['RASAGILINE'],7
MONDO:0020352,"Multiple system atrophy, parkinsonian type",MONDO:0019037,progressive supranuclear palsy,['RASAGILINE'],5
MONDO:0007552,"Localized dystrophic epidermolysis bullosa, pretibial form",MONDO:0007549,Autosomal dominant generalized dystrophic epidermolysis bullosa,['CALCIPOTRIOL'],2
MONDO:0017816,Primary systemic amyloidosis,MONDO:0100280,Waldenstrom macroglobulinemia,['BORTEZOMIB'],6
MONDO:0017816,Primary systemic amyloidosis,MONDO:0018922,Cold agglutinin disease,['BORTEZOMIB'],2
MONDO:0017816,Primary systemic amyloidosis,MONDO:0008558,autoimmune thrombocytopenic purpura,['DARATUMUMAB'],2
MONDO:0015827,Distal renal tubular acidosis,MONDO:0009067,cystinuria,['TRIPOTASSIUM CITRATE MONOHYDRATE AND POTASSIUM HYDROGEN CARBONATE'],7
MONDO:0019959,Glucagonoma,MONDO:0019960,VIPoma,"['LANREOTIDE AUTOGEL', 'TEMOZOLOMIDE']",2
MONDO:0019959,Glucagonoma,MONDO:0002882,Neuroendocrine tumor of the colon,"['LANREOTIDE AUTOGEL', 'TEMOZOLOMIDE']",2
MONDO:0019959,Glucagonoma,MONDO:0016722,Pineoblastoma,['TEMOZOLOMIDE'],2
MONDO:0019959,Glucagonoma,MONDO:0005072,neuroblastoma,['TEMOZOLOMIDE'],7
MONDO:0019067,Idiopathic steroid-sensitive nephrotic syndrome,MONDO:0012105,Granulomatosis with polyangiitis,"['RITUXIMAB', 'MYCOPHENOLATE MOFETIL']",4
MONDO:0019067,Idiopathic steroid-sensitive nephrotic syndrome,MONDO:0100280,Waldenstrom macroglobulinemia,"['RITUXIMAB', 'OFATUMUMAB']",8
MONDO:0019067,Idiopathic steroid-sensitive nephrotic syndrome,MONDO:0044778,Nodular lymphocyte predominant Hodgkin lymphoma,['OFATUMUMAB'],2
MONDO:0019067,Idiopathic steroid-sensitive nephrotic syndrome,MONDO:0008558,autoimmune thrombocytopenic purpura,['RITUXIMAB'],3
MONDO:0019067,Idiopathic steroid-sensitive nephrotic syndrome,MONDO:0019127,polymyositis,['RITUXIMAB'],2
MONDO:0019067,Idiopathic steroid-sensitive nephrotic syndrome,MONDO:0019167,Immunoglobulin A vasculitis,['RITUXIMAB'],2
MONDO:0016681,Gliosarcoma,MONDO:0009891,acquired polycythemia vera,['POMALIDOMIDE'],10
MONDO:0005028,Adenocarcinoma of the esophagus,MONDO:0100280,Waldenstrom macroglobulinemia,"['OXALIPLATINE', 'ATEZOLIZUMAB']",2
MONDO:0005028,Adenocarcinoma of the esophagus,MONDO:0005512,Malignant peritoneal mesothelioma,"['PEMBROLIZUMAB', 'CISPLATIN']",13
MONDO:0005028,Adenocarcinoma of the esophagus,MONDO:0005072,neuroblastoma,"['ATEZOLIZUMAB', 'CISPLATIN', 'NIVOLUMAB', 'REGORAFENIB']",3
MONDO:0005028,Adenocarcinoma of the esophagus,MONDO:0018092,Vogt-Koyanagi-Harada disease,['GEVOKIZUMAB'],22
MONDO:0005028,Adenocarcinoma of the esophagus,MONDO:0019127,polymyositis,['GEVOKIZUMAB'],4
MONDO:0005028,Adenocarcinoma of the esophagus,MONDO:0008558,autoimmune thrombocytopenic purpura,['ROMIPLOSTIM'],12
MONDO:0005028,Adenocarcinoma of the esophagus,MONDO:0002882,Neuroendocrine tumor of the colon,['PEMBROLIZUMAB'],13
MONDO:0005028,Adenocarcinoma of the esophagus,MONDO:0020561,Myxoid/round cell liposarcoma,['PEMBROLIZUMAB'],13
MONDO:0005028,Adenocarcinoma of the esophagus,MONDO:0018271,Peripheral primitive neuroectodermal tumor,['REGORAFENIB'],4
MONDO:0012580,Hereditary pulmonary alveolar proteinosis,MONDO:0008346,Idiopathic pulmonary hemosiderosis,['HYDROXYCHLOROQUINE'],4
MONDO:0012580,Hereditary pulmonary alveolar proteinosis,MONDO:0019621,Chronic pneumonitis of infancy,['HYDROXYCHLOROQUINE'],4
MONDO:0012105,Granulomatosis with polyangiitis,MONDO:0100280,Waldenstrom macroglobulinemia,"['RITUXIMAB', 'CHEMBL3210645', 'CHEMBL156', 'CYCLOPHOSPHAMIDE ANHYDROUS']",39
MONDO:0012105,Granulomatosis with polyangiitis,MONDO:0008558,autoimmune thrombocytopenic purpura,"['RITUXIMAB', 'BELIMUMAB', 'PREDNISONE', 'CHEMBL3210645', 'CYCLOPHOSPHAMIDE ANHYDROUS']",40
MONDO:0012105,Granulomatosis with polyangiitis,MONDO:0005072,neuroblastoma,"['RITUXIMAB', 'CHEMBL3210645', 'CHEMBL156', 'CYCLOPHOSPHAMIDE ANHYDROUS']",18
MONDO:0012105,Granulomatosis with polyangiitis,MONDO:0019127,polymyositis,"['RITUXIMAB', 'PREDNISONE']",15
MONDO:0012105,Granulomatosis with polyangiitis,MONDO:0009891,acquired polycythemia vera,"['CHEMBL3210645', 'PREDNISONE', 'CHEMBL156']",27
MONDO:0012105,Granulomatosis with polyangiitis,MONDO:0100244,paroxysmal nocturnal hemoglobinuria,"['CHEMBL3210645', 'CHEMBL156']",21
MONDO:0012105,Granulomatosis with polyangiitis,MONDO:0018868,metachromatic leukodystrophy,['CYCLOPHOSPHAMIDE ANHYDROUS'],46
MONDO:0012105,Granulomatosis with polyangiitis,MONDO:0019167,Immunoglobulin A vasculitis,['RITUXIMAB'],6
MONDO:0013992,Obesity due to leptin receptor gene deficiency,MONDO:0012335,Obesity due to pro-opiomelanocortin deficiency,"['SETMELANOTIDE', 'LR 19021']",17
MONDO:0013992,Obesity due to leptin receptor gene deficiency,MONDO:0015229,Bardet-Biedl syndrome,['SETMELANOTIDE'],16
MONDO:0019079,Proximal spinal muscular atrophy,MONDO:0010056,Proximal spinal muscular atrophy type 4,['NUSINERSEN'],9
MONDO:0005072,neuroblastoma,MONDO:0005512,Malignant peritoneal mesothelioma,"['CISPLATIN', 'DOXORUBICINE HYDROCHLORIDE']",4
MONDO:0005072,neuroblastoma,MONDO:0100280,Waldenstrom macroglobulinemia,"['TACROLIMUS ANHYDROUS', 'CHEMBL3210645', 'DASATINIB', 'CHEMBL1740907', 'ETOPOSIDE', 'CHEMBL156', 'FLUDARABINE', 'ENZASTAURIN', 'CYCLOPHOSPHAMIDE ANHYDROUS', 'BORTEZOMIB', 'RITUXIMAB', 'CYCLOSPORINE', 'CHEMBL558551', 'FILGRASTIM', 'CYCLOPHOSPHAMIDE', 'PEMBROLIZUMAB', 'ATEZOLIZUMAB', 'LENALIDOMIDE', 'ALEMTUZUMAB']",4
MONDO:0005072,neuroblastoma,MONDO:0008558,autoimmune thrombocytopenic purpura,"['BORTEZOMIB', 'RITUXIMAB', 'CHEMBL1740907', 'DECITABINE', 'CYCLOSPORINE', 'TACROLIMUS ANHYDROUS', 'CHEMBL3210645', 'CYCLOPHOSPHAMIDE ANHYDROUS']",6
MONDO:0005072,neuroblastoma,MONDO:0009891,acquired polycythemia vera,"['TACROLIMUS ANHYDROUS', 'CHEMBL156', 'VORINOSTAT', 'LENALIDOMIDE', 'CHEMBL3210645', 'FLUDARABINE', 'DASATINIB']",32
MONDO:0005072,neuroblastoma,MONDO:0100244,paroxysmal nocturnal hemoglobinuria,"['TACROLIMUS ANHYDROUS', 'CHEMBL3210645', 'FLUDARABINE', 'CHEMBL156']",42
MONDO:0005072,neuroblastoma,MONDO:0020561,Myxoid/round cell liposarcoma,"['CYCLOPHOSPHAMIDE', 'PAZOPANIB HYDROCHLORIDE', 'DACARBAZINE']",4
MONDO:0005072,neuroblastoma,MONDO:0018868,metachromatic leukodystrophy,['CYCLOPHOSPHAMIDE ANHYDROUS'],76
MONDO:0005072,neuroblastoma,MONDO:0019960,VIPoma,['TEMOZOLOMIDE'],7
MONDO:0005072,neuroblastoma,MONDO:0002882,Neuroendocrine tumor of the colon,['TEMOZOLOMIDE'],7
MONDO:0005072,neuroblastoma,MONDO:0016722,Pineoblastoma,"['RAPAMYCIN (MTOR) INHIBITOR', 'TEMOZOLOMIDE', 'IRINOTECAN']",7
MONDO:0005072,neuroblastoma,MONDO:0018271,Peripheral primitive neuroectodermal tumor,"['REGORAFENIB', 'PAZOPANIB HYDROCHLORIDE']",4
MONDO:0017729,"Metachromatic leukodystrophy, late infantile form",MONDO:0018868,metachromatic leukodystrophy,['RECOMBINANT HUMAN ARYLSULFATASE A'],4
MONDO:0009824,Primary hyperoxaluria type 2,MONDO:0002474,Primary hyperoxaluria,"['NEDOSIRAN', 'OXALOBACTER FORMIGENES STRAIN HC-1']",9
MONDO:0020561,Myxoid/round cell liposarcoma,MONDO:0004691,Autosomal dominant polycystic kidney disease,['SIROLIMUS'],2
MONDO:0020561,Myxoid/round cell liposarcoma,MONDO:0018092,Vogt-Koyanagi-Harada disease,['SIROLIMUS'],5
MONDO:0020561,Myxoid/round cell liposarcoma,MONDO:0100280,Waldenstrom macroglobulinemia,['CYCLOPHOSPHAMIDE'],4
MONDO:0020561,Myxoid/round cell liposarcoma,MONDO:0018271,Peripheral primitive neuroectodermal tumor,['PAZOPANIB HYDROCHLORIDE'],3
MONDO:0020561,Myxoid/round cell liposarcoma,MONDO:0005512,Malignant peritoneal mesothelioma,['PEMBROLIZUMAB'],2
MONDO:0020561,Myxoid/round cell liposarcoma,MONDO:0002882,Neuroendocrine tumor of the colon,['PEMBROLIZUMAB'],2
MONDO:0100280,Waldenstrom macroglobulinemia,MONDO:0008558,autoimmune thrombocytopenic purpura,"['BORTEZOMIB', 'RITUXIMAB', 'IXAZOMIB CITRATE', 'CHEMBL1740907', 'CYCLOSPORINE', 'TACROLIMUS ANHYDROUS', 'ORELABRUTINIB', 'ZANUBRUTINIB', 'DEXAMETHASONE VALARATE', 'DARATUMUMAB', 'CHEMBL3210645', 'CYCLOPHOSPHAMIDE ANHYDROUS']",31
MONDO:0100280,Waldenstrom macroglobulinemia,MONDO:0009891,acquired polycythemia vera,"['UMBRALISIB', 'TACROLIMUS ANHYDROUS', 'POMALIDOMIDE', 'CHEMBL156', 'LENALIDOMIDE', 'CHEMBL2141644', 'CHEMBL3210645', 'FLUDARABINE', 'DASATINIB']",162
MONDO:0100280,Waldenstrom macroglobulinemia,MONDO:0100244,paroxysmal nocturnal hemoglobinuria,"['TACROLIMUS ANHYDROUS', 'CHEMBL3210645', 'FLUDARABINE', 'CHEMBL156']",172
MONDO:0100280,Waldenstrom macroglobulinemia,MONDO:0018868,metachromatic leukodystrophy,['CYCLOPHOSPHAMIDE ANHYDROUS'],185
MONDO:0100280,Waldenstrom macroglobulinemia,MONDO:0044778,Nodular lymphocyte predominant Hodgkin lymphoma,"['OFATUMUMAB', 'IBRUTINIB']",7
MONDO:0100280,Waldenstrom macroglobulinemia,MONDO:0019127,polymyositis,"['RITUXIMAB', 'DEXAMETHASONE']",3
MONDO:0100280,Waldenstrom macroglobulinemia,MONDO:0018922,Cold agglutinin disease,['BORTEZOMIB'],6
MONDO:0100280,Waldenstrom macroglobulinemia,MONDO:0019167,Immunoglobulin A vasculitis,['RITUXIMAB'],8
MONDO:0100280,Waldenstrom macroglobulinemia,MONDO:0010557,Choroideremia,['SIMVASTATIN'],2
MONDO:0018242,Autoimmune hypoparathyroidism,MONDO:0015357,Secondary hypoparathyroidism due to impaired parathormon secretion,"['[ALA1,3,12,GLN10,ARG11,TRP14]PTH(1-14)/[ALA18,22, LYS26]PTHRP(15-36)COOH']",4
MONDO:0020331,Indolent systemic mastocytosis,MONDO:0019037,progressive supranuclear palsy,['MASITINIB MESILATE'],3
MONDO:0020331,Indolent systemic mastocytosis,MONDO:0009891,acquired polycythemia vera,['HYDROXYCARBAMIDE'],3
MONDO:0020331,Indolent systemic mastocytosis,MONDO:0015796,Acute lung injury,['IMATINIB MESILATE'],2
MONDO:0020331,Indolent systemic mastocytosis,MONDO:0020332,Systemic mastocytosis with associated hematologic neoplasm,"['BLU-263', 'AVAPRITINIB', 'MIDOSTAURIN']",6
MONDO:0020331,Indolent systemic mastocytosis,MONDO:0016722,Pineoblastoma,['DASATINIB'],2
MONDO:0009931,Pulmonary atresia-intact ventricular septum syndrome,MONDO:0008542,Tetralogy of Fallot,['CARVEDILOL'],2
MONDO:0018868,metachromatic leukodystrophy,MONDO:0008558,autoimmune thrombocytopenic purpura,['CYCLOPHOSPHAMIDE ANHYDROUS'],14
MONDO:0015716,Moderate hemophilia B,MONDO:0015788,Bleeding disorder in hemophilia B carriers,"['EPTACOG ALFA (ACTIVATED)', 'GENTAMICIN', 'ANTI-INHIBITOR COAGULANT COMPLEX', 'PEGYLATED RECOMBINANT FACTOR VIIA', 'PEGYLATED RECOMBINANT HUMAN FACTOR IX']",3
MONDO:0014403,Short stature due to GHSR deficiency,MONDO:0018997,Noonan syndrome,['SOMAPACITAN'],5
MONDO:0019437,Enthesitis-related juvenile idiopathic arthritis,MONDO:0018092,Vogt-Koyanagi-Harada disease,['ADALIMUMAB'],15
MONDO:0019437,Enthesitis-related juvenile idiopathic arthritis,MONDO:0019433,Oligoarticular juvenile idiopathic arthritis,"['ETANERCEPT', 'ADALIMUMAB']",7
MONDO:0009266,Gaucher disease type 2,MONDO:0009265,Gaucher disease type 1,['TALIGLUCERASE ALFA'],4
MONDO:0019433,Oligoarticular juvenile idiopathic arthritis,MONDO:0018088,Familial Mediterranean fever,['TOCILIZUMAB'],2
MONDO:0019433,Oligoarticular juvenile idiopathic arthritis,MONDO:0019167,Immunoglobulin A vasculitis,['TOCILIZUMAB'],2
MONDO:0019433,Oligoarticular juvenile idiopathic arthritis,MONDO:0018092,Vogt-Koyanagi-Harada disease,['ADALIMUMAB'],10
MONDO:0018922,Cold agglutinin disease,MONDO:0019536,Shiga toxin-associated hemolytic uremic syndrome,['ECULIZUMAB'],2
MONDO:0018922,Cold agglutinin disease,MONDO:0100244,paroxysmal nocturnal hemoglobinuria,"['ECULIZUMAB', 'PEGCETACOPLAN', 'IPTACOPAN']",11
MONDO:0018922,Cold agglutinin disease,MONDO:0014005,Immunoglobulin-mediated membranoproliferative glomerulonephritis,['PEGCETACOPLAN'],14
MONDO:0018922,Cold agglutinin disease,MONDO:0008558,autoimmune thrombocytopenic purpura,"['BIVV020', 'IPTACOPAN']",2
MONDO:0018922,Cold agglutinin disease,MONDO:0019167,Immunoglobulin A vasculitis,['IPTACOPAN'],7
MONDO:0010099,"GM2 gangliosidosis, AB variant",MONDO:0009737,Galactosialidosis,['VENGLUSTAT'],3
MONDO:0010099,"GM2 gangliosidosis, AB variant",MONDO:0004691,Autosomal dominant polycystic kidney disease,['VENGLUSTAT'],4
MONDO:0016722,Pineoblastoma,MONDO:0019960,VIPoma,['TEMOZOLOMIDE'],2
MONDO:0016722,Pineoblastoma,MONDO:0002882,Neuroendocrine tumor of the colon,['TEMOZOLOMIDE'],2
MONDO:0013433,Primary sclerosing cholangitis,MONDO:0015515,Carnitine palmitoyltransferase II deficiency,['BEZAFIBRATE'],3
MONDO:0009737,Galactosialidosis,MONDO:0004691,Autosomal dominant polycystic kidney disease,['VENGLUSTAT'],5
MONDO:0019167,Immunoglobulin A vasculitis,MONDO:0100244,paroxysmal nocturnal hemoglobinuria,"['CEMDISIRAN', 'BCX9930', 'IPTACOPAN']",5
MONDO:0019167,Immunoglobulin A vasculitis,MONDO:0008558,autoimmune thrombocytopenic purpura,"['RITUXIMAB', 'IPTACOPAN']",3
MONDO:0019167,Immunoglobulin A vasculitis,MONDO:0018088,Familial Mediterranean fever,['TOCILIZUMAB'],2
MONDO:0019167,Immunoglobulin A vasculitis,MONDO:0019127,polymyositis,['RITUXIMAB'],2
MONDO:0012335,Obesity due to pro-opiomelanocortin deficiency,MONDO:0015229,Bardet-Biedl syndrome,['SETMELANOTIDE'],19
MONDO:0004691,Autosomal dominant polycystic kidney disease,MONDO:0018092,Vogt-Koyanagi-Harada disease,['SIROLIMUS'],5
MONDO:0100244,paroxysmal nocturnal hemoglobinuria,MONDO:0019536,Shiga toxin-associated hemolytic uremic syndrome,['ECULIZUMAB'],11
MONDO:0100244,paroxysmal nocturnal hemoglobinuria,MONDO:0009891,acquired polycythemia vera,"['TACROLIMUS ANHYDROUS', 'CHEMBL3210645', 'FLUDARABINE', 'CHEMBL156']",25
MONDO:0100244,paroxysmal nocturnal hemoglobinuria,MONDO:0014005,Immunoglobulin-mediated membranoproliferative glomerulonephritis,['PEGCETACOPLAN'],10
MONDO:0100244,paroxysmal nocturnal hemoglobinuria,MONDO:0008558,autoimmune thrombocytopenic purpura,"['TACROLIMUS ANHYDROUS', 'CHEMBL3210645', 'IPTACOPAN']",9
MONDO:0005512,Malignant peritoneal mesothelioma,MONDO:0002882,Neuroendocrine tumor of the colon,['PEMBROLIZUMAB'],2
MONDO:0008558,autoimmune thrombocytopenic purpura,MONDO:0019127,polymyositis,"['RITUXIMAB', 'PREDNISONE']",12
MONDO:0008558,autoimmune thrombocytopenic purpura,MONDO:0009891,acquired polycythemia vera,"['TACROLIMUS ANHYDROUS', 'CHEMBL3210645', 'PREDNISONE']",10
MONDO:0019621,Chronic pneumonitis of infancy,MONDO:0008346,Idiopathic pulmonary hemosiderosis,['HYDROXYCHLOROQUINE'],4
MONDO:0002882,Neuroendocrine tumor of the colon,MONDO:0019960,VIPoma,"['LANREOTIDE AUTOGEL', 'TEMOZOLOMIDE']",2
MONDO:0018092,Vogt-Koyanagi-Harada disease,MONDO:0019127,polymyositis,['GEVOKIZUMAB'],24
MONDO:0019127,polymyositis,MONDO:0009891,acquired polycythemia vera,['PREDNISONE'],17
