ID,d1_disease_label,d2_disease_label
0,Myasthenia gravis,AL amyloidosis
1,Burkitt lymphoma,Szary syndrome
2,MALT lymphoma,"Primary dystonia, DYT4 type"
3,Neurotrophic keratopathy,Early-onset generalized limb-onset dystonia
4,Idiopathic/heritable pulmonary arterial hypertension,Systemic-onset juvenile idiopathic arthritis
5,X-linked endothelial corneal dystrophy,"Primary dystonia, DYT4 type"
6,Congenital hereditary endothelial dystrophy type II,Keratosis palmaris et plantaris-clinodactyly syndrome
7,Autosomal dominant Charcot-Marie-Tooth disease type 2Y,Lattice corneal dystrophy type I
8,glioblastoma,microscopic polyangiitis
9,Severe early-childhood-onset retinal dystrophy,Cryptogenic organizing pneumonia
10,Hereditary hemorrhagic telangiectasia,AL amyloidosis
11,Duchenne muscular dystrophy,Idiopathic/heritable pulmonary arterial hypertension
12,Lethal infantile mitochondrial myopathy,Early-onset generalized limb-onset dystonia
13,Best vitelliform macular dystrophy,Pituitary gigantism
14,Complex regional pain syndrome,Multifocal motor neuropathy
15,Bardet-Biedl syndrome,Obesity due to prohormone convertase I deficiency
16,Kaposi\'s sarcoma,Desmoplastic small round cell tumor
17,Somatostatinoma,Charcot-Marie-Tooth disease type 4A
18,Gray platelet syndrome,Paroxysmal cold hemoglobinuria
19,Monosomy 18p,Insulinoma
20,Hepatitis delta,Lassa fever
21,Cranio-cervical dystonia with laryngeal and upper-limb involvement,Granular corneal dystrophy type I
22,Amyotrophic lateral sclerosis,MALT lymphoma
23,Mucous membrane pemphigoid,Burkitt lymphoma
25,"Hereditary palmoplantar keratoderma, Gamborg-Nielsen type",Lattice corneal dystrophy type I
26,Von Willebrand disease,hemophilia A
27,systemic lupus erythematosus,Friedreich ataxia
28,PPoma,Autosomal dominant Charcot-Marie-Tooth disease type 2F
29,Amyotrophic lateral sclerosis,Primary Sjgren syndrome
30,Congenital ichthyosis-microcephalus-tetraplegia syndrome,GRFoma
31,Medulloblastoma,Atypical teratoid rhabdoid tumor
32,Medium chain acyl-CoA dehydrogenase deficiency,MALT lymphoma
33,Amyotrophic lateral sclerosis,Wiskott-Aldrich syndrome
34,Rheumatoid factor-positive polyarticular juvenile idiopathic arthritis,Schnitzler syndrome
35,Indolent systemic mastocytosis,acquired polycythemia vera
36,DNA2-related mitochondrial DNA deletion syndrome,Insulinoma
37,Cold agglutinin disease,Charcot-Marie-Tooth disease type 4A
38,aspergillosis,mantle cell lymphoma
39,Complex regional pain syndrome,MALT lymphoma
40,Multiple epiphyseal dysplasia type 5,Adult-onset foveomacular vitelliform dystrophy
41,Neurofibromatosis type 1,gastrointestinal stromal tumor
42,dermatomyositis,Papilloma of choroid plexus
43,Myxopapillary ependymoma,Adult-onset foveomacular vitelliform dystrophy
44,"chronic myelogenous leukemia, BCR-ABL1 positive",Friedreich ataxia
46,\xc3\x85land Islands eye disease,Autosomal dominant Charcot-Marie-Tooth disease type 2E
47,Adrenocortical carcinoma,Szary syndrome
48,Myxoid/round cell liposarcoma,Cutaneous neuroendocrine carcinoma
49,Best vitelliform macular dystrophy,Primary immunodeficiency syndrome due to LAMTOR2 deficiency
50,autoimmune thrombocytopenic purpura,polymyositis
51,Paris-Trousseau thrombocytopenia,Pituitary gigantism
52,Cryptogenic organizing pneumonia,Charcot-Marie-Tooth disease type 4A
53,Paris-Trousseau thrombocytopenia,Cryptogenic organizing pneumonia
54,neuroblastoma,PPoma
55,"chronic myelogenous leukemia, BCR-ABL1 positive",Chronic pneumonitis of infancy
56,Neuroendocrine tumor of anal canal,Papilloma of choroid plexus
57,Peripheral primitive neuroectodermal tumor,Nephroblastoma
58,Cystic fibrosis,eosinophilic granulomatosis with polyangiitis
59,Congenital stationary night blindness,Pure mitochondrial myopathy
60,essential thrombocythemia,Gliosarcoma
61,X-linked spasticity-intellectual disability-epilepsy syndrome,Adult-onset foveomacular vitelliform dystrophy
62,sarcoidosis,Cystic fibrosis
63,dermatomyositis,Solar urticaria
64,Keratosis palmaris et plantaris-clinodactyly syndrome,Granular corneal dystrophy type I
65,Epithelial recurrent erosion dystrophy,Diffuse palmoplantar keratoderma-acrocyanosis syndrome
66,Peripheral primitive neuroectodermal tumor,Solitary fibrous tumor
67,Best vitelliform macular dystrophy,Autosomal recessive spastic paraplegia type 44
68,interstitial lung disease 2,Burkitt lymphoma
69,Beta-thalassemia,Gaucher disease
70,Bullous pemphigoid,Duchenne muscular dystrophy
71,Macular corneal dystrophy,Charcot-Marie-Tooth disease type 4B2
72,Cystic fibrosis,graft versus host disease
73,systemic sclerosis,gastrointestinal stromal tumor
74,Mitochondrial myopathy with reversible cytochrome C oxidase deficiency,S\xc3\xa9zary syndrome
75,Sandhoff disease,follicular lymphoma
76,Immune thrombocytopenia,Thiel-Behnke corneal dystrophy
77,Respiratory bronchiolitis-interstitial lung disease syndrome,Fuchs endothelial corneal dystrophy
78,Rheumatoid factor-negative polyarticular juvenile idiopathic arthritis,Polyarteritis nodosa
79,Heparin-induced thrombocytopenia,Best vitelliform macular dystrophy
80,Best vitelliform macular dystrophy,GRFoma
81,"Primary dystonia, DYT21 type",Gray platelet syndrome
82,autoimmune thrombocytopenic purpura,Wiskott-Aldrich syndrome
83,Paris-Trousseau thrombocytopenia,Oligocone trichromacy
84,Adenocarcinoma of the anal canal,DNAJB6-related limb-girdle muscular dystrophy D1
85,interstitial lung disease 2,thymoma
86,VIPoma,Bronchial neuroendocrine tumor
87,Bernard-Soulier syndrome,Acute interstitial pneumonia
88,Acquired aneurysmal subarachnoid hemorrhage,Osteogenesis imperfecta type 3
89,Pleomorphic liposarcoma,Cholangiocarcinoma
90,Best vitelliform macular dystrophy,"Hereditary palmoplantar keratoderma, Gamborg-Nielsen type"
91,Glucagonoma,Charcot-Marie-Tooth disease type 4C
92,Severe early-childhood-onset retinal dystrophy,TSH-secreting pituitary adenoma
93,paroxysmal nocturnal hemoglobinuria,Atypical hemolytic uremic syndrome
94,Autosomal recessive spastic paraplegia type 57,Adult-onset foveomacular vitelliform dystrophy
95,Non-epidermolytic palmoplantar keratoderma,Lattice corneal dystrophy type I
96,Neuroendocrine tumor of stomach,interstitial lung disease 2
97,Solitary fibrous tumor,Atypical teratoid rhabdoid tumor
98,Idiopathic pulmonary fibrosis,Charcot-Marie-Tooth disease type 4A
99,Undifferentiated pleomorphic sarcoma,Primary peritoneal carcinoma
100,mantle cell lymphoma,Medulloblastoma
101,Pure mitochondrial myopathy,"Primary dystonia, DYT4 type"
102,DNAJB6-related limb-girdle muscular dystrophy D1,Idiopathic pulmonary hemosiderosis
103,Lamellar ichthyosis,Follicular lymphoma
104,Infant acute respiratory distress syndrome,Lattice corneal dystrophy type I
105,"Primary dystonia, DYT17 type",Pituitary gigantism
106,Bernard-Soulier syndrome,Pituicytoma
107,gastrointestinal stromal tumor,Bronchial neuroendocrine tumor
108,sarcoidosis,Cholangiocarcinoma
109,Craniopharyngioma,Prader-Willi syndrome
110,Cap myopathy,Adult-onset foveomacular vitelliform dystrophy
111,"Autosomal dominant focal dystonia, DYT25 type",Gray platelet syndrome
112,Sandhoff disease,Galactosialidosis
113,interstitial lung disease 2,Dedifferentiated liposarcoma
114,MALT lymphoma,Autosomal dominant spastic paraplegia type 8
115,Cushing syndrome due to ectopic ACTH secretion,Acromegaly
116,autoimmune thrombocytopenic purpura,Pemphigus foliaceus
117,thymoma,plasma cell myeloma
118,Oligocone trichromacy,Autosomal dominant Charcot-Marie-Tooth disease type 2F
119,Childhood-onset nemaline myopathy,Adult-onset foveomacular vitelliform dystrophy
120,Immune thrombocytopenia,Adult-onset multiple mitochondrial DNA deletion syndrome due to DGUOK deficiency
121,gastrointestinal stromal tumor,Cutaneous collagenous vasculopathy
122,osteogenesis imperfecta,Complex regional pain syndrome
123,Chronic inflammatory demyelinating polyneuropathy,Acute disseminated encephalomyelitis with anti-MOG antibodies
124,Best vitelliform macular dystrophy,Infant acute respiratory distress syndrome
125,Best vitelliform macular dystrophy,Refractory anemia
126,Neurotrophic keratopathy,Pituicytoma
127,Follicular lymphoma,Hypothyroidism due to TSH receptor mutations
128,Best vitelliform macular dystrophy,Granulomatous slack skin
129,Oligocone trichromacy,Charcot-Marie-Tooth disease type 1A
130,Zollinger-Ellison syndrome,Charcot-Marie-Tooth disease type 4G
131,Follicular lymphoma,Lattice corneal dystrophy type I
132,"Autosomal dominant focal dystonia, DYT25 type",Adult-onset foveomacular vitelliform dystrophy
133,Solar urticaria,Fetal cytomegalovirus syndrome
134,Benign occipital epilepsy,Adult-onset foveomacular vitelliform dystrophy
135,Insulinoma,Granular corneal dystrophy type I
136,Pituicytoma,Thiel-Behnke corneal dystrophy
137,Steinert myotonic dystrophy,Classic congenital adrenal hyperplasia due to 21-hydroxylase deficiency
138,Classic Hodgkin lymphoma,Adult acute respiratory distress syndrome
139,Isolated lissencephaly type 1 without known genetic defects,Adult-onset foveomacular vitelliform dystrophy
140,glioblastoma,Rett syndrome
141,Waldenstrom macroglobulinemia,Myasthenia gravis
142,Medulloblastoma,Gorlin syndrome
143,Primary myelofibrosis,AL amyloidosis
144,interstitial lung disease 2,Idiopathic pulmonary arterial hypertension
146,Carnitine palmitoyl transferase 1A deficiency,Very long chain acyl-CoA dehydrogenase deficiency
147,Thymic carcinoma,Rhabdoid tumor
148,MALT lymphoma,AL amyloidosis
149,Indolent systemic mastocytosis,Systemic mastocytosis with associated hematologic neoplasm
150,Non-distal monosomy 10q,Pure mitochondrial myopathy
151,Anoctamin-5-related limb-girdle muscular dystrophy R12,Cold agglutinin disease
152,liposarcoma,Peripheral primitive neuroectodermal tumor
153,Solitary fibrous tumor,Pleural mesothelioma
154,Congenital ichthyosis-microcephalus-tetraplegia syndrome,Idiopathic acute eosinophilic pneumonia
155,systemic sclerosis,AL amyloidosis
156,Hereditary hyperferritinemia-cataract syndrome,DNAJB6-related limb-girdle muscular dystrophy D1
157,Medulloblastoma,Neuroendocrine tumor of anal canal
158,Idiopathic acute eosinophilic pneumonia,Keratosis palmaris et plantaris-clinodactyly syndrome
159,Immunoglobulin A vasculitis,Rheumatoid factor-positive polyarticular juvenile idiopathic arthritis
160,Acute graft versus host disease,Giant cell arteritis
161,Leukoencephalopathy-palmoplantar keratoderma syndrome,Mitochondrial myopathy with reversible cytochrome C oxidase deficiency
162,autoimmune thrombocytopenic purpura,Waldenstrom macroglobulinemia
163,Thymic carcinoma,Osteosarcoma
164,Multiple epiphyseal dysplasia due to collagen 9 anomaly,Adult-onset foveomacular vitelliform dystrophy
165,Gray platelet syndrome,Elastosis perforans serpiginosa
166,graft versus host disease,mantle cell lymphoma
167,Dehydrated hereditary stomatocytosis,Somatomammotropinoma
168,Autosomal dominant centronuclear myopathy,Idiopathic acute eosinophilic pneumonia
169,Dystonia-aphonia syndrome,Granular corneal dystrophy type II
170,Cholangiocarcinoma,Adrenocortical carcinoma
171,Adult-onset foveomacular vitelliform dystrophy,Neuroendocrine tumor of the rectum
172,Bullous pemphigoid,Systemic polyarteritis nodosa
173,multiple system atrophy,Hereditary late-onset Parkinson disease
174,Diffuse cutaneous systemic sclerosis,Continuous spikes and waves during sleep
175,Retinitis pigmentosa,Idiopathic uveal effusion syndrome
176,Acute interstitial pneumonia,Retinitis punctata albescens
178,glioblastoma,tuberous sclerosis
179,Combined oxidative phosphorylation defect type 13,Fuchs endothelial corneal dystrophy
180,Drug-induced autoimmune hemolytic anemia,MALT lymphoma
181,Glucagonoma,Adult-onset foveomacular vitelliform dystrophy
182,dermatomyositis,Primary Sjgren syndrome
183,Chronic inflammatory demyelinating polyneuropathy,Immune-mediated thrombotic thrombocytopenic purpura
184,Rhabdoid tumor,Thymic neuroendocrine tumor
185,MALT lymphoma,Autosomal recessive spastic paraplegia type 5A
186,Nelson syndrome,Mitochondrial myopathy with reversible cytochrome C oxidase deficiency
187,Amyotrophic lateral sclerosis,Proximal spinal muscular atrophy type 1
188,Chronic graft versus host disease,polymyositis
189,Relapsing polychondritis,Rheumatoid factor-positive polyarticular juvenile idiopathic arthritis
190,Catastrophic antiphospholipid syndrome,Giant cell arteritis
191,Undifferentiated pleomorphic sarcoma,Cutaneous collagenous vasculopathy
192,TRAPPC11-related limb-girdle muscular dystrophy R18,Familial drusen
193,essential thrombocythemia,Autoimmune hepatitis
194,interstitial lung disease 2,Pleomorphic liposarcoma
195,Best vitelliform macular dystrophy,Autosomal recessive spastic paraplegia type 21
196,Paroxysmal cold hemoglobinuria,Thiel-Behnke corneal dystrophy
197,Paris-Trousseau thrombocytopenia,Epithelial recurrent erosion dystrophy
198,Zollinger-Ellison syndrome,Autosomal dominant Charcot-Marie-Tooth disease type 2E
199,dermatomyositis,Giant cell arteritis
200,Mendelian susceptibility to mycobacterial diseases due to complete IL12RB1 deficiency,Epithelial recurrent erosion dystrophy
201,Chronic graft versus host disease,Immune-mediated thrombotic thrombocytopenic purpura
202,Mitochondrial myopathy with reversible cytochrome C oxidase deficiency,Cushing disease
203,Nephroblastoma,Adenocarcinoma of the esophagus
204,Ependymoma,Gaucher disease
205,Mild hemophilia A,Moderate hemophilia A
206,Mitochondrial myopathy with reversible cytochrome C oxidase deficiency,Classic Hodgkin lymphoma
207,Aggressive systemic mastocytosis,Adult-onset foveomacular vitelliform dystrophy
208,Waldenstrom macroglobulinemia,Refractory anemia with excess blasts
209,\xc3\x85land Islands eye disease,Charcot-Marie-Tooth disease type 4C
210,Trisomy 10p,Pure mitochondrial myopathy
211,Carcinoid syndrome,graft versus host disease
212,Waldenstrom macroglobulinemia,mantle cell lymphoma
213,Retinitis punctata albescens,Charcot-Marie-Tooth disease type 1F
214,Focal palmoplantar and gingival keratoderma,Fuchs endothelial corneal dystrophy
215,Congenital ichthyosis-microcephalus-tetraplegia syndrome,Retinitis punctata albescens
216,Epidermolysis bullosa simplex with mottled pigmentation,Adult-onset foveomacular vitelliform dystrophy
217,Cutaneous neuroendocrine carcinoma,Primary peritoneal carcinoma
218,Autosomal recessive axonal neuropathy with neuromyotonia,Mantle cell lymphoma
219,\xc3\x85land Islands eye disease,Charcot-Marie-Tooth disease type 1B
220,Granulomatosis with polyangiitis,graft versus host disease
221,Diffuse cutaneous systemic sclerosis,Gliosarcoma
222,Late-onset retinal degeneration,Charcot-Marie-Tooth disease type 4C
223,microscopic polyangiitis,AL amyloidosis
224,Immune thrombocytopenia,Charcot-Marie-Tooth disease type 1B
225,Thiel-Behnke corneal dystrophy,Charcot-Marie-Tooth disease type 1A
226,Bernard-Soulier syndrome,Beta-thalassemia-X-linked thrombocytopenia syndrome
227,Glucagonoma,Charcot-Marie-Tooth disease type 1A
228,Idiopathic pulmonary fibrosis,Autosomal dominant Charcot-Marie-Tooth disease type 2A2
229,Thymic carcinoma,Cutaneous neuroendocrine carcinoma
230,Autosomal dominant centronuclear myopathy,Macular corneal dystrophy
231,thymoma,graft versus host disease
232,Autoimmune hypoparathyroidism,Secondary hypoparathyroidism due to impaired parathormon secretion
233,Neurotrophic keratopathy,Pediatric hepatocellular carcinoma
234,Non-epidermolytic palmoplantar keratoderma,Late-onset retinal degeneration
235,Meconium aspiration syndrome,Congenital diaphragmatic hernia
236,autoimmune thrombocytopenic purpura,Fanconi anemia
237,neuroblastoma,biliary atresia
238,Infant acute respiratory distress syndrome,Charcot-Marie-Tooth disease type 1B
239,Chronic graft versus host disease,Genetic steroid-resistant nephrotic syndrome
240,Obesity due to pro-opiomelanocortin deficiency,Obesity due to congenital leptin deficiency
241,Late-onset retinal degeneration,Keratosis palmaris et plantaris-clinodactyly syndrome
242,GM1 gangliosidosis,AL amyloidosis
243,Adult-onset foveomacular vitelliform dystrophy,Autosomal recessive Charcot-Marie-Tooth disease with hoarseness
244,Long chain 3-hydroxyacyl-CoA dehydrogenase deficiency,Very long chain acyl-CoA dehydrogenase deficiency
245,Best vitelliform macular dystrophy,Rh deficiency syndrome
246,glioblastoma,gastrointestinal stromal tumor
247,Herpes simplex virus stromal keratitis,Idiopathic congenital hypothyroidism
248,Neurotrophic keratopathy,Acral peeling skin syndrome
249,dermatomyositis,Osteosarcoma
250,Granulomatous slack skin,Charcot-Marie-Tooth disease type 4B2
251,TRAPPC11-related limb-girdle muscular dystrophy R18,T-B+ severe combined immunodeficiency due to JAK3 deficiency
252,meningioma,Medulloblastoma
253,Primary membranoproliferative glomerulonephritis,Dense deposit disease
254,Bullous pemphigoid,Gaucher disease
255,Osteosarcoma,follicular lymphoma
256,Waldenstrom macroglobulinemia,follicular lymphoma
257,"Adult-onset cervical dystonia, DYT23 type",Granular corneal dystrophy type II
258,Niemann-Pick disease type C,Sandhoff disease
259,Epithelial recurrent erosion dystrophy,Granulomatous slack skin
260,Distal myopathy with anterior tibial onset,Adult-onset foveomacular vitelliform dystrophy
261,Non-epidermolytic palmoplantar keratoderma,Fuchs endothelial corneal dystrophy
262,intermediate uveitis,MALT lymphoma
263,plasma cell myeloma,Kawasaki disease
264,Congenital stationary night blindness,Autosomal dominant Charcot-Marie-Tooth disease type 2E
265,TRAPPC11-related limb-girdle muscular dystrophy R18,Adenocarcinoma of the anal canal
266,Congenital stationary night blindness,Leukoencephalopathy-palmoplantar keratoderma syndrome
267,Cold agglutinin disease,Retinitis punctata albescens
268,Gray platelet syndrome,"Hereditary palmoplantar keratoderma, Gamborg-Nielsen type"
269,Best vitelliform macular dystrophy,Autosomal recessive spastic paraplegia type 5A
270,Pure mitochondrial myopathy,Autosomal dominant Charcot-Marie-Tooth disease type 2W
271,Herpes simplex virus stromal keratitis,Mendelian susceptibility to mycobacterial diseases due to partial IRF8 deficiency
272,Autosomal dominant centronuclear myopathy,Pure mitochondrial myopathy
273,Autosomal recessive spastic paraplegia type 61,MALT lymphoma
274,Gliosarcoma,Classic Hodgkin lymphoma
275,Classic mycosis fungoides,Nephroblastoma
276,tuberous sclerosis,Classic congenital adrenal hyperplasia due to 21-hydroxylase deficiency
277,neuroblastoma,interstitial cystitis
278,Paris-Trousseau thrombocytopenia,Somatomammotropinoma
279,Pure mitochondrial myopathy,Male infertility with teratozoospermia due to single gene mutation
280,Male infertility with azoospermia or oligozoospermia due to single gene mutation,Idiopathic acute eosinophilic pneumonia
281,Chronic graft versus host disease,Nodular lymphocyte predominant Hodgkin lymphoma
282,Duchenne muscular dystrophy,Proximal spinal muscular atrophy type 2
283,Thymic carcinoma,neuroblastoma
284,Mitochondrial myopathy with reversible cytochrome C oxidase deficiency,Burkitt lymphoma
285,Lethal infantile mitochondrial myopathy,Pituitary gigantism
286,Pituicytoma,Late-onset retinal degeneration
287,sarcoidosis,MALT lymphoma
288,Atypical hemolytic uremic syndrome,Myasthenia gravis
289,plasma cell myeloma,Polyarteritis nodosa
290,Mitochondrial myopathy with reversible cytochrome C oxidase deficiency,Insulinoma
291,Osteosarcoma,Medulloblastoma
292,Respiratory bronchiolitis-interstitial lung disease syndrome,Charcot-Marie-Tooth disease type 4G
293,tuberous sclerosis,Idiopathic uveal effusion syndrome
294,Stargardt disease,Idiopathic pulmonary fibrosis
295,Immune thrombocytopenia,TRAPPC11-related limb-girdle muscular dystrophy R18
296,Interatrial communication,Idiopathic/heritable pulmonary arterial hypertension
297,acquired polycythemia vera,Aggressive systemic mastocytosis
298,Male infertility with teratozoospermia due to single gene mutation,Follicular lymphoma
299,Chronic beryllium disease,Oligocone trichromacy
300,Neurotrophic keratopathy,Mantle cell lymphoma
301,acquired polycythemia vera,interstitial cystitis
302,Autosomal recessive spastic paraplegia type 71,Adult-onset foveomacular vitelliform dystrophy
303,Hereditary spherocytosis,Adult-onset foveomacular vitelliform dystrophy
304,Late-onset retinal degeneration,Autosomal dominant Charcot-Marie-Tooth disease type 2F
305,Adult-onset Still disease,systemic lupus erythematosus
306,Autosomal recessive spastic paraplegia type 63,MALT lymphoma
307,Asbestos intoxication,Oligocone trichromacy
308,Burkitt lymphoma,MALT lymphoma
309,Primary myelofibrosis,Sporadic pheochromocytoma/secreting paraganglioma
310,Acromegaly,Neuroendocrine tumor of the rectum
311,Truncus arteriosus,Heparin-induced thrombocytopenia
312,Chronic graft versus host disease,Full NF2-related schwannomatosis
313,Rhabdoid tumor,Szary syndrome
314,osteogenesis imperfecta,Gaucher disease
315,6p22 microdeletion syndrome,Mitochondrial myopathy with reversible cytochrome C oxidase deficiency
316,Primary Sjgren syndrome,Primary effusion lymphoma
317,Cold agglutinin disease,Pituitary gigantism
318,Congenital ichthyosis-microcephalus-tetraplegia syndrome,Fuchs endothelial corneal dystrophy
319,Spinocerebellar ataxia type 40,MALT lymphoma
320,Trisomy 4p,Pure mitochondrial myopathy
321,plasma cell myeloma,Cutaneous neuroendocrine carcinoma
322,Stargardt disease,Autosomal dominant centronuclear myopathy
323,Autosomal dominant striatal neurodegeneration,Adult-onset foveomacular vitelliform dystrophy
324,systemic lupus erythematosus,Adult-onset myasthenia gravis
325,Paris-Trousseau thrombocytopenia,DNAJB6-related limb-girdle muscular dystrophy D1
326,Lethal infantile mitochondrial myopathy,"Primary dystonia, DYT27 type"
327,Proximal spinal muscular atrophy,Proximal spinal muscular atrophy type 1
328,Retinitis punctata albescens,Charcot-Marie-Tooth disease type 4B2
329,Myxoid/round cell liposarcoma,Classic neuroendocrine tumor of appendix
330,Benign familial infantile epilepsy,Benign familial neonatal-infantile seizures
331,Autosomal dominant epidermolytic ichthyosis,Pituitary gigantism
332,Best vitelliform macular dystrophy,Autosomal recessive spastic paraplegia type 23
333,Best vitelliform macular dystrophy,"Congenital muscular dystrophy, Ullrich type"
334,Mutilating palmoplantar keratoderma with periorificial keratotic plaques,Macular corneal dystrophy
335,Cervical hypertrichosis-peripheral neuropathy syndrome,Adult-onset foveomacular vitelliform dystrophy
336,\xc3\x85land Islands eye disease,Congenital ichthyosis-microcephalus-tetraplegia syndrome
337,systemic lupus erythematosus,Cholangiocarcinoma
338,Neurotrophic keratopathy,Epidermolytic palmoplantar keratoderma
339,Central areolar choroidal dystrophy,MALT lymphoma
340,Psoriasis-related juvenile idiopathic arthritis,Giant cell arteritis
341,Uveal melanoma,Classic Hodgkin lymphoma
342,Herpes simplex virus stromal keratitis,Charcot-Marie-Tooth disease type 1A
343,Hereditary breast and/or ovarian cancer syndrome,Adrenocortical carcinoma
344,Primary biliary cholangitis,Polyarteritis nodosa
345,Autosomal dominant severe congenital neutropenia,Gray platelet syndrome
346,Carnitine palmitoyltransferase II deficiency,Glycogen storage disease due to muscle glycogen phosphorylase deficiency
347,\xc3\x85land Islands eye disease,Autosomal dominant Charcot-Marie-Tooth disease type 2W
348,Pure mitochondrial myopathy,"Primary dystonia, DYT13 type"
349,dermatomyositis,interstitial lung disease 2
350,Chronic inflammatory demyelinating polyneuropathy,Pemphigus vulgaris
351,Tufted angioma,Familial adenomatous polyposis
352,Autosomal dominant congenital benign spinal muscular atrophy,MALT lymphoma
353,"Autosomal dominant focal dystonia, DYT25 type",Oligocone trichromacy
354,Leukoencephalopathy-palmoplantar keratoderma syndrome,Severe early-childhood-onset retinal dystrophy
355,Rheumatoid factor-positive polyarticular juvenile idiopathic arthritis,Anal fistula
356,Relapsing polychondritis,Immune-mediated thrombotic thrombocytopenic purpura
357,Idiopathic acute eosinophilic pneumonia,Functioning gonadotropic adenoma
358,Stargardt disease,PPoma
359,Non-epidermolytic palmoplantar keratoderma,Pituitary gigantism
360,Deficiency in anterior pituitary function-variable immunodeficiency syndrome,Adult-onset foveomacular vitelliform dystrophy
361,Carcinoid syndrome,Hereditary hemorrhagic telangiectasia
362,aspergillosis,gastrointestinal stromal tumor
363,Ornithine transcarbamylase deficiency,Carbamoyl-phosphate synthetase 1 deficiency
364,Recessive X-linked ichthyosis,MALT lymphoma
365,Cushing disease,Cutaneous neuroendocrine carcinoma
366,Pleural mesothelioma,Papilloma of choroid plexus
367,graft versus host disease,Adult-onset myasthenia gravis
368,Hyperinsulinism due to HNF4A deficiency,Adult-onset foveomacular vitelliform dystrophy
369,Epidermolytic palmoplantar keratoderma,Bothnia retinal dystrophy
370,Herpes simplex virus stromal keratitis,Myotonia fluctuans
371,Lethal infantile mitochondrial myopathy,Epithelial recurrent erosion dystrophy
372,VIPoma,Charcot-Marie-Tooth disease type 1B
373,Ependymoma,Schnitzler syndrome
374,Focal palmoplantar and gingival keratoderma,Best vitelliform macular dystrophy
375,Hyperammonemia due to N-acetylglutamate synthase deficiency,Argininemia
376,systemic sclerosis,Myasthenia gravis
377,Somatomammotropinoma,Chronic pneumonitis of infancy
378,neuroblastoma,Pleural mesothelioma
379,Primary myelofibrosis,Sandhoff disease
380,Lymphoid interstitial pneumonia,Giant cell arteritis
381,neuroblastoma,Cholangiocarcinoma
382,Monosomy 18p,Pituitary gigantism
383,Chronic pneumonitis of infancy,Charcot-Marie-Tooth disease type 4C
384,"Distal myopathy, Welander type",Pituitary gigantism
385,microscopic polyangiitis,Relapsing polychondritis
386,"Primary dystonia, DYT21 type",Mutilating palmoplantar keratoderma with periorificial keratotic plaques
387,graft versus host disease,Idiopathic panuveitis
388,Myxoid/round cell liposarcoma,AL amyloidosis
389,Chronic inflammatory demyelinating polyneuropathy,Castleman disease
390,DNAJB6-related limb-girdle muscular dystrophy D1,Thiel-Behnke corneal dystrophy
391,Primary myelofibrosis,Granulomatosis with polyangiitis
392,cystinuria,Distal renal tubular acidosis
393,MYH9-related disease,Beta-thalassemia-X-linked thrombocytopenia syndrome
394,Adult-onset myasthenia gravis,Mixed-type autoimmune hemolytic anemia
395,Adult-onset multiple mitochondrial DNA deletion syndrome due to DGUOK deficiency,Gray platelet syndrome
396,Diffuse cutaneous systemic sclerosis,Fibrous dysplasia of bone
397,Best vitelliform macular dystrophy,T-B+ severe combined immunodeficiency due to JAK3 deficiency
398,glioblastoma,Beta-thalassemia
399,Lethal infantile mitochondrial myopathy,KRT1-related diffuse nonepidermolytic keratoderma
400,Epithelial recurrent erosion dystrophy,Lymphoid interstitial pneumonia
401,Lymphangioleiomyomatosis,Classic neuroendocrine tumor of appendix
402,systemic sclerosis,Idiopathic pulmonary arterial hypertension
403,Chronic beryllium disease,Mutilating palmoplantar keratoderma with periorificial keratotic plaques
404,Primary Sjgren syndrome,systemic sclerosis
405,X-linked endothelial corneal dystrophy,Cranio-cervical dystonia with laryngeal and upper-limb involvement
406,Idiopathic steroid-sensitive nephrotic syndrome,Primary effusion lymphoma
407,Stargardt disease,Early-onset generalized limb-onset dystonia
408,Alport syndrome,Lymphoid interstitial pneumonia
409,Leber congenital amaurosis,Autoimmune hepatitis
410,Congenital atransferrinemia,Adult-onset foveomacular vitelliform dystrophy
411,Gray platelet syndrome,Retinitis punctata albescens
412,Pituicytoma,Epithelial recurrent erosion dystrophy
413,Herpes simplex virus stromal keratitis,Dystonia-aphonia syndrome
414,Congenital ichthyosis-microcephalus-tetraplegia syndrome,Mitochondrial myopathy with reversible cytochrome C oxidase deficiency
415,Congenital hereditary endothelial dystrophy type II,Diffuse palmoplantar keratoderma-acrocyanosis syndrome
416,Mitochondrial myopathy with reversible cytochrome C oxidase deficiency,17q12 microduplication syndrome
417,Neurotrophic keratopathy,Gray platelet syndrome
418,Inclusion body myositis,intermediate uveitis
419,Uveal melanoma,Anaplastic thyroid carcinoma
420,X-linked endothelial corneal dystrophy,Charcot-Marie-Tooth disease type 4A
421,Myxoid/round cell liposarcoma,Primary peritoneal carcinoma
422,thymoma,Waldenstrom macroglobulinemia
423,Cutaneous collagenous vasculopathy,Bronchial neuroendocrine tumor
424,glioblastoma,AL amyloidosis
425,Congenital ichthyosis-microcephalus-tetraplegia syndrome,TSH-secreting pituitary adenoma
426,Somatomammotropinoma,Macular corneal dystrophy
427,Dermatofibrosarcoma protuberans,Primary peritoneal carcinoma
428,Granulomatous slack skin,Autosomal dominant Charcot-Marie-Tooth disease type 2A2
429,Ependymoma,Myasthenia gravis
430,glioblastoma,Bullous pemphigoid
432,dermatomyositis,Pouchitis
433,Congenital stationary night blindness,Respiratory bronchiolitis-interstitial lung disease syndrome
434,Indolent systemic mastocytosis,Adult-onset foveomacular vitelliform dystrophy
435,Glanzmann thrombasthenia,Adult-onset foveomacular vitelliform dystrophy
436,Sandhoff disease,Sialidosis type 1
437,Congenital stationary night blindness,Chronic beryllium disease
438,DNA2-related mitochondrial DNA deletion syndrome,Retinitis punctata albescens
439,Adrenocortical carcinoma,Atypical teratoid rhabdoid tumor
440,Granulomatosis with polyangiitis,Adult-onset myasthenia gravis
441,DNA2-related mitochondrial DNA deletion syndrome,Epithelial recurrent erosion dystrophy
442,essential thrombocythemia,Cutaneous neuroendocrine carcinoma
443,Cranio-cervical dystonia with laryngeal and upper-limb involvement,MALT lymphoma
444,Cryptogenic organizing pneumonia,Charcot-Marie-Tooth disease type 1F
445,Hepatitis delta,Japanese encephalitis
446,glioblastoma,Opsoclonus-myoclonus syndrome
447,VIPoma,Charcot-Marie-Tooth disease type 4A
448,Relapsing polychondritis,plasma cell myeloma
449,MALT lymphoma,Spinocerebellar ataxia type 10
450,Osteosarcoma,tuberous sclerosis
451,Follicular lymphoma,Mal de Meleda
452,autoimmune thrombocytopenic purpura,Classic Hodgkin lymphoma
453,Autosomal recessive spastic paraplegia type 44,Adult-onset foveomacular vitelliform dystrophy
454,Primary effusion lymphoma,Granulomatosis with polyangiitis
455,Chronic inflammatory demyelinating polyneuropathy,Genetic steroid-resistant nephrotic syndrome
456,Keratosis linearis-ichthyosis congenita-sclerosing keratoderma syndrome,MALT lymphoma
457,Prader-Willi syndrome due to maternal uniparental disomy of chromosome 15,Obesity due to melanocortin 4 receptor deficiency
458,Isolated polycystic liver disease,Full NF2-related schwannomatosis
459,Leukoencephalopathy-palmoplantar keratoderma syndrome,Familial drusen
460,Glucagonoma,Autosomal dominant Charcot-Marie-Tooth disease type 2F
461,liposarcoma,thymoma
462,Lafora disease,Adult-onset foveomacular vitelliform dystrophy
463,Respiratory bronchiolitis-interstitial lung disease syndrome,Charcot-Marie-Tooth disease type 1A
464,Chronic inflammatory demyelinating polyneuropathy,plasma cell myeloma
465,Self-improving collodion baby,Mantle cell lymphoma
466,Palmoplantar keratoderma-spastic paralysis syndrome,Lattice corneal dystrophy type I
467,Cryoglobulinemic vasculitis,Aggressive systemic mastocytosis
468,Cold agglutinin disease,Macular corneal dystrophy
469,Respiratory bronchiolitis-interstitial lung disease syndrome,Granular corneal dystrophy type I
470,"chronic myelogenous leukemia, BCR-ABL1 positive",GM1 gangliosidosis
471,Short-limb skeletal dysplasia with severe combined immunodeficiency,Best vitelliform macular dystrophy
472,Dermatofibrosarcoma protuberans,follicular lymphoma
473,Von Willebrand disease type 2A,Von Willebrand disease type 1
474,Autosomal recessive spastic paraplegia type 9B,Adult-onset foveomacular vitelliform dystrophy
475,Mitochondrial myopathy with reversible cytochrome C oxidase deficiency,20q13.33 microdeletion syndrome
476,Chronic beryllium disease,Retinitis punctata albescens
477,essential thrombocythemia,Granulomatosis with polyangiitis
478,C3 glomerulonephritis,Atypical hemolytic uremic syndrome
479,Beta-thalassemia,Acquired idiopathic sideroblastic anemia
480,Myelodysplastic syndrome associated with isolated del(5q) chromosome abnormality,Burkitt lymphoma
481,Late-onset retinal degeneration,Chronic pneumonitis of infancy
482,Lethal infantile mitochondrial myopathy,Adult acute respiratory distress syndrome
483,Bullous pemphigoid,Mucous membrane pemphigoid
484,Rhabdoid tumor,Myxoid/round cell liposarcoma
485,Retinoblastoma,Cutaneous neuroendocrine carcinoma
486,thymoma,GM1 gangliosidosis
487,Idiopathic acute eosinophilic pneumonia,GRFoma
488,Mantle cell lymphoma,Charcot-Marie-Tooth disease type 4D
489,Von Willebrand disease type 2N,Von Willebrand disease type 3
490,Cryptogenic organizing pneumonia,Pituitary gigantism
491,graft versus host disease,MALT lymphoma
492,Chronic inflammatory demyelinating polyneuropathy,systemic lupus erythematosus
493,Oligocone trichromacy,Charcot-Marie-Tooth disease type 4D
494,Vestibular schwannoma,Acquired aneurysmal subarachnoid hemorrhage
495,glioblastoma,Pouchitis
496,Pleomorphic liposarcoma,Well-differentiated liposarcoma
497,Common variable immunodeficiency,Granulomatosis with polyangiitis
498,Classic mycosis fungoides,Lattice corneal dystrophy type I
499,Immune thrombocytopenia,Classic mycosis fungoides
500,Best vitelliform macular dystrophy,Thymic aplasia
501,Chronic inflammatory demyelinating polyneuropathy,Waldenstrom macroglobulinemia
502,Amyotrophic lateral sclerosis,Niemann-Pick disease type C
503,glioblastoma,Medulloblastoma
504,Osteosarcoma,Juvenile dermatomyositis
505,sarcoidosis,Vogt-Koyanagi-Harada disease
506,hemophilia A,acquired polycythemia vera
507,Drug-induced autoimmune hemolytic anemia,Burkitt lymphoma
508,Cobblestone lissencephaly without muscular or ocular involvement,MALT lymphoma
509,Dedifferentiated liposarcoma,Thymic neuroendocrine tumor
510,Von Willebrand disease type 2M,Von Willebrand disease type 2N
511,Neurogenic arthrogryposis multiplex congenita,Adult-onset foveomacular vitelliform dystrophy
512,Lethal infantile mitochondrial myopathy,Ophthalmomandibulomelic dysplasia
513,Cystic fibrosis,Squamous cell carcinoma of the esophagus
514,Oligoarticular juvenile idiopathic arthritis,Idiopathic panuveitis
515,interstitial lung disease 2,Neuroendocrine tumor of anal canal
516,Stargardt disease,Chronic pneumonitis of infancy
517,plasma cell myeloma,NMDA receptor encephalitis
518,graft versus host disease,AL amyloidosis
519,Huriez syndrome,Late-onset retinal degeneration
520,Oligocone trichromacy,GRFoma
521,Chronic graft versus host disease,Granulomatosis with polyangiitis
522,multiple system atrophy,intermediate uveitis
523,Foveal hypoplasia-presenile cataract syndrome,Mitochondrial myopathy with reversible cytochrome C oxidase deficiency
524,Autosomal recessive cerebellar ataxia-epilepsy-intellectual disability syndrome due to RUBCN deficiency,Adult-onset foveomacular vitelliform dystrophy
525,Classic Hodgkin lymphoma,Adult-onset foveomacular vitelliform dystrophy
526,microscopic polyangiitis,follicular lymphoma
527,systemic sclerosis,Pleural mesothelioma
528,Ileal neuroendocrine tumor,Isolated polycystic liver disease
529,Overhydrated hereditary stomatocytosis,Somatomammotropinoma
530,Cystic fibrosis,Bronchopulmonary dysplasia
531,Inclusion body myositis,Idiopathic panuveitis
532,Polyneuropathy associated with IgM monoclonal gammopathy with anti-MAG,MALT lymphoma
533,Subcutaneous panniculitis-like T-cell lymphoma,Primary peritoneal carcinoma
534,intermediate uveitis,Enthesitis-related juvenile idiopathic arthritis
535,systemic sclerosis,biliary atresia
536,Bleeding disorder in hemophilia B carriers,Moderate hemophilia A
537,Klatskin tumor,Bronchial neuroendocrine tumor
538,Herpes simplex virus stromal keratitis,Ichthyosis hystrix of Curth-Macklin
539,Lennox-Gastaut syndrome,Dravet syndrome
540,Severe combined immunodeficiency due to DCLRE1C deficiency,Adult-onset foveomacular vitelliform dystrophy
541,Early-onset generalized limb-onset dystonia,Severe early-childhood-onset retinal dystrophy
542,gastrointestinal stromal tumor,Medulloblastoma
543,\xc3\x85land Islands eye disease,Leukoencephalopathy-palmoplantar keratoderma syndrome
544,"Niemann-Pick disease type C, adult neurologic onset","Niemann-Pick disease type C, juvenile neurologic onset"
545,Immunoglobulin A vasculitis,Schnitzler syndrome
546,Late-onset retinal degeneration,MALT lymphoma
547,Pure mitochondrial myopathy,16p13.11 microdeletion syndrome
548,Medium chain acyl-CoA dehydrogenase deficiency,Best vitelliform macular dystrophy
549,Primary myelofibrosis,Complex regional pain syndrome
550,Retinitis pigmentosa,Cholangiocarcinoma
551,Diffuse cutaneous systemic sclerosis,Giant cell glioblastoma
552,Rheumatoid factor-negative polyarticular juvenile idiopathic arthritis,Anal fistula
553,Neuroendocrine tumor of stomach,Neuroendocrine tumor of the rectum
554,Primary biliary cholangitis,Myasthenia gravis
555,Obesity-colitis-hypothyroidism-cardiac hypertrophy-developmental delay syndrome,Adult-onset foveomacular vitelliform dystrophy
556,Cold agglutinin disease,Lattice corneal dystrophy type I
557,Congenital stationary night blindness,Chronic pneumonitis of infancy
558,Somatomammotropinoma,"Primary dystonia, DYT27 type"
559,Herpes simplex virus stromal keratitis,Follicular lymphoma
560,Pure mitochondrial myopathy,Fibular hemimelia
561,"Primary dystonia, DYT13 type",Thiel-Behnke corneal dystrophy
562,Primary immunodeficiency syndrome due to LAMTOR2 deficiency,Adult-onset foveomacular vitelliform dystrophy
563,plasma cell myeloma,Burkitt lymphoma
564,microscopic polyangiitis,systemic sclerosis
565,Intellectual disability-myopathy-short stature-endocrine defect syndrome,Adult-onset foveomacular vitelliform dystrophy
566,Spinocerebellar ataxia type 31,Adult-onset foveomacular vitelliform dystrophy
567,glioblastoma,essential thrombocythemia
568,Muckle-Wells syndrome,Systemic-onset juvenile idiopathic arthritis
569,Functioning gonadotropic adenoma,Autosomal dominant Charcot-Marie-Tooth disease type 2A2
570,TRAPPC11-related limb-girdle muscular dystrophy R18,"Autoimmune hemolytic anemia, warm type"
571,Muscle-eye-brain disease with bilateral multicystic leucodystrophy,MALT lymphoma
572,Beta-thalassemia,Bronchopulmonary dysplasia
573,Refractory anemia with excess blasts,Pleural mesothelioma
574,Autosomal dominant centronuclear myopathy,Functioning gonadotropic adenoma
575,Herpes simplex virus stromal keratitis,KRT1-related diffuse nonepidermolytic keratoderma
576,Idiopathic steroid-sensitive nephrotic syndrome,Classic Hodgkin lymphoma
577,Zollinger-Ellison syndrome,Charcot-Marie-Tooth disease type 1F
578,Retinitis punctata albescens,Autosomal dominant Charcot-Marie-Tooth disease type 2E
579,DNAJB6-related limb-girdle muscular dystrophy D1,Granular corneal dystrophy type II
580,Dravet syndrome,CDKL5-deficiency disorder
581,PPoma,Charcot-Marie-Tooth disease type 4G
582,Dystrophic epidermolysis bullosa pruriginosa,"Localized dystrophic epidermolysis bullosa, pretibial form"
583,Gray platelet syndrome,Macular corneal dystrophy
584,"Primary dystonia, DYT17 type",Fuchs endothelial corneal dystrophy
585,Best vitelliform macular dystrophy,Deficiency in anterior pituitary function-variable immunodeficiency syndrome
586,Kaposi\'s sarcoma,graft versus host disease
587,Vogt-Koyanagi-Harada disease,tuberous sclerosis
588,Stargardt disease,Non-epidermolytic palmoplantar keratoderma
589,Drug-induced autoimmune hemolytic anemia,Chronic graft versus host disease
590,Bernard-Soulier syndrome,GRFoma
591,Idiopathic panuveitis,polymyositis
592,Leukoencephalopathy-palmoplantar keratoderma syndrome,Follicular lymphoma
593,Diffuse cutaneous systemic sclerosis,Oligoarticular juvenile idiopathic arthritis
594,Primary biliary cholangitis,graft versus host disease
595,Cataract-microcornea syndrome,Mitochondrial myopathy with reversible cytochrome C oxidase deficiency
596,Somatomammotropinoma,Myotonia fluctuans
597,Fuchs endothelial corneal dystrophy,Charcot-Marie-Tooth disease type 4G
598,Autosomal recessive spastic ataxia of Charlevoix-Saguenay,Adult-onset foveomacular vitelliform dystrophy
599,Best vitelliform macular dystrophy,Autosomal spastic paraplegia type 30
600,Somatomammotropinoma,Gray platelet syndrome
601,Osteosarcoma,Hereditary pheochromocytoma-paraganglioma
602,Congenital ichthyosis-microcephalus-tetraplegia syndrome,Cold agglutinin disease
603,plasma cell myeloma,Refractory anemia with excess blasts
604,Birdshot chorioretinopathy,DNAJB6-related limb-girdle muscular dystrophy D1
605,MALT lymphoma,Giant cell arteritis
606,Full NF2-related schwannomatosis,Neuroendocrine tumor of the colon
607,Severe hemophilia B,Beta-thalassemia intermedia
608,autoimmune thrombocytopenic purpura,acquired polycythemia vera
609,progressive supranuclear palsy,gastrointestinal stromal tumor
610,Neurotrophic keratopathy,Familial pseudohyperkalemia
611,Lissencephaly due to LIS1 mutation,Adult-onset foveomacular vitelliform dystrophy
612,VIPoma,Rhabdoid tumor
613,Facioscapulohumeral dystrophy,Herpes simplex virus stromal keratitis
614,Medulloblastoma,Wilson disease
615,metachromatic leukodystrophy,MALT lymphoma
616,Monosomy 18p,Follicular lymphoma
617,Glioblastoma,Epithelial recurrent erosion dystrophy
618,Cystic fibrosis,glycogen storage disease II
619,Pediatric hepatocellular carcinoma,Autosomal dominant Charcot-Marie-Tooth disease type 2F
620,Glioblastoma,Oligocone trichromacy
621,Adenocarcinoma of the esophagus,Behet disease
622,Trisomy 18p,Lethal infantile mitochondrial myopathy
623,Autosomal dominant optic atrophy and cataract,Mantle cell lymphoma
624,Waldenstrom macroglobulinemia,interstitial cystitis
625,plasma cell myeloma,Dedifferentiated liposarcoma
626,microscopic polyangiitis,Beta-thalassemia
627,Adult-onset foveomacular vitelliform dystrophy,Neuroendocrine tumor of stomach
628,dermatomyositis,Adult acute respiratory distress syndrome
629,Asbestos intoxication,Autosomal dominant Charcot-Marie-Tooth disease type 2Y
630,Bronchopulmonary dysplasia,Classic congenital adrenal hyperplasia due to 21-hydroxylase deficiency
631,Glioblastoma,Idiopathic acute eosinophilic pneumonia
632,Acute interstitial pneumonia,Granular corneal dystrophy type I
633,Herpes simplex virus stromal keratitis,Autosomal dominant Charcot-Marie-Tooth disease type 2W
634,Follicular lymphoma,Persistent hyperplastic primary vitreous
635,Oromandibular dystonia,Thiel-Behnke corneal dystrophy
636,Autosomal dominant Charcot-Marie-Tooth disease type 2Z,Mantle cell lymphoma
637,PPoma,Fuchs endothelial corneal dystrophy
638,Bronchial neuroendocrine tumor,Acromegaly
639,TRAPPC11-related limb-girdle muscular dystrophy R18,Fuchs endothelial corneal dystrophy
640,Combined oxidative phosphorylation defect type 13,Cushing disease
641,Somatostatinoma,Autosomal dominant Charcot-Marie-Tooth disease type 2K
642,glioblastoma,systemic sclerosis
643,"chronic myelogenous leukemia, BCR-ABL1 positive",Indolent systemic mastocytosis
644,X-linked endothelial corneal dystrophy,"Hereditary palmoplantar keratoderma, Gamborg-Nielsen type"
645,Lethal infantile mitochondrial myopathy,Squamous cell carcinoma of the anal canal
646,SHOX-related short stature,Turner syndrome
647,Congenital stationary night blindness,Ichthyosis-prematurity syndrome
648,\xc3\x85land Islands eye disease,PPoma
649,Immune thrombocytopenia,Autosomal dominant Charcot-Marie-Tooth disease type 2Z
650,Best vitelliform macular dystrophy,Ichthyosis-prematurity syndrome
651,Duchenne muscular dystrophy,eosinophilic granulomatosis with polyangiitis
652,Pleomorphic liposarcoma,mantle cell lymphoma
653,Myoclonic epilepsy of infancy,Adult-onset foveomacular vitelliform dystrophy
654,Lennox-Gastaut syndrome,graft versus host disease
655,Non-epidermolytic palmoplantar keratoderma,MALT lymphoma
656,interstitial lung disease 2,Myasthenia gravis
657,Autosomal dominant Charcot-Marie-Tooth disease type 2Z,Cold agglutinin disease
658,essential thrombocythemia,follicular lymphoma
659,systemic sclerosis,Systemic-onset juvenile idiopathic arthritis
660,Beta-thalassemia intermedia,acquired polycythemia vera
661,Subependymoma,Pure mitochondrial myopathy
662,Mutilating palmoplantar keratoderma with periorificial keratotic plaques,Mantle cell lymphoma
663,Primary Sjgren syndrome,Pouchitis
664,Short-limb skeletal dysplasia with severe combined immunodeficiency,Gray platelet syndrome
665,Idiopathic/heritable pulmonary arterial hypertension,Giant cell arteritis
666,Congenital stationary night blindness,Paris-Trousseau thrombocytopenia
667,Diffuse cutaneous systemic sclerosis,Rheumatoid factor-negative polyarticular juvenile idiopathic arthritis
668,Thymoma type B,Subcutaneous panniculitis-like T-cell lymphoma
669,Granular corneal dystrophy type II,"Primary dystonia, DYT6 type"
670,childhood absence epilepsy,Autoimmune hepatitis
671,Congenital stationary night blindness,Charcot-Marie-Tooth disease type 1F
672,Acquired idiopathic sideroblastic anemia,Proximal spinal muscular atrophy type 1
673,Pili bifurcati,Adult-onset foveomacular vitelliform dystrophy
674,Peripheral primitive neuroectodermal tumor,Primary peritoneal carcinoma
675,Chronic thromboembolic pulmonary hypertension,Heritable pulmonary arterial hypertension
676,Foveal hypoplasia-presenile cataract syndrome,MALT lymphoma
677,Catastrophic antiphospholipid syndrome,Burkitt lymphoma
678,Lethal infantile mitochondrial myopathy,Mendelian susceptibility to mycobacterial diseases due to complete IL12RB1 deficiency
679,Adult-onset foveomacular vitelliform dystrophy,Autosomal recessive spastic paraplegia type 24
680,"Autosomal recessive generalized dystrophic epidermolysis bullosa, intermediate form","Localized dystrophic epidermolysis bullosa, pretibial form"
681,Pituicytoma,Bothnia retinal dystrophy
682,Desmoid tumor,Pleural mesothelioma
683,Vogt-Koyanagi-Harada disease,Giant cell arteritis
684,MALT lymphoma,GRFoma
685,Mitochondrial trifunctional protein deficiency,Carnitine-acylcarnitine translocase deficiency
686,Herpes simplex virus stromal keratitis,"Primary dystonia, DYT21 type"
687,neuroblastoma,Cystic fibrosis
688,Papilloma of choroid plexus,Idiopathic uveal effusion syndrome
689,Herpes simplex virus stromal keratitis,Ichthyosis-prematurity syndrome
690,Delta-sarcoglycan-related limb-girdle muscular dystrophy R6,FKRP-related limb-girdle muscular dystrophy R9
691,liposarcoma,"Classic Hodgkin lymphoma, nodular sclerosis type"
692,Oligoarticular juvenile idiopathic arthritis,Systemic-onset juvenile idiopathic arthritis
693,Classic Hodgkin lymphoma,Nodular lymphocyte predominant Hodgkin lymphoma
694,interstitial lung disease 2,Hereditary pulmonary alveolar proteinosis
695,Mal de Meleda,Thiel-Behnke corneal dystrophy
696,Mutilating palmoplantar keratoderma with periorificial keratotic plaques,Autosomal dominant Charcot-Marie-Tooth disease type 2F
697,Thymic carcinoma,Anaplastic thyroid carcinoma
698,hemophilia A,Waldenstrom macroglobulinemia
699,Adult-onset multiple mitochondrial DNA deletion syndrome due to DGUOK deficiency,Epithelial recurrent erosion dystrophy
700,dermatomyositis,Ependymoma
701,Severe early-childhood-onset retinal dystrophy,Dystonia-aphonia syndrome
702,Waldenstrom macroglobulinemia,Herpes simplex virus encephalitis
703,Insulinoma,Autosomal dominant Charcot-Marie-Tooth disease type 2A2
704,Waldenstrom macroglobulinemia,Giant cell arteritis
705,Isolated polycystic liver disease,Chronic graft versus host disease
706,X-linked endothelial corneal dystrophy,VIPoma
707,DNAJB6-related limb-girdle muscular dystrophy D1,"Autoimmune hemolytic anemia, warm type"
708,osteogenesis imperfecta,metachromatic leukodystrophy
709,Pure mitochondrial myopathy,PPoma
710,Idiopathic steroid-sensitive nephrotic syndrome,Primary Sjgren syndrome
711,Best vitelliform macular dystrophy,Distal anoctaminopathy
712,Pure mitochondrial myopathy,Trisomy 1q
713,interstitial lung disease 2,Idiopathic/heritable pulmonary arterial hypertension
714,Thymoma type B,Myxoid/round cell liposarcoma
715,Respiratory bronchiolitis-interstitial lung disease syndrome,Lattice corneal dystrophy type I
716,T-B+ severe combined immunodeficiency due to IL-7Ralpha deficiency,Gray platelet syndrome
717,Neurofibromatosis type 1,Medullary thyroid carcinoma
718,Somatostatinoma,Granular corneal dystrophy type I
719,Medium chain acyl-CoA dehydrogenase deficiency,Mantle cell lymphoma
720,Hemangioblastoma,Osteosarcoma
721,Primary effusion lymphoma,Waldenstrom macroglobulinemia
722,microscopic polyangiitis,"Autoimmune hemolytic anemia, warm type"
723,Severe early-childhood-onset retinal dystrophy,Functioning gonadotropic adenoma
724,Hemophilia B,Adult-onset foveomacular vitelliform dystrophy
725,neuroblastoma,Medulloblastoma
726,Acute intermittent porphyria,Porphyria variegata
727,Paris-Trousseau thrombocytopenia,Macular corneal dystrophy
728,Charcot-Marie-Tooth disease type 1A,Adrenomyeloneuropathy
729,acquired polycythemia vera,Gaucher disease
730,Cholangiocarcinoma,mantle cell lymphoma
731,Uveal melanoma,Glucagonoma
732,Bullous pemphigoid,Idiopathic steroid-sensitive nephrotic syndrome
733,Neurofibromatosis type 1,Neuroendocrine tumor of the colon
734,Prader-Willi syndrome due to maternal uniparental disomy of chromosome 15,Obesity due to pro-opiomelanocortin deficiency
735,Adenocarcinoma of the esophagus,Myxoid/round cell liposarcoma
736,Diffuse cutaneous systemic sclerosis,Solar urticaria
737,Epithelial recurrent erosion dystrophy,Follicular lymphoma
738,Birdshot chorioretinopathy,Autoimmune lymphoproliferative syndrome due to CTLA4 haploinsuffiency
739,Beta-thalassemia,Idiopathic panuveitis
740,Pure mitochondrial myopathy,Acute promyelocytic leukemia
741,Neurotrophic keratopathy,Adenylosuccinate synthetase-like 1-related distal myopathy
742,Pleural mesothelioma,Cutaneous neuroendocrine carcinoma
743,Classic mycosis fungoides,Macular corneal dystrophy
744,Mendelian susceptibility to mycobacterial diseases due to complete IL12RB1 deficiency,Severe early-childhood-onset retinal dystrophy
745,dermatomyositis,Acute graft versus host disease
746,glioblastoma,MALT lymphoma
747,Hemangioblastoma,Hereditary pheochromocytoma-paraganglioma
748,Best vitelliform macular dystrophy,Idiopathic pulmonary hemosiderosis
749,Gray platelet syndrome,Mantle cell lymphoma
750,Autosomal dominant Charcot-Marie-Tooth disease type 2Y,Bothnia retinal dystrophy
751,Stargardt disease,Charcot-Marie-Tooth disease type 4G
752,glioblastoma,Neuroendocrine neoplasm of appendix
753,Best vitelliform macular dystrophy,Acute promyelocytic leukemia
754,Granular corneal dystrophy type I,Charcot-Marie-Tooth disease type 4C
755,Idiopathic acute eosinophilic pneumonia,Persistent hyperplastic primary vitreous
756,liposarcoma,MALT lymphoma
757,Paris-Trousseau thrombocytopenia,Idiopathic pulmonary fibrosis
758,Uveal melanoma,Szary syndrome
759,Paris-Trousseau thrombocytopenia,MALT lymphoma
760,Pineoblastoma,Uveal melanoma
761,Autosomal dominant Charcot-Marie-Tooth disease type 2Y,Paroxysmal cold hemoglobinuria
762,Distal hereditary motor neuropathy type 5,Adult-onset foveomacular vitelliform dystrophy
763,Mitochondrial myopathy with reversible cytochrome C oxidase deficiency,VIPoma
764,glioblastoma,Diffuse cutaneous systemic sclerosis
765,Desmoplastic small round cell tumor,Nephroblastoma
766,Beta-thalassemia,Idiopathic uveal effusion syndrome
767,Autosomal recessive hyperinsulinism due to Kir6.2 deficiency,Adult-onset foveomacular vitelliform dystrophy
768,"Adult-onset cervical dystonia, DYT23 type",MALT lymphoma
769,Spinocerebellar ataxia type 30,MALT lymphoma
770,Epithelial recurrent erosion dystrophy,"Hereditary palmoplantar keratoderma, Gamborg-Nielsen type"
771,MALT lymphoma,Charcot-Marie-Tooth disease type 1F
772,Lymphangioleiomyomatosis,Neuroendocrine tumor of the colon
773,Stargardt disease,Granulomatous slack skin
774,Muckle-Wells syndrome,Tumor necrosis factor receptor 1 associated periodic syndrome
775,Severe early-childhood-onset retinal dystrophy,Infant acute respiratory distress syndrome
776,Carcinoid syndrome,Lymphangioleiomyomatosis
777,Kyphoscoliosis-lateral tongue atrophy-hereditary spastic paraplegia syndrome,MALT lymphoma
778,osteogenesis imperfecta,Tay-Sachs disease
779,Functioning gonadotropic adenoma,Bothnia retinal dystrophy
780,Follicular lymphoma,Charcot-Marie-Tooth disease type 4C
781,Roussy-L\xc3\xa9vy syndrome,Pituitary gigantism
782,acquired polycythemia vera,Rheumatoid factor-positive polyarticular juvenile idiopathic arthritis
783,biliary atresia,AL amyloidosis
784,Mild hemophilia A,Severe hemophilia A
785,Best vitelliform macular dystrophy,Idiopathic pulmonary fibrosis
786,Oromandibular dystonia,Fuchs endothelial corneal dystrophy
787,Thymic neuroendocrine tumor,Glucagonoma
788,Bernard-Soulier syndrome,Chronic pneumonitis of infancy
789,osteogenesis imperfecta,mantle cell lymphoma
790,"Localized dystrophic epidermolysis bullosa, pretibial form","Localized dystrophic epidermolysis bullosa, acral form"
791,X-linked endothelial corneal dystrophy,Autosomal dominant Charcot-Marie-Tooth disease type 2E
792,systemic lupus erythematosus,Sandhoff disease
793,Pure mitochondrial myopathy,Congenital hypothyroidism due to maternal intake of antithyroid drugs
794,Mitochondrial myopathy with reversible cytochrome C oxidase deficiency,Aregenerative anemia
795,Adrenocortical carcinoma with pure aldosterone hypersecretion,Adult-onset foveomacular vitelliform dystrophy
796,Lethal infantile mitochondrial myopathy,"Primary dystonia, DYT6 type"
797,MALT lymphoma,Spinocerebellar ataxia type 20
798,polymyositis,Autoimmune hepatitis
799,Lattice corneal dystrophy type I,Autosomal dominant Charcot-Marie-Tooth disease type 2A2
800,Sandhoff disease,AL amyloidosis
802,Kearns-Sayre syndrome,Mitochondrial DNA-associated Leigh syndrome
803,Anaplastic thyroid carcinoma,Myxoid/round cell liposarcoma
804,"chronic myelogenous leukemia, BCR-ABL1 positive",Classic Hodgkin lymphoma
805,Late-onset retinal degeneration,Charcot-Marie-Tooth disease type 4A
806,Adult-onset multiple mitochondrial DNA deletion syndrome due to DGUOK deficiency,TSH-secreting pituitary adenoma
807,Insulinoma,Charcot-Marie-Tooth disease type 4G
808,Autosomal dominant Charcot-Marie-Tooth disease type 2W,Macular corneal dystrophy
809,Monosomy 18p,Pure mitochondrial myopathy
810,Mitochondrial myopathy with reversible cytochrome C oxidase deficiency,Persistent hyperplastic primary vitreous
811,Mutilating palmoplantar keratoderma with periorificial keratotic plaques,Charcot-Marie-Tooth disease type 1B
812,Autosomal dominant Charcot-Marie-Tooth disease type 2Y,Oligocone trichromacy
813,Acute interstitial pneumonia,Familial drusen
814,Follicular lymphoma,Charcot-Marie-Tooth disease type 1F
815,Classic mycosis fungoides,Klatskin tumor
816,Refractory anemia with excess blasts,Gorlin syndrome
817,gastrointestinal stromal tumor,Undifferentiated pleomorphic sarcoma
818,Sporadic pheochromocytoma/secreting paraganglioma,Primary peritoneal carcinoma
819,Thymic carcinoma,Pleural mesothelioma
820,1q21.1 microdeletion syndrome,Mitochondrial myopathy with reversible cytochrome C oxidase deficiency
821,Solitary fibrous tumor,Medullary thyroid carcinoma
822,Pure mitochondrial myopathy,17q12 microdeletion syndrome
823,Combined oxidative phosphorylation defect type 13,TRAPPC11-related limb-girdle muscular dystrophy R18
824,Neuroendocrine neoplasm of appendix,Neuroendocrine tumor of the rectum
825,Familial adenomatous polyposis,Giant cell arteritis
826,Classic Hodgkin lymphoma,Squamous cell carcinoma of the anal canal
827,Young-onset Parkinson disease,Pure autonomic failure
828,\xc3\x85land Islands eye disease,Transgrediens et progrediens palmoplantar keratoderma
829,Bullous pemphigoid,eosinophilic granulomatosis with polyangiitis
830,Stargardt disease,Glucagonoma
831,Gray platelet syndrome,Oligocone trichromacy
832,Proximal spinal muscular atrophy type 3,Proximal spinal muscular atrophy type 2
833,neuroblastoma,MALT lymphoma
834,Pure mitochondrial myopathy,1q44 microdeletion syndrome
835,TRAPPC11-related limb-girdle muscular dystrophy R18,Severe early-childhood-onset retinal dystrophy
836,Mitochondrial myopathy with reversible cytochrome C oxidase deficiency,Idiopathic pulmonary fibrosis
837,Autosomal dominant Charcot-Marie-Tooth disease type 2W,Bothnia retinal dystrophy
838,Diffuse cutaneous systemic sclerosis,Chronic thromboembolic pulmonary hypertension
839,Congenital ichthyosis-microcephalus-tetraplegia syndrome,Oligocone trichromacy
840,systemic lupus erythematosus,Waldenstrom macroglobulinemia
841,Interatrial communication,Giant cell arteritis
842,Early-onset cerebellar ataxia with retained tendon reflexes,Adult-onset foveomacular vitelliform dystrophy
843,Amyotrophic lateral sclerosis,AL amyloidosis
844,TRAPPC11-related limb-girdle muscular dystrophy R18,Acute erythroid leukemia
845,Autosomal dominant Charcot-Marie-Tooth disease type 2Y,Follicular lymphoma
846,Classic mycosis fungoides,Familial drusen
847,Mucous membrane pemphigoid,"Autoimmune hemolytic anemia, warm type"
848,Autosomal dominant spastic paraplegia type 73,MALT lymphoma
849,Autosomal dominant Charcot-Marie-Tooth disease type 2W,Mantle cell lymphoma
850,Osteosarcoma,Schnitzler syndrome
851,Congenital stationary night blindness,Insulinoma
852,Chronic graft versus host disease,Polyarteritis nodosa
853,Severe early-childhood-onset retinal dystrophy,Cold agglutinin disease
855,Severe combined immunodeficiency due to DCLRE1C deficiency,TRAPPC11-related limb-girdle muscular dystrophy R18
856,Zollinger-Ellison syndrome,Congenital hereditary endothelial dystrophy type II
857,T-B+ severe combined immunodeficiency due to gamma chain deficiency,Gray platelet syndrome
858,Primary effusion lymphoma,follicular lymphoma
859,Pediatric hepatocellular carcinoma,Papilloma of choroid plexus
860,Drug-induced autoimmune hemolytic anemia,Adult-onset foveomacular vitelliform dystrophy
861,PPoma,Charcot-Marie-Tooth disease type 1A
862,Chronic beryllium disease,Pure mitochondrial myopathy
863,Herpes simplex virus stromal keratitis,Neutral lipid storage myopathy
864,"Primary dystonia, DYT27 type",Macular corneal dystrophy
865,Primary Sjgren syndrome,Chronic inflammatory demyelinating polyneuropathy
866,Idiopathic steroid-sensitive nephrotic syndrome,Diffuse cutaneous systemic sclerosis
867,Polyneuropathy associated with IgM monoclonal gammopathy with anti-MAG,Genetic steroid-resistant nephrotic syndrome
868,Catastrophic antiphospholipid syndrome,Primary biliary cholangitis
869,Mitochondrial trifunctional protein deficiency,Classic glucose transporter type 1 deficiency syndrome
870,Finnish upper limb-onset distal myopathy,Follicular lymphoma
871,"Autosomal recessive generalized dystrophic epidermolysis bullosa, intermediate form",Intermediate generalized junctional epidermolysis bullosa
872,Solitary fibrous tumor,Classic Hodgkin lymphoma
873,Papilloma of choroid plexus,Giant cell arteritis
874,eosinophilic granulomatosis with polyangiitis,MALT lymphoma
875,Pure mitochondrial myopathy,X-linked endothelial corneal dystrophy
876,Familial pancreatic carcinoma,"Classic Hodgkin lymphoma, mixed cellularity type"
877,Vogt-Koyanagi-Harada disease,Behet disease
878,Lymphoid interstitial pneumonia,Autosomal dominant Charcot-Marie-Tooth disease type 2E
879,Best vitelliform macular dystrophy,Charcot-Marie-Tooth disease type 4C
880,Refractory anemia with excess blasts type 2,"Autosomal recessive generalized dystrophic epidermolysis bullosa, severe form"
881,Congenital stationary night blindness,Charcot-Marie-Tooth disease type 1B
882,Sandhoff disease,mantle cell lymphoma
883,Isolated osteopoikilosis,Adult-onset foveomacular vitelliform dystrophy
884,Asbestos intoxication,Fuchs endothelial corneal dystrophy
885,Amyotrophic lateral sclerosis,"chronic myelogenous leukemia, BCR-ABL1 positive"
886,Classic Hodgkin lymphoma,Squamous cell carcinoma of the esophagus
887,autoimmune thrombocytopenic purpura,Immunoglobulin A vasculitis
888,Autosomal dominant Charcot-Marie-Tooth disease type 2Y,Infant acute respiratory distress syndrome
889,Isolated lissencephaly type 1 without known genetic defects,Best vitelliform macular dystrophy
890,systemic sclerosis,Acute myelomonocytic leukemia
891,Retinitis pigmentosa,Hemophilia B
892,Acute graft versus host disease,Papilloma of choroid plexus
893,graft versus host disease,Pediatric systemic lupus erythematosus
894,Autosomal dominant Charcot-Marie-Tooth disease type 2W,Respiratory bronchiolitis-interstitial lung disease syndrome
895,Burkitt lymphoma,Mixed-type autoimmune hemolytic anemia
896,Syndromic recessive X-linked ichthyosis,MALT lymphoma
897,Bullous lichen planus,Adult-onset foveomacular vitelliform dystrophy
898,Epidermolytic palmoplantar keratoderma,TRAPPC11-related limb-girdle muscular dystrophy R18
899,aspergillosis,Alagille syndrome
900,Mitochondrial myopathy with reversible cytochrome C oxidase deficiency,Somatostatinoma
901,Congenital ichthyosis-microcephalus-tetraplegia syndrome,Bothnia retinal dystrophy
902,dermatomyositis,Castleman disease
903,Waldenstrom macroglobulinemia,Krabbe disease
904,glioblastoma,Vascular Ehlers-Danlos syndrome
905,MALT lymphoma,Charcot-Marie-Tooth disease type 4G
906,Desmoid tumor,gastrointestinal stromal tumor
907,"Hereditary palmoplantar keratoderma, Gamborg-Nielsen type",Bothnia retinal dystrophy
908,neuroblastoma,acquired polycythemia vera
909,Stargardt disease,Cryptogenic organizing pneumonia
910,autoimmune thrombocytopenic purpura,Ependymoma
911,Cushing disease,Acromegaly
912,Classic glucose transporter type 1 deficiency syndrome,Very long chain acyl-CoA dehydrogenase deficiency
913,Gaucher disease,graft versus host disease
914,X-linked endothelial corneal dystrophy,Acute interstitial pneumonia
915,Chronic inflammatory demyelinating polyneuropathy,Adult-onset myasthenia gravis
916,gastrointestinal stromal tumor,systemic lupus erythematosus
917,Myasthenia gravis,Sandhoff disease
918,Roussy-L\xc3\xa9vy syndrome,Somatomammotropinoma
919,Myotonia fluctuans,Adult-onset foveomacular vitelliform dystrophy
920,Follicular lymphoma,"Distal myopathy, Welander type"
921,Giant cell arteritis,Autoimmune lymphoproliferative syndrome due to CTLA4 haploinsuffiency
922,"Primary dystonia, DYT2 type",Lattice corneal dystrophy type I
923,Mendelian susceptibility to mycobacterial diseases due to partial IRF8 deficiency,Fuchs endothelial corneal dystrophy
924,Primary myelofibrosis,eosinophilic granulomatosis with polyangiitis
925,PANDAS,MALT lymphoma
926,Undifferentiated pleomorphic sarcoma,Adrenocortical carcinoma
927,glioblastoma,Stargardt disease
928,Mutilating palmoplantar keratoderma with periorificial keratotic plaques,Autosomal dominant Charcot-Marie-Tooth disease type 2A2
929,X-linked dystonia-parkinsonism,Adult-onset foveomacular vitelliform dystrophy
930,Autosomal dominant Charcot-Marie-Tooth disease type 2W,Cold agglutinin disease
931,biliary atresia,mantle cell lymphoma
932,Pure mitochondrial myopathy,Late-onset retinal degeneration
933,Adult-onset foveomacular vitelliform dystrophy,Semantic dementia
934,Sporadic pheochromocytoma/secreting paraganglioma,plasma cell myeloma
936,Idiopathic acute eosinophilic pneumonia,Charcot-Marie-Tooth disease type 4G
937,Solitary fibrous tumor,gastrointestinal stromal tumor
938,Macular corneal dystrophy,Autosomal dominant Charcot-Marie-Tooth disease type 2F
939,\xc3\x85land Islands eye disease,Bernard-Soulier syndrome
940,Gray platelet syndrome,VIPoma
941,Thiel-Behnke corneal dystrophy,"Primary dystonia, DYT6 type"
942,Cryptogenic organizing pneumonia,Autosomal dominant Charcot-Marie-Tooth disease type 2Z
943,Full NF2-related schwannomatosis,Classic neuroendocrine tumor of appendix
944,"Primary dystonia, DYT21 type",Thiel-Behnke corneal dystrophy
945,Male infertility with teratozoospermia due to single gene mutation,Pituitary gigantism
946,Idiopathic acute eosinophilic pneumonia,Vocal cord and pharyngeal distal myopathy
947,Familial pancreatic carcinoma,Gliosarcoma
948,Focal palmoplantar and gingival keratoderma,Idiopathic acute eosinophilic pneumonia
949,Mutilating palmoplantar keratoderma with periorificial keratotic plaques,Thiel-Behnke corneal dystrophy
950,GRFoma,Fuchs endothelial corneal dystrophy
951,Mantle cell lymphoma,Autosomal dominant Charcot-Marie-Tooth disease type 2K
952,Undifferentiated pleomorphic sarcoma,Rhabdoid tumor
953,Primary myelofibrosis,interstitial lung disease 2
954,Retinitis pigmentosa,Myasthenia gravis
955,Granulomatous slack skin,Charcot-Marie-Tooth disease type 1A
956,Trigeminal neuralgia,Adult-onset foveomacular vitelliform dystrophy
957,Uveal melanoma,Von Hippel-Lindau disease
958,Pure mitochondrial myopathy,Granular corneal dystrophy type II
959,Retinitis pigmentosa,plasma cell myeloma
960,Osteosarcoma,Subcutaneous panniculitis-like T-cell lymphoma
961,Best vitelliform macular dystrophy,X-linked severe congenital neutropenia
962,intermediate uveitis,Autoimmune hepatitis
963,liposarcoma,essential thrombocythemia
964,Klatskin tumor,Szary syndrome
965,Cryptogenic organizing pneumonia,Gray platelet syndrome
966,Complex regional pain syndrome,Myasthenia gravis
967,Lethal infantile mitochondrial myopathy,Anoctamin-5-related limb-girdle muscular dystrophy R12
968,Autosomal dominant hypocalcemia,osteogenesis imperfecta
969,mantle cell lymphoma,Polyarteritis nodosa
970,Neuroendocrine tumor of the colon,Squamous cell carcinoma of the anal canal
971,Diffuse cutaneous systemic sclerosis,Rheumatoid factor-positive polyarticular juvenile idiopathic arthritis
972,Gray platelet syndrome,"Primary dystonia, DYT6 type"
973,"Autosomal recessive generalized dystrophic epidermolysis bullosa, intermediate form",Localized junctional epidermolysis bullosa
974,Paroxysmal cold hemoglobinuria,Charcot-Marie-Tooth disease type 4A
976,Chronic pneumonitis of infancy,Giant cell arteritis
977,Autosomal dominant Charcot-Marie-Tooth disease type 2Z,Mutilating palmoplantar keratoderma with periorificial keratotic plaques
978,Bleeding disorder in hemophilia A carriers,Cystic fibrosis
979,Adenylosuccinate synthetase-like 1-related distal myopathy,Pituitary gigantism
980,MALT lymphoma,Autosomal dominant Charcot-Marie-Tooth disease type 2E
981,Bullous pemphigoid,Pemphigus vulgaris
982,Pituicytoma,Idiopathic acute eosinophilic pneumonia
983,"Primary dystonia, DYT21 type",MALT lymphoma
984,interstitial lung disease 2,GRFoma
985,allergic bronchopulmonary aspergillosis,Chronic mucocutaneous candidiasis
986,Severe early-childhood-onset retinal dystrophy,Male infertility with azoospermia or oligozoospermia due to single gene mutation
987,Oligocone trichromacy,TSH-secreting pituitary adenoma
988,Pleural mesothelioma,Adrenocortical carcinoma
989,Autosomal dominant epidermolytic ichthyosis,Adult-onset foveomacular vitelliform dystrophy
990,Adult-onset foveomacular vitelliform dystrophy,Female restricted epilepsy with intellectual disability
991,Laing early-onset distal myopathy,Adult-onset foveomacular vitelliform dystrophy
992,glioblastoma,Hemangioblastoma
993,Best vitelliform macular dystrophy,Mendelian susceptibility to mycobacterial diseases due to complete IL12RB1 deficiency
994,GM1 gangliosidosis,Medulloblastoma
995,Narcolepsy type 1,Idiopathic hypersomnia
996,Amyotrophic lateral sclerosis,Hemophilia B
997,Primary myelofibrosis,graft versus host disease
998,glioblastoma,thymoma
999,Mendelian susceptibility to mycobacterial diseases due to complete IL12RB1 deficiency,Fuchs endothelial corneal dystrophy
1000,Bernard-Soulier syndrome,Classic mycosis fungoides
1001,\xc3\x85land Islands eye disease,Charcot-Marie-Tooth disease type 1A
1002,Hypotrichosis simplex,Adult-onset foveomacular vitelliform dystrophy
1003,interstitial cystitis,follicular lymphoma
1004,Adenocarcinoma of the esophagus,follicular lymphoma
1005,Lethal infantile mitochondrial myopathy,Posterior meningocele
1006,Chronic beryllium disease,Charcot-Marie-Tooth disease type 1F
1007,Paroxysmal cold hemoglobinuria,Autosomal dominant Charcot-Marie-Tooth disease type 2F
1008,Beta-thalassemia intermedia,Idiopathic pulmonary arterial hypertension
1009,Chronic pneumonitis of infancy,Autosomal dominant Charcot-Marie-Tooth disease type 2F
1010,Pituicytoma,Mutilating palmoplantar keratoderma with periorificial keratotic plaques
1011,Obesity due to congenital leptin deficiency,Prader-Willi syndrome due to imprinting mutation
1012,Mutilating palmoplantar keratoderma with periorificial keratotic plaques,Lattice corneal dystrophy type I
1013,Duchenne muscular dystrophy,systemic sclerosis
1014,Giant cell arteritis,Immune-mediated thrombotic thrombocytopenic purpura
1015,Pure mitochondrial myopathy,Cold agglutinin disease
1016,Methylmalonic acidemia with homocystinuria,Adult-onset foveomacular vitelliform dystrophy
1017,15q11q13 microduplication syndrome,CDKL5-deficiency disorder
1018,Mendelian susceptibility to mycobacterial diseases due to partial IRF8 deficiency,Macular corneal dystrophy
1019,Solitary fibrous tumor,Szary syndrome
1020,Thymoma type B,Classic neuroendocrine tumor of appendix
1021,Immune thrombocytopenia,Autosomal dominant Charcot-Marie-Tooth disease type 2Y
1022,Mild hemophilia A,Moderate hemophilia B
1023,"chronic myelogenous leukemia, BCR-ABL1 positive",Nephroblastoma
1024,Best vitelliform macular dystrophy,Kyphoscoliosis-lateral tongue atrophy-hereditary spastic paraplegia syndrome
1025,Mitochondrial myopathy with reversible cytochrome C oxidase deficiency,Squamous cell carcinoma of the anal canal
1026,Anal fistula,Idiopathic uveal effusion syndrome
1027,acquired polycythemia vera,mantle cell lymphoma
1028,Idiopathic acute eosinophilic pneumonia,Late-onset retinal degeneration
1029,GM1 gangliosidosis,Gaucher disease type 3
1030,Graham Little-Piccardi-Lassueur syndrome,Adult-onset foveomacular vitelliform dystrophy
1031,"chronic myelogenous leukemia, BCR-ABL1 positive",systemic lupus erythematosus
1032,Uveal melanoma,Cholangiocarcinoma
1033,Phacoanaphylactic uveitis,MALT lymphoma
1034,Bietti crystalline dystrophy,MALT lymphoma
1035,Localized epidermolysis bullosa simplex,Adult-onset foveomacular vitelliform dystrophy
1036,Retinitis pigmentosa,intermediate uveitis
1037,Harlequin ichthyosis,Adult-onset foveomacular vitelliform dystrophy
1038,Cryptogenic organizing pneumonia,Mutilating palmoplantar keratoderma with periorificial keratotic plaques
1039,Solitary fibrous tumor,Medulloblastoma
1040,Pleural mesothelioma,Dermatofibrosarcoma protuberans
1041,Relapsing polychondritis,Chronic inflammatory demyelinating polyneuropathy
1042,Functioning gonadotropic adenoma,Macular corneal dystrophy
1043,Pure mitochondrial myopathy,"Autoimmune hemolytic anemia, warm type"
1044,Retinitis punctata albescens,Oromandibular dystonia
1045,Immunoglobulin A vasculitis,Oligoarticular juvenile idiopathic arthritis
1046,Primary myelofibrosis,Castleman disease
1047,Anoctamin-5-related limb-girdle muscular dystrophy R12,Severe early-childhood-onset retinal dystrophy
1048,Neurotrophic keratopathy,Lymphoid interstitial pneumonia
1049,Stargardt disease,Charcot-Marie-Tooth disease type 4C
1050,"Autosomal dominant focal dystonia, DYT25 type",Lattice corneal dystrophy type I
1051,Amyotrophic lateral sclerosis,follicular lymphoma
1052,Sporadic pheochromocytoma/secreting paraganglioma,Nephroblastoma
1053,Catastrophic antiphospholipid syndrome,Waldenstrom macroglobulinemia
1054,Thomsen and Becker disease,Schwartz-Jampel syndrome
1055,Primary effusion lymphoma,Squamous cell carcinoma of the esophagus
1056,Classic Hodgkin lymphoma,Primary effusion lymphoma
1057,Early-onset generalized limb-onset dystonia,Pituitary gigantism
1058,MALT lymphoma,Persistent placoid maculopathy
1059,dermatomyositis,eosinophilic granulomatosis with polyangiitis
1060,Acute graft versus host disease,Hepatic veno-occlusive disease
1061,Adult-onset foveomacular vitelliform dystrophy,Spinocerebellar ataxia type 4
1062,autoimmune thrombocytopenic purpura,systemic sclerosis
1063,Idiopathic/heritable pulmonary arterial hypertension,Schnitzler syndrome
1064,Somatomammotropinoma,"Late-onset distal myopathy, Markesbery-Griggs type"
1065,Pure mitochondrial myopathy,Granulomatous slack skin
1066,autoimmune thrombocytopenic purpura,"chronic myelogenous leukemia, BCR-ABL1 positive"
1067,Transgrediens et progrediens palmoplantar keratoderma,Retinitis punctata albescens
1069,MALT lymphoma,"Primary dystonia, DYT6 type"
1070,interstitial lung disease 2,plasma cell myeloma
1071,Beta-thalassemia,Cystic fibrosis
1072,Idiopathic/heritable pulmonary arterial hypertension,Adrenocortical carcinoma
1073,Pure mitochondrial myopathy,8q12 microduplication syndrome
1074,Mitochondrial myopathy with reversible cytochrome C oxidase deficiency,Lymphoid interstitial pneumonia
1075,Cystic fibrosis,Granulomatosis with polyangiitis
1076,Malaria,Tay-Sachs disease
1077,Epidermolytic palmoplantar keratoderma,Granular corneal dystrophy type I
1078,Retinitis pigmentosa,"chronic myelogenous leukemia, BCR-ABL1 positive"
1079,Rhabdoid tumor,Adrenocortical carcinoma
1080,Oligoarticular juvenile idiopathic arthritis,Anal fistula
1081,Distal monosomy 17q,Pure mitochondrial myopathy
1082,Acromegaly,Thymic neuroendocrine tumor
1083,Autosomal dominant Charcot-Marie-Tooth disease type 2Y,Adult-onset foveomacular vitelliform dystrophy
1084,Mitochondrial myopathy with reversible cytochrome C oxidase deficiency,Retinopathy of prematurity
1085,\xc3\x85land Islands eye disease,Chronic pneumonitis of infancy
1086,X-linked intellectual disability-hypotonia-movement disorder syndrome,Adult-onset foveomacular vitelliform dystrophy
1087,Autosomal dominant Charcot-Marie-Tooth disease type 2Z,Glucagonoma
1088,Pediatric hepatocellular carcinoma,Granular corneal dystrophy type II
1089,Mendelian susceptibility to mycobacterial diseases due to partial IRF8 deficiency,Congenital hereditary endothelial dystrophy type II
1090,Retinitis punctata albescens,"Hereditary palmoplantar keratoderma, Gamborg-Nielsen type"
1091,Chronic beryllium disease,Paris-Trousseau thrombocytopenia
1092,dermatomyositis,Acute myelomonocytic leukemia
1093,thymoma,Cholangiocarcinoma
1094,Medulloblastoma,Giant cell glioblastoma
1095,Osteosarcoma,Papilloma of choroid plexus
1096,6p22 microdeletion syndrome,Lethal infantile mitochondrial myopathy
1097,Pure mitochondrial myopathy,Classic Hodgkin lymphoma
1098,Cholangiocarcinoma,Neurofibroma
1099,Mitochondrial myopathy with reversible cytochrome C oxidase deficiency,Tetrasomy 5p
1100,Systemic polyarteritis nodosa,graft versus host disease
1101,Congenital stationary night blindness,Palmoplantar keratoderma-spastic paralysis syndrome
1102,"Methylmalonic acidemia with homocystinuria, type cblC",Leigh syndrome
1103,Pineoblastoma,Glucagonoma
1104,multiple system atrophy,systemic lupus erythematosus
1105,aspergillosis,Primary biliary cholangitis
1106,Somatomammotropinoma,Granular corneal dystrophy type I
1107,Zellweger-like syndrome without peroxisomal anomalies,Adult-onset foveomacular vitelliform dystrophy
1108,Mitochondrial myopathy with reversible cytochrome C oxidase deficiency,Autosomal dominant Charcot-Marie-Tooth disease type 2Z
1109,Rh deficiency syndrome,Pituitary gigantism
1110,"chronic myelogenous leukemia, BCR-ABL1 positive",Gaucher disease
1111,Burkitt lymphoma,Klatskin tumor
1112,Somatomammotropinoma,Distal anoctaminopathy
1113,Chronic inflammatory demyelinating polyneuropathy,Rett syndrome
1114,Transgrediens et progrediens palmoplantar keratoderma,Pituitary gigantism
1115,Inclusion body myositis,Myxoid/round cell liposarcoma
1116,Thymic carcinoma,Thymoma type B
1117,Diffuse palmoplantar keratoderma-acrocyanosis syndrome,Thiel-Behnke corneal dystrophy
1118,Waldenstrom macroglobulinemia,Subcutaneous panniculitis-like T-cell lymphoma
1119,Classic mycosis fungoides,DNA2-related mitochondrial DNA deletion syndrome
1120,Febrile infection-related epilepsy syndrome,Adult-onset foveomacular vitelliform dystrophy
1121,Thymoma type B,neuroblastoma
1122,Severe combined immunodeficiency due to DCLRE1C deficiency,Mitochondrial myopathy with reversible cytochrome C oxidase deficiency
1123,hemophilia A,gastrointestinal stromal tumor
1124,Bethlem myopathy,Herpes simplex virus stromal keratitis
1125,Split cord malformation type I,Lethal infantile mitochondrial myopathy
1126,Stargardt disease,Charcot-Marie-Tooth disease type 1F
1127,Adult-onset foveomacular vitelliform dystrophy,Autosomal spastic paraplegia type 30
1128,Osteosarcoma,Malignant peritoneal mesothelioma
1129,MALT lymphoma,Neutral lipid storage myopathy
1130,Epithelial recurrent erosion dystrophy,Charcot-Marie-Tooth disease type 1B
1131,Hereditary hyperferritinemia-cataract syndrome,TRAPPC11-related limb-girdle muscular dystrophy R18
1132,TRAPPC11-related limb-girdle muscular dystrophy R18,Elastosis perforans serpiginosa
1133,Complex regional pain syndrome,Cholangiocarcinoma
1134,Hyperinsulinism due to HNF1A deficiency,MALT lymphoma
1135,dermatomyositis,Granulomatosis with polyangiitis
1136,Infant acute respiratory distress syndrome,Ichthyosis-prematurity syndrome
1137,microscopic polyangiitis,Giant cell arteritis
1138,meningioma,Hereditary pheochromocytoma-paraganglioma
1139,Waldenstrom macroglobulinemia,Castleman disease
1140,MALT lymphoma,VIPoma
1141,Pure mitochondrial myopathy,Acute myelomonocytic leukemia
1142,Undifferentiated pleomorphic sarcoma,Desmoplastic small round cell tumor
1143,Mitochondrial myopathy with reversible cytochrome C oxidase deficiency,MALT lymphoma
1144,neuroblastoma,Klatskin tumor
1145,Cryptogenic organizing pneumonia,Autosomal dominant polycystic kidney disease
1146,Hemophilia B,Moderate hemophilia B
1147,Retinitis pigmentosa,mantle cell lymphoma
1148,Relapsing polychondritis,Primary biliary cholangitis
1149,Von Willebrand disease,Von Willebrand disease type 2M
1150,essential thrombocythemia,Acquired idiopathic sideroblastic anemia
1151,Best vitelliform macular dystrophy,Myotonia permanens
1152,Late-onset retinal degeneration,"Hereditary palmoplantar keratoderma, Gamborg-Nielsen type"
1153,acquired polycythemia vera,plasma cell myeloma
1154,Retinitis pigmentosa,paroxysmal nocturnal hemoglobinuria
1155,Lymphangioleiomyomatosis,Neuroendocrine neoplasm of appendix
1156,Bernard-Soulier syndrome,Thiel-Behnke corneal dystrophy
1157,Obesity due to leptin receptor gene deficiency,Obesity due to congenital leptin deficiency
1158,glioblastoma,aspergillosis
1159,"Autosomal dominant focal dystonia, DYT25 type",Granular corneal dystrophy type I
1160,Retinal degeneration-nanophthalmos-glaucoma syndrome,Lethal infantile mitochondrial myopathy
1161,Hemochromatosis type 2,Adult-onset foveomacular vitelliform dystrophy
1162,"GM2 gangliosidosis, AB variant",Galactosialidosis
1163,MALT lymphoma,Spinocerebellar ataxia type 26
1164,Gray platelet syndrome,Familial drusen
1165,Chronic graft versus host disease,Chronic inflammatory demyelinating polyneuropathy
1166,Combined oxidative phosphorylation defect type 13,Somatomammotropinoma
1167,Classic Hodgkin lymphoma,Retinoblastoma
1168,Autosomal recessive spastic paraplegia type 32,Best vitelliform macular dystrophy
1169,Bernard-Soulier syndrome,Late-onset retinal degeneration
1170,Primary Sjgren syndrome,Castleman disease
1171,Asbestos intoxication,Congenital hereditary endothelial dystrophy type II
1172,eosinophilic granulomatosis with polyangiitis,Castleman disease
1173,Macrophage activation syndrome,systemic lupus erythematosus
1174,Huntington disease,Wilson disease
1175,Severe hemophilia B,Severe hemophilia A
1176,mantle cell lymphoma,Papilloma of choroid plexus
1177,Superficial epidermolytic ichthyosis,Pituitary gigantism
1178,Zollinger-Ellison syndrome,Gray platelet syndrome
1179,TSH-secreting pituitary adenoma,Autosomal dominant Charcot-Marie-Tooth disease type 2E
1180,Mitochondrial myopathy with reversible cytochrome C oxidase deficiency,Charcot-Marie-Tooth disease type 4D
1181,plasma cell myeloma,graft versus host disease
1182,autoimmune thrombocytopenic purpura,systemic lupus erythematosus
1183,"Autosomal recessive generalized dystrophic epidermolysis bullosa, intermediate form","Autosomal recessive generalized dystrophic epidermolysis bullosa, severe form"
1184,Glycogen storage disease due to glucose-6-phosphatase deficiency type Ia,Pemphigus vulgaris
1185,"chronic myelogenous leukemia, BCR-ABL1 positive",Medulloblastoma
1186,Fuchs endothelial corneal dystrophy,Autosomal dominant Charcot-Marie-Tooth disease type 2F
1187,Birdshot chorioretinopathy,MALT lymphoma
1188,Chronic inflammatory demyelinating polyneuropathy,Acute myelomonocytic leukemia
1189,glioblastoma,childhood absence epilepsy
1190,Somatomammotropinoma,Mutilating palmoplantar keratoderma with periorificial keratotic plaques
1191,Somatomammotropinoma,Oromandibular dystonia
1192,Duchenne muscular dystrophy,Proximal spinal muscular atrophy type 1
1193,Herpes simplex virus stromal keratitis,Mutilating palmoplantar keratoderma with periorificial keratotic plaques
1194,Amyotrophic lateral sclerosis,Medulloblastoma
1195,mantle cell lymphoma,Myxoid/round cell liposarcoma
1196,Chronic beryllium disease,Autosomal dominant Charcot-Marie-Tooth disease type 2K
1197,gastrointestinal stromal tumor,Sandhoff disease
1198,Isolated polycystic liver disease,Neuroendocrine neoplasm of appendix
1199,Burkitt lymphoma,Cutaneous neuroendocrine carcinoma
1200,Idiopathic/heritable pulmonary arterial hypertension,Bronchopulmonary dysplasia
1201,Pituitary gigantism,Autosomal dominant Charcot-Marie-Tooth disease type 2E
1202,Ileal neuroendocrine tumor,Medulloblastoma
1203,Pure mitochondrial myopathy,Keratosis palmaris et plantaris-clinodactyly syndrome
1205,Cystic fibrosis,systemic lupus erythematosus
1206,Best vitelliform macular dystrophy,KRT1-related diffuse nonepidermolytic keratoderma
1207,Chronic graft versus host disease,MALT lymphoma
1208,Adult-onset foveomacular vitelliform dystrophy,Autosomal dominant Charcot-Marie-Tooth disease type 2F
1209,Small cell carcinoma of the bladder,Primary hepatic neuroendocrine carcinoma
1210,Squamous cell carcinoma of the esophagus,follicular lymphoma
1211,Myelodysplastic syndrome associated with isolated del(5q) chromosome abnormality,mantle cell lymphoma
1212,2q24 microdeletion syndrome,Pure mitochondrial myopathy
1213,Congenital stationary night blindness,"Primary dystonia, DYT4 type"
1214,Dravet syndrome,Atypical Rett syndrome
1215,sarcoidosis,glycogen storage disease II
1216,Paroxysmal cold hemoglobinuria,Adult-onset foveomacular vitelliform dystrophy
1217,Idiopathic aplastic anemia,Dietary iron overload disease
1218,Congenital ichthyosis-microcephalus-tetraplegia syndrome,Lymphoid interstitial pneumonia
1219,Chronic graft versus host disease,Burkitt lymphoma
1220,allergic bronchopulmonary aspergillosis,Cystic fibrosis
1221,Medullary thyroid carcinoma,Cutaneous neuroendocrine carcinoma
1222,Ethylmalonic encephalopathy,Adult-onset foveomacular vitelliform dystrophy
1223,KRT1-related diffuse nonepidermolytic keratoderma,Retinitis punctata albescens
1224,Late-onset retinal degeneration,Ichthyosis-prematurity syndrome
1225,Anoctamin-5-related limb-girdle muscular dystrophy R12,Fuchs endothelial corneal dystrophy
1226,Waldenstrom macroglobulinemia,Adult-onset myasthenia gravis
1227,graft versus host disease,metachromatic leukodystrophy
1228,Zollinger-Ellison syndrome,Charcot-Marie-Tooth disease type 1B
1229,Pediatric hepatocellular carcinoma,Burkitt lymphoma
1230,3-methylglutaconic aciduria type 4,MALT lymphoma
1231,intermediate uveitis,Medulloblastoma
1232,systemic lupus erythematosus,biliary atresia
1233,Malignant migrating focal seizures of infancy,Non-specific early-onset epileptic encephalopathy
1234,neuroblastoma,AL amyloidosis
1235,Anoctamin-5-related limb-girdle muscular dystrophy R12,Follicular lymphoma
1236,Chronic graft versus host disease,intermediate uveitis
1237,Fabry disease,Gaucher disease type 3
1238,Behet disease,Idiopathic uveal effusion syndrome
1239,Cold agglutinin disease,DNAJB6-related limb-girdle muscular dystrophy D1
1240,Adult-onset Still disease,Macrophage activation syndrome
1241,Autosomal dominant centronuclear myopathy,Congenital hereditary endothelial dystrophy type II
1242,Immunoglobulin A vasculitis,Primary biliary cholangitis
1243,thymoma,MALT lymphoma
1244,Thymic carcinoma,Myxoid/round cell liposarcoma
1245,Bothnia retinal dystrophy,"Primary dystonia, DYT4 type"
1246,Mutilating palmoplantar keratoderma with periorificial keratotic plaques,MALT lymphoma
1247,eosinophilic granulomatosis with polyangiitis,graft versus host disease
1248,Cryptogenic organizing pneumonia,Lymphoid interstitial pneumonia
1249,Autosomal dominant polycystic kidney disease,Idiopathic panuveitis
1250,hemophilia A,polymyositis
1251,Somatostatinoma,Charcot-Marie-Tooth disease type 4G
1252,osteogenesis imperfecta,systemic lupus erythematosus
1253,Common variable immunodeficiency,Autoimmune lymphoproliferative syndrome due to CTLA4 haploinsuffiency
1254,Pemphigus vulgaris,Pemphigus foliaceus
1255,Relapsing polychondritis,MALT lymphoma
1256,Idiopathic acute eosinophilic pneumonia,3-methylglutaconic aciduria type 4
1257,Chronic thromboembolic pulmonary hypertension,Adult acute respiratory distress syndrome
1258,Cystic fibrosis,Primary peritoneal carcinoma
1259,Granulomatous slack skin,Autosomal dominant Charcot-Marie-Tooth disease type 2K
1260,Rhabdoid tumor,Neuroendocrine neoplasm of appendix
1262,Polyneuropathy associated with IgM monoclonal gammopathy with anti-MAG,graft versus host disease
1263,Stargardt disease,Zollinger-Ellison syndrome
1264,Acute interstitial pneumonia,Charcot-Marie-Tooth disease type 4G
1265,Multifocal motor neuropathy,Fetal cytomegalovirus syndrome
1266,Pediatric hepatocellular carcinoma,Charcot-Marie-Tooth disease type 1F
1267,microscopic polyangiitis,Immune-mediated thrombotic thrombocytopenic purpura
1268,Alstrm syndrome,Prader-Willi syndrome due to imprinting mutation
1269,Classic Hodgkin lymphoma,DNAJB6-related limb-girdle muscular dystrophy D1
1270,Thymic carcinoma,plasma cell myeloma
1271,Hereditary cryohydrocytosis with reduced stomatin,Adult-onset foveomacular vitelliform dystrophy
1272,Tubular aggregate myopathy,Idiopathic acute eosinophilic pneumonia
1273,Juvenile dermatomyositis,Idiopathic panuveitis
1274,Chronic beryllium disease,Macular corneal dystrophy
1275,Rheumatoid factor-positive polyarticular juvenile idiopathic arthritis,Adult-onset foveomacular vitelliform dystrophy
1276,Infant acute respiratory distress syndrome,Charcot-Marie-Tooth disease type 1A
1277,"tenosynovial giant cell tumor, diffuse type",graft versus host disease
1278,Duchenne muscular dystrophy,Bronchopulmonary dysplasia
1279,liposarcoma,Klatskin tumor
1280,\xc3\x85land Islands eye disease,Respiratory bronchiolitis-interstitial lung disease syndrome
1281,Chronic beryllium disease,Lethal infantile mitochondrial myopathy
1282,Dystonia-aphonia syndrome,Mantle cell lymphoma
1283,plasma cell myeloma,Cholangiocarcinoma
1284,Familial Mediterranean fever,Polyarteritis nodosa
1285,Vogt-Koyanagi-Harada disease,Myxoid/round cell liposarcoma
1286,Adenocarcinoma of the esophagus,Primary peritoneal carcinoma
1287,Male infertility with teratozoospermia due to single gene mutation,Retinitis punctata albescens
1288,Classic neuroendocrine tumor of appendix,Primary peritoneal carcinoma
1289,Malignant peritoneal mesothelioma,Neuroendocrine tumor of the rectum
1290,Bronchial neuroendocrine tumor,follicular lymphoma
1291,Infant acute respiratory distress syndrome,Autosomal dominant Charcot-Marie-Tooth disease type 2E
1292,"Classic Hodgkin lymphoma, lymphocyte-depleted type",Primary peritoneal carcinoma
1293,\xc3\x85land Islands eye disease,Focal palmoplantar and gingival keratoderma
1294,systemic sclerosis,Nephroblastoma
1295,Cryptogenic organizing pneumonia,Charcot-Marie-Tooth disease type 1B
1296,Idiopathic pulmonary fibrosis,Adult-onset foveomacular vitelliform dystrophy
1297,Epithelial recurrent erosion dystrophy,GRFoma
1298,Medulloblastoma,Castleman disease
1299,Neurotrophic keratopathy,Dystonia-aphonia syndrome
1300,Lethal infantile mitochondrial myopathy,Lattice corneal dystrophy type I
1301,Nephroblastoma,Malignant peritoneal mesothelioma
1302,Polymyositis,Adult-onset foveomacular vitelliform dystrophy
1303,Granulomatosis with polyangiitis,metachromatic leukodystrophy
1304,Severe combined immunodeficiency due to DCLRE1C deficiency,Gray platelet syndrome
1305,Adult-onset multiple mitochondrial DNA deletion syndrome due to DGUOK deficiency,Paroxysmal cold hemoglobinuria
1306,Hyperimmunoglobulinemia D with periodic fever,Tumor necrosis factor receptor 1 associated periodic syndrome
1307,Dystonia-aphonia syndrome,Follicular lymphoma
1308,Lamellar ichthyosis,Somatomammotropinoma
1309,Chronic beryllium disease,Epithelial recurrent erosion dystrophy
1310,Becker muscular dystrophy,Gamma-sarcoglycan-related limb-girdle muscular dystrophy R5
1311,Idiopathic pulmonary fibrosis,Bothnia retinal dystrophy
1312,autoimmune thrombocytopenic purpura,Opsoclonus-myoclonus syndrome
1313,Lymphoid interstitial pneumonia,Charcot-Marie-Tooth disease type 4C
1314,Cushing syndrome due to ectopic ACTH secretion,Nelson syndrome
1315,Primary sclerosing cholangitis,Primary biliary cholangitis
1316,Classic mycosis fungoides,Acute graft versus host disease
1317,interstitial lung disease 2,Chronic pneumonitis of infancy
1318,Best vitelliform macular dystrophy,"Late-onset distal myopathy, Markesbery-Griggs type"
1319,Cystic fibrosis,follicular lymphoma
1320,T-B+ severe combined immunodeficiency due to CD3delta/CD3epsilon/CD3zeta,Best vitelliform macular dystrophy
1321,Thymoma type B,Classic Hodgkin lymphoma
1322,alpha-mannosidosis,"Alpha-mannosidosis, infantile form"
1323,Gaucher disease,glycogen storage disease II
1324,Medulloblastoma,Neuroendocrine tumor of the rectum
1325,acquired polycythemia vera,Waldenstrom macroglobulinemia
1326,Immune thrombocytopenia,Lattice corneal dystrophy type I
1327,Giant cell arteritis,Polyarteritis nodosa
1328,Mitochondrial myopathy with reversible cytochrome C oxidase deficiency,Cold agglutinin disease
1329,Classic mycosis fungoides,Autosomal dominant Charcot-Marie-Tooth disease type 2Z
1330,Cystic fibrosis,Cholangiocarcinoma
1331,Herpes simplex virus stromal keratitis,Mal de Meleda
1332,Cystic fibrosis,Sandhoff disease
1333,Amyotrophic lateral sclerosis,interstitial cystitis
1334,TRAPPC11-related limb-girdle muscular dystrophy R18,MALT lymphoma
1335,Acute myelomonocytic leukemia,Refractory anemia with excess blasts
1336,Neuroendocrine neoplasm of appendix,Glucagonoma
1337,\xc3\x85land Islands eye disease,Granulomatous slack skin
1338,Waldenstrom macroglobulinemia,Immune-mediated thrombotic thrombocytopenic purpura
1339,VIPoma,glioblastoma
1340,Amyotrophic lateral sclerosis,Spinocerebellar ataxia type 2
1341,Cerebellar hypoplasia-tapetoretinal degeneration syndrome,Pure mitochondrial myopathy
1342,osteogenesis imperfecta,Autoimmune hepatitis
1343,Adult-onset multiple mitochondrial DNA deletion syndrome due to DGUOK deficiency,PPoma
1344,systemic sclerosis,follicular lymphoma
1345,Zollinger-Ellison syndrome,DNA2-related mitochondrial DNA deletion syndrome
1346,Roussy-L\xc3\xa9vy syndrome,Best vitelliform macular dystrophy
1347,Neurotrophic keratopathy,Mal de Meleda
1348,IRIDA syndrome,Adult-onset foveomacular vitelliform dystrophy
1349,Autosomal recessive spastic paraplegia type 71,MALT lymphoma
1350,interstitial lung disease 2,Complete atrioventricular septal defect
1351,Autosomal dominant centronuclear myopathy,Granular corneal dystrophy type II
1352,Medulloblastoma,Primary peritoneal carcinoma
1353,X-linked endothelial corneal dystrophy,Mutilating palmoplantar keratoderma with periorificial keratotic plaques
1354,neuroblastoma,Gaucher disease
1355,Klatskin tumor,follicular lymphoma
1356,Chronic inflammatory demyelinating polyneuropathy,Complex regional pain syndrome
1357,Congenital hereditary endothelial dystrophy type II,Oromandibular dystonia
1358,Autosomal dominant generalized dystrophic epidermolysis bullosa,"Localized dystrophic epidermolysis bullosa, pretibial form"
1359,Drug-induced autoimmune hemolytic anemia,Mixed-type autoimmune hemolytic anemia
1360,Adult-onset Still disease,Familial Mediterranean fever
1361,Somatomammotropinoma,Male infertility with azoospermia or oligozoospermia due to single gene mutation
1362,gastrointestinal stromal tumor,Medullary thyroid carcinoma
1363,plasma cell myeloma,Neuroendocrine tumor of the colon
1364,Autosomal recessive spastic paraplegia type 56,Adult-onset foveomacular vitelliform dystrophy
1365,Ileal neuroendocrine tumor,Uveal melanoma
1366,Best vitelliform macular dystrophy,PLEC-related intermediate epidermolysis bullosa simplex without extracutaneous involvement
1367,Mantle cell lymphoma,Charcot-Marie-Tooth disease type 4C
1368,Macrophagic myofasciitis,Adult-onset foveomacular vitelliform dystrophy
1369,Pure mitochondrial myopathy,Subcutaneous panniculitis-like T-cell lymphoma
1370,Mendelian susceptibility to mycobacterial diseases due to partial IRF8 deficiency,Lattice corneal dystrophy type I
1371,Waldenstrom macroglobulinemia,Gorlin syndrome
1372,Congenital stationary night blindness,Autosomal dominant Charcot-Marie-Tooth disease type 2F
1373,Congenital hereditary endothelial dystrophy type II,Autosomal dominant Charcot-Marie-Tooth disease type 2E
1374,Epithelial recurrent erosion dystrophy,Respiratory bronchiolitis-interstitial lung disease syndrome
1375,Follicular lymphoma,Charcot-Marie-Tooth disease type 4B2
1376,Mutilating palmoplantar keratoderma with periorificial keratotic plaques,Persistent hyperplastic primary vitreous
1377,Pure mitochondrial myopathy,X-linked severe congenital neutropenia
1378,hemophilia A,Autoimmune hepatitis
1379,Pure mitochondrial myopathy,Paroxysmal cold hemoglobinuria
1380,Pure mitochondrial myopathy,Autosomal dominant Charcot-Marie-Tooth disease type 2A2
1381,Medullary thyroid carcinoma,Adenocarcinoma of the esophagus
1382,Classic mycosis fungoides,Familial pancreatic carcinoma
1383,liposarcoma,Subcutaneous panniculitis-like T-cell lymphoma
1384,Late-onset retinal degeneration,Charcot-Marie-Tooth disease type 1B
1385,Finnish upper limb-onset distal myopathy,Idiopathic acute eosinophilic pneumonia
1386,acquired polycythemia vera,Giant cell glioblastoma
1387,DNA2-related mitochondrial DNA deletion syndrome,Familial drusen
1388,Early-onset generalized limb-onset dystonia,Follicular lymphoma
1389,autoimmune thrombocytopenic purpura,"Autoimmune hemolytic anemia, warm type"
1390,Severe early-childhood-onset retinal dystrophy,Pituitary gigantism
1391,Uveal melanoma,Undifferentiated pleomorphic sarcoma
1392,Congenital stationary night blindness,Combined oxidative phosphorylation defect type 13
1393,Acquired von Willebrand syndrome,Adult-onset foveomacular vitelliform dystrophy
1394,Best vitelliform macular dystrophy,PANDAS
1395,Glioblastoma,Ichthyosis-prematurity syndrome
1396,Neurotrophic keratopathy,"Hereditary motor and sensory neuropathy, Okinawa type"
1397,Overhydrated hereditary stomatocytosis,Pituitary gigantism
1398,Pure mitochondrial myopathy,Cushing disease
1399,"chronic myelogenous leukemia, BCR-ABL1 positive",Hermansky-Pudlak syndrome
1400,Adult-onset foveomacular vitelliform dystrophy,Thymoma
1401,Pure mitochondrial myopathy,Ulnar hemimelia
1402,Herpes simplex virus stromal keratitis,DNAJB6-related limb-girdle muscular dystrophy D1
1403,Uveal melanoma,Sporadic pheochromocytoma/secreting paraganglioma
1404,Idiopathic pulmonary fibrosis,Granular corneal dystrophy type II
1405,Neurotrophic keratopathy,Idiopathic pulmonary fibrosis
1406,Combined oxidative phosphorylation defect type 13,Epithelial recurrent erosion dystrophy
1407,Amyotrophic lateral sclerosis,Cold agglutinin disease
1408,autoimmune thrombocytopenic purpura,Solar urticaria
1409,Mendelian susceptibility to mycobacterial diseases due to partial IRF8 deficiency,Thiel-Behnke corneal dystrophy
1410,Epithelial recurrent erosion dystrophy,Charcot-Marie-Tooth disease type 1F
1411,essential thrombocythemia,acquired polycythemia vera
1412,tuberous sclerosis,Chronic graft versus host disease
1413,Kaposi\'s sarcoma,acquired polycythemia vera
1414,Relapsing polychondritis,Behet disease
1415,glioblastoma,Pineoblastoma
1416,Idiopathic steroid-sensitive nephrotic syndrome,Giant cell arteritis
1417,tuberous sclerosis,Isolated polycystic liver disease
1418,Sensory ataxic neuropathy-dysarthria-ophthalmoparesis syndrome,Adult-onset foveomacular vitelliform dystrophy
1419,Paris-Trousseau thrombocytopenia,X-linked endothelial corneal dystrophy
1420,Focal myositis,Adult-onset foveomacular vitelliform dystrophy
1421,Progressive familial intrahepatic cholestasis,Alagille syndrome
1422,Ichthyosis-prematurity syndrome,PPoma
1423,Chronic graft versus host disease,systemic lupus erythematosus
1424,glioblastoma,Chronic graft versus host disease
1425,microscopic polyangiitis,eosinophilic granulomatosis with polyangiitis
1426,follicular lymphoma,AL amyloidosis
1427,Mucous membrane pemphigoid,MALT lymphoma
1428,Kawasaki disease,Systemic-onset juvenile idiopathic arthritis
1429,gastrointestinal stromal tumor,Primary peritoneal carcinoma
1430,Monosomy 18p,Cold agglutinin disease
1431,Catastrophic antiphospholipid syndrome,MALT lymphoma
1432,Congenital ichthyosis-microcephalus-tetraplegia syndrome,Pediatric hepatocellular carcinoma
1433,Lymphoid interstitial pneumonia,Autosomal dominant polycystic kidney disease
1434,Sorsby pseudoinflammatory fundus dystrophy,MALT lymphoma
1435,Somatostatinoma,Adult-onset foveomacular vitelliform dystrophy
1436,GRFoma,Charcot-Marie-Tooth disease type 4B2
1437,Primary myelofibrosis,Adult-onset foveomacular vitelliform dystrophy
1438,Proteus syndrome,Proteus-like syndrome
1439,Cold agglutinin disease,Granular corneal dystrophy type I
1440,Lamellar ichthyosis,MALT lymphoma
1441,Cushing syndrome due to ectopic ACTH secretion,Medullary thyroid carcinoma
1442,neuroblastoma,Myxoid/round cell liposarcoma
1443,Immunodeficiency due to selective anti-polysaccharide antibody deficiency,MALT lymphoma
1444,Autosomal dominant Charcot-Marie-Tooth disease type 2W,Acute interstitial pneumonia
1445,Pediatric hepatocellular carcinoma,Thiel-Behnke corneal dystrophy
1446,Insulinoma,Charcot-Marie-Tooth disease type 4D
1447,Herpes simplex virus stromal keratitis,GRFoma
1448,thymoma,AL amyloidosis
1449,Immune thrombocytopenia,Congenital hereditary endothelial dystrophy type II
1450,Gaucher disease,MALT lymphoma
1451,GM1 gangliosidosis,Sialidosis type 1
1452,Granulomatosis with polyangiitis,Genetic steroid-resistant nephrotic syndrome
1453,Best vitelliform macular dystrophy,Cold agglutinin disease
1454,Paroxysmal cold hemoglobinuria,Charcot-Marie-Tooth disease type 4C
1455,Diffuse cutaneous systemic sclerosis,Cystic fibrosis
1456,systemic lupus erythematosus,glycogen storage disease II
1457,Myxoid/round cell liposarcoma,Squamous cell carcinoma of the esophagus
1458,"Localized dystrophic epidermolysis bullosa, nails only","Autosomal recessive generalized dystrophic epidermolysis bullosa, severe form"
1459,dermatomyositis,Atypical hemolytic uremic syndrome
1460,Carnitine palmitoyltransferase II deficiency,Isolated complex I deficiency
1461,Iminoglycinuria,MALT lymphoma
1462,Bernard-Soulier syndrome,Adult-onset foveomacular vitelliform dystrophy
1463,thymoma,Myasthenia gravis
1464,"Adult-onset cervical dystonia, DYT23 type",Macular corneal dystrophy
1465,Severe early-childhood-onset retinal dystrophy,Autosomal dominant Charcot-Marie-Tooth disease type 2W
1466,Glucagonoma,Charcot-Marie-Tooth disease type 4A
1467,Leukoencephalopathy-palmoplantar keratoderma syndrome,Mantle cell lymphoma
1468,Neurotrophic keratopathy,Insulinoma
1469,Idiopathic pulmonary fibrosis,Gray platelet syndrome
1470,Somatomammotropinoma,Lattice corneal dystrophy type I
1471,Thymoma type B,Adrenocortical carcinoma
1472,Best vitelliform macular dystrophy,KLHL9-related early-onset distal myopathy
1473,Adult-onset foveomacular vitelliform dystrophy,Autosomal recessive spastic paraplegia type 20
1474,Gliosarcoma,Rhabdoid tumor
1475,Respiratory bronchiolitis-interstitial lung disease syndrome,Idiopathic/heritable pulmonary arterial hypertension
1476,Pouchitis,Primary biliary cholangitis
1477,Tay-Sachs disease,Medulloblastoma
1478,Follicular lymphoma,Granular corneal dystrophy type II
1479,intermediate uveitis,follicular lymphoma
1480,systemic sclerosis,Oligoarticular juvenile idiopathic arthritis
1481,microscopic polyangiitis,Myasthenia gravis
1482,Mucous membrane pemphigoid,Primary effusion lymphoma
1483,Mendelian susceptibility to mycobacterial diseases due to complete IL12RB1 deficiency,Granular corneal dystrophy type I
1484,Congenital hereditary endothelial dystrophy type II,Idiopathic pulmonary fibrosis
1485,Pseudohypoparathyroidism type 2,Adult-onset foveomacular vitelliform dystrophy
1486,neuroblastoma,Burkitt lymphoma
1487,Familial Mediterranean fever,Rheumatoid factor-negative polyarticular juvenile idiopathic arthritis
1488,Granular corneal dystrophy type II,Charcot-Marie-Tooth disease type 4D
1489,Idiopathic/heritable pulmonary arterial hypertension,Acute myelomonocytic leukemia
1490,Retinopathy of prematurity,Non-involuting congenital hemangioma
1491,Paris-Trousseau thrombocytopenia,Pediatric hepatocellular carcinoma
1492,Early-onset generalized limb-onset dystonia,Granular corneal dystrophy type I
1493,Follicular lymphoma,Autosomal recessive Charcot-Marie-Tooth disease with hoarseness
1494,osteogenesis imperfecta,thymoma
1495,autoimmune thrombocytopenic purpura,Continuous spikes and waves during sleep
1496,Medullary thyroid carcinoma,follicular lymphoma
1497,plasma cell myeloma,Rhabdoid tumor
1498,Neuroendocrine tumor of the colon,Thymic neuroendocrine tumor
1499,Ependymoma,graft versus host disease
1500,PPoma,Charcot-Marie-Tooth disease type 4A
1501,interstitial lung disease 2,Primary sclerosing cholangitis
1502,Distal trisomy 6p,Mitochondrial myopathy with reversible cytochrome C oxidase deficiency
1503,Ependymoma,Mitochondrial myopathy with reversible cytochrome C oxidase deficiency
1504,T-B+ severe combined immunodeficiency due to IL-7Ralpha deficiency,Mitochondrial myopathy with reversible cytochrome C oxidase deficiency
1505,Burkitt lymphoma,Primary peritoneal carcinoma
1506,NMDA receptor encephalitis,Gray platelet syndrome
1507,Primary myelofibrosis,Dedifferentiated liposarcoma
1508,Pure mitochondrial myopathy,16p11.2p12.2 microduplication syndrome
1509,"Hereditary palmoplantar keratoderma, Gamborg-Nielsen type",Macular corneal dystrophy
1510,Bernard-Soulier syndrome,Infant acute respiratory distress syndrome
1511,Mitochondrial myopathy with reversible cytochrome C oxidase deficiency,Adult acute respiratory distress syndrome
1512,"chronic myelogenous leukemia, BCR-ABL1 positive",Acute myelomonocytic leukemia
1513,plasma cell myeloma,Neurofibroma
1514,Hemophilia B,Medulloblastoma
1515,Polyembryoma,Lethal infantile mitochondrial myopathy
1516,\xc3\x85land Islands eye disease,Somatomammotropinoma
1517,Idiopathic acute eosinophilic pneumonia,Idiopathic congenital hypothyroidism
1518,thymoma,Nephroblastoma
1519,tuberous sclerosis,Gaucher disease
1520,Nephroblastoma,Myxoid/round cell liposarcoma
1522,intermediate uveitis,AL amyloidosis
1523,Primary Sjgren syndrome,Subacute cutaneous lupus erythematosus
1524,Acral peeling skin syndrome,Adult-onset foveomacular vitelliform dystrophy
1525,Rhabdoid tumor,Retinoblastoma
1526,sarcoidosis,Polyarteritis nodosa
1527,X-linked severe congenital neutropenia,Adult-onset foveomacular vitelliform dystrophy
1528,dermatomyositis,Bullous pemphigoid
1529,Roussy-L\xc3\xa9vy syndrome,Follicular lymphoma
1530,Pure mitochondrial myopathy,Distal trisomy 5q
1531,Klatskin tumor,Squamous cell carcinoma of the anal canal
1532,Chronic inflammatory demyelinating polyneuropathy,mantle cell lymphoma
1533,3-methylcrotonyl-CoA carboxylase deficiency,MALT lymphoma
1534,Omenn syndrome,Adult-onset foveomacular vitelliform dystrophy
1535,Bernard-Soulier syndrome,Somatomammotropinoma
1536,Complex regional pain syndrome,Waldenstrom macroglobulinemia
1537,Oligocone trichromacy,Ichthyosis-prematurity syndrome
1538,Desmoplastic small round cell tumor,Primary peritoneal carcinoma
1539,autoimmune thrombocytopenic purpura,Burkitt lymphoma
1540,X-linked spastic paraplegia type 34,Adult-onset foveomacular vitelliform dystrophy
1541,MALT lymphoma,Oromandibular dystonia
1542,Huriez syndrome,Lattice corneal dystrophy type I
1543,Classic phenylketonuria,phenylketonuria
1544,polymyositis,AL amyloidosis
1545,"chronic myelogenous leukemia, BCR-ABL1 positive",Autoimmune hepatitis
1546,Retinitis punctata albescens,Insulinoma
1547,Relapsing polychondritis,Autoimmune hepatitis
1548,Netherton syndrome,Adult-onset foveomacular vitelliform dystrophy
1549,systemic sclerosis,Szary syndrome
1550,Diffuse cutaneous systemic sclerosis,Schnitzler syndrome
1551,mantle cell lymphoma,Adenocarcinoma of the esophagus
1552,Duchenne muscular dystrophy,acquired polycythemia vera
1553,Sandhoff disease,glycogen storage disease II
1554,Retinopathy of prematurity,Von Hippel-Lindau disease
1555,MALT lymphoma,Granular corneal dystrophy type II
1556,paroxysmal nocturnal hemoglobinuria,Adult-onset myasthenia gravis
1557,Polyembryoma,Best vitelliform macular dystrophy
1558,Osteosarcoma,Undifferentiated pleomorphic sarcoma
1559,Opsoclonus-myoclonus syndrome,Adult-onset myasthenia gravis
1560,Lethal infantile mitochondrial myopathy,Acute erythroid leukemia
1561,liposarcoma,Thymic neuroendocrine tumor
1562,Somatomammotropinoma,Acral self-healing collodion baby
1563,TRAPPC11-related limb-girdle muscular dystrophy R18,KRT1-related diffuse nonepidermolytic keratoderma
1564,Granulomatosis with polyangiitis,Rheumatoid factor-negative polyarticular juvenile idiopathic arthritis
1565,Pure mitochondrial myopathy,Lymphoid interstitial pneumonia
1566,interstitial cystitis,graft versus host disease
1567,Dedifferentiated liposarcoma,Dermatofibrosarcoma protuberans
1568,Pulmonary atresia-intact ventricular septum syndrome,Tetralogy of Fallot
1569,Short chain acyl-CoA dehydrogenase deficiency,Pituitary gigantism
1570,Follicular lymphoma,"Primary dystonia, DYT2 type"
1571,Proximal spinal muscular atrophy type 4,Proximal spinal muscular atrophy type 2
1572,Kyphoscoliosis-lateral tongue atrophy-hereditary spastic paraplegia syndrome,Adult-onset foveomacular vitelliform dystrophy
1573,GRFoma,Charcot-Marie-Tooth disease type 4D
1574,dermatomyositis,polymyositis
1575,Autosomal dominant hyperinsulinism due to Kir6.2 deficiency,Adult-onset foveomacular vitelliform dystrophy
1576,Amyotrophic lateral sclerosis,Proximal spinal muscular atrophy type 2
1577,Squamous cell carcinoma of the esophagus,Neuroendocrine tumor of the rectum
1578,Early-onset generalized limb-onset dystonia,Fuchs endothelial corneal dystrophy
1579,Mitochondrial myopathy with reversible cytochrome C oxidase deficiency,Mantle cell lymphoma
1580,Unclassified myelodysplastic syndrome,Adult-onset foveomacular vitelliform dystrophy
1581,Idiopathic steroid-sensitive nephrotic syndrome,interstitial lung disease 2
1582,Idiopathic/heritable pulmonary arterial hypertension,gastrointestinal stromal tumor
1583,Beta-thalassemia-X-linked thrombocytopenia syndrome,Best vitelliform macular dystrophy
1584,Immune thrombocytopenia,Best vitelliform macular dystrophy
1585,Wild type ATTR amyloidosis,ATTRV122I amyloidosis
1586,microscopic polyangiitis,Cystic fibrosis
1587,MERRF,Mitochondrial DNA-related progressive external ophthalmoplegia
1588,Mendelian susceptibility to mycobacterial diseases due to complete IL12RB1 deficiency,Bothnia retinal dystrophy
1589,acquired polycythemia vera,Undifferentiated pleomorphic sarcoma
1590,interstitial cystitis,Granulomatosis with polyangiitis
1591,osteogenesis imperfecta,Osteogenesis imperfecta type 3
1592,Mendelian susceptibility to mycobacterial diseases due to complete IL12RB1 deficiency,Late-onset retinal degeneration
1593,Retinitis pigmentosa,Choroideremia
1594,Meconium aspiration syndrome,Eisenmenger syndrome
1595,Tetralogy of Fallot,Idiopathic pulmonary arterial hypertension
1596,Primary Sjgren syndrome,Immunoglobulin A vasculitis
1597,Best vitelliform macular dystrophy,Zebra body myopathy
1598,Mitochondrial myopathy with reversible cytochrome C oxidase deficiency,Severe combined immunodeficiency due to complete RAG1/2 deficiency
1599,autoimmune thrombocytopenic purpura,Gaucher disease
1600,Severe hemophilia B,Duchenne muscular dystrophy
1601,2q31.1 microdeletion syndrome,Pure mitochondrial myopathy
1602,"chronic myelogenous leukemia, BCR-ABL1 positive",intermediate uveitis
1603,Chronic beryllium disease,DNAJB6-related limb-girdle muscular dystrophy D1
1604,Primary ciliary dyskinesia,Cystic fibrosis
1605,Lethal infantile mitochondrial myopathy,19p13.12 microdeletion syndrome
1606,MALT lymphoma,follicular lymphoma
1607,Idiopathic/heritable pulmonary arterial hypertension,Cryptogenic organizing pneumonia
1609,Retinitis pigmentosa,Usher syndrome type 2
1610,Segmental outgrowth-lipomatosis-arteriovenous malformation-epidermal nevus syndrome,Hemimegalencephaly
1611,Leukoencephalopathy-palmoplantar keratoderma syndrome,Pure mitochondrial myopathy
1612,"Congenital muscular dystrophy, Ullrich type",Pituitary gigantism
1613,Full NF2-related schwannomatosis,Neuroendocrine tumor of anal canal
1614,Mitochondrial myopathy with reversible cytochrome C oxidase deficiency,16p11.2p12.2 microdeletion syndrome
1615,systemic sclerosis,acquired polycythemia vera
1616,mantle cell lymphoma,Medullary thyroid carcinoma
1617,1q41q42 microdeletion syndrome,Lethal infantile mitochondrial myopathy
1618,Autosomal dominant Charcot-Marie-Tooth disease type 2Z,Acute interstitial pneumonia
1619,TRAPPC11-related limb-girdle muscular dystrophy R18,Multifocal lymphangioendotheliomatosis-thrombocytopenia syndrome
1620,intermediate uveitis,polymyositis
1621,meningioma,Sporadic pheochromocytoma/secreting paraganglioma
1622,Ependymoma,interstitial lung disease 2
1623,Monosomy 18p,Asbestos intoxication
1624,Carcinoid syndrome,Neurofibromatosis type 1
1625,progressive supranuclear palsy,Amyotrophic lateral sclerosis
1626,Mutilating hereditary sensory neuropathy with spastic paraplegia,MALT lymphoma
1627,liposarcoma,Bronchial neuroendocrine tumor
1628,Monosomy 18p,Lymphoid interstitial pneumonia
1629,Boutonneuse fever,Adult-onset foveomacular vitelliform dystrophy
1630,graft versus host disease,Immune-mediated thrombotic thrombocytopenic purpura
1632,Crigler-Najjar syndrome type 2,Hyperammonemia due to N-acetylglutamate synthase deficiency
1633,Primary membranoproliferative glomerulonephritis,Myasthenia gravis
1634,hemophilia A,Mild hemophilia B
1635,Epidermolytic palmoplantar keratoderma,Granular corneal dystrophy type II
1636,Late-onset retinal degeneration,"Primary dystonia, DYT4 type"
1637,interstitial lung disease 2,MALT lymphoma
1638,paroxysmal nocturnal hemoglobinuria,Primary membranoproliferative glomerulonephritis
1639,Hutchinson-Gilford progeria syndrome,plasma cell myeloma
1640,Psoriasis-related juvenile idiopathic arthritis,Enthesitis-related juvenile idiopathic arthritis
1641,plasma cell myeloma,Granulomatosis with polyangiitis
1642,polymyositis,Immune-mediated necrotizing myopathy
1643,VIPoma,GRFoma
1644,Mantle cell lymphoma,Idiopathic congenital hypothyroidism
1645,Mitochondrial myopathy with reversible cytochrome C oxidase deficiency,Male infertility with teratozoospermia due to single gene mutation
1646,Paroxysmal cold hemoglobinuria,Charcot-Marie-Tooth disease type 1A
1647,Lymphoid interstitial pneumonia,Charcot-Marie-Tooth disease type 4A
1648,MALT lymphoma,"Autosomal dominant generalized epidermolysis bullosa simplex, intermediate form"
1649,Focal palmoplantar and gingival keratoderma,Lethal infantile mitochondrial myopathy
1650,Mutilating palmoplantar keratoderma with periorificial keratotic plaques,Insulinoma
1651,Mitochondrial myopathy with reversible cytochrome C oxidase deficiency,Severe early-childhood-onset retinal dystrophy
1652,systemic sclerosis,Chronic inflammatory demyelinating polyneuropathy
1653,interstitial lung disease 2,Szary syndrome
1654,Lethal infantile mitochondrial myopathy,GRFoma
1655,Friedreich ataxia,follicular lymphoma
1656,Loose anagen syndrome,Adult-onset foveomacular vitelliform dystrophy
1657,Autosomal dominant Charcot-Marie-Tooth disease type 2Y,Gray platelet syndrome
1658,Primary biliary cholangitis,Adult-onset myasthenia gravis
1659,acquired polycythemia vera,Dedifferentiated liposarcoma
1660,Myasthenia gravis,Opsoclonus-myoclonus syndrome
1661,"Adult-onset cervical dystonia, DYT23 type",Oligocone trichromacy
1662,Somatomammotropinoma,Neutral lipid storage myopathy
1663,Chronic inflammatory demyelinating polyneuropathy,Solar urticaria
1664,Chronic beryllium disease,Combined oxidative phosphorylation defect type 13
1665,\xc3\x85land Islands eye disease,Charcot-Marie-Tooth disease type 1F
1666,Idiopathic steroid-sensitive nephrotic syndrome,Catastrophic antiphospholipid syndrome
1667,Lethal infantile mitochondrial myopathy,Mixed-type autoimmune hemolytic anemia
1668,Mixed-type autoimmune hemolytic anemia,Immune-mediated thrombotic thrombocytopenic purpura
1669,GM1 gangliosidosis,Galactosialidosis
1670,Mucous membrane pemphigoid,Mixed-type autoimmune hemolytic anemia
1671,Proximal spinal muscular atrophy type 3,Non-acquired isolated growth hormone deficiency
1672,Classic Hodgkin lymphoma,MALT lymphoma
1673,Asbestos intoxication,Lethal infantile mitochondrial myopathy
1674,Dystonia-aphonia syndrome,Fuchs endothelial corneal dystrophy
1675,Autoimmune pulmonary alveolar proteinosis,Gray platelet syndrome
1676,systemic sclerosis,Aggressive systemic mastocytosis
1677,Best vitelliform macular dystrophy,Vocal cord and pharyngeal distal myopathy
1678,Primary membranoproliferative glomerulonephritis,Cold agglutinin disease
1679,Stargardt disease,GRFoma
1680,liposarcoma,neuroblastoma
1681,mantle cell lymphoma,Dermatofibrosarcoma protuberans
1682,Autosomal recessive spastic paraplegia type 39,MALT lymphoma
1683,Polyneuropathy associated with IgM monoclonal gammopathy with anti-MAG,Relapsing polychondritis
1684,graft versus host disease,Medullary thyroid carcinoma
1685,Mendelian susceptibility to mycobacterial diseases due to complete IL12RB1 deficiency,MALT lymphoma
1686,Osteosarcoma,Atypical teratoid rhabdoid tumor
1687,TRIM32-related limb-girdle muscular dystrophy R8,MALT lymphoma
1688,Glioblastoma,Gray platelet syndrome
1689,microscopic polyangiitis,Chronic graft versus host disease
1690,TRAPPC11-related limb-girdle muscular dystrophy R18,Subcutaneous panniculitis-like T-cell lymphoma
1691,Myxoid/round cell liposarcoma,Dermatofibrosarcoma protuberans
1692,Idiopathic/heritable pulmonary arterial hypertension,Gaucher disease
1693,Oligocone trichromacy,Pituitary gigantism
1694,cystinosis,Huntington disease
1695,T-B+ severe combined immunodeficiency due to CD3delta/CD3epsilon/CD3zeta,DNAJB6-related limb-girdle muscular dystrophy D1
1696,Congenital stationary night blindness,Classic mycosis fungoides
1697,gastrointestinal stromal tumor,Granulomatosis with polyangiitis
1698,essential thrombocythemia,Idiopathic/heritable pulmonary arterial hypertension
1699,Kaposi\'s sarcoma,Primary peritoneal carcinoma
1700,Immune thrombocytopenia,Familial drusen
1701,glioblastoma,Acute myelomonocytic leukemia
1702,Idiopathic pulmonary fibrosis,Ichthyosis-prematurity syndrome
1703,Stargardt disease,Gray platelet syndrome
1704,Best vitelliform macular dystrophy,Ileal neuroendocrine tumor
1705,Pleural mesothelioma,Medullary thyroid carcinoma
1706,Bullous pemphigoid,Medulloblastoma
1707,microscopic polyangiitis,systemic lupus erythematosus
1708,Retinitis pigmentosa,Stargardt disease
1709,fragile X syndrome,graft versus host disease
1710,Proximal spinal muscular atrophy,Proximal spinal muscular atrophy type 4
1711,"Adult-onset cervical dystonia, DYT23 type",Bothnia retinal dystrophy
1712,X-linked endothelial corneal dystrophy,Autosomal dominant Charcot-Marie-Tooth disease type 2Z
1713,Rheumatoid factor-negative polyarticular juvenile idiopathic arthritis,Idiopathic panuveitis
1714,Granulomatosis with polyangiitis,Immune-mediated thrombotic thrombocytopenic purpura
1715,Hepatitis delta,Gorlin syndrome
1716,microscopic polyangiitis,Immunoglobulin A vasculitis
1717,Somatomammotropinoma,Late-onset retinal degeneration
1718,Asbestos intoxication,Autosomal dominant Charcot-Marie-Tooth disease type 2E
1719,Self-improving collodion baby,Adult-onset foveomacular vitelliform dystrophy
1720,Catastrophic antiphospholipid syndrome,Mixed-type autoimmune hemolytic anemia
1721,Desmoplastic small round cell tumor,Squamous cell carcinoma of the esophagus
1722,Ependymoma,Giant cell arteritis
1723,Gliosarcoma,plasma cell myeloma
1724,Combined oxidative phosphorylation defect type 13,GRFoma
1725,Ichthyosis-prematurity syndrome,Adult-onset foveomacular vitelliform dystrophy
1726,plasma cell myeloma,Aggressive systemic mastocytosis
1727,Von Willebrand disease type 2A,Von Willebrand disease type 3
1728,Ependymoma,Ebola hemorrhagic fever
1729,Adult-onset foveomacular vitelliform dystrophy,Spinocerebellar ataxia type 5
1730,Thymoma type B,Squamous cell carcinoma of the anal canal
1731,"chronic myelogenous leukemia, BCR-ABL1 positive",Malignant peritoneal mesothelioma
1732,Distal nebulin myopathy,Idiopathic acute eosinophilic pneumonia
1733,GM1 gangliosidosis,Gaucher disease
1734,Respiratory bronchiolitis-interstitial lung disease syndrome,Cryptogenic organizing pneumonia
1735,Autosomal dominant centronuclear myopathy,Herpes simplex virus stromal keratitis
1736,Early-onset epileptic encephalopathy and intellectual disability due to GRIN2A mutation,Adult-onset foveomacular vitelliform dystrophy
1737,Eisenmenger syndrome,Heritable pulmonary arterial hypertension
1738,Cholangiocarcinoma,Gorlin syndrome
1739,GM1 gangliosidosis,plasma cell myeloma
1740,Stargardt disease,"Primary dystonia, DYT17 type"
1741,Sporadic pheochromocytoma/secreting paraganglioma,Adrenocortical carcinoma
1742,Osteosarcoma,Familial adenomatous polyposis
1743,aspergillosis,coccidioidomycosis
1744,autoimmune thrombocytopenic purpura,gastrointestinal stromal tumor
1745,osteogenesis imperfecta,AL amyloidosis
1746,Immunoglobulin A vasculitis,Adult-onset myasthenia gravis
1747,Somatomammotropinoma,"Primary dystonia, DYT6 type"
1748,Idiopathic steroid-sensitive nephrotic syndrome,Chronic graft versus host disease
1749,Mitochondrial myopathy with reversible cytochrome C oxidase deficiency,Unclassified myelodysplastic syndrome
1750,Congenital ichthyosis-microcephalus-tetraplegia syndrome,Late-onset retinal degeneration
1751,Osteosarcoma,graft versus host disease
1752,Beta-thalassemia,interstitial cystitis
1753,Giant cell glioblastoma,AL amyloidosis
1754,Elastoderma,MALT lymphoma
1755,Idiopathic panuveitis,Papilloma of choroid plexus
1756,Pure mitochondrial myopathy,Mantle cell lymphoma
1757,Autosomal dominant severe congenital neutropenia,Best vitelliform macular dystrophy
1758,Autosomal recessive spastic paraplegia type 76,MALT lymphoma
1759,Palmoplantar keratoderma-spastic paralysis syndrome,Mitochondrial myopathy with reversible cytochrome C oxidase deficiency
1760,Mitochondrial myopathy with reversible cytochrome C oxidase deficiency,"Primary dystonia, DYT6 type"
1761,Psoriasis-related juvenile idiopathic arthritis,intermediate uveitis
1762,Autosomal dominant keratitis,Idiopathic acute eosinophilic pneumonia
1763,Congenital hereditary endothelial dystrophy type II,Infant acute respiratory distress syndrome
1764,liposarcoma,Medullary thyroid carcinoma
1765,Classic Hodgkin lymphoma,Cholangiocarcinoma
1766,Pure mitochondrial myopathy,Burkitt lymphoma
1767,Xeroderma pigmentosum variant,Xeroderma pigmentosum
1768,glioblastoma,Somatostatinoma
1769,Waldenstrom macroglobulinemia,Choroideremia
1770,Peripheral primitive neuroectodermal tumor,gastrointestinal stromal tumor
1771,systemic lupus erythematosus,plasma cell myeloma
1772,Retinal degeneration-nanophthalmos-glaucoma syndrome,Pure mitochondrial myopathy
1773,graft versus host disease,Neuroendocrine neoplasm of appendix
1774,Distal anoctaminopathy,MALT lymphoma
1775,Classic mycosis fungoides,Best vitelliform macular dystrophy
1776,multiple system atrophy,neuroblastoma
1777,Somatostatinoma,Neuroendocrine neoplasm of appendix
1778,Herpes simplex virus stromal keratitis,Autosomal dominant Charcot-Marie-Tooth disease type 2E
1779,Monosomy 18p,Somatostatinoma
1780,Long chain 3-hydroxyacyl-CoA dehydrogenase deficiency,Carnitine palmitoyl transferase 1A deficiency
1781,VIPoma,Glucagonoma
1782,Primary effusion lymphoma,Szary syndrome
1783,KLHL9-related early-onset distal myopathy,Idiopathic acute eosinophilic pneumonia
1784,thymoma,mantle cell lymphoma
1785,Lethal infantile mitochondrial myopathy,Charcot-Marie-Tooth disease type 1B
1786,intermediate uveitis,Adenocarcinoma of the esophagus
1787,Primary myelofibrosis,Refractory anemia with excess blasts
1788,Congenital hereditary endothelial dystrophy type II,Acute interstitial pneumonia
1789,Neuromyelitis optica spectrum disorder with anti-MOG antibodies,Acute disseminated encephalomyelitis with anti-MOG antibodies
1790,Mucous membrane pemphigoid,Opsoclonus-myoclonus syndrome
1791,Peripheral primitive neuroectodermal tumor,Desmoplastic small round cell tumor
1792,"chronic myelogenous leukemia, BCR-ABL1 positive",Myasthenia gravis
1793,Psoriasis-related juvenile idiopathic arthritis,systemic lupus erythematosus
1794,Congenital stationary night blindness,Non-epidermolytic palmoplantar keratoderma
1795,X-linked myotubular myopathy-abnormal genitalia syndrome,Adult-onset foveomacular vitelliform dystrophy
1796,Hereditary sensory and autonomic neuropathy type 5,MALT lymphoma
1797,Genetic steroid-resistant nephrotic syndrome,Polyarteritis nodosa
1798,essential thrombocythemia,neuroblastoma
1799,Severe hemophilia A,Bleeding disorder in hemophilia B carriers
1800,Schnitzler syndrome,Giant cell arteritis
1801,Best vitelliform macular dystrophy,Hypothyroidism due to TSH receptor mutations
1802,Anoctamin-5-related limb-girdle muscular dystrophy R12,Zollinger-Ellison syndrome
1803,Herpes simplex virus stromal keratitis,Acetazolamide-responsive myotonia
1804,Cap myopathy,MALT lymphoma
1805,Mitochondrial myopathy with reversible cytochrome C oxidase deficiency,Acute interstitial pneumonia
1806,Ornithine transcarbamylase deficiency,Argininemia
1807,Acute promyelocytic leukemia,Adult-onset foveomacular vitelliform dystrophy
1808,Pyoderma gangrenosum,Vernal keratoconjunctivitis
1809,Schnitzler syndrome,Systemic-onset juvenile idiopathic arthritis
1810,Thiel-Behnke corneal dystrophy,Charcot-Marie-Tooth disease type 4C
1811,New-onset refractory status epilepticus,Adult-onset foveomacular vitelliform dystrophy
1812,plasma cell myeloma,Hemimegalencephaly
1813,Posterior column ataxia-retinitis pigmentosa syndrome,Adult-onset foveomacular vitelliform dystrophy
1814,Congenital hypothyroidism due to transplacental passage of TSH-binding inhibitory antibodies,Adult-onset foveomacular vitelliform dystrophy
1815,Pituitary carcinoma,Adult-onset foveomacular vitelliform dystrophy
1816,tuberous sclerosis,Full NF2-related schwannomatosis
1817,Formiminoglutamic aciduria,Adult-onset foveomacular vitelliform dystrophy
1818,Multiple epiphyseal dysplasia type 1,Adult-onset foveomacular vitelliform dystrophy
1819,childhood absence epilepsy,Huntington disease
1820,Male infertility with azoospermia or oligozoospermia due to single gene mutation,Familial drusen
1821,Osteosarcoma,Rhabdoid tumor
1822,Rasmussen subacute encephalitis,graft versus host disease
1823,osteogenesis imperfecta,GM1 gangliosidosis
1824,Retinitis pigmentosa,Amyotrophic lateral sclerosis
1825,Paroxysmal cold hemoglobinuria,Autosomal dominant Charcot-Marie-Tooth disease type 2A2
1826,Rapidly involuting congenital hemangioma,Adult-onset foveomacular vitelliform dystrophy
1827,Waldenstrom macroglobulinemia,Burkitt lymphoma
1828,Somatomammotropinoma,DNAJB6-related limb-girdle muscular dystrophy D1
1829,Mucous membrane pemphigoid,Relapsing polychondritis
1830,Duchenne muscular dystrophy,systemic lupus erythematosus
1832,"Localized dystrophic epidermolysis bullosa, nails only","Localized dystrophic epidermolysis bullosa, acral form"
1833,neuroblastoma,Squamous cell carcinoma of the esophagus
1834,essential thrombocythemia,Osteosarcoma
1835,Lymphoid interstitial pneumonia,Macular corneal dystrophy
1836,Myasthenia gravis,MALT lymphoma
1837,Idiopathic/heritable pulmonary arterial hypertension,Burning mouth syndrome
1838,Thymoma type B,Medulloblastoma
1839,Diffuse cutaneous systemic sclerosis,Granulomatosis with polyangiitis
1840,Kaposi\'s sarcoma,Generalized eruptive keratoacanthoma
1841,Beta-thalassemia major,Idiopathic/heritable pulmonary arterial hypertension
1842,liposarcoma,systemic sclerosis
1843,Amyotrophic lateral sclerosis,graft versus host disease
1844,Leber congenital amaurosis,Castleman disease
1845,Classic mycosis fungoides,Waldenstrom macroglobulinemia
1846,Adult-onset foveomacular vitelliform dystrophy,Autosomal recessive spastic paraplegia type 14
1847,Drug-induced autoimmune hemolytic anemia,Myasthenia gravis
1848,\xc3\x85land Islands eye disease,Autosomal dominant Charcot-Marie-Tooth disease type 2Y
1849,Cold agglutinin disease,Myasthenia gravis
1850,Lethal infantile mitochondrial myopathy,Aregenerative anemia
1851,KLHL9-related early-onset distal myopathy,Mantle cell lymphoma
1852,sarcoidosis,Idiopathic panuveitis
1853,Acetazolamide-responsive myotonia,Adult-onset foveomacular vitelliform dystrophy
1854,GM1 gangliosidosis,systemic lupus erythematosus
1855,Carcinoid syndrome,tuberous sclerosis
1856,Herpes simplex virus stromal keratitis,Huriez syndrome
1857,Pituitary gigantism,Acetazolamide-responsive myotonia
1858,Best vitelliform macular dystrophy,Multifocal lymphangioendotheliomatosis-thrombocytopenia syndrome
1859,Classic mycosis fungoides,"Classic Hodgkin lymphoma, lymphocyte-depleted type"
1860,liposarcoma,Von Hippel-Lindau disease
1861,Congenital ichthyosis-microcephalus-tetraplegia syndrome,X-linked endothelial corneal dystrophy
1862,Classic Hodgkin lymphoma,Medullary thyroid carcinoma
1863,Congenital stationary night blindness,Transgrediens et progrediens palmoplantar keratoderma
1864,Autosomal dominant Charcot-Marie-Tooth disease type 2W,Paroxysmal cold hemoglobinuria
1865,Pineoblastoma,plasma cell myeloma
1866,Tubular aggregate myopathy,Mantle cell lymphoma
1867,intermediate uveitis,Papilloma of choroid plexus
1868,Primary biliary cholangitis,Autoimmune hepatitis
1869,Charcot-Marie-Tooth disease type 1A,Polyneuropathy associated with IgM monoclonal gammopathy with anti-MAG
1870,Autosomal dominant Charcot-Marie-Tooth disease type 2Z,Adult-onset foveomacular vitelliform dystrophy
1871,gastrointestinal stromal tumor,Castleman disease
1872,Congenital stationary night blindness,Mitochondrial myopathy with reversible cytochrome C oxidase deficiency
1873,Severe early-childhood-onset retinal dystrophy,GRFoma
1874,Indolent systemic mastocytosis,Idiopathic/heritable pulmonary arterial hypertension
1875,Combined oxidative phosphorylation defect type 13,Respiratory bronchiolitis-interstitial lung disease syndrome
1876,Classic mycosis fungoides,Autosomal dominant Charcot-Marie-Tooth disease type 2K
1877,glioblastoma,Undifferentiated pleomorphic sarcoma
1878,Psoriasis-related juvenile idiopathic arthritis,Idiopathic panuveitis
1879,Hyperimmunoglobulinemia D with periodic fever,Systemic-onset juvenile idiopathic arthritis
1880,glioblastoma,interstitial cystitis
1881,Oligocone trichromacy,Pediatric hepatocellular carcinoma
1882,Squamous cell carcinoma of the esophagus,Neuroendocrine tumor of the colon
1883,tuberous sclerosis,Neuroendocrine neoplasm of appendix
1884,Ileal neuroendocrine tumor,Papilloma of choroid plexus
1885,Idiopathic steroid-sensitive nephrotic syndrome,graft versus host disease
1886,Adult-onset foveomacular vitelliform dystrophy,Ileal neuroendocrine tumor
1887,interstitial lung disease 2,Waldenstrom macroglobulinemia
1888,Combined oxidative phosphorylation defect type 13,Idiopathic pulmonary fibrosis
1889,Ependymoma,"chronic myelogenous leukemia, BCR-ABL1 positive"
1890,Asbestos intoxication,DNA2-related mitochondrial DNA deletion syndrome
1891,Gray platelet syndrome,Primary immunodeficiency syndrome due to LAMTOR2 deficiency
1892,Alopecia totalis,Adult-onset foveomacular vitelliform dystrophy
1893,Thymic carcinoma,gastrointestinal stromal tumor
1894,Granular corneal dystrophy type II,Charcot-Marie-Tooth disease type 1A
1895,Lethal infantile mitochondrial myopathy,Congenital hereditary endothelial dystrophy type II
1896,Pure mitochondrial myopathy,S\xc3\xa9zary syndrome
1897,Medulloblastoma,Papilloma of choroid plexus
1898,Early-onset Lafora body disease,Adult-onset foveomacular vitelliform dystrophy
1899,Neuroendocrine tumor of stomach,Ileal neuroendocrine tumor
1900,Desmoid tumor,Acute myelomonocytic leukemia
1901,Pili gemini,Adult-onset foveomacular vitelliform dystrophy
1902,Klatskin tumor,Neuroendocrine tumor of the rectum
1903,Amyotrophic lateral sclerosis,Huntington disease
1904,Pure mitochondrial myopathy,Bickerstaff brainstem encephalitis
1905,Adult acute respiratory distress syndrome,polymyositis
1906,Dysferlin-related limb-girdle muscular dystrophy R2,Facioscapulohumeral dystrophy
1907,Citrullinemia type I,MALT lymphoma
1908,Classic Hodgkin lymphoma,TRAPPC11-related limb-girdle muscular dystrophy R18
1909,Leber congenital amaurosis,eosinophilic granulomatosis with polyangiitis
1910,Short-limb skeletal dysplasia with severe combined immunodeficiency,Mitochondrial myopathy with reversible cytochrome C oxidase deficiency
1911,Pure mitochondrial myopathy,PFAPA syndrome
1912,"chronic myelogenous leukemia, BCR-ABL1 positive",mantle cell lymphoma
1913,Granulomatosis with polyangiitis,AL amyloidosis
1914,multiple system atrophy,systemic sclerosis
1915,Lethal infantile mitochondrial myopathy,17q12 microdeletion syndrome
1916,Congenital stationary night blindness,Charcot-Marie-Tooth disease type 4G
1917,dermatomyositis,Pemphigus vulgaris
1918,Pituitary gigantism,Charcot-Marie-Tooth disease type 4A
1919,Adult-onset distal myopathy due to VCP mutation,Best vitelliform macular dystrophy
1920,Tay-Sachs disease,Krabbe disease
1921,Oromandibular dystonia,Granular corneal dystrophy type I
1922,Segmental outgrowth-lipomatosis-arteriovenous malformation-epidermal nevus syndrome,Bannayan-Riley-Ruvalcaba syndrome
1923,Adenylosuccinate synthetase-like 1-related distal myopathy,MALT lymphoma
1924,Stargardt disease,"Hereditary palmoplantar keratoderma, Gamborg-Nielsen type"
1925,Acute graft versus host disease,Vogt-Koyanagi-Harada disease
1926,systemic sclerosis,Hemophilia B
1927,Primary effusion lymphoma,Primary peritoneal carcinoma
1928,meningioma,Bronchial neuroendocrine tumor
1929,Transgrediens et progrediens palmoplantar keratoderma,Follicular lymphoma
1930,polymyositis,Giant cell arteritis
1931,Zollinger-Ellison syndrome,Autosomal dominant Charcot-Marie-Tooth disease type 2W
1932,Ebola hemorrhagic fever,Bronchopulmonary dysplasia
1933,plasma cell myeloma,Toxic epidermal necrolysis
1934,Autosomal dominant optic atrophy and cataract,Pituitary gigantism
1935,"Adult-onset cervical dystonia, DYT23 type",Retinitis punctata albescens
1936,Autosomal dominant Charcot-Marie-Tooth disease type 2Y,Lymphoid interstitial pneumonia
1937,Primary myelofibrosis,Acute panmyelosis with myelofibrosis
1938,MALT lymphoma,Paroxysmal non-kinesigenic dyskinesia
1939,Pure mitochondrial myopathy,Pituitary gigantism
1940,Best vitelliform macular dystrophy,Autosomal dominant spastic paraplegia type 9B
1941,Autosomal dominant centronuclear myopathy,\xc3\x85land Islands eye disease
1942,Stargardt disease,"Autosomal dominant focal dystonia, DYT25 type"
1943,Mutilating hereditary sensory neuropathy with spastic paraplegia,Adult-onset foveomacular vitelliform dystrophy
1944,Acute interstitial pneumonia,Autosomal dominant Charcot-Marie-Tooth disease type 2F
1945,Congenital ichthyosis-microcephalus-tetraplegia syndrome,Epithelial recurrent erosion dystrophy
1946,glioblastoma,acquired polycythemia vera
1947,neuroblastoma,Classic Hodgkin lymphoma
1948,interstitial lung disease 2,Cryptogenic organizing pneumonia
1949,DNAJB6-related limb-girdle muscular dystrophy D1,MALT lymphoma
1950,Cholangiocarcinoma,Gangliocytoma
1951,Bullous pemphigoid,hemophilia A
1952,Relapsing polychondritis,"Autoimmune hemolytic anemia, warm type"
1953,Lethal infantile mitochondrial myopathy,Acute panmyelosis with myelofibrosis
1954,Retinitis punctata albescens,Charcot-Marie-Tooth disease type 4A
1955,liposarcoma,gastrointestinal stromal tumor
1956,"Classic Hodgkin lymphoma, mixed cellularity type",Szary syndrome
1957,Bernard-Soulier syndrome,Respiratory bronchiolitis-interstitial lung disease syndrome
1958,Rhabdoid tumor,Dedifferentiated liposarcoma
1959,Hereditary hyperferritinemia-cataract syndrome,Mitochondrial myopathy with reversible cytochrome C oxidase deficiency
1960,Asbestos intoxication,Familial drusen
1961,fragile X syndrome,interstitial cystitis
1962,T-B+ severe combined immunodeficiency due to IL-7Ralpha deficiency,TRAPPC11-related limb-girdle muscular dystrophy R18
1963,Anoctamin-5-related limb-girdle muscular dystrophy R12,Classic mycosis fungoides
1964,Fuchs endothelial corneal dystrophy,Charcot-Marie-Tooth disease type 4A
1965,Cold agglutinin disease,plasma cell myeloma
1966,tuberous sclerosis,graft versus host disease
1967,Gray platelet syndrome,Autosomal dominant Charcot-Marie-Tooth disease type 2W
1968,Chronic graft versus host disease,Classic Hodgkin lymphoma
1969,"Distal myopathy, Tateyama type",Adult-onset foveomacular vitelliform dystrophy
1970,Classic mycosis fungoides,Chronic graft versus host disease
1971,"chronic myelogenous leukemia, BCR-ABL1 positive",essential thrombocythemia
1972,Familial chylomicronemia syndrome,Homozygous familial hypercholesterolemia
1973,Rhabdoid tumor,Pleural mesothelioma
1974,neuroblastoma,GM1 gangliosidosis
1975,DNAJB6-related limb-girdle muscular dystrophy D1,PPoma
1976,Early-onset spastic ataxia-myoclonic epilepsy-neuropathy syndrome,Adult-onset foveomacular vitelliform dystrophy
1977,\xc3\x85land Islands eye disease,Infant acute respiratory distress syndrome
1978,Neurotrophic keratopathy,Zebra body myopathy
1979,sarcoidosis,Relapsing polychondritis
1980,microscopic polyangiitis,osteogenesis imperfecta
1981,Cystic fibrosis,MALT lymphoma
1982,Zollinger-Ellison syndrome,Retinitis punctata albescens
1983,"Adult-onset cervical dystonia, DYT23 type",Fuchs endothelial corneal dystrophy
1984,MALT lymphoma,Autosomal dominant spastic paraplegia type 12
1985,Cutaneous collagenous vasculopathy,Well-differentiated liposarcoma
1986,Glucagonoma,Autosomal dominant Charcot-Marie-Tooth disease type 2A2
1987,Rhabdoid tumor,Atypical teratoid rhabdoid tumor
1988,Chronic graft versus host disease,Tufted angioma
1989,Stargardt disease,Male infertility with teratozoospermia due to single gene mutation
1990,acquired polycythemia vera,gastrointestinal stromal tumor
1991,Beta-thalassemia,plasma cell myeloma
1992,glioblastoma,plasma cell myeloma
1993,graft versus host disease,Castleman disease
1994,glioblastoma,Malaria
1995,Mixed-type autoimmune hemolytic anemia,Genetic steroid-resistant nephrotic syndrome
1996,Male infertility with teratozoospermia due to single gene mutation,Macular corneal dystrophy
1997,Autosomal dominant Charcot-Marie-Tooth disease type 2W,Familial drusen
1998,hemophilia A,Bleeding disorder in hemophilia B carriers
1999,Relapsing polychondritis,Immunoglobulin A vasculitis
2000,tuberous sclerosis,Waldenstrom macroglobulinemia
2001,Neurotrophic keratopathy,Cranio-cervical dystonia with laryngeal and upper-limb involvement
2002,Juvenile dermatomyositis,Idiopathic uveal effusion syndrome
2003,plasma cell myeloma,Osteogenesis imperfecta type 3
2004,Asbestos intoxication,Charcot-Marie-Tooth disease type 1F
2005,Lethal infantile mitochondrial myopathy,"Adult-onset cervical dystonia, DYT23 type"
2006,GRFoma,Neuroendocrine tumor of anal canal
2007,"chronic myelogenous leukemia, BCR-ABL1 positive",Hepatitis delta
2008,Granular corneal dystrophy type I,Charcot-Marie-Tooth disease type 4G
2009,Congenital ichthyosis-microcephalus-tetraplegia syndrome,Somatomammotropinoma
2010,"Autoimmune hemolytic anemia, warm type",Pemphigus vulgaris
2011,Dystonia-aphonia syndrome,Thiel-Behnke corneal dystrophy
2012,Mitochondrial myopathy with reversible cytochrome C oxidase deficiency,Acute erythroid leukemia
2013,Pure mitochondrial myopathy,"Primary dystonia, DYT21 type"
2014,Severe early-childhood-onset retinal dystrophy,MALT lymphoma
2015,Adult-onset foveomacular vitelliform dystrophy,Familial isolated hyperparathyroidism
2016,Pure mitochondrial myopathy,Charcot-Marie-Tooth disease type 4B2
2017,Asbestos intoxication,Pituitary gigantism
2018,systemic lupus erythematosus,AL amyloidosis
2019,Waldenstr\xc3\xb6m macroglobulinemia,Adult-onset foveomacular vitelliform dystrophy
2020,Mitochondrial myopathy with reversible cytochrome C oxidase deficiency,Elastoderma
2021,Neurotrophic keratopathy,Neutral lipid storage myopathy
2022,sarcoidosis,Cryptogenic organizing pneumonia
2023,graft versus host disease,Giant cell arteritis
2024,Late-onset retinal degeneration,Diffuse palmoplantar keratoderma-acrocyanosis syndrome
2025,Anoctamin-5-related limb-girdle muscular dystrophy R12,X-linked endothelial corneal dystrophy
2026,Zollinger-Ellison syndrome,Oligocone trichromacy
2027,Isolated polycystic liver disease,PPoma
2028,Schnitzler syndrome,Idiopathic uveal effusion syndrome
2029,Osteosarcoma,thymoma
2030,acquired polycythemia vera,Granulomatosis with polyangiitis
2031,Generalized epilepsy with febrile seizures-plus,Non-specific early-onset epileptic encephalopathy
2032,Mitochondrial myopathy with reversible cytochrome C oxidase deficiency,Charcot-Marie-Tooth disease type 4A
2033,Neurotrophic keratopathy,Mutilating palmoplantar keratoderma with periorificial keratotic plaques
2034,TSH-secreting pituitary adenoma,Charcot-Marie-Tooth disease type 1B
2035,Adult-onset dystonia-parkinsonism,Adult-onset foveomacular vitelliform dystrophy
2036,microscopic polyangiitis,gastrointestinal stromal tumor
2037,Functioning gonadotropic adenoma,Charcot-Marie-Tooth disease type 1A
2038,glycogen storage disease II,follicular lymphoma
2039,dermatomyositis,Retinitis pigmentosa
2040,Gaucher disease,Gaucher disease type 3
2041,Pemphigus erythematosus,Adult-onset foveomacular vitelliform dystrophy
2042,Tubular aggregate myopathy,Follicular lymphoma
2043,Herpes simplex virus stromal keratitis,Pituitary gigantism
2044,Follicular lymphoma,Charcot-Marie-Tooth disease type 4D
2045,Cryptogenic organizing pneumonia,DNAJB6-related limb-girdle muscular dystrophy D1
2046,Autosomal dominant spastic paraplegia type 37,Adult-onset foveomacular vitelliform dystrophy
2047,dermatomyositis,Vernal keratoconjunctivitis
2048,Pleural mesothelioma,Subcutaneous panniculitis-like T-cell lymphoma
2049,Idiopathic/heritable pulmonary arterial hypertension,acquired polycythemia vera
2050,Vitamin B12-responsive methylmalonic acidemia,Moderate hemophilia B
2051,Gerstmann-Straussler-Scheinker syndrome,AL amyloidosis
2052,GM1 gangliosidosis,Krabbe disease
2053,T-B+ severe combined immunodeficiency due to CD3delta/CD3epsilon/CD3zeta,Gray platelet syndrome
2054,Chronic beryllium disease,Charcot-Marie-Tooth disease type 4B2
2055,Classic mycosis fungoides,Classic Hodgkin lymphoma
2056,Adenocarcinoma of the esophagus,Cutaneous neuroendocrine carcinoma
2057,Neurotrophic keratopathy,Charcot-Marie-Tooth disease type 4B2
2058,Mutilating palmoplantar keratoderma with periorificial keratotic plaques,Functioning gonadotropic adenoma
2059,sarcoidosis,mantle cell lymphoma
2060,Late-onset retinal degeneration,VIPoma
2061,Systemic-onset juvenile idiopathic arthritis,Polyarteritis nodosa
2062,Chronic pneumonitis of infancy,Adult-onset foveomacular vitelliform dystrophy
2063,Autosomal dominant centronuclear myopathy,Lethal infantile mitochondrial myopathy
2064,Neuroendocrine tumor of stomach,Lymphangioleiomyomatosis
2065,Familial Mediterranean fever,Fibrous dysplasia of bone
2066,Transgrediens et progrediens palmoplantar keratoderma,DNAJB6-related limb-girdle muscular dystrophy D1
2067,Uveal melanoma,Subcutaneous panniculitis-like T-cell lymphoma
2068,Fuchs endothelial corneal dystrophy,"Primary dystonia, DYT6 type"
2069,Gaucher disease,Gaucher disease type 1
2070,Classic Hodgkin lymphoma,Atypical teratoid rhabdoid tumor
2071,Paroxysmal cold hemoglobinuria,Charcot-Marie-Tooth disease type 4D
2072,Ovarian fibroma,Adult-onset foveomacular vitelliform dystrophy
2073,Adult-onset nemaline myopathy,Adult-onset foveomacular vitelliform dystrophy
2074,autoimmune thrombocytopenic purpura,eosinophilic granulomatosis with polyangiitis
2075,Solitary fibrous tumor,Nephroblastoma
2076,Striate palmoplantar keratoderma,Adult-onset foveomacular vitelliform dystrophy
2077,Adult-onset foveomacular vitelliform dystrophy,X-linked spastic paraplegia type 16
2078,Neurotrophic keratopathy,Glioblastoma
2079,Thymoma type B,Bronchial neuroendocrine tumor
2080,Facioscapulohumeral dystrophy,Follicular lymphoma
2081,TRAPPC11-related limb-girdle muscular dystrophy R18,Huriez syndrome
2082,Osteosarcoma,Autosomal dominant polycystic kidney disease
2083,Pituicytoma,Severe early-childhood-onset retinal dystrophy
2084,Somatostatinoma,Charcot-Marie-Tooth disease type 4D
2085,X-linked endothelial corneal dystrophy,Infant acute respiratory distress syndrome
2086,Cushing disease,Adult-onset foveomacular vitelliform dystrophy
2087,MALT lymphoma,Persistent hyperplastic primary vitreous
2088,Fuchs endothelial corneal dystrophy,Autosomal dominant Charcot-Marie-Tooth disease type 2E
2089,Mutilating palmoplantar keratoderma with periorificial keratotic plaques,Charcot-Marie-Tooth disease type 4A
2090,Atopic keratoconjunctivitis,Lethal infantile mitochondrial myopathy
2091,Autosomal dominant Charcot-Marie-Tooth disease type 2W,Lymphoid interstitial pneumonia
2092,Monosomy 18p,Mitochondrial myopathy with reversible cytochrome C oxidase deficiency
2093,liposarcoma,Hemangioblastoma
2094,Thyrotoxic periodic paralysis,MALT lymphoma
2095,Non-epidermolytic palmoplantar keratoderma,Pure mitochondrial myopathy
2096,Classic Hodgkin lymphoma,Malignant peritoneal mesothelioma
2097,Mantle cell lymphoma,Congenital non-bullous ichthyosiform erythroderma
2098,acquired polycythemia vera,Rheumatoid factor-negative polyarticular juvenile idiopathic arthritis
2099,Oligoarticular juvenile idiopathic arthritis,Idiopathic uveal effusion syndrome
2100,Isolated polycystic liver disease,Medullary thyroid carcinoma
2101,Adenocarcinoma of the esophagus,Neuroendocrine tumor of the colon
2102,Non-epidermolytic palmoplantar keratoderma,Familial drusen
2103,TRAPPC11-related limb-girdle muscular dystrophy R18,VIPoma
2104,Functioning gonadotropic adenoma,Autosomal dominant Charcot-Marie-Tooth disease type 2K
2105,Becker muscular dystrophy,Adult-onset foveomacular vitelliform dystrophy
2106,Infant acute respiratory distress syndrome,Familial drusen
2107,Neurotrophic keratopathy,Somatostatinoma
2108,Thiel-Behnke corneal dystrophy,"Primary dystonia, DYT4 type"
2109,Fanconi anemia,Wiskott-Aldrich syndrome
2110,Autosomal dominant severe congenital neutropenia,Adult-onset foveomacular vitelliform dystrophy
2111,Bernard-Soulier syndrome,TSH-secreting pituitary adenoma
2112,Primary myelofibrosis,Nephroblastoma
2113,Herpes simplex virus stromal keratitis,"Late-onset distal myopathy, Markesbery-Griggs type"
2114,"chronic myelogenous leukemia, BCR-ABL1 positive",X-linked adrenoleukodystrophy
2115,Anoctamin-5-related limb-girdle muscular dystrophy R12,Functioning gonadotropic adenoma
2116,Osteosarcoma,Beta-thalassemia
2117,Familial drusen,MALT lymphoma
2118,Follicular lymphoma,Autosomal dominant Charcot-Marie-Tooth disease type 2K
2119,Autosomal dominant keratitis,Gray platelet syndrome
2120,Cystic fibrosis,Hereditary breast and/or ovarian cancer syndrome
2121,"chronic myelogenous leukemia, BCR-ABL1 positive",Malaria
2122,Best vitelliform macular dystrophy,"Primary dystonia, DYT4 type"
2123,NMDA receptor encephalitis,Acute transverse myelitis with anti-MOG antibodies
2124,Uveal melanoma,neuroblastoma
2125,Beta-thalassemia,Chronic graft versus host disease
2126,Somatostatinoma,Rhabdoid tumor
2127,Mitochondrial myopathy with reversible cytochrome C oxidase deficiency,Pituitary gigantism
2128,follicular lymphoma,Primary peritoneal carcinoma
2129,Inclusion body myositis,Familial adenomatous polyposis
2130,Best vitelliform macular dystrophy,Autosomal spastic paraplegia type 58
2131,Chronic beryllium disease,Congenital ichthyosis-microcephalus-tetraplegia syndrome
2132,Pure mitochondrial myopathy,Severe early-childhood-onset retinal dystrophy
2133,Cholangiocarcinoma,Squamous cell carcinoma of the esophagus
2134,Isolated agammaglobulinemia,MALT lymphoma
2135,"Adult-onset cervical dystonia, DYT23 type",Follicular lymphoma
2136,Stargardt disease,Congenital ichthyosis-microcephalus-tetraplegia syndrome
2137,Primary effusion lymphoma,Catastrophic antiphospholipid syndrome
2138,Lethal infantile mitochondrial myopathy,"Primary dystonia, DYT2 type"
2139,Beta-thalassemia,X-linked sideroblastic anemia
2140,Primary myelofibrosis,Cholangiocarcinoma
2141,Semantic dementia,Behavioral variant of frontotemporal dementia
2142,Autosomal dominant spastic paraplegia type 36,MALT lymphoma
2143,Amyotrophic lateral sclerosis,Proximal spinal muscular atrophy type 3
2144,Neuroendocrine tumor of the rectum,Glucagonoma
2145,Autosomal dominant centronuclear myopathy,Classic mycosis fungoides
2146,Pineoblastoma,Carcinoid syndrome
2147,interstitial lung disease 2,Polyarteritis nodosa
2148,mantle cell lymphoma,"Classic Hodgkin lymphoma, nodular sclerosis type"
2149,Immune thrombocytopenia,Autosomal dominant Charcot-Marie-Tooth disease type 2A2
2150,Primary Sjgren syndrome,Opsoclonus-myoclonus syndrome
2151,MERRF,Mitochondrial DNA-associated Leigh syndrome
2152,hemophilia A,Hemophilia B
2153,tuberous sclerosis,mantle cell lymphoma
2154,Retinitis punctata albescens,Ichthyosis-prematurity syndrome
2155,microscopic polyangiitis,neuroblastoma
2156,Acute monoblastic/monocytic leukemia,DNAJB6-related limb-girdle muscular dystrophy D1
2157,Ependymoma,plasma cell myeloma
2158,Stargardt disease,"Primary dystonia, DYT21 type"
2159,Refractory anemia with excess blasts,MALT lymphoma
2161,Autosomal recessive spastic paraplegia type 62,MALT lymphoma
2162,Kaposi\'s sarcoma,Complex regional pain syndrome
2163,autoimmune thrombocytopenic purpura,plasma cell myeloma
2164,Immune thrombocytopenia,Charcot-Marie-Tooth disease type 4G
2165,Ileal neuroendocrine tumor,Thymic neuroendocrine tumor
2166,Congenital hereditary endothelial dystrophy type II,DNAJB6-related limb-girdle muscular dystrophy D1
2167,Quinquaud folliculitis decalvans,Adult-onset foveomacular vitelliform dystrophy
2168,glioblastoma,Glucagonoma
2169,Best vitelliform macular dystrophy,Chronic pneumonitis of infancy
2170,\xc3\x85land Islands eye disease,Epidermolytic palmoplantar keratoderma
2171,Duchenne muscular dystrophy,essential thrombocythemia
2172,Neurotrophic keratopathy,Medium chain acyl-CoA dehydrogenase deficiency
2173,Mitochondrial myopathy with reversible cytochrome C oxidase deficiency,PPoma
2174,Facioscapulohumeral dystrophy,Adult-onset foveomacular vitelliform dystrophy
2175,Ependymoma,Diffuse cutaneous systemic sclerosis
2176,Lethal infantile mitochondrial myopathy,Proximal 16p11.2 microdeletion syndrome
2177,progressive supranuclear palsy,Indolent systemic mastocytosis
2178,Waldenstrom macroglobulinemia,"Autoimmune hemolytic anemia, warm type"
2179,Best vitelliform macular dystrophy,"Primary dystonia, DYT17 type"
2180,Male infertility with teratozoospermia due to single gene mutation,MALT lymphoma
2181,Monosomy 18p,DNAJB6-related limb-girdle muscular dystrophy D1
2182,Ependymoma,Idiopathic panuveitis
2183,Chronic graft versus host disease,Opsoclonus-myoclonus syndrome
2184,Adult-onset foveomacular vitelliform dystrophy,Autosomal recessive spastic paraplegia type 27
2185,TRAPPC11-related limb-girdle muscular dystrophy R18,Congenital hypothyroidism due to transplacental passage of TSH-binding inhibitory antibodies
2186,Tay-Sachs disease,"GM2 gangliosidosis, AB variant"
2187,Autosomal dominant congenital benign spinal muscular atrophy,Adult-onset foveomacular vitelliform dystrophy
2188,Relapsing polychondritis,Burkitt lymphoma
2189,Amyotrophic lateral sclerosis,glycogen storage disease II
2190,Gaucher disease,Waldenstrom macroglobulinemia
2191,Thymic carcinoma,Szary syndrome
2192,Paris-Trousseau thrombocytopenia,Granular corneal dystrophy type I
2193,Lymphoid interstitial pneumonia,Charcot-Marie-Tooth disease type 1B
2194,Congenital stationary night blindness,Idiopathic acute eosinophilic pneumonia
2195,Idiopathic steroid-sensitive nephrotic syndrome,Mucous membrane pemphigoid
2196,Mucous membrane pemphigoid,mantle cell lymphoma
2197,Stargardt disease,TRAPPC11-related limb-girdle muscular dystrophy R18
2198,Central core disease,MALT lymphoma
2199,\xc3\x85land Islands eye disease,Paroxysmal cold hemoglobinuria
2200,Vogt-Koyanagi-Harada disease,Autosomal dominant polycystic kidney disease
2201,Alport syndrome,Immunoglobulin A vasculitis
2202,Retinitis punctata albescens,Functioning gonadotropic adenoma
2203,Herpes simplex virus stromal keratitis,Short chain acyl-CoA dehydrogenase deficiency
2204,Stargardt disease,Pituicytoma
2205,Duchenne muscular dystrophy,Dysferlin-related limb-girdle muscular dystrophy R2
2206,Familial pancreatic carcinoma,mantle cell lymphoma
2207,systemic sclerosis,Medulloblastoma
2208,Idiopathic hypereosinophilic syndrome,TRAPPC11-related limb-girdle muscular dystrophy R18
2209,Epidermolytic palmoplantar keratoderma,Gray platelet syndrome
2210,Gaucher disease,AL amyloidosis
2211,Alport syndrome,Idiopathic/heritable pulmonary arterial hypertension
2212,hemophilia A,Moderate hemophilia A
2213,Idiopathic steroid-sensitive nephrotic syndrome,Acquired idiopathic sideroblastic anemia
2214,Spastic paraplegia-precocious puberty syndrome,Adult-onset foveomacular vitelliform dystrophy
2215,MALT lymphoma,Addison disease
2216,"Primary dystonia, DYT27 type",Adult-onset foveomacular vitelliform dystrophy
2217,Polyneuropathy associated with IgM monoclonal gammopathy with anti-MAG,Waldenstrom macroglobulinemia
2218,Bullous pemphigoid,Primary myelofibrosis
2219,Pure mitochondrial myopathy,Persistent hyperplastic primary vitreous
2220,Combined malonic and methylmalonic acidemia,Adult-onset foveomacular vitelliform dystrophy
2221,Elastoderma,DNAJB6-related limb-girdle muscular dystrophy D1
2222,"chronic myelogenous leukemia, BCR-ABL1 positive",Tay-Sachs disease
2223,Hermansky-Pudlak syndrome,Lymphoid interstitial pneumonia
2224,Idiopathic acute eosinophilic pneumonia,Thiel-Behnke corneal dystrophy
2225,Hermansky-Pudlak syndrome,Chronic pneumonitis of infancy
2226,Mitochondrial myopathy with reversible cytochrome C oxidase deficiency,Best vitelliform macular dystrophy
2227,Primary myelofibrosis,plasma cell myeloma
2228,Polyneuropathy associated with IgM monoclonal gammopathy with anti-MAG,Adult-onset myasthenia gravis
2229,Ependymoma,Gliosarcoma
2230,hemophilia A,Granulomatosis with polyangiitis
2231,essential thrombocythemia,Central retinal vein occlusion
2232,Rett syndrome,Atypical Rett syndrome
2233,"Hereditary palmoplantar keratoderma, Gamborg-Nielsen type",Pituitary gigantism
2234,Classic Hodgkin lymphoma,Burkitt lymphoma
2235,Acute myelomonocytic leukemia,Opsoclonus-myoclonus syndrome
2236,Lafora disease,Best vitelliform macular dystrophy
2237,Ileal neuroendocrine tumor,Neurofibromatosis type 1
2238,Combined immunodeficiency due to partial RAG1 deficiency,Adult-onset foveomacular vitelliform dystrophy
2239,Isolated polycystic liver disease,Classic neuroendocrine tumor of appendix
2240,neuroblastoma,Birt-Hogg-Dub syndrome
2241,meningioma,Primary peritoneal carcinoma
2242,Follicular lymphoma,"Primary dystonia, DYT6 type"
2243,systemic lupus erythematosus,Idiopathic steroid-sensitive nephrotic syndrome with secondary steroid resistance
2244,Chronic graft versus host disease,Rasmussen subacute encephalitis
2245,Autosomal dominant Charcot-Marie-Tooth disease type 2W,Thiel-Behnke corneal dystrophy
2246,Dehydrated hereditary stomatocytosis,Adult-onset foveomacular vitelliform dystrophy
2247,Sandhoff disease,"GM2 gangliosidosis, AB variant"
2248,Non-distal trisomy 10q,Mitochondrial myopathy with reversible cytochrome C oxidase deficiency
2249,Pediatric systemic lupus erythematosus,Polyarteritis nodosa
2250,gastrointestinal stromal tumor,follicular lymphoma
2251,Carnitine palmitoyl transferase 1A deficiency,Huntington disease
2252,Hereditary breast and/or ovarian cancer syndrome,Primary peritoneal carcinoma
2253,Solitary fibrous tumor,Von Hippel-Lindau disease
2254,Ependymoma,Adult-onset foveomacular vitelliform dystrophy
2255,Pure mitochondrial myopathy,Unclassified myelodysplastic syndrome
2256,X-linked endothelial corneal dystrophy,Male infertility with teratozoospermia due to single gene mutation
2257,DNA2-related mitochondrial DNA deletion syndrome,Paroxysmal cold hemoglobinuria
2258,Pure mitochondrial myopathy,Idiopathic pulmonary hemosiderosis
2259,Pure mitochondrial myopathy,Charcot-Marie-Tooth disease type 1B
2260,Herpes simplex virus stromal keratitis,Charcot-Marie-Tooth disease type 4C
2261,Neuroendocrine neoplasm of appendix,Acromegaly
2262,Autosomal dominant centronuclear myopathy,Cryptogenic organizing pneumonia
2263,MALT lymphoma,Autosomal recessive Charcot-Marie-Tooth disease with hoarseness
2264,Cold agglutinin disease,Adult-onset myasthenia gravis
2265,Herpes simplex virus stromal keratitis,Distal myopathy with posterior leg and anterior hand involvement
2266,Ependymoma,mantle cell lymphoma
2267,thymoma,Tay-Sachs disease
2268,Retinitis punctata albescens,Glucagonoma
2269,"Adult-onset cervical dystonia, DYT23 type",Mantle cell lymphoma
2270,Best vitelliform macular dystrophy,Somatostatinoma
2271,Anaplastic thyroid carcinoma,Central neurocytoma
2272,Ependymoma,Nephroblastoma
2273,Best vitelliform macular dystrophy,MALT lymphoma
2274,Pituicytoma,Familial drusen
2275,Mutilating palmoplantar keratoderma with periorificial keratotic plaques,Fuchs endothelial corneal dystrophy
2276,Adult-onset multiple mitochondrial DNA deletion syndrome due to DGUOK deficiency,GRFoma
2277,Granulomatosis with polyangiitis,Krabbe disease
2278,DNAJB6-related limb-girdle muscular dystrophy D1,Adult-onset foveomacular vitelliform dystrophy
2279,sarcoidosis,AL amyloidosis
2280,Myxoid/round cell liposarcoma,Malignant peritoneal mesothelioma
2281,"Autoimmune hemolytic anemia, warm type",Autoimmune hepatitis
2282,Epidermolytic palmoplantar keratoderma,Lethal infantile mitochondrial myopathy
2283,Anoctamin-5-related limb-girdle muscular dystrophy R12,VIPoma
2284,VIPoma,Autosomal dominant Charcot-Marie-Tooth disease type 2A2
2285,MALT lymphoma,Panhypophysitis
2286,Mucous membrane pemphigoid,Immune-mediated thrombotic thrombocytopenic purpura
2287,Classic Hodgkin lymphoma,graft versus host disease
2288,Zollinger-Ellison syndrome,Mutilating palmoplantar keratoderma with periorificial keratotic plaques
2289,Zollinger-Ellison syndrome,Epithelial recurrent erosion dystrophy
2290,Pentasomy X,Lethal infantile mitochondrial myopathy
2291,Mendelian susceptibility to mycobacterial diseases due to complete IL12RB1 deficiency,Familial drusen
2292,gastrointestinal stromal tumor,Thymic neuroendocrine tumor
2293,Lethal infantile mitochondrial myopathy,Distal 7q11.23 microdeletion syndrome
2294,Autosomal recessive complex spastic paraplegia due to Kennedy pathway dysfunction,Adult-onset foveomacular vitelliform dystrophy
2295,Thomsen and Becker disease,Adult-onset foveomacular vitelliform dystrophy
2296,Idiopathic steroid-sensitive nephrotic syndrome,mantle cell lymphoma
2297,thymoma,Acromegaly
2298,Bronchial neuroendocrine tumor,Thymic neuroendocrine tumor
2299,Somatostatinoma,Macular corneal dystrophy
2300,Follicular lymphoma,Myotonia fluctuans
2301,\xc3\x85land Islands eye disease,Male infertility with azoospermia or oligozoospermia due to single gene mutation
2302,Chronic beryllium disease,Granular corneal dystrophy type I
2303,Early-onset generalized limb-onset dystonia,Best vitelliform macular dystrophy
2304,systemic lupus erythematosus,Immune-mediated thrombotic thrombocytopenic purpura
2305,"chronic myelogenous leukemia, BCR-ABL1 positive",microscopic polyangiitis
2306,dermatomyositis,Leber hereditary optic neuropathy
2307,Somatomammotropinoma,Diffuse palmoplantar keratoderma-acrocyanosis syndrome
2308,Adult-onset foveomacular vitelliform dystrophy,Charcot-Marie-Tooth disease type 4A
2309,Opsoclonus-myoclonus syndrome,Polyarteritis nodosa
2310,meningioma,Acromegaly
2311,gastrointestinal stromal tumor,Gangliocytoma
2312,Polyneuropathy associated with IgM monoclonal gammopathy with anti-MAG,"Autoimmune hemolytic anemia, warm type"
2313,liposarcoma,Gaucher disease
2314,Lattice corneal dystrophy type I,"Primary dystonia, DYT4 type"
2315,Transgrediens et progrediens palmoplantar keratoderma,Thiel-Behnke corneal dystrophy
2316,Hereditary sensory and autonomic neuropathy type 2,MALT lymphoma
2317,Vogt-Koyanagi-Harada disease,intermediate uveitis
2318,neuroblastoma,Desmoplastic small round cell tumor
2319,plasma cell myeloma,Friedreich ataxia
2320,Subependymoma,Mitochondrial myopathy with reversible cytochrome C oxidase deficiency
2321,liposarcoma,Tay-Sachs disease
2322,aspergillosis,Progressive familial intrahepatic cholestasis
2323,Familial Alzheimer-like prion disease,Adult-onset foveomacular vitelliform dystrophy
2324,Carcinoid syndrome,Isolated polycystic liver disease
2325,Epidermolytic palmoplantar keratoderma,MALT lymphoma
2326,Epidermolysis bullosa simplex with circinate migratory erythema,Best vitelliform macular dystrophy
2327,Chronic beryllium disease,Autosomal dominant Charcot-Marie-Tooth disease type 2Y
2328,Benign familial neonatal-infantile seizures,Dravet syndrome
2329,Autosomal dominant Charcot-Marie-Tooth disease type 2Y,Acute interstitial pneumonia
2330,interstitial lung disease 2,Genetic steroid-resistant nephrotic syndrome
2331,Beta-thalassemia major,Beta-thalassemia intermedia
2332,Primary myelofibrosis,Krabbe disease
2333,Mitochondrial myopathy with reversible cytochrome C oxidase deficiency,Microcornea-glaucoma-absent frontal sinuses syndrome
2334,Combined oxidative phosphorylation defect type 13,Follicular lymphoma
2335,Beta-thalassemia,aspergillosis
2336,Tay-Sachs disease,Gaucher disease type 3
2337,glioblastoma,Acquired idiopathic sideroblastic anemia
2338,Adult-onset foveomacular vitelliform dystrophy,Spinocerebellar ataxia type 11
2339,sarcoidosis,paroxysmal nocturnal hemoglobinuria
2340,Relapsing polychondritis,systemic lupus erythematosus
2341,Transgrediens et progrediens palmoplantar keratoderma,Familial drusen
2342,Myxoid/round cell liposarcoma,follicular lymphoma
2343,Primary peritoneal carcinoma,AL amyloidosis
2344,microscopic polyangiitis,interstitial cystitis
2345,Idiopathic aplastic anemia,Beta-thalassemia major
2346,Herpes simplex virus stromal keratitis,Granulomatous slack skin
2347,Amyotrophic lateral sclerosis,Castleman disease
2348,Primary membranoproliferative glomerulonephritis,Tetralogy of Fallot
2350,Myasthenia gravis,Mixed-type autoimmune hemolytic anemia
2351,Primary sclerosing cholangitis,Carnitine palmitoyltransferase II deficiency
2352,Pure mitochondrial myopathy,Proximal 16p11.2 microdeletion syndrome
2353,neuroblastoma,Malignant peritoneal mesothelioma
2354,Mucous membrane pemphigoid,Myasthenia gravis
2355,Autosomal dominant polycystic kidney disease,Familial adenomatous polyposis
2356,Bullous pemphigoid,neuroblastoma
2357,MALT lymphoma,Autosomal dominant spastic paraplegia type 3
2358,3q29 microduplication syndrome,Lethal infantile mitochondrial myopathy
2359,Hemihyperplasia-multiple lipomatosis syndrome,Hemimegalencephaly
2360,Gray platelet syndrome,GRFoma
2361,Solitary fibrous tumor,Kaposi\'s sarcoma
2362,Rhabdoid tumor,follicular lymphoma
2363,glioblastoma,Autoimmune hepatitis
2364,Keratosis palmaris et plantaris-clinodactyly syndrome,Bothnia retinal dystrophy
2366,"Adult-onset cervical dystonia, DYT23 type",Mutilating palmoplantar keratoderma with periorificial keratotic plaques
2367,Focal palmoplantar and gingival keratoderma,Congenital hereditary endothelial dystrophy type II
2368,Cholangiocarcinoma,Papilloma of choroid plexus
2369,MALT lymphoma,Autosomal spastic paraplegia type 30
2370,Mitochondrial myopathy with reversible cytochrome C oxidase deficiency,Epithelial recurrent erosion dystrophy
2371,Relapsing polychondritis,Opsoclonus-myoclonus syndrome
2372,Lethal infantile mitochondrial myopathy,Addison disease
2373,paroxysmal nocturnal hemoglobinuria,interstitial cystitis
2374,TRAPPC11-related limb-girdle muscular dystrophy R18,Ichthyosis-prematurity syndrome
2375,Malignant peritoneal mesothelioma,follicular lymphoma
2376,"Autosomal recessive generalized dystrophic epidermolysis bullosa, intermediate form",Refractory anemia with excess blasts type 2
2377,glioblastoma,Hereditary hemorrhagic telangiectasia
2378,Craniopharyngioma,plasma cell myeloma
2379,Nephroblastoma,AL amyloidosis
2380,Adult-onset multiple mitochondrial DNA deletion syndrome due to DGUOK deficiency,Thiel-Behnke corneal dystrophy
2381,Diffuse cutaneous systemic sclerosis,AL amyloidosis
2382,"chronic myelogenous leukemia, BCR-ABL1 positive",Primary biliary cholangitis
2383,Macular corneal dystrophy,Charcot-Marie-Tooth disease type 4A
2384,\xc3\x85land Islands eye disease,Autosomal dominant Charcot-Marie-Tooth disease type 2Z
2385,Fibrous dysplasia of bone,Oligoarticular juvenile idiopathic arthritis
2386,Pineoblastoma,Indolent systemic mastocytosis
2387,Lethal infantile mitochondrial myopathy,Retinopathy of prematurity
2388,Osteosarcoma,Adenocarcinoma of the esophagus
2389,Dystonia 16,Adult-onset foveomacular vitelliform dystrophy
2390,Focal palmoplantar and gingival keratoderma,Pure mitochondrial myopathy
2391,VIPoma,Somatostatinoma
2392,Gray platelet syndrome,Charcot-Marie-Tooth disease type 4C
2393,Familial Mediterranean fever,Immunoglobulin A vasculitis
2394,Lethal infantile mitochondrial myopathy,Distal trisomy 17q
2395,Uveal melanoma,Full NF2-related schwannomatosis
2396,Familial pancreatic carcinoma,Hereditary breast and/or ovarian cancer syndrome
2397,Primary sclerosing cholangitis,Alagille syndrome
2398,dermatomyositis,Amyotrophic lateral sclerosis
2399,Infant acute respiratory distress syndrome,Chronic thromboembolic pulmonary hypertension
2400,Neurotrophic keratopathy,DNAJB6-related limb-girdle muscular dystrophy D1
2401,Prader-Willi syndrome,Silver-Russell syndrome
2402,Granulomatous slack skin,Thiel-Behnke corneal dystrophy
2403,Solitary fibrous tumor,mantle cell lymphoma
2404,Primary Sjgren syndrome,Pemphigus vulgaris
2405,sarcoidosis,Myxoid/round cell liposarcoma
2406,Pleural mesothelioma,MALT lymphoma
2407,Bleeding disorder in hemophilia A carriers,Vitamin B12-responsive methylmalonic acidemia
2408,Undifferentiated pleomorphic sarcoma,Dedifferentiated liposarcoma
2409,plasma cell myeloma,Adult-onset myasthenia gravis
2410,Polyneuropathy associated with IgM monoclonal gammopathy with anti-MAG,Primary effusion lymphoma
2411,Neonatal intrahepatic cholestasis due to citrin deficiency,Somatomammotropinoma
2412,Adult acute respiratory distress syndrome,Addison disease
2413,Zebra body myopathy,Adult-onset foveomacular vitelliform dystrophy
2414,Male infertility with teratozoospermia due to single gene mutation,DNAJB6-related limb-girdle muscular dystrophy D1
2415,Congenital non-bullous ichthyosiform erythroderma,Adult-onset foveomacular vitelliform dystrophy
2416,Mitochondrial myopathy with reversible cytochrome C oxidase deficiency,Somatomammotropinoma
2417,Zollinger-Ellison syndrome,Granular corneal dystrophy type I
2418,Indolent systemic mastocytosis,systemic sclerosis
2419,"Primary dystonia, DYT17 type",Bothnia retinal dystrophy
2420,Indolent systemic mastocytosis,Acute lung injury
2421,DNA2-related mitochondrial DNA deletion syndrome,Granulomatous slack skin
2422,Cold agglutinin disease,systemic lupus erythematosus
2423,Stargardt disease,Diffuse palmoplantar keratoderma-acrocyanosis syndrome
2424,Behavioral variant of frontotemporal dementia,Adult-onset foveomacular vitelliform dystrophy
2425,Chronic graft versus host disease,plasma cell myeloma
2426,Beta-thalassemia,systemic sclerosis
2427,Severe early-childhood-onset retinal dystrophy,Oromandibular dystonia
2428,Congenital stationary night blindness,Male infertility with azoospermia or oligozoospermia due to single gene mutation
2429,Turner syndrome,Short stature due to GHSR deficiency
2430,MALT lymphoma,polymyositis
2431,Pituitary gigantism,Myotonia permanens
2432,Obesity due to melanocortin 4 receptor deficiency,Bardet-Biedl syndrome
2433,Classic neuroendocrine tumor of appendix,follicular lymphoma
2434,Osteosarcoma,MALT lymphoma
2435,metachromatic leukodystrophy,follicular lymphoma
2436,Somatomammotropinoma,"Distal myopathy, Welander type"
2437,Obesity due to leptin receptor gene deficiency,Alstrm syndrome
2438,Relapsing polychondritis,graft versus host disease
2439,Isolated polycystic liver disease,Neuroendocrine tumor of the rectum
2440,sarcoidosis,Psoriasis-related juvenile idiopathic arthritis
2441,Primary hyperoxaluria type 2,Primary hyperoxaluria type 1
2442,Stargardt disease,Transgrediens et progrediens palmoplantar keratoderma
2443,Uveal melanoma,Papilloma of choroid plexus
2444,Idiopathic/heritable pulmonary arterial hypertension,graft versus host disease
2445,Thymoma type B,Pleural mesothelioma
2446,Roussy-L\xc3\xa9vy syndrome,Mantle cell lymphoma
2447,Oligocone trichromacy,Autosomal dominant Charcot-Marie-Tooth disease type 2E
2448,Benign familial infantile epilepsy,Malignant migrating focal seizures of infancy
2449,Non-epidermolytic palmoplantar keratoderma,Epithelial recurrent erosion dystrophy
2450,meningioma,Hereditary breast and/or ovarian cancer syndrome
2451,Medulloblastoma,Subcutaneous panniculitis-like T-cell lymphoma
2452,Classic mycosis fungoides,Retinitis punctata albescens
2453,Bernard-Soulier syndrome,Granular corneal dystrophy type I
2454,Cold agglutinin disease,Charcot-Marie-Tooth disease type 1F
2455,Congenital stationary night blindness,Paroxysmal cold hemoglobinuria
2456,Autosomal dominant spastic paraplegia type 41,MALT lymphoma
2457,Ependymoma,Medulloblastoma
2458,sarcoidosis,hemophilia A
2459,"Primary dystonia, DYT27 type",Retinitis punctata albescens
2460,microscopic polyangiitis,Primary effusion lymphoma
2461,Mitochondrial myopathy with reversible cytochrome C oxidase deficiency,Non-functioning pituitary adenoma
2462,autoimmune thrombocytopenic purpura,Fetal cytomegalovirus syndrome
2463,Beta-thalassemia major,Beta-thalassemia
2464,Dystonia-aphonia syndrome,Macular corneal dystrophy
2465,Lethal infantile mitochondrial myopathy,PANDAS
2466,Gray platelet syndrome,Keratosis palmaris et plantaris-clinodactyly syndrome
2467,Anti-glomerular basement membrane disease,Thrombotic thrombocytopenic purpura
2468,Neurotrophic keratopathy,Ichthyosis-prematurity syndrome
2469,Kaposi\'s sarcoma,Cholangiocarcinoma
2470,Klatskin tumor,Primary peritoneal carcinoma
2471,Klatskin tumor,Classic neuroendocrine tumor of appendix
2472,follicular lymphoma,polymyositis
2473,Burkitt lymphoma,Pleural mesothelioma
2475,Neurotrophic keratopathy,Autosomal recessive axonal neuropathy with neuromyotonia
2476,"tenosynovial giant cell tumor, diffuse type",gastrointestinal stromal tumor
2477,Gray platelet syndrome,Insulinoma
2478,Bullous pemphigoid,Amyotrophic lateral sclerosis
2479,glioblastoma,Castleman disease
2480,plasma cell myeloma,Opsoclonus-myoclonus syndrome
2481,Oromandibular dystonia,Adult-onset foveomacular vitelliform dystrophy
2482,Congenitally corrected transposition of the great arteries,Idiopathic/heritable pulmonary arterial hypertension
2483,Adult-onset multiple mitochondrial DNA deletion syndrome due to DGUOK deficiency,Respiratory bronchiolitis-interstitial lung disease syndrome
2484,intermediate uveitis,Oligoarticular juvenile idiopathic arthritis
2485,Centrifugal lipodystrophy,Adult-onset foveomacular vitelliform dystrophy
2486,Chronic thromboembolic pulmonary hypertension,Complex regional pain syndrome type 1
2487,plasma cell myeloma,Idiopathic multicentric Castleman disease
2488,Leber congenital amaurosis,Myasthenia gravis
2489,Lupus erythematosus tumidus,Adult-onset foveomacular vitelliform dystrophy
2490,Primary Sjgren syndrome,Relapsing polychondritis
2491,systemic lupus erythematosus,Giant cell arteritis
2492,Osteosarcoma,Sporadic pheochromocytoma/secreting paraganglioma
2493,Somatomammotropinoma,Huriez syndrome
2494,Lethal infantile mitochondrial myopathy,Autosomal dominant Charcot-Marie-Tooth disease type 2F
2495,Xp21 deletion syndrome,Adult-onset foveomacular vitelliform dystrophy
2496,Dystrophic epidermolysis bullosa pruriginosa,"Localized dystrophic epidermolysis bullosa, nails only"
2497,Squamous cell carcinoma of the esophagus,Adrenocortical carcinoma
2498,Pleomorphic liposarcoma,systemic sclerosis
2499,Acute encephalopathy with biphasic seizures and late reduced diffusion,Adult-onset foveomacular vitelliform dystrophy
2500,Cranio-cervical dystonia with laryngeal and upper-limb involvement,Macular corneal dystrophy
2501,Thymoma type B,Cholangiocarcinoma
2502,Immune thrombocytopenia,Charcot-Marie-Tooth disease type 4A
2503,Focal palmoplantar and gingival keratoderma,Follicular lymphoma
2504,Classic glucose transporter type 1 deficiency syndrome,Carnitine palmitoyltransferase II deficiency
2506,GM1 gangliosidosis,Granulomatosis with polyangiitis
2507,"chronic myelogenous leukemia, BCR-ABL1 positive",Hemophilia B
2508,Beta-thalassemia,intermediate uveitis
2509,systemic lupus erythematosus,polymyositis
2510,Bothnia retinal dystrophy,Charcot-Marie-Tooth disease type 4B2
2511,Bernard-Soulier syndrome,Glioblastoma
2512,MALT lymphoma,Autosomal recessive spastic paraplegia type 23
2513,Idiopathic panuveitis,Behet disease
2514,TRAPPC11-related limb-girdle muscular dystrophy R18,Pauci-immune glomerulonephritis
2515,Marie Unna hereditary hypotrichosis,Adult-onset foveomacular vitelliform dystrophy
2516,Primary biliary cholangitis,follicular lymphoma
2517,tuberous sclerosis,plasma cell myeloma
2518,Medulloblastoma,Adenocarcinoma of the esophagus
2519,Bleeding disorder in hemophilia A carriers,Mucopolysaccharidosis type 1
2520,X-linked endothelial corneal dystrophy,Charcot-Marie-Tooth disease type 1B
2521,Psoriasis-related juvenile idiopathic arthritis,Rheumatoid factor-positive polyarticular juvenile idiopathic arthritis
2522,Somatomammotropinoma,Acute interstitial pneumonia
2523,Pleural mesothelioma,Aggressive systemic mastocytosis
2524,Ataxia-telangiectasia,Waldenstrom macroglobulinemia
2525,Epithelial recurrent erosion dystrophy,Oromandibular dystonia
2526,Neuroendocrine tumor of stomach,Classic Hodgkin lymphoma
2527,allergic bronchopulmonary aspergillosis,Duchenne muscular dystrophy
2528,Solitary fibrous tumor,Well-differentiated liposarcoma
2529,Pure mitochondrial myopathy,Posterior meningocele
2530,Complex regional pain syndrome,AL amyloidosis
2531,"Primary dystonia, DYT21 type",Mantle cell lymphoma
2532,Fabry disease,Burning mouth syndrome
2533,Cold agglutinin disease,Charcot-Marie-Tooth disease type 4D
2534,Oligoarticular juvenile idiopathic arthritis,Giant cell arteritis
2535,Undifferentiated pleomorphic sarcoma,Atypical teratoid rhabdoid tumor
2536,Insulinoma,Charcot-Marie-Tooth disease type 1F
2537,Vocal cord and pharyngeal distal myopathy,Pituitary gigantism
2538,Hepatitis delta,plasma cell myeloma
2539,Cryptogenic organizing pneumonia,Autosomal dominant Charcot-Marie-Tooth disease type 2F
2540,Male infertility with teratozoospermia due to single gene mutation,Adult-onset foveomacular vitelliform dystrophy
2541,Fuchs endothelial corneal dystrophy,Autosomal dominant Charcot-Marie-Tooth disease type 2K
2542,Thymoma type B,Atypical teratoid rhabdoid tumor
2543,interstitial lung disease 2,intermediate uveitis
2544,Leukoencephalopathy-palmoplantar keratoderma syndrome,Congenital hereditary endothelial dystrophy type II
2545,glioblastoma,"chronic myelogenous leukemia, BCR-ABL1 positive"
2546,Classic mycosis fungoides,TRAPPC11-related limb-girdle muscular dystrophy R18
2547,Idiopathic pulmonary fibrosis,Mutilating palmoplantar keratoderma with periorificial keratotic plaques
2548,T-B+ severe combined immunodeficiency due to gamma chain deficiency,Best vitelliform macular dystrophy
2549,Insulinoma,Lattice corneal dystrophy type I
2550,Herpes simplex virus stromal keratitis,"Adult-onset cervical dystonia, DYT23 type"
2551,Severe combined immunodeficiency due to complete RAG1/2 deficiency,TRAPPC11-related limb-girdle muscular dystrophy R18
2552,Idiopathic acute eosinophilic pneumonia,Myotonia fluctuans
2553,Adult-onset multiple mitochondrial DNA deletion syndrome due to DGUOK deficiency,Oligocone trichromacy
2554,Combined oxidative phosphorylation defect type 13,Congenital hereditary endothelial dystrophy type II
2555,Primary biliary cholangitis,Homozygous familial hypercholesterolemia
2556,Mantle cell lymphoma,Acetazolamide-responsive myotonia
2557,autoimmune thrombocytopenic purpura,Pemphigus vulgaris
2558,Pure mitochondrial myopathy,Distal trisomy 17q
2559,Osteosarcoma,Burkitt lymphoma
2560,Palmoplantar keratoderma-spastic paralysis syndrome,Fuchs endothelial corneal dystrophy
2561,Pure mitochondrial myopathy,Vernal keratoconjunctivitis
2562,GM1 gangliosidosis,Myasthenia gravis
2563,Mitochondrial myopathy with reversible cytochrome C oxidase deficiency,Male infertility with azoospermia or oligozoospermia due to single gene mutation
2564,DNAJB6-related limb-girdle muscular dystrophy D1,Mal de Meleda
2565,fragile X syndrome,Autoimmune hepatitis
2566,Congenital ichthyosis-microcephalus-tetraplegia syndrome,Mantle cell lymphoma
2567,Continuous spikes and waves during sleep,Addison disease
2568,Severe early-childhood-onset retinal dystrophy,Follicular lymphoma
2569,Follicular lymphoma,Mutilating palmoplantar keratoderma with periorificial keratotic plaques
2570,Lethal infantile mitochondrial myopathy,Charcot-Marie-Tooth disease type 4B2
2571,Primary Sjgren syndrome,polymyositis
2572,autoimmune thrombocytopenic purpura,Sandhoff disease
2573,Pure mitochondrial myopathy,Paraparetic variant of Guillain-Barr\xc3\xa9 syndrome
2574,autoimmune thrombocytopenic purpura,paroxysmal nocturnal hemoglobinuria
2575,New-onset refractory status epilepticus,Febrile infection-related epilepsy syndrome
2576,Transgrediens et progrediens palmoplantar keratoderma,Mitochondrial myopathy with reversible cytochrome C oxidase deficiency
2577,Prader-Willi syndrome due to maternal uniparental disomy of chromosome 15,Severe early-onset obesity-insulin resistance syndrome due to SH2B1 deficiency
2578,CINCA syndrome,Systemic-onset juvenile idiopathic arthritis
2579,thymoma,Szary syndrome
2580,Severe early-childhood-onset retinal dystrophy,Gray platelet syndrome
2581,liposarcoma,AL amyloidosis
2582,Late-onset retinal degeneration,Charcot-Marie-Tooth disease type 4B2
2583,Granulomatosis with polyangiitis,Myasthenia gravis
2584,Hemihyperplasia-multiple lipomatosis syndrome,Segmental outgrowth-lipomatosis-arteriovenous malformation-epidermal nevus syndrome
2585,sarcoidosis,Tufted angioma
2586,gastrointestinal stromal tumor,Adenocarcinoma of the esophagus
2587,Osteosarcoma,acquired polycythemia vera
2588,Monosomy 18p,Chronic beryllium disease
2589,Neurotrophic keratopathy,Pure mitochondrial myopathy
2590,Somatostatinoma,Lattice corneal dystrophy type I
2591,Neuroendocrine tumor of stomach,Papilloma of choroid plexus
2592,Elastosis perforans serpiginosa,DNAJB6-related limb-girdle muscular dystrophy D1
2593,Lymphoid interstitial pneumonia,Oligocone trichromacy
2594,Primary myelofibrosis,systemic lupus erythematosus
2595,Bernard-Soulier syndrome,Pediatric hepatocellular carcinoma
2596,Herpes simplex virus stromal keratitis,Mantle cell lymphoma
2597,Mitochondrial myopathy with reversible cytochrome C oxidase deficiency,Distal monosomy 19p13.3
2598,Familial drusen,Paroxysmal cold hemoglobinuria
2599,Turner syndrome,Noonan syndrome
2600,Kaposi\'s sarcoma,Myxoid/round cell liposarcoma
2601,Follicular lymphoma,Fuchs endothelial corneal dystrophy
2602,Congenital hereditary endothelial dystrophy type II,GRFoma
2603,Lethal infantile mitochondrial myopathy,16p11.2p12.2 microdeletion syndrome
2604,Idiopathic steroid-sensitive nephrotic syndrome,Immune-mediated thrombotic thrombocytopenic purpura
2605,Somatomammotropinoma,Paroxysmal cold hemoglobinuria
2606,Anoctamin-5-related limb-girdle muscular dystrophy R12,Gray platelet syndrome
2607,Acromegaly,Medium chain acyl-CoA dehydrogenase deficiency
2608,X-linked endothelial corneal dystrophy,Cryptogenic organizing pneumonia
2609,Insulinoma,Autosomal dominant Charcot-Marie-Tooth disease type 2E
2610,Primary biliary cholangitis,mantle cell lymphoma
2611,Prader-Willi syndrome due to maternal uniparental disomy of chromosome 15,Obesity due to prohormone convertase I deficiency
2612,Lethal infantile mitochondrial myopathy,Elastoderma
2613,essential thrombocythemia,eosinophilic granulomatosis with polyangiitis
2614,Immune thrombocytopenia,Lethal infantile mitochondrial myopathy
2615,liposarcoma,Cholangiocarcinoma
2616,Adult acute respiratory distress syndrome,Adult-onset foveomacular vitelliform dystrophy
2617,interstitial lung disease 2,Classic Hodgkin lymphoma
2618,Classic Hodgkin lymphoma,Classic neuroendocrine tumor of appendix
2619,Chronic graft versus host disease,Myxoid/round cell liposarcoma
2620,Osteosarcoma,Idiopathic/heritable pulmonary arterial hypertension
2621,Mantle cell lymphoma,"Hereditary motor and sensory neuropathy, Okinawa type"
2622,mantle cell lymphoma,Klatskin tumor
2623,Trisomy 8q,Lethal infantile mitochondrial myopathy
2625,Bullous pemphigoid,Pouchitis
2626,Cystic fibrosis,mantle cell lymphoma
2627,Amyotrophic lateral sclerosis,Rett syndrome
2628,Mutilating palmoplantar keratoderma with periorificial keratotic plaques,DNAJB6-related limb-girdle muscular dystrophy D1
2629,Primary biliary cholangitis,glycogen storage disease II
2630,\xc3\x85land Islands eye disease,Mendelian susceptibility to mycobacterial diseases due to partial IRF8 deficiency
2631,Uveal melanoma,GRFoma
2632,interstitial cystitis,childhood absence epilepsy
2633,PPoma,Lattice corneal dystrophy type I
2634,Wolfram syndrome,Rubinstein-Taybi syndrome
2635,Pouchitis,systemic lupus erythematosus
2636,glioblastoma,Neuroendocrine tumor of stomach
2637,Short stature due to partial GHR deficiency,Non-acquired isolated growth hormone deficiency
2638,Idiopathic acute eosinophilic pneumonia,Pituitary gigantism
2639,autoimmune thrombocytopenic purpura,Kaposi\'s sarcoma
2640,Bickerstaff brainstem encephalitis,Adult-onset foveomacular vitelliform dystrophy
2641,Palmoplantar keratoderma-spastic paralysis syndrome,Mantle cell lymphoma
2642,Congenital ichthyosis-microcephalus-tetraplegia syndrome,Idiopathic pulmonary fibrosis
2643,Herpes simplex virus stromal keratitis,"Hereditary palmoplantar keratoderma, Gamborg-Nielsen type"
2644,Beta-thalassemia,glycogen storage disease II
2645,Superficial epidermolytic ichthyosis,Adult-onset foveomacular vitelliform dystrophy
2646,Oligocone trichromacy,Granulomatous slack skin
2647,dermatomyositis,Duchenne muscular dystrophy
2648,autoimmune thrombocytopenic purpura,Polyneuropathy associated with IgM monoclonal gammopathy with anti-MAG
2649,Monosomy 18p,PPoma
2650,Primary biliary cholangitis,MALT lymphoma
2651,Mendelian susceptibility to mycobacterial diseases due to complete IL12RB1 deficiency,Pituitary gigantism
2652,Mantle cell lymphoma,Granular corneal dystrophy type II
2653,Drug-induced autoimmune hemolytic anemia,microscopic polyangiitis
2654,intermediate uveitis,Leber congenital amaurosis
2655,Myelodysplastic syndrome associated with isolated del(5q) chromosome abnormality,Refractory anemia with excess blasts
2656,Epidermolytic palmoplantar keratoderma,Retinitis punctata albescens
2657,Chronic graft versus host disease,Adult-onset myasthenia gravis
2658,Familial drusen,Autosomal dominant Charcot-Marie-Tooth disease type 2E
2659,Autosomal dominant keratitis,Pituitary gigantism
2660,Immune thrombocytopenia,Fuchs endothelial corneal dystrophy
2661,Immunoglobulin A vasculitis,Rheumatoid factor-negative polyarticular juvenile idiopathic arthritis
2662,Pineoblastoma,Neuroendocrine tumor of anal canal
2663,Congenital ichthyosis-microcephalus-tetraplegia syndrome,Adult-onset foveomacular vitelliform dystrophy
2664,Craniopharyngioma,acquired polycythemia vera
2665,S\xc3\xa9zary syndrome,DNAJB6-related limb-girdle muscular dystrophy D1
2666,Vernal keratoconjunctivitis,DNAJB6-related limb-girdle muscular dystrophy D1
2667,Peripheral primitive neuroectodermal tumor,Kaposi\'s sarcoma
2668,Mitochondrial myopathy with reversible cytochrome C oxidase deficiency,Bothnia retinal dystrophy
2669,Hemoglobin C-beta-thalassemia syndrome,Adult-onset foveomacular vitelliform dystrophy
2670,Pure mitochondrial myopathy,Ichthyosis-prematurity syndrome
2671,interstitial lung disease 2,Complex regional pain syndrome
2672,Congenital hereditary endothelial dystrophy type II,Ichthyosis-prematurity syndrome
2673,Early-onset generalized limb-onset dystonia,Lattice corneal dystrophy type I
2674,Classic mycosis fungoides,Charcot-Marie-Tooth disease type 1B
2675,Adult-onset foveomacular vitelliform dystrophy,Autosomal recessive spastic paraplegia type 21
2676,Familial pancreatic carcinoma,Cystic fibrosis
2677,Primary Sjgren syndrome,Atopic keratoconjunctivitis
2678,Autosomal dominant Charcot-Marie-Tooth disease type 2Z,Fuchs endothelial corneal dystrophy
2679,Antisynthetase syndrome,Lymphoid interstitial pneumonia
2680,Idiopathic acute eosinophilic pneumonia,Charcot-Marie-Tooth disease type 4D
2681,Late-onset retinal degeneration,Insulinoma
2682,Herpes simplex virus stromal keratitis,Autosomal dominant epidermolytic ichthyosis
2683,Mitochondrial myopathy with reversible cytochrome C oxidase deficiency,"Primary dystonia, DYT27 type"
2684,Giant cell arteritis,Idiopathic uveal effusion syndrome
2685,Monosomy 18p,Immune thrombocytopenia
2686,sarcoidosis,Inclusion body myositis
2687,glioblastoma,Squamous cell carcinoma of the anal canal
2688,Congenital ichthyosis-microcephalus-tetraplegia syndrome,VIPoma
2689,Autosomal dominant centronuclear myopathy,Pituitary gigantism
2690,Congenital hereditary endothelial dystrophy type II,Follicular lymphoma
2691,Kaposi\'s sarcoma,mantle cell lymphoma
2692,microscopic polyangiitis,plasma cell myeloma
2693,\xc3\x85land Islands eye disease,Idiopathic acute eosinophilic pneumonia
2694,Congenital ichthyosis-microcephalus-tetraplegia syndrome,PPoma
2695,essential thrombocythemia,Classic Hodgkin lymphoma
2696,Atopic keratoconjunctivitis,MALT lymphoma
2697,glioblastoma,Primary Sjgren syndrome
2698,Congenital hereditary endothelial dystrophy type II,Lymphoid interstitial pneumonia
2699,X-linked endothelial corneal dystrophy,Gray platelet syndrome
2700,glioblastoma,Thymoma type B
2701,Lymphangioleiomyomatosis,Bronchial neuroendocrine tumor
2702,Tetrasomy 9p,Pure mitochondrial myopathy
2703,VIPoma,neuroblastoma
2704,essential thrombocythemia,intermediate uveitis
2705,Bullous pemphigoid,plasma cell myeloma
2706,polymyositis,Polyarteritis nodosa
2707,Somatomammotropinoma,Bathing suit ichthyosis
2708,Osteosarcoma,mantle cell lymphoma
2709,Cholangiocarcinoma,Dedifferentiated liposarcoma
2710,Follicular lymphoma,Charcot-Marie-Tooth disease type 4A
2711,Pseudopseudohypoparathyroidism,Adult-onset foveomacular vitelliform dystrophy
2712,Chronic pneumonitis of infancy,Bothnia retinal dystrophy
2713,"chronic myelogenous leukemia, BCR-ABL1 positive",Cutaneous neuroendocrine carcinoma
2714,Amyotrophic lateral sclerosis,Autoimmune hepatitis
2715,Complete atrioventricular septal defect,Idiopathic pulmonary arterial hypertension
2716,Mucous membrane pemphigoid,Immunoglobulin A vasculitis
2717,Mendelian susceptibility to mycobacterial diseases due to complete IL12RB1 deficiency,Mantle cell lymphoma
2718,interstitial cystitis,Huntington disease
2719,Krabbe disease,MALT lymphoma
2720,liposarcoma,systemic lupus erythematosus
2721,Granulomatous slack skin,Autosomal dominant Charcot-Marie-Tooth disease type 2F
2722,Laing early-onset distal myopathy,MALT lymphoma
2723,Lymphoid interstitial pneumonia,Fuchs endothelial corneal dystrophy
2724,Best vitelliform macular dystrophy,Autosomal recessive spastic paraplegia type 63
2725,Mitochondrial myopathy with reversible cytochrome C oxidase deficiency,Adult-onset foveomacular vitelliform dystrophy
2726,Infant acute respiratory distress syndrome,Autosomal dominant Charcot-Marie-Tooth disease type 2F
2727,Somatomammotropinoma,Congenital hereditary endothelial dystrophy type II
2728,Ependymoma,Atypical teratoid rhabdoid tumor
2729,Best vitelliform macular dystrophy,"Primary dystonia, DYT2 type"
2730,Somatomammotropinoma,Adenylosuccinate synthetase-like 1-related distal myopathy
2731,Chronic graft versus host disease,Familial adenomatous polyposis
2732,Male infertility with azoospermia or oligozoospermia due to single gene mutation,Late-onset retinal degeneration
2733,Congenital hereditary endothelial dystrophy type II,Glucagonoma
2734,Medulloblastoma,Thymic neuroendocrine tumor
2735,Primary Sjgren syndrome,Burkitt lymphoma
2736,Congenital stationary night blindness,Pituitary gigantism
2737,Autosomal dominant keratitis,Mitochondrial myopathy with reversible cytochrome C oxidase deficiency
2738,Combined oxidative phosphorylation defect type 13,X-linked endothelial corneal dystrophy
2739,Inclusion body myositis,graft versus host disease
2740,Stargardt disease,Mantle cell lymphoma
2741,tuberous sclerosis,Neuroendocrine tumor of the rectum
2742,polymyositis,Mixed-type autoimmune hemolytic anemia
2743,Undifferentiated pleomorphic sarcoma,Classic neuroendocrine tumor of appendix
2744,graft versus host disease,"Autoimmune hemolytic anemia, warm type"
2745,Kaposi\'s sarcoma,Myasthenia gravis
2746,Uveal melanoma,Neuroendocrine tumor of the colon
2747,DNAJB6-related limb-girdle muscular dystrophy D1,Mixed-type autoimmune hemolytic anemia
2748,Diffuse palmoplantar keratoderma-acrocyanosis syndrome,Adult-onset foveomacular vitelliform dystrophy
2749,Cryoglobulinemic vasculitis,Neuroendocrine tumor of stomach
2750,eosinophilic granulomatosis with polyangiitis,follicular lymphoma
2751,Syndromic recessive X-linked ichthyosis,Adult-onset foveomacular vitelliform dystrophy
2752,Familial drusen,Keratosis palmaris et plantaris-clinodactyly syndrome
2753,Polyneuropathy associated with IgM monoclonal gammopathy with anti-MAG,interstitial lung disease 2
2754,Congenital ichthyosis-microcephalus-tetraplegia syndrome,Infant acute respiratory distress syndrome
2755,Mild hemophilia A,Mild hemophilia B
2756,glioblastoma,"tenosynovial giant cell tumor, diffuse type"
2757,Acute myelomonocytic leukemia,DNAJB6-related limb-girdle muscular dystrophy D1
2758,glycogen storage disease II,Castleman disease
2759,Pleomorphic liposarcoma,Undifferentiated pleomorphic sarcoma
2760,Pure mitochondrial myopathy,Charcot-Marie-Tooth disease type 4A
2761,VIPoma,Charcot-Marie-Tooth disease type 1A
2762,mantle cell lymphoma,Malignant peritoneal mesothelioma
2763,Pleomorphic liposarcoma,Myxoid/round cell liposarcoma
2764,Finnish upper limb-onset distal myopathy,Pituitary gigantism
2765,Chronic inflammatory demyelinating polyneuropathy,Opsoclonus-myoclonus syndrome
2766,Bronchial neuroendocrine tumor,Glucagonoma
2767,Medulloblastoma,AL amyloidosis
2768,Well-differentiated liposarcoma,Primary peritoneal carcinoma
2769,Adult-onset foveomacular vitelliform dystrophy,Charcot-Marie-Tooth disease type 4B2
2770,Rhabdoid tumor,Primary peritoneal carcinoma
2771,X-linked endothelial corneal dystrophy,Granulomatous slack skin
2772,Paramyotonia congenita of Von Eulenburg,Adult-onset foveomacular vitelliform dystrophy
2773,intermediate uveitis,Immune-mediated necrotizing myopathy
2774,Lymphangioleiomyomatosis,Full NF2-related schwannomatosis
2775,Oligocone trichromacy,Diffuse palmoplantar keratoderma-acrocyanosis syndrome
2776,Ornithine transcarbamylase deficiency,Argininosuccinic aciduria
2777,Mendelian susceptibility to mycobacterial diseases due to complete IL12RB1 deficiency,Adult-onset foveomacular vitelliform dystrophy
2778,Rhabdoid tumor,mantle cell lymphoma
2779,Mutilating palmoplantar keratoderma with periorificial keratotic plaques,Charcot-Marie-Tooth disease type 4B2
2780,Primary Sjgren syndrome,Giant cell arteritis
2781,Familial pancreatic carcinoma,"Classic Hodgkin lymphoma, nodular sclerosis type"
2782,1q21.1 microduplication syndrome,Lethal infantile mitochondrial myopathy
2783,Distal monosomy 17q,Lethal infantile mitochondrial myopathy
2784,Hepatitis delta,gastrointestinal stromal tumor
2785,tuberous sclerosis,Rett syndrome
2786,Trisomy 18p,Pure mitochondrial myopathy
2787,Lethal infantile mitochondrial myopathy,Mantle cell lymphoma
2788,Duchenne muscular dystrophy,Becker muscular dystrophy
2789,GRFoma,Autosomal dominant Charcot-Marie-Tooth disease type 2K
2790,Monosomy 18p,Cryptogenic organizing pneumonia
2791,Best vitelliform macular dystrophy,Autosomal dominant spastic paraplegia type 12
2792,Catastrophic antiphospholipid syndrome,graft versus host disease
2793,Stargardt disease,Pure mitochondrial myopathy
2794,Acute promyelocytic leukemia,DNAJB6-related limb-girdle muscular dystrophy D1
2795,Hereditary pheochromocytoma-paraganglioma,Bronchial neuroendocrine tumor
2796,Autosomal dominant spastic ataxia type 1,MALT lymphoma
2797,Primary biliary cholangitis,Granulomatosis with polyangiitis
2798,Retinitis pigmentosa,Anal fistula
2799,interstitial lung disease 2,Rhabdoid tumor
2800,microscopic polyangiitis,Burkitt lymphoma
2801,plasma cell myeloma,Oligoarticular juvenile idiopathic arthritis
2802,Fabry disease,Sialidosis type 1
2803,meningioma,Osteosarcoma
2804,MALT lymphoma,Amish nemaline myopathy
2805,"Autosomal dominant focal dystonia, DYT25 type",Familial drusen
2806,X-linked endothelial corneal dystrophy,Lymphoid interstitial pneumonia
2807,acquired polycythemia vera,Autoimmune hepatitis
2808,dermatomyositis,Vogt-Koyanagi-Harada disease
2809,Familial pseudohyperkalemia,Pituitary gigantism
2810,Anaplastic thyroid carcinoma,Squamous cell carcinoma of the anal canal
2811,Autosomal recessive cerebellar ataxia-epilepsy-intellectual disability syndrome due to TUD deficiency,Adult-onset foveomacular vitelliform dystrophy
2812,Superficial epidermolytic ichthyosis,MALT lymphoma
2813,Autosomal dominant epidermolytic ichthyosis,Best vitelliform macular dystrophy
2814,Undifferentiated pleomorphic sarcoma,Adenocarcinoma of the esophagus
2815,TSH-secreting pituitary adenoma,Charcot-Marie-Tooth disease type 1A
2816,Respiratory bronchiolitis-interstitial lung disease syndrome,Charcot-Marie-Tooth disease type 1B
2817,Lethal infantile mitochondrial myopathy,Macular corneal dystrophy
2818,glioblastoma,intermediate uveitis
2819,Kaposi\'s sarcoma,Adenocarcinoma of the esophagus
2820,Classic Hodgkin lymphoma,Myxoid/round cell liposarcoma
2821,Retinitis punctata albescens,Somatostatinoma
2822,Central core disease,Adult-onset foveomacular vitelliform dystrophy
2823,Thymic aplasia,Adult-onset foveomacular vitelliform dystrophy
2824,Uveal melanoma,Hereditary hemorrhagic telangiectasia
2825,Cold agglutinin disease,AL amyloidosis
2826,Obesity due to melanocortin 4 receptor deficiency,Alstrm syndrome
2827,Isovaleric acidemia,Adult-onset foveomacular vitelliform dystrophy
2828,Shiga toxin-associated hemolytic uremic syndrome,Cold agglutinin disease
2829,Rhabdoid tumor,Neuroendocrine tumor of anal canal
2830,Cryptogenic organizing pneumonia,Adult-onset foveomacular vitelliform dystrophy
2831,glioblastoma,Lennox-Gastaut syndrome
2832,intermediate uveitis,Gaucher disease
2833,Familial keratoacanthoma,Kaposi\'s sarcoma
2834,Somatomammotropinoma,Infant acute respiratory distress syndrome
2835,Adult-onset foveomacular vitelliform dystrophy,Autosomal dominant spastic paraplegia type 19
2836,Monosomy 18p,GRFoma
2837,Ataxia-telangiectasia,tuberous sclerosis
2838,Classic galactosemia,Adult-onset foveomacular vitelliform dystrophy
2839,MT-ATP6-related mitochondrial spastic paraplegia,Adult-onset foveomacular vitelliform dystrophy
2840,Myoclonic-astatic epilepsy,Adult-onset foveomacular vitelliform dystrophy
2841,Selective IgM deficiency,Best vitelliform macular dystrophy
2842,Primary hyperoxaluria type 2,Primary hyperoxaluria
2843,\xc3\x85land Islands eye disease,MALT lymphoma
2844,Intermediate nemaline myopathy,Adult-onset foveomacular vitelliform dystrophy
2845,Duchenne muscular dystrophy,interstitial lung disease 2
2846,neuroblastoma,Sporadic pheochromocytoma/secreting paraganglioma
2847,Vogt-Koyanagi-Harada disease,Papilloma of choroid plexus
2848,Mitochondrial myopathy with reversible cytochrome C oxidase deficiency,Huriez syndrome
2849,Somatomammotropinoma,Myotonia permanens
2850,Classic mycosis fungoides,Charcot-Marie-Tooth disease type 1A
2851,Retinitis pigmentosa,Waldenstrom macroglobulinemia
2852,Gray platelet syndrome,Cushing disease
2853,Continuous spikes and waves during sleep,Adult-onset foveomacular vitelliform dystrophy
2854,Zollinger-Ellison syndrome,Autosomal dominant Charcot-Marie-Tooth disease type 2Y
2855,Zollinger-Ellison syndrome,Adult-onset foveomacular vitelliform dystrophy
2856,DNAJB6-related limb-girdle muscular dystrophy D1,Paroxysmal cold hemoglobinuria
2857,Late-onset retinal degeneration,Charcot-Marie-Tooth disease type 4D
2858,Combined oxidative phosphorylation defect type 13,Granular corneal dystrophy type II
2859,interstitial lung disease 2,neuroblastoma
2860,Classic mycosis fungoides,Subcutaneous panniculitis-like T-cell lymphoma
2861,Uveal melanoma,Squamous cell carcinoma of the anal canal
2862,Primary erythromelalgia,Adult-onset foveomacular vitelliform dystrophy
2863,Pure mitochondrial myopathy,Mendelian susceptibility to mycobacterial diseases due to complete IL12RB1 deficiency
2864,Thymic carcinoma,Primary peritoneal carcinoma
2865,Respiratory bronchiolitis-interstitial lung disease syndrome,Retinitis punctata albescens
2866,"Classic Hodgkin lymphoma, nodular sclerosis type",follicular lymphoma
2867,MALT lymphoma,Pituitary deficiency due to empty sella turcica syndrome
2868,Autosomal dominant dopa-responsive dystonia,Adult-onset foveomacular vitelliform dystrophy
2869,Subependymoma,Gray platelet syndrome
2870,Bernard-Soulier syndrome,Insulinoma
2871,Acute interstitial pneumonia,Respiratory bronchiolitis-interstitial lung disease syndrome
2872,Glaucoma-sleep apnea syndrome,Lethal infantile mitochondrial myopathy
2873,Gerstmann-Straussler-Scheinker syndrome,MALT lymphoma
2874,Carcinoid syndrome,PPoma
2875,Severe early-childhood-onset retinal dystrophy,VIPoma
2876,sarcoidosis,Bronchopulmonary dysplasia
2877,microscopic polyangiitis,glycogen storage disease II
2878,"Methylmalonic acidemia with homocystinuria, type cblC",Rett syndrome
2879,Palmoplantar keratoderma-spastic paralysis syndrome,Lethal infantile mitochondrial myopathy
2880,Follicular lymphoma,Oromandibular dystonia
2881,"Primary dystonia, DYT17 type",Mantle cell lymphoma
2882,neuroblastoma,Nephroblastoma
2883,Osteosarcoma,Von Hippel-Lindau disease
2884,Prader-Willi syndrome,Idiopathic intracranial hypertension
2885,Classic mycosis fungoides,Adult-onset foveomacular vitelliform dystrophy
2886,Severe early-childhood-onset retinal dystrophy,Granulomatous slack skin
2887,Chronic graft versus host disease,Immunoglobulin A vasculitis
2888,TRAPPC11-related limb-girdle muscular dystrophy R18,Retinitis punctata albescens
2889,Psoriasis-related juvenile idiopathic arthritis,Anal fistula
2890,Combined oxidative phosphorylation defect type 13,MALT lymphoma
2891,"Autosomal recessive generalized dystrophic epidermolysis bullosa, severe form","Localized dystrophic epidermolysis bullosa, acral form"
2892,Osteosarcoma,Dedifferentiated liposarcoma
2893,glioblastoma,multiple system atrophy
2894,Dedifferentiated liposarcoma,Medulloblastoma
2896,"Autosomal dominant focal dystonia, DYT25 type",X-linked endothelial corneal dystrophy
2897,systemic sclerosis,Sandhoff disease
2898,Autosomal dominant keratitis,Lethal infantile mitochondrial myopathy
2899,Complex regional pain syndrome,Complex regional pain syndrome type 1
2900,PPoma,Neuroendocrine tumor of anal canal
2901,graft versus host disease,Szary syndrome
2902,Neuromyelitis optica spectrum disorder with anti-MOG antibodies,Myasthenia gravis
2903,Familial drusen,TSH-secreting pituitary adenoma
2904,Ichthyosis-prematurity syndrome,TSH-secreting pituitary adenoma
2905,Bullous pemphigoid,Localized scleroderma
2906,systemic lupus erythematosus,Subacute cutaneous lupus erythematosus
2907,acquired polycythemia vera,Primary peritoneal carcinoma
2908,Idiopathic steroid-sensitive nephrotic syndrome,Adult-onset myasthenia gravis
2909,Nelson syndrome,Medullary thyroid carcinoma
2910,Rhabdoid tumor,Cutaneous collagenous vasculopathy
2911,sarcoidosis,Rheumatoid factor-positive polyarticular juvenile idiopathic arthritis
2912,Stargardt disease,Pituitary gigantism
2913,Sandhoff disease,metachromatic leukodystrophy
2914,Nelson syndrome,Pure mitochondrial myopathy
2915,Undifferentiated pleomorphic sarcoma,Medullary thyroid carcinoma
2916,Leber hereditary optic neuropathy,Friedreich ataxia
2917,Proteus syndrome,Hemihyperplasia-multiple lipomatosis syndrome
2918,Spinocerebellar ataxia type 29,MALT lymphoma
2919,neuroblastoma,Autoimmune hepatitis
2920,Herpes simplex virus stromal keratitis,Leukoencephalopathy-palmoplantar keratoderma syndrome
2921,"Congenital muscular dystrophy, Ullrich type",Adult-onset foveomacular vitelliform dystrophy
2922,Neurotrophic keratopathy,Male infertility with teratozoospermia due to single gene mutation
2923,Herpes simplex virus stromal keratitis,Charcot-Marie-Tooth disease type 1B
2924,Immune thrombocytopenia,Retinitis punctata albescens
2925,Lethal infantile mitochondrial myopathy,"Primary dystonia, DYT17 type"
2926,Retinitis pigmentosa,Rheumatoid factor-negative polyarticular juvenile idiopathic arthritis
2927,Follicular lymphoma,Familial drusen
2928,Diffuse cutaneous systemic sclerosis,Autoimmune lymphoproliferative syndrome due to CTLA4 haploinsuffiency
2929,Late-onset retinal degeneration,Pituitary gigantism
2930,Adult-onset multiple mitochondrial DNA deletion syndrome due to DGUOK deficiency,Somatostatinoma
2931,Adult-onset foveomacular vitelliform dystrophy,Aregenerative anemia
2932,interstitial lung disease 2,Neuroendocrine tumor of the rectum
2933,Medium chain acyl-CoA dehydrogenase deficiency,Pituitary gigantism
2934,Continuous spikes and waves during sleep,Adult acute respiratory distress syndrome
2935,Thymic carcinoma,"chronic myelogenous leukemia, BCR-ABL1 positive"
2936,multiple system atrophy,Idiopathic/heritable pulmonary arterial hypertension
2937,Mitochondrial myopathy with reversible cytochrome C oxidase deficiency,1q44 microdeletion syndrome
2938,Gaucher disease,Gaucher disease type 2
2939,paroxysmal nocturnal hemoglobinuria,graft versus host disease
2940,Hereditary hemorrhagic telangiectasia,Primary peritoneal carcinoma
2941,Papilloma of choroid plexus,Thymic neuroendocrine tumor
2942,Drug-induced autoimmune hemolytic anemia,Relapsing polychondritis
2943,Neurotrophic keratopathy,"Primary dystonia, DYT27 type"
2944,Severe hemophilia B,Hemophilia B
2945,Inclusion body myositis,Autosomal dominant polycystic kidney disease
2946,Autosomal dominant Charcot-Marie-Tooth disease type 2Y,Somatostatinoma
2947,MALT lymphoma,Hypothyroidism due to TSH receptor mutations
2949,Congenital stationary night blindness,"Hereditary palmoplantar keratoderma, Gamborg-Nielsen type"
2950,graft versus host disease,Neuroendocrine tumor of anal canal
2951,X-linked spastic paraplegia type 34,MALT lymphoma
2952,liposarcoma,Undifferentiated pleomorphic sarcoma
2953,Congenital stationary night blindness,Glucagonoma
2954,Thymoma type B,Primary peritoneal carcinoma
2955,Neurofibromatosis type 1,X-linked adrenoleukodystrophy
2956,Chronic pneumonitis of infancy,Autosomal dominant Charcot-Marie-Tooth disease type 2A2
2957,Carcinoid syndrome,Chronic graft versus host disease
2958,Acral peeling skin syndrome,Pituitary gigantism
2959,Bothnia retinal dystrophy,Autosomal dominant Charcot-Marie-Tooth disease type 2K
2960,Congenital ichthyosis-microcephalus-tetraplegia syndrome,Cryptogenic organizing pneumonia
2961,Adult-onset foveomacular vitelliform dystrophy,Autosomal dominant spastic paraplegia type 10
2962,systemic sclerosis,Autoimmune hepatitis
2963,Glucagonoma,Autosomal dominant Charcot-Marie-Tooth disease type 2K
2964,Mitochondrial myopathy with reversible cytochrome C oxidase deficiency,Fetal and neonatal alloimmune thrombocytopenia
2965,Gray platelet syndrome,Late-onset retinal degeneration
2966,Juvenile myasthenia gravis,Acute transverse myelitis with anti-MOG antibodies
2967,meningioma,neuroblastoma
2968,dermatomyositis,Adult-onset myasthenia gravis
2969,Von Willebrand disease,Von Willebrand disease type 2N
2970,ANK3-related intellectual disability-sleep disturbance syndrome,Adult-onset foveomacular vitelliform dystrophy
2971,Hereditary angioedema with C1Inh deficiency,Hereditary angioedema type 1
2972,Primary biliary cholangitis,Opsoclonus-myoclonus syndrome
2973,Neonatal intrahepatic cholestasis due to citrin deficiency,Idiopathic acute eosinophilic pneumonia
2974,Paroxysmal cold hemoglobinuria,Lattice corneal dystrophy type I
2975,MALT lymphoma,Punctate palmoplantar keratoderma type 1
2976,Idiopathic acute eosinophilic pneumonia,MALT lymphoma
2977,dermatomyositis,Opsoclonus-myoclonus syndrome
2978,Acquired idiopathic sideroblastic anemia,MALT lymphoma
2979,autoimmune thrombocytopenic purpura,Autoimmune hepatitis
2980,Stargardt disease,Autosomal dominant Charcot-Marie-Tooth disease type 2W
2981,Best vitelliform macular dystrophy,Autosomal dominant Charcot-Marie-Tooth disease type 2E
2982,Spinocerebellar ataxia type 36,Adult-onset foveomacular vitelliform dystrophy
2983,Idiopathic localized lipodystrophy,Adult-onset foveomacular vitelliform dystrophy
2984,mantle cell lymphoma,childhood absence epilepsy
2985,Idiopathic acute eosinophilic pneumonia,TSH-secreting pituitary adenoma
2986,Carnitine palmitoyl transferase 1A deficiency,Carnitine palmitoyltransferase II deficiency
2987,sarcoidosis,systemic sclerosis
2988,aspergillosis,plasma cell myeloma
2989,Leukonychia totalis,Adult-onset foveomacular vitelliform dystrophy
2990,aspergillosis,graft versus host disease
2991,Neurotrophic keratopathy,Autosomal dominant epidermolytic ichthyosis
2992,Epithelial recurrent erosion dystrophy,Dystonia-aphonia syndrome
2993,Somatomammotropinoma,Male infertility with teratozoospermia due to single gene mutation
2994,Autosomal dominant centronuclear myopathy,Oligocone trichromacy
2995,Lethal infantile mitochondrial myopathy,Somatomammotropinoma
2996,Severe hemophilia B,Bleeding disorder in hemophilia B carriers
2997,Congenital ichthyosis-microcephalus-tetraplegia syndrome,Functioning gonadotropic adenoma
2998,VIPoma,Autosomal dominant Charcot-Marie-Tooth disease type 2F
2999,interstitial lung disease 2,Primary peritoneal carcinoma
3000,MALT lymphoma,Adenohypophysitis
3001,Autosomal recessive spastic ataxia-optic atrophy-dysarthria syndrome,MALT lymphoma
3002,Herpes simplex virus stromal keratitis,Distal nebulin myopathy
3003,Adult-onset foveomacular vitelliform dystrophy,Neuroendocrine tumor of the colon
3004,gastrointestinal stromal tumor,Dedifferentiated liposarcoma
3005,Hepatitis delta,acquired polycythemia vera
3006,Niemann-Pick disease type C,Cystic fibrosis
3007,Hemihyperplasia-multiple lipomatosis syndrome,Bannayan-Riley-Ruvalcaba syndrome
3008,Mitochondrial myopathy with reversible cytochrome C oxidase deficiency,16p13.11 microdeletion syndrome
3009,"chronic myelogenous leukemia, BCR-ABL1 positive",Kaposi\'s sarcoma
3010,Uveal melanoma,Squamous cell carcinoma of the esophagus
3011,Cold agglutinin disease,Oligocone trichromacy
3012,Waldenstrom macroglobulinemia,Szary syndrome
3013,VIPoma,Charcot-Marie-Tooth disease type 4D
3014,Primary myelofibrosis,biliary atresia
3015,Obesity due to leptin receptor gene deficiency,Severe early-onset obesity-insulin resistance syndrome due to SH2B1 deficiency
3016,gastrointestinal stromal tumor,Cutaneous neuroendocrine carcinoma
3017,Acromegaly,Pure mitochondrial myopathy
3018,thymoma,Gaucher disease
3019,Vogt-Koyanagi-Harada disease,Tufted angioma
3020,plasma cell myeloma,Squamous cell carcinoma of the anal canal
3021,Keratosis palmaris et plantaris-clinodactyly syndrome,Granular corneal dystrophy type II
3022,tuberous sclerosis,fragile X syndrome
3023,Retinoblastoma,Papilloma of choroid plexus
3024,Congenital hereditary endothelial dystrophy type II,Pediatric hepatocellular carcinoma
3025,Thymic carcinoma,Medullary thyroid carcinoma
3026,Relapsing polychondritis,Giant cell arteritis
3027,"Classic Hodgkin lymphoma, lymphocyte-depleted type",Pleural mesothelioma
3028,microscopic polyangiitis,graft versus host disease
3029,Pituitary gigantism,Granular corneal dystrophy type I
3030,Herpes simplex virus stromal keratitis,"Primary dystonia, DYT6 type"
3031,Follicular lymphoma,Huriez syndrome
3032,Classic mycosis fungoides,Adenocarcinoma of the esophagus
3033,Pure mitochondrial myopathy,Elastosis perforans serpiginosa
3034,Pure mitochondrial myopathy,Gray platelet syndrome
3035,Chronic beryllium disease,Granular corneal dystrophy type II
3036,Cryptogenic organizing pneumonia,Granular corneal dystrophy type I
3038,Idiopathic acute eosinophilic pneumonia,Familial drusen
3039,Late-onset retinal degeneration,Charcot-Marie-Tooth disease type 1F
3040,Medullary thyroid carcinoma,Acromegaly
3041,Autosomal dominant keratitis,MALT lymphoma
3042,Diffuse cutaneous systemic sclerosis,Autosomal erythropoietic protoporphyria
3043,paroxysmal nocturnal hemoglobinuria,Autoimmune hepatitis
3044,Lethal infantile mitochondrial myopathy,Follicular lymphoma
3045,Dedifferentiated liposarcoma,Pleural mesothelioma
3046,Autosomal dominant hyperinsulinism due to Kir6.2 deficiency,MALT lymphoma
3047,Somatomammotropinoma,TRAPPC11-related limb-girdle muscular dystrophy R18
3048,8p23.1 duplication syndrome,Pure mitochondrial myopathy
3049,Mendelian susceptibility to mycobacterial diseases due to partial IRF8 deficiency,Follicular lymphoma
3050,Cholangiocarcinoma,Nephroblastoma
3051,Medulloblastoma,Adult-onset foveomacular vitelliform dystrophy
3052,Bj\xc3\xb6rnstad syndrome,Adult-onset foveomacular vitelliform dystrophy
3053,Best vitelliform macular dystrophy,Autosomal dominant Charcot-Marie-Tooth disease type 2K
3054,Benign Samaritan congenital myopathy,Adult-onset foveomacular vitelliform dystrophy
3055,"Localized dystrophic epidermolysis bullosa, acral form",Intermediate generalized junctional epidermolysis bullosa
3056,Classic mycosis fungoides,Solitary fibrous tumor
3057,Zollinger-Ellison syndrome,Granular corneal dystrophy type II
3058,Obesity due to leptin receptor gene deficiency,Bardet-Biedl syndrome
3059,Ependymoma,microscopic polyangiitis
3060,Gaucher disease,polymyositis
3061,glioblastoma,Neuroendocrine tumor of the rectum
3062,Dent disease,Enamel-renal syndrome
3063,Isolated glycerol kinase deficiency,MALT lymphoma
3064,VIPoma,Acromegaly
3065,neuroblastoma,Von Hippel-Lindau disease
3066,systemic sclerosis,Primary peritoneal carcinoma
3067,"chronic myelogenous leukemia, BCR-ABL1 positive",Chronic inflammatory demyelinating polyneuropathy
3068,intermediate uveitis,Rheumatoid factor-positive polyarticular juvenile idiopathic arthritis
3069,fragile X syndrome,plasma cell myeloma
3070,Granulomatous slack skin,Adult-onset foveomacular vitelliform dystrophy
3071,Rhabdoid tumor,Dermatofibrosarcoma protuberans
3072,Sporadic pheochromocytoma/secreting paraganglioma,Multiple endocrine neoplasia type 2A
3073,Waldenstrom macroglobulinemia,Nephroblastoma
3074,Primary Sjgren syndrome,interstitial lung disease 2
3075,Neurofibromatosis type 1,Classic neuroendocrine tumor of appendix
3076,Fibrous dysplasia of bone,Giant cell arteritis
3077,Gliosarcoma,Undifferentiated pleomorphic sarcoma
3078,Leukoencephalopathy-palmoplantar keratoderma syndrome,Fuchs endothelial corneal dystrophy
3079,Muscle-eye-brain disease with bilateral multicystic leucodystrophy,Adult-onset foveomacular vitelliform dystrophy
3080,Beta-thalassemia,Hepatitis delta
3082,Pediatric hepatocellular carcinoma,Retinitis punctata albescens
3083,Retinitis pigmentosa,systemic lupus erythematosus
3084,Glaucoma-sleep apnea syndrome,Mitochondrial myopathy with reversible cytochrome C oxidase deficiency
3085,glioblastoma,Tay-Sachs disease
3086,Rett syndrome,Friedreich ataxia
3087,Stargardt disease,Insulinoma
3088,meningioma,tuberous sclerosis
3089,Waldenstrom macroglobulinemia,Adenocarcinoma of the esophagus
3091,Idiopathic pulmonary fibrosis,Thiel-Behnke corneal dystrophy
3092,microscopic polyangiitis,Genetic steroid-resistant nephrotic syndrome
3093,"chronic myelogenous leukemia, BCR-ABL1 positive",Cholangiocarcinoma
3094,Lethal infantile mitochondrial myopathy,Bickerstaff brainstem encephalitis
3095,Ependymoma,acquired polycythemia vera
3096,Familial Mediterranean fever,Hyperimmunoglobulinemia D with periodic fever
3097,Uveal melanoma,Rhabdoid tumor
3098,Relapsing polychondritis,Schnitzler syndrome
3099,gastrointestinal stromal tumor,Nephroblastoma
3100,sarcoidosis,Tay-Sachs disease
3101,glioblastoma,Duchenne muscular dystrophy
3102,systemic sclerosis,Subacute cutaneous lupus erythematosus
3103,plasma cell myeloma,Hereditary hemorrhagic telangiectasia
3104,Herpes simplex virus stromal keratitis,Autosomal recessive axonal neuropathy with neuromyotonia
3105,mantle cell lymphoma,polymyositis
3106,Cholangiocarcinoma,Myxoid/round cell liposarcoma
3107,glioblastoma,Krabbe disease
3108,Classic mycosis fungoides,Thiel-Behnke corneal dystrophy
3109,essential thrombocythemia,systemic lupus erythematosus
3110,PMM2-CDG,Idiopathic intracranial hypertension
3111,Hemangioblastoma,gastrointestinal stromal tumor
3112,Sporadic pheochromocytoma/secreting paraganglioma,follicular lymphoma
3113,Prader-Willi syndrome,Central diabetes insipidus
3114,Herpes simplex virus stromal keratitis,Glucagonoma
3115,Autosomal dominant Charcot-Marie-Tooth disease type 2Z,Oligocone trichromacy
3116,Cranio-cervical dystonia with laryngeal and upper-limb involvement,Late-onset retinal degeneration
3117,Atopic keratoconjunctivitis,Gray platelet syndrome
3118,Becker muscular dystrophy,Moderate hemophilia B
3119,Ichthyosis-prematurity syndrome,Pituitary gigantism
3120,Thymic carcinoma,Squamous cell carcinoma of the esophagus
3121,Neurotrophic keratopathy,"Distal myopathy, Welander type"
3122,Classic mycosis fungoides,Adult-onset multiple mitochondrial DNA deletion syndrome due to DGUOK deficiency
3123,Uveal melanoma,Adenocarcinoma of the esophagus
3124,Cranio-cervical dystonia with laryngeal and upper-limb involvement,Pituitary gigantism
3125,Somatomammotropinoma,Autosomal dominant Charcot-Marie-Tooth disease type 2E
3126,Familial male-limited precocious puberty,Adult-onset foveomacular vitelliform dystrophy
3127,Pituicytoma,Lethal infantile mitochondrial myopathy
3128,Classic Hodgkin lymphoma,Opsoclonus-myoclonus syndrome
3129,Cystic fibrosis,Pulmonary non-tuberculous mycobacterial infection
3130,Adult-onset foveomacular vitelliform dystrophy,Transaldolase deficiency
3131,Peripheral primitive neuroectodermal tumor,Cutaneous neuroendocrine carcinoma
3132,VIPoma,interstitial lung disease 2
3133,Inclusion body myositis,Idiopathic uveal effusion syndrome
3134,Waldenstrom macroglobulinemia,Autoimmune hepatitis
3135,Primary Sjgren syndrome,"Autoimmune hemolytic anemia, warm type"
3136,Isolated polycystic liver disease,Thymic neuroendocrine tumor
3137,Pineoblastoma,neuroblastoma
3138,Retinitis punctata albescens,Autosomal dominant Charcot-Marie-Tooth disease type 2F
3139,Cold agglutinin disease,follicular lymphoma
3140,Male infertility with teratozoospermia due to single gene mutation,Familial drusen
3141,neuroblastoma,Primary effusion lymphoma
3142,Familial drusen,Pituitary gigantism
3143,Polyneuropathy associated with IgM monoclonal gammopathy with anti-MAG,Mixed-type autoimmune hemolytic anemia
3144,sarcoidosis,Bullous pemphigoid
3145,X-linked immunoneurologic disorder,MALT lymphoma
3146,TRAPPC11-related limb-girdle muscular dystrophy R18,TSH-secreting pituitary adenoma
3147,Primary myelofibrosis,Tay-Sachs disease
3148,Sialidosis type 1,Gaucher disease type 3
3149,Congenital ichthyosis-microcephalus-tetraplegia syndrome,Gray platelet syndrome
3150,liposarcoma,Desmoplastic small round cell tumor
3151,Hypothyroidism due to deficient transcription factors involved in pituitary development or function,Adult-onset foveomacular vitelliform dystrophy
3152,Neuroendocrine tumor of the colon,Acromegaly
3153,mantle cell lymphoma,glycogen storage disease II
3154,Vogt-Koyanagi-Harada disease,Immune-mediated necrotizing myopathy
3155,glioblastoma,Anaplastic thyroid carcinoma
3156,Gray platelet syndrome,Autosomal dominant Charcot-Marie-Tooth disease type 2A2
3157,Carnitine palmitoyltransferase II deficiency,Very long chain acyl-CoA dehydrogenase deficiency
3158,DNA2-related mitochondrial DNA deletion syndrome,Lymphoid interstitial pneumonia
3159,Idiopathic pulmonary fibrosis,Pituitary gigantism
3160,Thymic carcinoma,follicular lymphoma
3161,Autosomal recessive spastic paraplegia type 60,MALT lymphoma
3162,Primary myelofibrosis,Squamous cell carcinoma of the esophagus
3163,Reticular dysgenesis,Adult-onset foveomacular vitelliform dystrophy
3164,Severe early-childhood-onset retinal dystrophy,Male infertility with teratozoospermia due to single gene mutation
3165,X-linked endothelial corneal dystrophy,DNAJB6-related limb-girdle muscular dystrophy D1
3166,thymoma,metachromatic leukodystrophy
3167,Pure mitochondrial myopathy,Trisomy 17p
3168,Adult-onset foveomacular vitelliform dystrophy,Autosomal dominant spastic paraplegia type 17
3169,Congenital stationary night blindness,Mendelian susceptibility to mycobacterial diseases due to partial IRF8 deficiency
3170,TRAPPC11-related limb-girdle muscular dystrophy R18,Thiel-Behnke corneal dystrophy
3171,Palmoplantar keratoderma-spastic paralysis syndrome,X-linked endothelial corneal dystrophy
3172,Pediatric hepatocellular carcinoma,Autosomal dominant Charcot-Marie-Tooth disease type 2K
3173,Stargardt disease,Cold agglutinin disease
3174,Primary Sjgren syndrome,Mucous membrane pemphigoid
3175,Granulomatosis with polyangiitis,Giant cell arteritis
3176,Infantile spasms-psychomotor retardation-progressive brain atrophy-basal ganglia disease syndrome,Adult-onset foveomacular vitelliform dystrophy
3177,Paris-Trousseau thrombocytopenia,Insulinoma
3178,Insulinoma,Fuchs endothelial corneal dystrophy
3179,Peripheral primitive neuroectodermal tumor,Myxoid/round cell liposarcoma
3180,Adenocarcinoma of the esophagus,Atypical teratoid rhabdoid tumor
3181,Desmoplastic small round cell tumor,Cutaneous collagenous vasculopathy
3182,dermatomyositis,Antisynthetase syndrome
3183,Adrenocortical carcinoma,Classic congenital adrenal hyperplasia due to 21-hydroxylase deficiency
3184,Waldenstrom macroglobulinemia,Primary biliary cholangitis
3185,Medulloblastoma,MALT lymphoma
3186,DNA2-related mitochondrial DNA deletion syndrome,Idiopathic acute eosinophilic pneumonia
3187,glioblastoma,Szary syndrome
3188,Male infertility with teratozoospermia due to single gene mutation,Oligocone trichromacy
3189,Lethal infantile mitochondrial myopathy,Unclassified myelodysplastic syndrome
3190,Mutilating palmoplantar keratoderma with periorificial keratotic plaques,"Primary dystonia, DYT6 type"
3191,Bullous pemphigoid,AL amyloidosis
3192,TRAPPC11-related limb-girdle muscular dystrophy R18,Idiopathic pulmonary fibrosis
3193,Neuroendocrine tumor of the rectum,Primary peritoneal carcinoma
3194,Autosomal dominant popliteal pterygium syndrome,Adult-onset foveomacular vitelliform dystrophy
3195,Solitary fibrous tumor,Cutaneous neuroendocrine carcinoma
3196,Recurrent infections associated with rare immunoglobulin isotypes deficiency,Best vitelliform macular dystrophy
3197,Granular corneal dystrophy type I,Autosomal dominant Charcot-Marie-Tooth disease type 2K
3198,MALT lymphoma,Spinocerebellar ataxia type 18
3199,Spinocerebellar ataxia type 37,Adult-onset foveomacular vitelliform dystrophy
3200,Best vitelliform macular dystrophy,Autosomal recessive spastic paraplegia type 76
3201,Lethal infantile mitochondrial myopathy,Drug-induced autoimmune hemolytic anemia
3202,Interatrial communication,Eisenmenger syndrome
3203,Nephroblastoma,follicular lymphoma
3204,Glioblastoma,Severe early-childhood-onset retinal dystrophy
3205,Pediatric hepatocellular carcinoma,Pleural mesothelioma
3206,Rhabdoid tumor,Neuroendocrine tumor of the colon
3207,Thymic carcinoma,Primary effusion lymphoma
3208,Beta-thalassemia,follicular lymphoma
3209,systemic sclerosis,Castleman disease
3210,autoimmune thrombocytopenic purpura,Bernard-Soulier syndrome
3211,Lethal infantile mitochondrial myopathy,Severe early-childhood-onset retinal dystrophy
3212,Osteosarcoma,Pediatric hepatocellular carcinoma
3213,glioblastoma,coccidioidomycosis
3214,Somatomammotropinoma,Autosomal dominant Charcot-Marie-Tooth disease type 2A2
3215,Congenital hereditary endothelial dystrophy type II,Cryptogenic organizing pneumonia
3216,Phacoanaphylactic uveitis,TRAPPC11-related limb-girdle muscular dystrophy R18
3217,Mitochondrial myopathy with reversible cytochrome C oxidase deficiency,Paroxysmal cold hemoglobinuria
3218,Pituicytoma,Fuchs endothelial corneal dystrophy
3219,autoimmune thrombocytopenic purpura,Beta-thalassemia
3220,interstitial lung disease 2,Opsoclonus-myoclonus syndrome
3221,Mantle cell lymphoma,"Autosomal dominant optic atrophy, classic form"
3222,autoimmune thrombocytopenic purpura,MALT lymphoma
3223,Leber hereditary optic neuropathy,systemic lupus erythematosus
3224,Acquired idiopathic sideroblastic anemia,plasma cell myeloma
3225,"Hereditary palmoplantar keratoderma, Gamborg-Nielsen type",Adult-onset foveomacular vitelliform dystrophy
3226,Very long chain acyl-CoA dehydrogenase deficiency,Carnitine-acylcarnitine translocase deficiency
3227,PFAPA syndrome,Adult-onset foveomacular vitelliform dystrophy
3228,Gliosarcoma,Hereditary hemorrhagic telangiectasia
3229,Amyotrophic lateral sclerosis,fragile X syndrome
3230,Propionic acidemia,Adult-onset foveomacular vitelliform dystrophy
3231,"Primary dystonia, DYT2 type",Macular corneal dystrophy
3232,Craniopharyngioma,follicular lymphoma
3233,systemic sclerosis,glycogen storage disease II
3234,neuroblastoma,Castleman disease
3235,Lymphangioleiomyomatosis,tuberous sclerosis
3236,"chronic myelogenous leukemia, BCR-ABL1 positive",Cystic fibrosis
3237,Gaucher disease,Myasthenia gravis
3238,Somatomammotropinoma,Rh deficiency syndrome
3239,paroxysmal nocturnal hemoglobinuria,Immunoglobulin A vasculitis
3240,Neurotrophic keratopathy,Roussy-L\xc3\xa9vy syndrome
3241,Adult-onset foveomacular vitelliform dystrophy,"Primary dystonia, DYT4 type"
3242,Rolandic epilepsy,Malaria
3243,Relapsing polychondritis,follicular lymphoma
3244,Late-onset retinal degeneration,Pediatric hepatocellular carcinoma
3245,dermatomyositis,plasma cell myeloma
3246,Primary effusion lymphoma,MALT lymphoma
3247,Neurotrophic keratopathy,Non-epidermolytic palmoplantar keratoderma
3248,Cold agglutinin disease,Thiel-Behnke corneal dystrophy
3249,Thymoma type B,Adenocarcinoma of the esophagus
3250,graft versus host disease,Neuroendocrine tumor of the rectum
3251,Bullous pemphigoid,Castleman disease
3252,meningioma,Familial pancreatic carcinoma
3253,Relapsing polychondritis,Systemic-onset juvenile idiopathic arthritis
3254,Macular corneal dystrophy,"Primary dystonia, DYT4 type"
3255,"chronic myelogenous leukemia, BCR-ABL1 positive",interstitial cystitis
3256,Pleomorphic liposarcoma,Solitary fibrous tumor
3257,Idiopathic pulmonary hemosiderosis,Lymphoid interstitial pneumonia
3259,Adenocarcinoma of the esophagus,Bronchial neuroendocrine tumor
3260,T-B+ severe combined immunodeficiency due to gamma chain deficiency,Mitochondrial myopathy with reversible cytochrome C oxidase deficiency
3261,"Primary dystonia, DYT17 type",Idiopathic acute eosinophilic pneumonia
3262,Anaplastic thyroid carcinoma,Medullary thyroid carcinoma
3263,Uveal melanoma,Familial pancreatic carcinoma
3264,Pure mitochondrial myopathy,16p11.2p12.2 microdeletion syndrome
3265,Acral self-healing collodion baby,Adult-onset foveomacular vitelliform dystrophy
3266,Hawkinsinuria,Adult-onset foveomacular vitelliform dystrophy
3267,Distal nebulin myopathy,Adult-onset foveomacular vitelliform dystrophy
3268,Classic mycosis fungoides,Congenital hereditary endothelial dystrophy type II
3269,Immunoglobulin A vasculitis,plasma cell myeloma
3270,neuroblastoma,Sandhoff disease
3271,Classic Hodgkin lymphoma,Papilloma of choroid plexus
3272,Familial drusen,DNAJB6-related limb-girdle muscular dystrophy D1
3273,Autosomal dominant generalized dystrophic epidermolysis bullosa,Recessive dystrophic epidermolysis bullosa inversa
3274,Huriez syndrome,MALT lymphoma
3275,Retinitis punctata albescens,"Primary dystonia, DYT2 type"
3276,Rheumatoid factor-negative polyarticular juvenile idiopathic arthritis,Giant cell arteritis
3277,Short stature due to GHSR deficiency,Non-acquired isolated growth hormone deficiency
3278,Complete atrioventricular septal defect,systemic sclerosis
3279,Hemophilia B,childhood absence epilepsy
3280,microscopic polyangiitis,paroxysmal nocturnal hemoglobinuria
3281,Neurotrophic keratopathy,Ichthyosis hystrix of Curth-Macklin
3282,Neuroendocrine tumor of the colon,follicular lymphoma
3283,Classic mycosis fungoides,Cholangiocarcinoma
3285,Combined oxidative phosphorylation defect type 13,Mutilating palmoplantar keratoderma with periorificial keratotic plaques
3286,Primary myelofibrosis,GM1 gangliosidosis
3287,Benign familial infantile epilepsy,Dravet syndrome
3288,Ichthyosis-prematurity syndrome,Lattice corneal dystrophy type I
3289,Lethal infantile mitochondrial myopathy,Classic Hodgkin lymphoma
3290,glioblastoma,Adult acute respiratory distress syndrome
3291,fragile X syndrome,Stargardt disease
3292,Lethal infantile mitochondrial myopathy,Autosomal dominant Charcot-Marie-Tooth disease type 2W
3293,Paris-Trousseau thrombocytopenia,Infant acute respiratory distress syndrome
3294,Best vitelliform macular dystrophy,PPoma
3295,glioblastoma,Thymic neuroendocrine tumor
3296,Autosomal dominant spastic paraplegia type 42,Adult-onset foveomacular vitelliform dystrophy
3297,Bethlem myopathy,Neurotrophic keratopathy
3299,Familial drusen,Autosomal dominant Charcot-Marie-Tooth disease type 2A2
3300,Lymphoid interstitial pneumonia,Familial drusen
3301,"Autosomal dominant focal dystonia, DYT25 type",Mutilating palmoplantar keratoderma with periorificial keratotic plaques
3302,Primary effusion lymphoma,mantle cell lymphoma
3303,MALT lymphoma,Lattice corneal dystrophy type I
3305,Lethal infantile mitochondrial myopathy,Autosomal dominant Charcot-Marie-Tooth disease type 2Z
3306,Distal monosomy 7q36,Mitochondrial myopathy with reversible cytochrome C oxidase deficiency
3307,PPoma,Adult-onset foveomacular vitelliform dystrophy
3308,Osteosarcoma,Klatskin tumor
3309,gastrointestinal stromal tumor,Myasthenia gravis
3310,Gliosarcoma,Adrenocortical carcinoma
3311,Neuroblastoma,Best vitelliform macular dystrophy
3312,Refractory anemia with excess blasts,Proximal spinal muscular atrophy type 1
3313,Refractory anemia with excess blasts type 1,Refractory anemia with excess blasts
3314,Crigler-Najjar syndrome type 2,Argininemia
3315,VIPoma,Autosomal dominant Charcot-Marie-Tooth disease type 2K
3316,Adult-onset foveomacular vitelliform dystrophy,Spinocerebellar ataxia type 26
3317,Mitochondrial myopathy with reversible cytochrome C oxidase deficiency,Macular corneal dystrophy
3318,Amyotrophic lateral sclerosis,Pantothenate kinase-associated neurodegeneration
3319,Severe early-childhood-onset retinal dystrophy,"Primary dystonia, DYT27 type"
3320,Distal myotilinopathy,Adult-onset foveomacular vitelliform dystrophy
3321,"Autosomal recessive generalized dystrophic epidermolysis bullosa, intermediate form",Autosomal dominant generalized dystrophic epidermolysis bullosa
3322,interstitial cystitis,Complex regional pain syndrome type 1
3323,TRAPPC11-related limb-girdle muscular dystrophy R18,Aregenerative anemia
3324,Diffuse cutaneous systemic sclerosis,Pemphigus vulgaris
3325,Classic Hodgkin lymphoma,mantle cell lymphoma
3326,Mitochondrial myopathy with reversible cytochrome C oxidase deficiency,Paternal 20q13.2q13.3 microdeletion syndrome
3327,neuroblastoma,mantle cell lymphoma
3328,liposarcoma,Dedifferentiated liposarcoma
3329,Gliosarcoma,acquired polycythemia vera
3330,Epidermolytic palmoplantar keratoderma,Severe early-childhood-onset retinal dystrophy
3331,Immune thrombocytopenia,Oligocone trichromacy
3332,Acute graft versus host disease,Idiopathic uveal effusion syndrome
3333,Pure mitochondrial myopathy,Autosomal dominant Charcot-Marie-Tooth disease type 2K
3334,Primary effusion lymphoma,Burkitt lymphoma
3335,Pituitary gigantism,Thiel-Behnke corneal dystrophy
3336,Tay-Sachs disease,graft versus host disease
3337,MALT lymphoma,Autosomal recessive cerebellar ataxia-movement disorder syndrome
3338,MALT lymphoma,Spinocerebellar ataxia type 28
3339,Idiopathic acute eosinophilic pneumonia,Bathing suit ichthyosis
3340,glioblastoma,follicular lymphoma
3341,neuroblastoma,Szary syndrome
3342,Lethal infantile mitochondrial myopathy,17q12 microduplication syndrome
3343,Beta-thalassemia,mantle cell lymphoma
3344,Congenital stationary night blindness,Charcot-Marie-Tooth disease type 4C
3345,Medulloblastoma,Glucagonoma
3346,Mutilating palmoplantar keratoderma with periorificial keratotic plaques,Charcot-Marie-Tooth disease type 4D
3347,Non-progressive cerebellar ataxia with intellectual disability,Adult-onset foveomacular vitelliform dystrophy
3348,Follicular lymphoma,Late-onset retinal degeneration
3349,Idiopathic acute eosinophilic pneumonia,Neutral lipid storage myopathy
3350,"chronic myelogenous leukemia, BCR-ABL1 positive",Pleural mesothelioma
3351,Pemphigus vulgaris,Autoimmune hepatitis
3352,Squamous cell carcinoma of the anal canal,Classic neuroendocrine tumor of appendix
3353,Kaposi\'s sarcoma,Cutaneous neuroendocrine carcinoma
3354,Truncus arteriosus,Portosinusoidal vascular disease
3355,fragile X syndrome,cerebrotendinous xanthomatosis
3356,Oromandibular dystonia,Granular corneal dystrophy type II
3357,Adult-onset foveomacular vitelliform dystrophy,Autosomal dominant epilepsy with auditory features
3358,Respiratory bronchiolitis-interstitial lung disease syndrome,Familial drusen
3359,Severe early-childhood-onset retinal dystrophy,DNA2-related mitochondrial DNA deletion syndrome
3360,Congenital stationary night blindness,Huriez syndrome
3361,Waldenstrom macroglobulinemia,"Classic Hodgkin lymphoma, nodular sclerosis type"
3362,Gray platelet syndrome,Retinopathy of prematurity
3363,Adult-onset Still disease,Systemic-onset juvenile idiopathic arthritis
3364,Lethal infantile mitochondrial myopathy,20q13.33 microdeletion syndrome
3365,Beta-thalassemia,Autoimmune hepatitis
3366,follicular lymphoma,Polyarteritis nodosa
3367,Mal de Meleda,Macular corneal dystrophy
3368,T-B+ severe combined immunodeficiency due to CD3delta/CD3epsilon/CD3zeta,Adult-onset foveomacular vitelliform dystrophy
3369,Gray platelet syndrome,Cold agglutinin disease
3370,neuroblastoma,Cutaneous neuroendocrine carcinoma
3371,Leukocyte adhesion deficiency,MALT lymphoma
3372,glioblastoma,Complex regional pain syndrome
3373,Herpes simplex virus stromal keratitis,Paroxysmal cold hemoglobinuria
3374,Mutilating palmoplantar keratoderma with periorificial keratotic plaques,Oligocone trichromacy
3375,Undifferentiated pleomorphic sarcoma,Thymic neuroendocrine tumor
3376,Hb Bart's hydrops fetalis,Hemoglobin H disease
3377,Amyotrophic lateral sclerosis,Cholangiocarcinoma
3378,Pure mitochondrial myopathy,Tetrasomy 5p
3379,Lennox-Gastaut syndrome,Atypical Rett syndrome
3380,Fuchs endothelial corneal dystrophy,Charcot-Marie-Tooth disease type 4B2
3381,Idiopathic steroid-sensitive nephrotic syndrome,Opsoclonus-myoclonus syndrome
3382,interstitial lung disease 2,PPoma
3383,Cryptogenic organizing pneumonia,Bothnia retinal dystrophy
3384,Mutilating palmoplantar keratoderma with periorificial keratotic plaques,Acute interstitial pneumonia
3385,Relapsing polychondritis,Oligoarticular juvenile idiopathic arthritis
3386,Lethal infantile mitochondrial myopathy,Oromandibular dystonia
3387,Lethal infantile mitochondrial myopathy,Paternal 20q13.2q13.3 microdeletion syndrome
3388,Rigid spine syndrome,Adult-onset foveomacular vitelliform dystrophy
3389,intermediate uveitis,mantle cell lymphoma
3390,Dominant beta-thalassemia,Hemoglobin H disease
3391,Neurotrophic keratopathy,Autosomal dominant Charcot-Marie-Tooth disease type 2W
3392,Glycogen storage disease due to glucose-6-phosphatase deficiency type Ia,Pemphigus foliaceus
3393,plasma cell myeloma,Sandhoff disease
3394,Granulomatous slack skin,Charcot-Marie-Tooth disease type 1F
3395,Lymphoid interstitial pneumonia,Autosomal dominant Charcot-Marie-Tooth disease type 2K
3396,Classic mycosis fungoides,Paris-Trousseau thrombocytopenia
3397,Thymic carcinoma,thymoma
3398,Charcot-Marie-Tooth disease type 1A,Amyotrophic lateral sclerosis
3399,Autosomal recessive spastic paraplegia type 78,Adult-onset foveomacular vitelliform dystrophy
3400,sarcoidosis,Adult acute respiratory distress syndrome
3401,sarcoidosis,Leber congenital amaurosis
3402,Central neurocytoma,Gangliocytoma
3403,Von Willebrand disease,Moderate hemophilia A
3404,Follicular lymphoma,Distal myopathy with posterior leg and anterior hand involvement
3405,Autosomal dominant severe congenital neutropenia,TRAPPC11-related limb-girdle muscular dystrophy R18
3406,Autosomal spastic paraplegia type 58,MALT lymphoma
3407,gastrointestinal stromal tumor,Refractory anemia with excess blasts
3408,Dominant beta-thalassemia,Hemolytic anemia due to red cell pyruvate kinase deficiency
3409,Asbestos intoxication,Thiel-Behnke corneal dystrophy
3410,Ileal neuroendocrine tumor,Neuroendocrine tumor of the colon
3411,Glioblastoma,Granular corneal dystrophy type I
3412,C3 glomerulonephritis,Primary membranoproliferative glomerulonephritis
3413,Autosomal dominant severe congenital neutropenia,DNAJB6-related limb-girdle muscular dystrophy D1
3415,Acral peeling skin syndrome,Somatomammotropinoma
3416,\xc3\x85land Islands eye disease,DNAJB6-related limb-girdle muscular dystrophy D1
3417,Amyotrophic lateral sclerosis,Beta-thalassemia
3418,Malignant peritoneal mesothelioma,Primary peritoneal carcinoma
3419,Classic Hodgkin lymphoma,Waldenstrom macroglobulinemia
3420,Mitochondrial myopathy with reversible cytochrome C oxidase deficiency,Birdshot chorioretinopathy
3421,Classic mycosis fungoides,mantle cell lymphoma
3422,Chronic pneumonitis of infancy,Charcot-Marie-Tooth disease type 4D
3423,intermediate uveitis,glycogen storage disease II
3424,gastrointestinal stromal tumor,Huntington disease
3425,osteogenesis imperfecta,Beta-thalassemia
3426,3q13 microdeletion syndrome,Mitochondrial myopathy with reversible cytochrome C oxidase deficiency
3427,Panhypophysitis,Adult-onset foveomacular vitelliform dystrophy
3428,Idiopathic acute eosinophilic pneumonia,Lattice corneal dystrophy type I
3429,"Congenital muscular dystrophy, Ullrich type",MALT lymphoma
3430,TRAPPC11-related limb-girdle muscular dystrophy R18,GRFoma
3431,Stargardt disease,Ichthyosis-prematurity syndrome
3432,1q21.1 microdeletion syndrome,Pure mitochondrial myopathy
3433,Central neurocytoma,Adult-onset foveomacular vitelliform dystrophy
3434,Stargardt disease,Mutilating palmoplantar keratoderma with periorificial keratotic plaques
3435,"chronic myelogenous leukemia, BCR-ABL1 positive",metachromatic leukodystrophy
3436,Best vitelliform macular dystrophy,Fetal and neonatal alloimmune thrombocytopenia
3437,Stargardt disease,Lymphoid interstitial pneumonia
3438,Focal palmoplantar and gingival keratoderma,Macular corneal dystrophy
3439,Herpes simplex virus stromal keratitis,Mitochondrial myopathy with reversible cytochrome C oxidase deficiency
3440,Foveal hypoplasia-presenile cataract syndrome,Pituitary gigantism
3441,Autosomal dominant Charcot-Marie-Tooth disease type 2Z,Retinitis punctata albescens
3442,Osteosarcoma,Waldenstrom macroglobulinemia
3443,Cranio-cervical dystonia with laryngeal and upper-limb involvement,Familial drusen
3444,Lennox-Gastaut syndrome,Complex regional pain syndrome
3445,Early-onset generalized limb-onset dystonia,Congenital hereditary endothelial dystrophy type II
3446,Kaposi\'s sarcoma,Undifferentiated pleomorphic sarcoma
3447,Herpes simplex virus stromal keratitis,Infant acute respiratory distress syndrome
3448,Autoimmune pulmonary alveolar proteinosis,Best vitelliform macular dystrophy
3449,Familial drusen,Mantle cell lymphoma
3450,Juvenile dermatomyositis,Papilloma of choroid plexus
3451,Adrenocortical carcinoma,Subcutaneous panniculitis-like T-cell lymphoma
3452,Herpes simplex virus stromal keratitis,"Primary dystonia, DYT13 type"
3453,Ependymoma,Solitary fibrous tumor
3454,Autosomal dominant Charcot-Marie-Tooth disease type 2Y,Chronic pneumonitis of infancy
3455,Somatomammotropinoma,Familial drusen
3456,paroxysmal nocturnal hemoglobinuria,plasma cell myeloma
3457,Dermatofibrosarcoma protuberans,Thymic neuroendocrine tumor
3458,3-hydroxy-3-methylglutaryl-CoA synthase deficiency,Adult-onset foveomacular vitelliform dystrophy
3459,Lethal infantile mitochondrial myopathy,Congenital hypothyroidism due to maternal intake of antithyroid drugs
3460,Neurofibromatosis type 1,Neurofibroma
3461,Amyotrophic lateral sclerosis,Hepatitis delta
3462,Cataract-microcornea syndrome,Lethal infantile mitochondrial myopathy
3463,Vogt-Koyanagi-Harada disease,Chronic inflammatory demyelinating polyneuropathy
3464,Congenital muscular dystrophy-infantile cataract-hypogonadism syndrome,Somatomammotropinoma
3465,Acute myelomonocytic leukemia,Adult-onset foveomacular vitelliform dystrophy
3466,Mitochondrial trifunctional protein deficiency,Carnitine palmitoyl transferase 1A deficiency
3467,Heritable pulmonary arterial hypertension,Giant cell arteritis
3468,Catastrophic antiphospholipid syndrome,Adult-onset myasthenia gravis
3469,Acute myelomonocytic leukemia,mantle cell lymphoma
3470,Ependymoma,neuroblastoma
3471,Gaucher disease type 3,Galactosialidosis
3472,meningioma,mantle cell lymphoma
3473,Mantle cell lymphoma,Thiel-Behnke corneal dystrophy
3474,Herpes simplex virus stromal keratitis,Keratosis palmaris et plantaris-clinodactyly syndrome
3475,"Primary dystonia, DYT2 type",Granular corneal dystrophy type II
3476,Craniopharyngioma,Gorlin syndrome
3477,Vocal cord and pharyngeal distal myopathy,MALT lymphoma
3478,Late-onset retinal degeneration,Autosomal dominant Charcot-Marie-Tooth disease type 2E
3479,Amyotrophic lateral sclerosis,Fabry disease
3480,Rhabdoid tumor,Bronchial neuroendocrine tumor
3481,Pseudopelade of Brocq,Adult-onset foveomacular vitelliform dystrophy
3482,Mild hemophilia B,Moderate hemophilia A
3483,Neurotrophic keratopathy,Rh deficiency syndrome
3484,Gray platelet syndrome,Fuchs endothelial corneal dystrophy
3485,neuroblastoma,Neuroendocrine neoplasm of appendix
3486,Herpes simplex virus stromal keratitis,Charcot-Marie-Tooth disease type 4A
3487,Oculopharyngeal muscular dystrophy,MALT lymphoma
3488,"chronic myelogenous leukemia, BCR-ABL1 positive",Castleman disease
3489,plasma cell myeloma,Primary peritoneal carcinoma
3490,Gliosarcoma,Cutaneous neuroendocrine carcinoma
3491,Pure mitochondrial myopathy,Cranio-cervical dystonia with laryngeal and upper-limb involvement
3492,multiple system atrophy,plasma cell myeloma
3493,TRAPPC11-related limb-girdle muscular dystrophy R18,Diffuse palmoplantar keratoderma-acrocyanosis syndrome
3494,Mantle cell lymphoma,Diffuse palmoplantar keratoderma-acrocyanosis syndrome
3495,Osteosarcoma,Primary effusion lymphoma
3496,autoimmune thrombocytopenic purpura,sarcoidosis
3497,thymoma,Granulomatosis with polyangiitis
3498,Drug-induced localized lipodystrophy,Adult-onset foveomacular vitelliform dystrophy
3499,Refractory anemia with excess blasts,AL amyloidosis
3500,systemic lupus erythematosus,Burkitt lymphoma
3501,Autosomal recessive spastic paraplegia type 66,MALT lymphoma
3502,MALT lymphoma,Charcot-Marie-Tooth disease type 4A
3503,Pituicytoma,X-linked endothelial corneal dystrophy
3504,Wiskott-Aldrich syndrome,"Autoimmune hemolytic anemia, warm type"
3505,Carcinoid syndrome,Medullary thyroid carcinoma
3506,dermatomyositis,Myasthenia gravis
3507,Refractory anemia with excess blasts type 2,Recessive dystrophic epidermolysis bullosa inversa
3508,\xc3\x85land Islands eye disease,Idiopathic pulmonary fibrosis
3509,Somatomammotropinoma,Dystonia-aphonia syndrome
3510,Leukoencephalopathy-palmoplantar keratoderma syndrome,Late-onset retinal degeneration
3511,Sporadic pheochromocytoma/secreting paraganglioma,Medulloblastoma
3512,Late-onset retinal degeneration,Glucagonoma
3513,interstitial lung disease 2,Refractory anemia with excess blasts
3514,Retinitis punctata albescens,Pituitary gigantism
3515,Adult-onset foveomacular vitelliform dystrophy,"b""O'Sullivan-McLeod syndrome"""
3516,paroxysmal nocturnal hemoglobinuria,Atopic keratoconjunctivitis
3517,Lattice corneal dystrophy type I,Charcot-Marie-Tooth disease type 4D
3518,Autosomal dominant centronuclear myopathy,Glucagonoma
3519,Mutilating palmoplantar keratoderma with periorificial keratotic plaques,Familial drusen
3520,Herpes simplex virus stromal keratitis,Finnish upper limb-onset distal myopathy
3521,Myasthenia gravis,Pure mitochondrial myopathy
3523,Thymoma type B,Nephroblastoma
3524,Pure mitochondrial myopathy,5q35 microduplication syndrome
3525,Asbestos intoxication,Autosomal dominant Charcot-Marie-Tooth disease type 2W
3526,Mucopolysaccharidosis type 1,Moderate hemophilia A
3527,Best vitelliform macular dystrophy,Charcot-Marie-Tooth disease type 4G
3528,Adult-onset foveomacular vitelliform dystrophy,Spinocerebellar ataxia type 14
3529,graft versus host disease,Myxoid/round cell liposarcoma
3530,Mendelian susceptibility to mycobacterial diseases due to partial IRF8 deficiency,Mantle cell lymphoma
3531,Pure mitochondrial myopathy,Monosomy 9q22.3
3532,dermatomyositis,Autoimmune hepatitis
3533,"Adult-onset cervical dystonia, DYT23 type",Pituitary gigantism
3534,Primary Sjgren syndrome,Granulomatosis with polyangiitis
3535,Severe early-childhood-onset retinal dystrophy,"Adult-onset cervical dystonia, DYT23 type"
3536,gastrointestinal stromal tumor,Acute myelomonocytic leukemia
3537,Juvenile absence epilepsy,Adult-onset foveomacular vitelliform dystrophy
3538,Granulomatosis with polyangiitis,follicular lymphoma
3539,Male infertility with azoospermia or oligozoospermia due to single gene mutation,Granular corneal dystrophy type I
3540,Hereditary hyperferritinemia-cataract syndrome,Mutilating palmoplantar keratoderma with periorificial keratotic plaques
3541,Follicular lymphoma,Charcot-Marie-Tooth disease type 1B
3542,Gray platelet syndrome,Waldenstr\xc3\xb6m macroglobulinemia
3543,Familial drusen,Diffuse palmoplantar keratoderma-acrocyanosis syndrome
3544,Classic Hodgkin lymphoma,Pleural mesothelioma
3545,systemic sclerosis,graft versus host disease
3546,Cold agglutinin disease,Immunoglobulin-mediated membranoproliferative glomerulonephritis
3547,Oligocone trichromacy,"Primary dystonia, DYT4 type"
3548,Classic Hodgkin lymphoma,Adenocarcinoma of the esophagus
3549,Autosomal dominant hyperinsulinism due to SUR1 deficiency,Adult-onset foveomacular vitelliform dystrophy
3550,3-hydroxy-3-methylglutaryl-CoA synthase deficiency,MALT lymphoma
3551,plasma cell myeloma,Klatskin tumor
3552,Thymic carcinoma,MALT lymphoma
3553,"chronic myelogenous leukemia, BCR-ABL1 positive",Burkitt lymphoma
3554,Epithelial recurrent erosion dystrophy,"Primary dystonia, DYT27 type"
3555,Best vitelliform macular dystrophy,Unclassified myelodysplastic syndrome
3556,Idiopathic/heritable pulmonary arterial hypertension,Choroideremia
3557,Acute graft versus host disease,acquired polycythemia vera
3558,Cutaneous collagenous vasculopathy,Myxoid/round cell liposarcoma
3559,Rhabdoid tumor,Desmoplastic small round cell tumor
3560,Primary effusion lymphoma,Myasthenia gravis
3561,"Classic Hodgkin lymphoma, lymphocyte-depleted type",Subcutaneous panniculitis-like T-cell lymphoma
3562,Autosomal dominant Charcot-Marie-Tooth disease type 2Z,Pituitary gigantism
3563,Late-onset retinal degeneration,Autosomal dominant Charcot-Marie-Tooth disease type 2K
3564,Lattice corneal dystrophy type I,"Primary dystonia, DYT6 type"
3565,Stargardt disease,Adult-onset multiple mitochondrial DNA deletion syndrome due to DGUOK deficiency
3566,Autosomal dominant Charcot-Marie-Tooth disease type 2Y,Macular corneal dystrophy
3567,Autosomal dominant centronuclear myopathy,Gray platelet syndrome
3568,interstitial lung disease 2,Autoimmune hepatitis
3569,plasma cell myeloma,Pleural mesothelioma
3570,Vitamin B12-responsive methylmalonic acidemia,Severe hemophilia A
3571,Ependymoma,Waldenstrom macroglobulinemia
3572,Congenital stationary night blindness,Congenital ichthyosis-microcephalus-tetraplegia syndrome
3573,Primary myelofibrosis,Idiopathic/heritable pulmonary arterial hypertension
3574,Undifferentiated pleomorphic sarcoma,Klatskin tumor
3575,Tibial muscular dystrophy,MALT lymphoma
3576,Amyotrophic lateral sclerosis,Friedreich ataxia
3577,interstitial lung disease 2,Neuroendocrine tumor of the colon
3578,Epithelial recurrent erosion dystrophy,Charcot-Marie-Tooth disease type 4A
3579,Craniopharyngioma,Cholangiocarcinoma
3580,interstitial lung disease 2,Infant acute respiratory distress syndrome
3581,Diffuse cutaneous systemic sclerosis,Relapsing polychondritis
3582,KRT1-related diffuse nonepidermolytic keratoderma,Macular corneal dystrophy
3583,Glioblastoma,Best vitelliform macular dystrophy
3584,Follicular lymphoma,Zebra body myopathy
3585,Chronic inflammatory demyelinating polyneuropathy,Burkitt lymphoma
3586,Tyrosinemia type 1,Alkaptonuria
3587,microscopic polyangiitis,Adult-onset myasthenia gravis
3588,Dedifferentiated liposarcoma,Nephroblastoma
3589,POEMS syndrome,Adult-onset foveomacular vitelliform dystrophy
3590,meningioma,Kaposi\'s sarcoma
3591,Severe combined immunodeficiency due to complete RAG1/2 deficiency,DNAJB6-related limb-girdle muscular dystrophy D1
3592,Herpes simplex virus stromal keratitis,Pituicytoma
3593,Sandhoff disease,Medulloblastoma
3594,systemic sclerosis,MALT lymphoma
3595,MALT lymphoma,Myotonia permanens
3596,interstitial lung disease 2,Antisynthetase syndrome
3597,Duchenne muscular dystrophy,follicular lymphoma
3598,Myasthenia gravis,Pediatric systemic lupus erythematosus
3599,plasma cell myeloma,Stargardt disease
3600,Autosomal dominant centronuclear myopathy,Pediatric hepatocellular carcinoma
3601,Epithelial recurrent erosion dystrophy,"Primary dystonia, DYT2 type"
3602,Leber congenital amaurosis,systemic lupus erythematosus
3603,Parkinsonian-pyramidal syndrome,Adult-onset foveomacular vitelliform dystrophy
3604,Granulomatous slack skin,DNAJB6-related limb-girdle muscular dystrophy D1
3605,Granulomatous slack skin,Charcot-Marie-Tooth disease type 1B
3606,Pleural mesothelioma,Well-differentiated liposarcoma
3607,Pleural mesothelioma,Primary peritoneal carcinoma
3608,Primary myelofibrosis,Medulloblastoma
3609,Herpes simplex virus stromal keratitis,Palmoplantar keratoderma-spastic paralysis syndrome
3610,Classic Hodgkin lymphoma,Neuroendocrine tumor of the colon
3611,Somatostatinoma,Charcot-Marie-Tooth disease type 4B2
3612,Idiopathic pulmonary fibrosis,Charcot-Marie-Tooth disease type 1F
3613,Amyotrophic lateral sclerosis,Primary ciliary dyskinesia
3614,"chronic myelogenous leukemia, BCR-ABL1 positive",aspergillosis
3615,DNA2-related mitochondrial DNA deletion syndrome,GRFoma
3616,Gray platelet syndrome,Vernal keratoconjunctivitis
3617,Granulomatous slack skin,Charcot-Marie-Tooth disease type 4A
3618,PPoma,Charcot-Marie-Tooth disease type 4D
3619,autoimmune thrombocytopenic purpura,Mucous membrane pemphigoid
3620,TRAPPC11-related limb-girdle muscular dystrophy R18,Glucagonoma
3621,Ependymoma,GM1 gangliosidosis
3622,Idiopathic acute eosinophilic pneumonia,Autosomal dominant Charcot-Marie-Tooth disease type 2E
3623,Lethal infantile mitochondrial myopathy,Trisomy 17p
3624,Amyotrophic lateral sclerosis,plasma cell myeloma
3625,acquired polycythemia vera,Myasthenia gravis
3626,sarcoidosis,glioblastoma
3627,Pure mitochondrial myopathy,Mutilating palmoplantar keratoderma with periorificial keratotic plaques
3628,Gray platelet syndrome,Ichthyosis-prematurity syndrome
3629,Muscle-eye-brain disease with bilateral multicystic leucodystrophy,Idiopathic acute eosinophilic pneumonia
3630,glioblastoma,Kaposi\'s sarcoma
3631,Granulomatous slack skin,Granular corneal dystrophy type II
3632,Autosomal dominant Charcot-Marie-Tooth disease type 2W,PPoma
3633,Acute myelomonocytic leukemia,AL amyloidosis
3634,Solitary fibrous tumor,Adrenocortical carcinoma
3635,Pure mitochondrial myopathy,Pauci-immune glomerulonephritis
3636,Somatomammotropinoma,Distal nebulin myopathy
3637,Short stature due to partial GHR deficiency,Short stature due to GHSR deficiency
3638,Monosomy 18p,Respiratory bronchiolitis-interstitial lung disease syndrome
3639,Cholangiocarcinoma,Pleural mesothelioma
3640,Male infertility with azoospermia or oligozoospermia due to single gene mutation,Pituitary gigantism
3641,Pineoblastoma,tuberous sclerosis
3642,autoimmune thrombocytopenic purpura,Amyotrophic lateral sclerosis
3643,Ichthyosis hystrix of Curth-Macklin,Pituitary gigantism
3644,DNAJB6-related limb-girdle muscular dystrophy D1,Pauci-immune glomerulonephritis
3645,graft versus host disease,Pemphigus vulgaris
3646,\xc3\x85land Islands eye disease,Charcot-Marie-Tooth disease type 4B2
3647,"Localized dystrophic epidermolysis bullosa, pretibial form",Intermediate generalized junctional epidermolysis bullosa
3648,"Primary dystonia, DYT17 type",Oligocone trichromacy
3649,Glioblastoma,Late-onset retinal degeneration
3650,Duchenne muscular dystrophy,graft versus host disease
3651,Pineoblastoma,Adult-onset foveomacular vitelliform dystrophy
3652,Gray platelet syndrome,Charcot-Marie-Tooth disease type 1A
3653,Bullous pemphigoid,paroxysmal nocturnal hemoglobinuria
3654,\xc3\x85land Islands eye disease,Insulinoma
3655,Mendelian susceptibility to mycobacterial diseases due to partial IRF8 deficiency,Epithelial recurrent erosion dystrophy
3656,interstitial lung disease 2,Subcutaneous panniculitis-like T-cell lymphoma
3657,gastrointestinal stromal tumor,plasma cell myeloma
3658,Waldenstrom macroglobulinemia,Rhabdoid tumor
3659,Bardet-Biedl syndrome,Severe early-onset obesity-insulin resistance syndrome due to SH2B1 deficiency
3660,Uveal melanoma,gastrointestinal stromal tumor
3661,Hypocalcemic vitamin D-resistant rickets,Adult-onset foveomacular vitelliform dystrophy
3662,Medulloblastoma,Neuroendocrine neoplasm of appendix
3663,Mitochondrial myopathy with reversible cytochrome C oxidase deficiency,8q12 microduplication syndrome
3664,Diffuse palmoplantar keratoderma-acrocyanosis syndrome,Macular corneal dystrophy
3665,MALT lymphoma,Diffuse palmoplantar keratoderma-acrocyanosis syndrome
3666,PPoma,Rhabdoid tumor
3667,Immune thrombocytopenia,Autosomal dominant Charcot-Marie-Tooth disease type 2W
3668,GRFoma,Neuroendocrine neoplasm of appendix
3669,Bernard-Soulier syndrome,Idiopathic pulmonary fibrosis
3670,Respiratory bronchiolitis-interstitial lung disease syndrome,Autosomal dominant Charcot-Marie-Tooth disease type 2E
3671,Bernard-Soulier syndrome,Retinitis punctata albescens
3672,Rhabdoid tumor,Malignant peritoneal mesothelioma
3673,Non-epidermolytic palmoplantar keratoderma,Severe early-childhood-onset retinal dystrophy
3674,Benign familial infantile epilepsy,Generalized epilepsy with febrile seizures-plus
3675,systemic sclerosis,GM1 gangliosidosis
3676,Hypothyroidism due to deficient transcription factors involved in pituitary development or function,MALT lymphoma
3677,Tibial muscular dystrophy,Adult-onset foveomacular vitelliform dystrophy
3678,Pure mitochondrial myopathy,Acute erythroid leukemia
3679,mantle cell lymphoma,Refractory anemia with excess blasts
3680,Anoctamin-5-related limb-girdle muscular dystrophy R12,Macular corneal dystrophy
3681,Classic mycosis fungoides,neuroblastoma
3682,Elastoderma,Adult-onset foveomacular vitelliform dystrophy
3683,Bullous pemphigoid,essential thrombocythemia
3684,Oligoarticular juvenile idiopathic arthritis,Polyarteritis nodosa
3685,Fuchs endothelial corneal dystrophy,Charcot-Marie-Tooth disease type 4D
3686,Becker muscular dystrophy,Moderate hemophilia A
3687,\xc3\x85land Islands eye disease,"Primary dystonia, DYT2 type"
3688,DNA2-related mitochondrial DNA deletion syndrome,Idiopathic pulmonary fibrosis
3689,plasma cell myeloma,Giant cell arteritis
3690,Mitochondrial myopathy with reversible cytochrome C oxidase deficiency,"Hereditary palmoplantar keratoderma, Gamborg-Nielsen type"
3691,Thymoma type B,plasma cell myeloma
3692,Dystrophic epidermolysis bullosa pruriginosa,Localized junctional epidermolysis bullosa
3693,Best vitelliform macular dystrophy,Autosomal dominant spastic paraplegia type 36
3694,glioblastoma,Papilloma of choroid plexus
3695,Hermansky-Pudlak syndrome,Hereditary pulmonary alveolar proteinosis
3696,Epidermolysis bullosa simplex with pyloric atresia,Adult-onset foveomacular vitelliform dystrophy
3697,essential thrombocythemia,Chronic graft versus host disease
3698,Isolated glycerol kinase deficiency,Adult-onset foveomacular vitelliform dystrophy
3699,Respiratory bronchiolitis-interstitial lung disease syndrome,Oligocone trichromacy
3700,Neuroendocrine tumor of stomach,tuberous sclerosis
3701,Burkitt lymphoma,Malignant peritoneal mesothelioma
3702,Anoctamin-5-related limb-girdle muscular dystrophy R12,Somatostatinoma
3703,Ependymoma,Osteosarcoma
3705,systemic sclerosis,plasma cell myeloma
3706,Mantle cell lymphoma,Ichthyosis-prematurity syndrome
3707,Waldenstrom macroglobulinemia,"Classic Hodgkin lymphoma, mixed cellularity type"
3708,Adult-onset foveomacular vitelliform dystrophy,Placental site trophoblastic tumor
3709,"chronic myelogenous leukemia, BCR-ABL1 positive",Giant cell arteritis
3710,Idiopathic/heritable pulmonary arterial hypertension,Eisenmenger syndrome
3711,Infantile convulsions and choreoathetosis,Non-specific early-onset epileptic encephalopathy
3712,Mitochondrial myopathy with reversible cytochrome C oxidase deficiency,"Primary dystonia, DYT21 type"
3713,TRAPPC11-related limb-girdle muscular dystrophy R18,Bothnia retinal dystrophy
3714,Lethal infantile mitochondrial myopathy,Glioblastoma
3715,Becker muscular dystrophy,Rheumatoid factor-negative polyarticular juvenile idiopathic arthritis
3716,Pure mitochondrial myopathy,Phacoanaphylactic uveitis
3717,Congenital ichthyosis-microcephalus-tetraplegia syndrome,Pituitary gigantism
3718,Distal trisomy 18q,Pure mitochondrial myopathy
3719,Bethlem myopathy,Best vitelliform macular dystrophy
3720,Burkitt lymphoma,AL amyloidosis
3721,Autosomal dominant epidermolytic ichthyosis,Idiopathic acute eosinophilic pneumonia
3722,Gaucher disease type 2,Gaucher disease type 1
3723,\xc3\x85land Islands eye disease,Male infertility with teratozoospermia due to single gene mutation
3724,X-linked endothelial corneal dystrophy,"Primary dystonia, DYT6 type"
3725,Chronic pneumonitis of infancy,Charcot-Marie-Tooth disease type 1A
3726,Pressure-induced localized lipoatrophy,Adult-onset foveomacular vitelliform dystrophy
3727,Fuchs endothelial corneal dystrophy,Charcot-Marie-Tooth disease type 4C
3728,Mitochondrial myopathy with reversible cytochrome C oxidase deficiency,Radial hemimelia
3729,Classic mycosis fungoides,Severe early-childhood-onset retinal dystrophy
3730,Congenital stationary night blindness,Acute interstitial pneumonia
3731,Mitochondrial myopathy with reversible cytochrome C oxidase deficiency,Multifocal lymphangioendotheliomatosis-thrombocytopenia syndrome
3732,Lethal infantile mitochondrial myopathy,Charcot-Marie-Tooth disease type 4C
3733,Autosomal dominant centronuclear myopathy,Zollinger-Ellison syndrome
3734,Isaacs syndrome,Adult-onset foveomacular vitelliform dystrophy
3735,GM1 gangliosidosis,"GM2 gangliosidosis, AB variant"
3736,Cryoglobulinemic vasculitis,Indolent systemic mastocytosis
3737,Malignant peritoneal mesothelioma,Klatskin tumor
3738,Evans syndrome,Lethal infantile mitochondrial myopathy
3739,Krabbe disease,AL amyloidosis
3740,neuroblastoma,Subcutaneous panniculitis-like T-cell lymphoma
3741,glioblastoma,Adenocarcinoma of the esophagus
3742,Classic mycosis fungoides,follicular lymphoma
3743,Congenital stationary night blindness,"Primary dystonia, DYT21 type"
3744,plasma cell myeloma,polymyositis
3745,Autosomal dominant polycystic kidney disease,Idiopathic uveal effusion syndrome
3747,Multifocal lymphangioendotheliomatosis-thrombocytopenia syndrome,Adult-onset foveomacular vitelliform dystrophy
3748,Cyclic neutropenia,Adult-onset foveomacular vitelliform dystrophy
3749,Spinal cord injury,systemic sclerosis
3750,Pituitary gigantism,Charcot-Marie-Tooth disease type 4B2
3751,C3 glomerulonephritis,systemic lupus erythematosus
3752,"Methylmalonic acidemia with homocystinuria, type cblC",Friedreich ataxia
3753,Mutilating palmoplantar keratoderma with periorificial keratotic plaques,"Primary dystonia, DYT2 type"
3754,Somatomammotropinoma,Bothnia retinal dystrophy
3755,Cholangiocarcinoma,Neuroendocrine tumor of the rectum
3756,Classic mycosis fungoides,"chronic myelogenous leukemia, BCR-ABL1 positive"
3757,Retinitis pigmentosa,follicular lymphoma
3758,Congenital hypothyroidism due to maternal intake of antithyroid drugs,MALT lymphoma
3759,Waldenstrom macroglobulinemia,Klatskin tumor
3760,Primary ciliary dyskinesia,Squamous cell carcinoma of the esophagus
3761,Lymphangioleiomyomatosis,Neurofibromatosis type 1
3762,Mucous membrane pemphigoid,Chronic graft versus host disease
3763,Cold agglutinin disease,Familial drusen
3764,Beta-thalassemia,AL amyloidosis
3765,Mendelian susceptibility to mycobacterial diseases due to partial IRF8 deficiency,Severe early-childhood-onset retinal dystrophy
3766,Epidermolytic palmoplantar keratoderma,Familial drusen
3767,Best vitelliform macular dystrophy,Idiopathic congenital hypothyroidism
3768,Rheumatoid factor-positive polyarticular juvenile idiopathic arthritis,Birdshot chorioretinopathy
3769,Hypocalcemic vitamin D-dependent rickets,Adult-onset foveomacular vitelliform dystrophy
3770,Gaucher disease,Granulomatosis with polyangiitis
3771,Paramyotonia congenita of Von Eulenburg,Steinert myotonic dystrophy
3772,Leber hereditary optic neuropathy,Vernal keratoconjunctivitis
3773,TRAPPC11-related limb-girdle muscular dystrophy R18,Epithelial recurrent erosion dystrophy
3774,"Autoimmune hemolytic anemia, warm type",follicular lymphoma
3775,X-linked endothelial corneal dystrophy,Charcot-Marie-Tooth disease type 1F
3776,Idiopathic steroid-sensitive nephrotic syndrome,Proximal spinal muscular atrophy type 1
3777,dermatomyositis,Multifocal motor neuropathy
3779,Primary myelofibrosis,Beta-thalassemia intermedia
3780,Mitochondrial myopathy with reversible cytochrome C oxidase deficiency,Paraparetic variant of Guillain-Barr\xc3\xa9 syndrome
3781,Autosomal recessive spastic paraplegia type 70,Adult-onset foveomacular vitelliform dystrophy
3782,Neonatal intrahepatic cholestasis due to citrin deficiency,Adult-onset foveomacular vitelliform dystrophy
3783,Follicular lymphoma,Charcot-Marie-Tooth disease type 1A
3784,\xc3\x85land Islands eye disease,"Primary dystonia, DYT17 type"
3785,"chronic myelogenous leukemia, BCR-ABL1 positive",Rhabdoid tumor
3786,essential thrombocythemia,Waldenstrom macroglobulinemia
3787,Ependymoma,MALT lymphoma
3788,Glossopharyngeal neuralgia,Adult-onset foveomacular vitelliform dystrophy
3789,X-linked endothelial corneal dystrophy,GRFoma
3790,Lambert-Eaton myasthenic syndrome,Proximal spinal muscular atrophy type 3
3791,Somatomammotropinoma,Acetazolamide-responsive myotonia
3792,Cold agglutinin disease,Charcot-Marie-Tooth disease type 4G
3793,Acute graft versus host disease,Schnitzler syndrome
3794,essential thrombocythemia,Craniopharyngioma
3795,neuroblastoma,Neuroendocrine tumor of anal canal
3796,Granulomatosis with polyangiitis,Birdshot chorioretinopathy
3797,Ichthyosis-prematurity syndrome,Insulinoma
3798,PPoma,GRFoma
3799,paroxysmal nocturnal hemoglobinuria,Cold agglutinin disease
3800,KLHL9-related early-onset distal myopathy,Pituitary gigantism
3801,paroxysmal nocturnal hemoglobinuria,systemic sclerosis
3802,Somatomammotropinoma,Charcot-Marie-Tooth disease type 1F
3803,dermatomyositis,"chronic myelogenous leukemia, BCR-ABL1 positive"
3804,Best vitelliform macular dystrophy,Acute panmyelosis with myelofibrosis
3805,MALT lymphoma,Polyarteritis nodosa
3806,Severe hemophilia A,Moderate hemophilia B
3807,Von Willebrand disease type 2M,Von Willebrand disease type 2B
3808,Severe early-childhood-onset retinal dystrophy,Pediatric hepatocellular carcinoma
3809,essential thrombocythemia,Kaposi\'s sarcoma
3810,Burkitt lymphoma,Giant cell arteritis
3811,Tubular aggregate myopathy,Adult-onset foveomacular vitelliform dystrophy
3812,Pure mitochondrial myopathy,Drug-induced autoimmune hemolytic anemia
3813,Medullary thyroid carcinoma,Squamous cell carcinoma of the anal canal
3814,Uveal melanoma,Carcinoid syndrome
3815,Pseudomyxoma peritonei,Primary sclerosing cholangitis
3816,Adult acute respiratory distress syndrome,DNAJB6-related limb-girdle muscular dystrophy D1
3817,hemophilia A,Gaucher disease
3818,Neurofibromatosis type 1,Cholangiocarcinoma
3819,autoimmune thrombocytopenic purpura,Primary biliary cholangitis
3820,Ataxia-telangiectasia,neuroblastoma
3821,Leukoencephalopathy-palmoplantar keratoderma syndrome,Thiel-Behnke corneal dystrophy
3822,Psoriasis-related juvenile idiopathic arthritis,Rheumatoid factor-negative polyarticular juvenile idiopathic arthritis
3823,Ichthyosis-hypotrichosis syndrome,Adult-onset foveomacular vitelliform dystrophy
3824,DNA2-related mitochondrial DNA deletion syndrome,Fuchs endothelial corneal dystrophy
3825,Von Hippel-Lindau disease,gastrointestinal stromal tumor
3826,Congenital stationary night blindness,Charcot-Marie-Tooth disease type 4D
3827,Pure mitochondrial myopathy,Charcot-Marie-Tooth disease type 4G
3828,Desmoplastic small round cell tumor,Dedifferentiated liposarcoma
3829,Autosomal recessive axonal Charcot-Marie-Tooth disease due to copper metabolism defect,Adult-onset foveomacular vitelliform dystrophy
3830,Follicular lymphoma,Myotonia permanens
3831,Lamellar ichthyosis,Idiopathic acute eosinophilic pneumonia
3832,"Primary dystonia, DYT21 type",Familial drusen
3833,Thymoma type B,Rhabdoid tumor
3834,Autosomal dominant Charcot-Marie-Tooth disease type 2Y,GRFoma
3835,glioblastoma,"Autosomal recessive generalized dystrophic epidermolysis bullosa, severe form"
3836,Anaplastic thyroid carcinoma,Gangliocytoma
3837,Non-epidermolytic palmoplantar keratoderma,Lethal infantile mitochondrial myopathy
3838,Lethal infantile mitochondrial myopathy,X-linked severe congenital neutropenia
3839,Monosomy 18p,Chronic pneumonitis of infancy
3840,Lethal infantile mitochondrial myopathy,Charcot-Marie-Tooth disease type 4G
3841,Bernard-Soulier syndrome,Pure mitochondrial myopathy
3842,Waldenstrom macroglobulinemia,Cholangiocarcinoma
3843,Duchenne muscular dystrophy,Beta-thalassemia
3844,Osteosarcoma,Adrenocortical carcinoma
3845,gastrointestinal stromal tumor,Aggressive systemic mastocytosis
3846,Opsoclonus-myoclonus syndrome,Adult acute respiratory distress syndrome
3847,Primary myelofibrosis,mantle cell lymphoma
3848,Drug-induced autoimmune hemolytic anemia,Genetic steroid-resistant nephrotic syndrome
3849,Papilloma of choroid plexus,Szary syndrome
3850,Huriez syndrome,Familial drusen
3851,Granular corneal dystrophy type I,Autosomal dominant Charcot-Marie-Tooth disease type 2A2
3852,Alpha-thalassemia-myelodysplastic syndrome,Adult-onset foveomacular vitelliform dystrophy
3853,Leber congenital amaurosis,follicular lymphoma
3854,autoimmune thrombocytopenic purpura,metachromatic leukodystrophy
3855,Ulerythema ophryogenesis,Adult-onset foveomacular vitelliform dystrophy
3856,autoimmune thrombocytopenic purpura,Malaria
3857,Drug-induced autoimmune hemolytic anemia,Catastrophic antiphospholipid syndrome
3858,Transgrediens et progrediens palmoplantar keratoderma,Gray platelet syndrome
3859,PPoma,Charcot-Marie-Tooth disease type 1B
3860,MALT lymphoma,Congenital hypothyroidism due to transplacental passage of TSH-binding inhibitory antibodies
3861,autoimmune thrombocytopenic purpura,dermatomyositis
3862,Herpes simplex virus stromal keratitis,Idiopathic pulmonary fibrosis
3863,Stargardt disease,Respiratory bronchiolitis-interstitial lung disease syndrome
3864,Combined oxidative phosphorylation defect type 7,Adult-onset foveomacular vitelliform dystrophy
3865,Idiopathic acute eosinophilic pneumonia,Autosomal dominant Charcot-Marie-Tooth disease type 2W
3866,Recessive mitochondrial ataxia syndrome,Adult-onset foveomacular vitelliform dystrophy
3867,Pure mitochondrial myopathy,Thiel-Behnke corneal dystrophy
3868,Sporadic pheochromocytoma/secreting paraganglioma,Adenocarcinoma of the esophagus
3869,Severe early-childhood-onset retinal dystrophy,Autosomal dominant Charcot-Marie-Tooth disease type 2Y
3870,\xc3\x85land Islands eye disease,Charcot-Marie-Tooth disease type 4A
3871,Hb Bart's hydrops fetalis,Dominant beta-thalassemia
3872,KRT1-related diffuse nonepidermolytic keratoderma,Mantle cell lymphoma
3873,Severe early-childhood-onset retinal dystrophy,Idiopathic acute eosinophilic pneumonia
3874,Severe early-childhood-onset retinal dystrophy,DNAJB6-related limb-girdle muscular dystrophy D1
3875,meningioma,interstitial lung disease 2
3876,Macrophage activation syndrome,Systemic-onset juvenile idiopathic arthritis
3877,AL amyloidosis,Herpes simplex virus encephalitis
3878,Peroxisomal acyl-CoA oxidase deficiency,Adult-onset foveomacular vitelliform dystrophy
3879,Pineoblastoma,Birt-Hogg-Dub syndrome
3880,Primary systemic amyloidosis,AL amyloidosis
3881,Dedifferentiated liposarcoma,Myxoid/round cell liposarcoma
3882,Stargardt disease,TSH-secreting pituitary adenoma
3883,Von Willebrand disease type 1,Von Willebrand disease type 3
3884,Granulomatosis with polyangiitis,Opsoclonus-myoclonus syndrome
3885,Adult-onset foveomacular vitelliform dystrophy,Autosomal dominant Charcot-Marie-Tooth disease type 2E
3886,Anoctamin-5-related limb-girdle muscular dystrophy R12,Pituitary gigantism
3887,Chronic pneumonitis of infancy,Macular corneal dystrophy
3888,dermatomyositis,Idiopathic uveal effusion syndrome
3889,Osteosarcoma,Kaposi\'s sarcoma
3890,Relapsing polychondritis,Idiopathic/heritable pulmonary arterial hypertension
3891,"Classic Hodgkin lymphoma, lymphocyte-depleted type","Classic Hodgkin lymphoma, mixed cellularity type"
3892,Adult-onset multiple mitochondrial DNA deletion syndrome due to DGUOK deficiency,Chronic pneumonitis of infancy
3893,Von Hippel-Lindau disease,Hereditary pheochromocytoma-paraganglioma
3894,Systemic polyarteritis nodosa,Pemphigus vulgaris
3895,Stargardt disease,Paroxysmal cold hemoglobinuria
3896,Severe early-childhood-onset retinal dystrophy,"Primary dystonia, DYT13 type"
3897,Neurotrophic keratopathy,Acute interstitial pneumonia
3898,Granular corneal dystrophy type I,Charcot-Marie-Tooth disease type 1B
3899,Respiratory bronchiolitis-interstitial lung disease syndrome,Charcot-Marie-Tooth disease type 4D
3900,Best vitelliform macular dystrophy,Pituitary deficiency due to empty sella turcica syndrome
3901,Early-onset generalized limb-onset dystonia,Late-onset retinal degeneration
3902,Paroxysmal non-kinesigenic dyskinesia,Adult-onset foveomacular vitelliform dystrophy
3903,Adult acute respiratory distress syndrome,Choroideremia
3904,Mitochondrial myopathy with reversible cytochrome C oxidase deficiency,7q11.23 microduplication syndrome
3905,Rheumatoid factor-positive polyarticular juvenile idiopathic arthritis,Becker muscular dystrophy
3906,Mitochondrial myopathy with reversible cytochrome C oxidase deficiency,Early-onset generalized limb-onset dystonia
3907,glioblastoma,Well-differentiated liposarcoma
3908,Ileal neuroendocrine tumor,Lymphangioleiomyomatosis
3909,Pure mitochondrial myopathy,Fetal and neonatal alloimmune thrombocytopenia
3910,Osteogenesis imperfecta type 2,Osteogenesis imperfecta type 1
3911,Bronchial neuroendocrine tumor,Neuroendocrine tumor of the colon
3912,Lymphoid interstitial pneumonia,Charcot-Marie-Tooth disease type 1F
3913,Acromegaly,Combined oxidative phosphorylation defect type 13
3914,Heparin-induced thrombocytopenia,DNAJB6-related limb-girdle muscular dystrophy D1
3915,Progressive familial intrahepatic cholestasis type 2,Progressive familial intrahepatic cholestasis type 1
3916,Citrullinemia type I,Argininemia
3917,Idiopathic pulmonary fibrosis,Charcot-Marie-Tooth disease type 4G
3918,Osteogenesis imperfecta type 2,Osteogenesis imperfecta type 3
3919,mantle cell lymphoma,Immune-mediated thrombotic thrombocytopenic purpura
3920,"Classic Hodgkin lymphoma, mixed cellularity type",Klatskin tumor
3921,Narcolepsy type 1,Steinert myotonic dystrophy
3922,Idiopathic pulmonary fibrosis,Oligocone trichromacy
3923,Zollinger-Ellison syndrome,Autosomal dominant Charcot-Marie-Tooth disease type 2Z
3924,Chronic inflammatory demyelinating polyneuropathy,AL amyloidosis
3925,Transgrediens et progrediens palmoplantar keratoderma,Lethal infantile mitochondrial myopathy
3926,Pituitary gigantism,Autosomal dominant Charcot-Marie-Tooth disease type 2A2
3927,X-linked endothelial corneal dystrophy,"Primary dystonia, DYT13 type"
3928,"46,XY disorder of sex development due to 5-alpha-reductase 2 deficiency",Adult-onset foveomacular vitelliform dystrophy
3929,Nephroblastoma,MALT lymphoma
3930,Epithelial recurrent erosion dystrophy,Glucagonoma
3931,Acquired hypertrichosis lanuginosa,Adult-onset foveomacular vitelliform dystrophy
3932,Diffuse cutaneous systemic sclerosis,Birdshot chorioretinopathy
3933,systemic lupus erythematosus,Medulloblastoma
3934,Duchenne muscular dystrophy,Cystic fibrosis
3935,Lethal infantile mitochondrial myopathy,Autosomal dominant Charcot-Marie-Tooth disease type 2A2
3936,glioblastoma,metachromatic leukodystrophy
3937,Autosomal recessive spastic paraplegia type 46,Adult-onset foveomacular vitelliform dystrophy
3938,glioblastoma,Ileal neuroendocrine tumor
3939,KLHL9-related early-onset distal myopathy,Adult-onset foveomacular vitelliform dystrophy
3940,Classic mycosis fungoides,Primary effusion lymphoma
3941,Best vitelliform macular dystrophy,Autosomal dominant spastic paraplegia type 29
3942,Lennox-Gastaut syndrome,15q11q13 microduplication syndrome
3943,Polyneuropathy associated with IgM monoclonal gammopathy with anti-MAG,Burkitt lymphoma
3944,microscopic polyangiitis,Granulomatosis with polyangiitis
3945,Pediatric hepatocellular carcinoma,Charcot-Marie-Tooth disease type 1B
3946,Congenital hereditary endothelial dystrophy type II,Male infertility with azoospermia or oligozoospermia due to single gene mutation
3947,mantle cell lymphoma,Giant cell arteritis
3948,Ataxia-telangiectasia,X-linked adrenoleukodystrophy
3949,Classic mycosis fungoides,Idiopathic acute eosinophilic pneumonia
3950,systemic lupus erythematosus,Granulomatosis with polyangiitis
3952,Congenital hereditary endothelial dystrophy type II,Functioning gonadotropic adenoma
3953,Oligocone trichromacy,"Hereditary palmoplantar keratoderma, Gamborg-Nielsen type"
3954,Functioning gonadotropic adenoma,Autosomal dominant Charcot-Marie-Tooth disease type 2F
3955,Opsoclonus-myoclonus syndrome,Mixed-type autoimmune hemolytic anemia
3956,GM1 gangliosidosis,Tay-Sachs disease
3957,Somatostatinoma,Fuchs endothelial corneal dystrophy
3958,Stargardt disease,Mendelian susceptibility to mycobacterial diseases due to complete IL12RB1 deficiency
3959,aspergillosis,American trypanosomiasis
3960,Lethal infantile mitochondrial myopathy,Functioning gonadotropic adenoma
3961,Follicular lymphoma,"Primary dystonia, DYT13 type"
3962,Autosomal recessive polycystic kidney disease,Autosomal dominant polycystic kidney disease
3963,Burkitt lymphoma,Polyarteritis nodosa
3964,SHOX-related short stature,Proximal spinal muscular atrophy type 3
3965,Primary myelofibrosis,Craniopharyngioma
3966,Tetrahydrobiopterin-responsive hyperphenylalaninemia/phenylketonuria,phenylketonuria
3967,Sporadic pheochromocytoma/secreting paraganglioma,Squamous cell carcinoma of the esophagus
3968,Mutilating palmoplantar keratoderma with periorificial keratotic plaques,Autosomal dominant Charcot-Marie-Tooth disease type 2W
3969,Mucopolysaccharidosis type 4A,Mucopolysaccharidosis type 4
3970,Lethal infantile mitochondrial myopathy,Dystonia-aphonia syndrome
3971,dermatomyositis,Chronic inflammatory demyelinating polyneuropathy
3972,acquired polycythemia vera,"Autoimmune hemolytic anemia, warm type"
3973,Huriez syndrome,Granular corneal dystrophy type II
3974,Beta-thalassemia,Tufted angioma
3975,Male infertility with teratozoospermia due to single gene mutation,Granular corneal dystrophy type II
3976,Neuroblastoma,Lethal infantile mitochondrial myopathy
3977,MALT lymphoma,Keratosis palmaris et plantaris-clinodactyly syndrome
3978,Classic mycosis fungoides,Late-onset retinal degeneration
3979,Neuroendocrine tumor of anal canal,Acromegaly
3980,essential thrombocythemia,Castleman disease
3981,Stargardt disease,"Primary dystonia, DYT6 type"
3982,Kaposi\'s sarcoma,MALT lymphoma
3983,Oligocone trichromacy,"Primary dystonia, DYT2 type"
3984,TSH-secreting pituitary adenoma,Charcot-Marie-Tooth disease type 4B2
3985,Neurotrophic keratopathy,Mitochondrial myopathy with reversible cytochrome C oxidase deficiency
3986,Early-onset generalized limb-onset dystonia,Bothnia retinal dystrophy
3987,Retinitis pigmentosa,neuroblastoma
3988,PPoma,Neuroendocrine tumor of the rectum
3989,Severe intellectual disability and progressive spastic paraplegia,Adult-onset foveomacular vitelliform dystrophy
3990,2q24 microdeletion syndrome,Mitochondrial myopathy with reversible cytochrome C oxidase deficiency
3991,Foveal hypoplasia-presenile cataract syndrome,Mantle cell lymphoma
3992,progressive supranuclear palsy,"Multiple system atrophy, parkinsonian type"
3993,Undifferentiated pleomorphic sarcoma,Squamous cell carcinoma of the anal canal
3994,Fetal and neonatal alloimmune thrombocytopenia,Adult-onset foveomacular vitelliform dystrophy
3995,Adult-onset multiple mitochondrial DNA deletion syndrome due to DGUOK deficiency,Fuchs endothelial corneal dystrophy
3996,dermatomyositis,Primary myelofibrosis
3997,Chronic pneumonitis of infancy,Chronic visceral acid sphingomyelinase deficiency
3998,FLOTCH syndrome,Adult-onset foveomacular vitelliform dystrophy
3999,Ichthyosis-prematurity syndrome,Granular corneal dystrophy type I
4000,Mantle cell lymphoma,Charcot-Marie-Tooth disease type 1A
4001,Lethal infantile mitochondrial myopathy,Paris-Trousseau thrombocytopenia
4002,Amyotrophic lateral sclerosis,Systemic-onset juvenile idiopathic arthritis
4003,Classic mycosis fungoides,Pleomorphic liposarcoma
4004,neuroblastoma,systemic sclerosis
4005,Transgrediens et progrediens palmoplantar keratoderma,TRAPPC11-related limb-girdle muscular dystrophy R18
4006,sarcoidosis,Chronic thromboembolic pulmonary hypertension
4007,Best vitelliform macular dystrophy,Autosomal recessive spastic paraplegia type 61
4008,Drug-induced autoimmune hemolytic anemia,Waldenstrom macroglobulinemia
4009,Leber congenital amaurosis,polymyositis
4010,Congenital factor VII deficiency,Adult-onset foveomacular vitelliform dystrophy
4011,Limbal stem cell deficiency,Stevens-Johnson syndrome
4012,Bernard-Soulier syndrome,Best vitelliform macular dystrophy
4013,Pure mitochondrial myopathy,3q29 microdeletion syndrome
4014,Classic mycosis fungoides,Fuchs endothelial corneal dystrophy
4015,Pituicytoma,Oligocone trichromacy
4016,X-linked endothelial corneal dystrophy,Charcot-Marie-Tooth disease type 4C
4017,Secondary non-traumatic avascular necrosis,Adult-onset foveomacular vitelliform dystrophy
4018,Congenital stationary night blindness,Dystonia-aphonia syndrome
4019,acquired polycythemia vera,follicular lymphoma
4020,glioblastoma,Classic neuroendocrine tumor of appendix
4021,Spastic paraplegia-neuropathy-poikiloderma syndrome,MALT lymphoma
4022,Anoctamin-5-related limb-girdle muscular dystrophy R12,TSH-secreting pituitary adenoma
4023,meningioma,Waldenstrom macroglobulinemia
4024,Lethal infantile mitochondrial myopathy,10q22.3q23.3 microduplication syndrome
4025,Rhabdoid tumor,AL amyloidosis
4026,Familial keratoacanthoma,Generalized eruptive keratoacanthoma
4027,Familial pancreatic carcinoma,Adrenocortical carcinoma
4028,Multiple endocrine neoplasia type 2A,Medullary thyroid carcinoma
4029,Autosomal dominant Charcot-Marie-Tooth disease type 2W,Pediatric hepatocellular carcinoma
4030,Idiopathic/heritable pulmonary arterial hypertension,mantle cell lymphoma
4031,Somatomammotropinoma,Short chain acyl-CoA dehydrogenase deficiency
4032,polymyositis,Idiopathic uveal effusion syndrome
4033,Fibrous dysplasia of bone,Schnitzler syndrome
4034,Infant acute respiratory distress syndrome,Adult-onset foveomacular vitelliform dystrophy
4035,Herpes simplex virus stromal keratitis,VIPoma
4036,Monosomy 18p,Infant acute respiratory distress syndrome
4037,Immune thrombocytopenia,Late-onset retinal degeneration
4038,Somatomammotropinoma,Cryptogenic organizing pneumonia
4039,Congenital hereditary endothelial dystrophy type II,VIPoma
4040,Herpes simplex virus stromal keratitis,Glioblastoma
4041,Muscle-eye-brain disease with bilateral multicystic leucodystrophy,Mantle cell lymphoma
4042,Gaisb\xc3\xb6ck syndrome,Adult-onset foveomacular vitelliform dystrophy
4043,Early-onset generalized limb-onset dystonia,Adult-onset foveomacular vitelliform dystrophy
4044,Stargardt disease,Mal de Meleda
4045,Stargardt disease,Bernard-Soulier syndrome
4046,Classic Hodgkin lymphoma,Subcutaneous panniculitis-like T-cell lymphoma
4047,Systemic polyarteritis nodosa,Myasthenia gravis
4048,Myxoid/round cell liposarcoma,Neuroendocrine tumor of the rectum
4049,glioblastoma,PPoma
4050,Alport syndrome,Cryptogenic organizing pneumonia
4051,Gaucher disease,mantle cell lymphoma
4052,Pediatric hepatocellular carcinoma,Charcot-Marie-Tooth disease type 4D
4053,Respiratory bronchiolitis-interstitial lung disease syndrome,Charcot-Marie-Tooth disease type 4C
4054,Stargardt disease,Mitochondrial myopathy with reversible cytochrome C oxidase deficiency
4055,Enthesitis-related juvenile idiopathic arthritis,Idiopathic uveal effusion syndrome
4056,systemic sclerosis,Rheumatoid factor-negative polyarticular juvenile idiopathic arthritis
4057,Rheumatoid factor-positive polyarticular juvenile idiopathic arthritis,Rheumatoid factor-negative polyarticular juvenile idiopathic arthritis
4058,Pure mitochondrial myopathy,Acquired purpura fulminans
4059,Rhabdoid tumor,GRFoma
4060,DNA2-related mitochondrial DNA deletion syndrome,TSH-secreting pituitary adenoma
4061,Thymoma type B,follicular lymphoma
4062,Malaria,systemic lupus erythematosus
4063,Zollinger-Ellison syndrome,Fuchs endothelial corneal dystrophy
4064,KRT1-related diffuse nonepidermolytic keratoderma,MALT lymphoma
4065,glioblastoma,Cystic fibrosis
4066,Bernard-Soulier syndrome,Neurotrophic keratopathy
4067,Transgrediens et progrediens palmoplantar keratoderma,X-linked endothelial corneal dystrophy
4068,Early-onset generalized limb-onset dystonia,Oligocone trichromacy
4069,Mendelian susceptibility to mycobacterial diseases due to complete IL12RB1 deficiency,Somatomammotropinoma
4070,MALT lymphoma,Glucagonoma
4071,glioblastoma,Ependymoma
4072,Severe hemophilia B,Moderate hemophilia A
4073,Lennox-Gastaut syndrome,Autoimmune hepatitis
4074,Adult-onset foveomacular vitelliform dystrophy,Spinocerebellar ataxia type 12
4075,Gliosarcoma,AL amyloidosis
4076,Lichen planopilaris,Adult-onset foveomacular vitelliform dystrophy
4077,"chronic myelogenous leukemia, BCR-ABL1 positive",glycogen storage disease II
4078,Amyotrophic lateral sclerosis,microscopic polyangiitis
4079,Follicular lymphoma,Adenylosuccinate synthetase-like 1-related distal myopathy
4080,Neurotrophic keratopathy,Cryptogenic organizing pneumonia
4081,Amyotrophic lateral sclerosis,mantle cell lymphoma
4082,Relapsing polychondritis,Polyarteritis nodosa
4083,DNA2-related mitochondrial DNA deletion syndrome,Late-onset retinal degeneration
4084,Pituitary gigantism,Charcot-Marie-Tooth disease type 1B
4085,DNAJB6-related limb-girdle muscular dystrophy D1,GRFoma
4086,Lattice corneal dystrophy type I,Autosomal dominant Charcot-Marie-Tooth disease type 2K
4087,MALT lymphoma,Recessive mitochondrial ataxia syndrome
4088,MALT lymphoma,Resistance to thyrotropin-releasing hormone syndrome
4089,TRAPPC11-related limb-girdle muscular dystrophy R18,"Hereditary palmoplantar keratoderma, Gamborg-Nielsen type"
4090,Ataxia-telangiectasia,Nijmegen breakage syndrome
4091,Autosomal dominant spastic paraplegia type 9B,Adult-onset foveomacular vitelliform dystrophy
4092,Severe early-childhood-onset retinal dystrophy,Charcot-Marie-Tooth disease type 1A
4093,Chronic beryllium disease,Charcot-Marie-Tooth disease type 4D
4094,tuberous sclerosis,Atypical Rett syndrome
4095,Sporadic pheochromocytoma/secreting paraganglioma,Classic Hodgkin lymphoma
4096,Adult-onset multiple mitochondrial DNA deletion syndrome due to DGUOK deficiency,Idiopathic acute eosinophilic pneumonia
4097,Adult-onset foveomacular vitelliform dystrophy,Autosomal recessive spastic paraplegia type 28
4098,Pituitary gigantism,Charcot-Marie-Tooth disease type 1F
4099,"Classic Hodgkin lymphoma, nodular sclerosis type",Szary syndrome
4100,Paroxysmal cold hemoglobinuria,Macular corneal dystrophy
4101,Pituicytoma,Combined oxidative phosphorylation defect type 13
4102,Ebola hemorrhagic fever,acquired polycythemia vera
4103,Cystic fibrosis,Moderate hemophilia A
4104,Best vitelliform macular dystrophy,Autosomal recessive spastic paraplegia type 78
4105,"tenosynovial giant cell tumor, diffuse type",systemic sclerosis
4106,Immune thrombocytopenia,Charcot-Marie-Tooth disease type 4B2
4107,Prader-Willi syndrome due to maternal uniparental disomy of chromosome 15,Bardet-Biedl syndrome
4108,Glioblastoma,Bothnia retinal dystrophy
4109,thymoma,Pleural mesothelioma
4110,graft versus host disease,Classic neuroendocrine tumor of appendix
4111,Adrenomyeloneuropathy,Amyotrophic lateral sclerosis
4112,acquired polycythemia vera,Refractory anemia with excess blasts
4114,Autosomal recessive spastic paraplegia type 59,Adult-onset foveomacular vitelliform dystrophy
4115,"tenosynovial giant cell tumor, diffuse type",Full NF2-related schwannomatosis
4116,essential thrombocythemia,Leber congenital amaurosis
4117,neuroblastoma,plasma cell myeloma
4118,autoimmune thrombocytopenic purpura,Myasthenia gravis
4119,neuroblastoma,glycogen storage disease II
4120,Cystic fibrosis,Myasthenia gravis
4121,Amyotrophic lateral sclerosis,Atypical hemolytic uremic syndrome
4122,Glioblastoma,Retinitis punctata albescens
4123,Asbestos intoxication,Charcot-Marie-Tooth disease type 4D
4124,Somatomammotropinoma,Lymphoid interstitial pneumonia
4125,Catastrophic antiphospholipid syndrome,mantle cell lymphoma
4126,Best vitelliform macular dystrophy,Autosomal recessive spastic paraplegia type 25
4127,Cholangiocarcinoma,Sandhoff disease
4128,Tay-Sachs disease,Sialidosis type 1
4129,"Primary dystonia, DYT17 type",Macular corneal dystrophy
4130,acquired polycythemia vera,MALT lymphoma
4131,acquired polycythemia vera,polymyositis
4132,\xc3\x85land Islands eye disease,Pituitary gigantism
4133,Focal palmoplantar and gingival keratoderma,MALT lymphoma
4134,Obesity due to pro-opiomelanocortin deficiency,Obesity due to leptin receptor gene deficiency
4135,Elastosis perforans serpiginosa,MALT lymphoma
4136,Primary myelofibrosis,Solitary fibrous tumor
4137,Mitochondrial trifunctional protein deficiency,Glycogen storage disease due to muscle glycogen phosphorylase deficiency
4138,Adult-onset foveomacular vitelliform dystrophy,Charcot-Marie-Tooth disease type 1F
4140,Respiratory bronchiolitis-interstitial lung disease syndrome,Pituitary gigantism
4141,sarcoidosis,thymoma
4142,Isolated polycystic liver disease,Neuroendocrine tumor of the colon
4143,liposarcoma,metachromatic leukodystrophy
4144,Herpes simplex virus stromal keratitis,Oromandibular dystonia
4145,Thymoma type B,Uveal melanoma
4146,autoimmune thrombocytopenic purpura,Diffuse cutaneous systemic sclerosis
4147,Herpes simplex virus stromal keratitis,Acral peeling skin syndrome
4148,Bickerstaff brainstem encephalitis,MALT lymphoma
4149,Subcutaneous panniculitis-like T-cell lymphoma,Adult-onset foveomacular vitelliform dystrophy
4150,Primary myelofibrosis,neuroblastoma
4151,Anoctamin-5-related limb-girdle muscular dystrophy R12,Infant acute respiratory distress syndrome
4152,Congenital hereditary endothelial dystrophy type II,Somatostatinoma
4153,Generalized epilepsy with febrile seizures-plus,Infantile convulsions and choreoathetosis
4154,Pineoblastoma,Somatostatinoma
4155,Neuroendocrine tumor of the colon,Glucagonoma
4156,Von Willebrand disease type 2M,Von Willebrand disease type 3
4157,Drug-induced autoimmune hemolytic anemia,Giant cell arteritis
4158,\xc3\x85land Islands eye disease,Diffuse palmoplantar keratoderma-acrocyanosis syndrome
4159,Insulinoma,Charcot-Marie-Tooth disease type 4C
4160,Familial Alzheimer-like prion disease,MALT lymphoma
4161,Autosomal dominant Charcot-Marie-Tooth disease type 2Y,Retinitis punctata albescens
4162,Granular corneal dystrophy type II,Autosomal dominant Charcot-Marie-Tooth disease type 2E
4163,Mitochondrial myopathy with reversible cytochrome C oxidase deficiency,Cranio-cervical dystonia with laryngeal and upper-limb involvement
4164,Osteosarcoma,Primary peritoneal carcinoma
4165,osteogenesis imperfecta,neuroblastoma
4166,Lymphoid interstitial pneumonia,Charcot-Marie-Tooth disease type 4G
4167,"chronic myelogenous leukemia, BCR-ABL1 positive",Granulomatosis with polyangiitis
4168,Paris-Trousseau thrombocytopenia,Familial drusen
4169,Leber congenital amaurosis,graft versus host disease
4170,Bannayan-Riley-Ruvalcaba syndrome,Proteus-like syndrome
4171,Osteosarcoma,Bronchial neuroendocrine tumor
4172,Combined oxidative phosphorylation defect type 13,Thiel-Behnke corneal dystrophy
4173,Relapsing polychondritis,Granulomatosis with polyangiitis
4174,Non-epidermolytic palmoplantar keratoderma,Gray platelet syndrome
4175,Lafora disease,MALT lymphoma
4176,liposarcoma,microscopic polyangiitis
4177,Waldenstrom macroglobulinemia,eosinophilic granulomatosis with polyangiitis
4178,glioblastoma,Retinitis pigmentosa
4179,Retinitis punctata albescens,Charcot-Marie-Tooth disease type 1A
4180,Huriez syndrome,Pituitary gigantism
4181,Pediatric systemic lupus erythematosus,Adult-onset myasthenia gravis
4182,biliary atresia,follicular lymphoma
4183,autoimmune thrombocytopenic purpura,intermediate uveitis
4184,Cold agglutinin disease,Ichthyosis-prematurity syndrome
4185,multiple system atrophy,mantle cell lymphoma
4186,Punctate palmoplantar keratoderma type 1,Adult-onset foveomacular vitelliform dystrophy
4187,gastrointestinal stromal tumor,Desmoplastic small round cell tumor
4188,microscopic polyangiitis,interstitial lung disease 2
4189,meningioma,Hepatitis delta
4190,essential thrombocythemia,Indolent systemic mastocytosis
4191,Bethlem myopathy,Idiopathic acute eosinophilic pneumonia
4192,Mitochondrial myopathy with reversible cytochrome C oxidase deficiency,Dystonia-aphonia syndrome
4193,X-linked endothelial corneal dystrophy,Autosomal dominant Charcot-Marie-Tooth disease type 2W
4194,Cushing syndrome due to ectopic ACTH secretion,Cutaneous neuroendocrine carcinoma
4195,FKRP-related limb-girdle muscular dystrophy R9,Gamma-sarcoglycan-related limb-girdle muscular dystrophy R5
4196,Lissencephaly type 1 due to doublecortin gene mutation,Best vitelliform macular dystrophy
4197,Neonatal intrahepatic cholestasis due to citrin deficiency,MALT lymphoma
4198,Retinitis pigmentosa,Vogt-Koyanagi-Harada disease
4199,Mitochondrial myopathy with reversible cytochrome C oxidase deficiency,3q29 microdeletion syndrome
4200,Chronic graft versus host disease,Neurofibromatosis type 1
4201,Thymic carcinoma,Bronchial neuroendocrine tumor
4202,MALT lymphoma,Genetic steroid-resistant nephrotic syndrome
4203,TRAPPC11-related limb-girdle muscular dystrophy R18,Primary immunodeficiency syndrome due to LAMTOR2 deficiency
4204,Gaucher disease,follicular lymphoma
4205,Stargardt disease,"Primary dystonia, DYT13 type"
4206,Enthesitis-related juvenile idiopathic arthritis,Rheumatoid factor-negative polyarticular juvenile idiopathic arthritis
4207,meningioma,Adrenocortical carcinoma
4208,Lethal infantile mitochondrial myopathy,Idiopathic acute eosinophilic pneumonia
4209,MALT lymphoma,Bothnia retinal dystrophy
4210,Bronchopulmonary dysplasia,Autoimmune hepatitis
4211,liposarcoma,autoimmune thrombocytopenic purpura
4212,Interatrial communication,systemic sclerosis
4213,Primary Sjgren syndrome,Beta-thalassemia
4214,hemophilia A,MALT lymphoma
4215,Vogt-Koyanagi-Harada disease,Rheumatoid factor-positive polyarticular juvenile idiopathic arthritis
4216,Prader-Willi syndrome due to maternal uniparental disomy of chromosome 15,Prader-Willi syndrome due to imprinting mutation
4218,Segmental outgrowth-lipomatosis-arteriovenous malformation-epidermal nevus syndrome,Megalencephaly-capillary malformation-polymicrogyria syndrome
4219,interstitial lung disease 2,AL amyloidosis
4220,Stargardt disease,Autosomal dominant Charcot-Marie-Tooth disease type 2Z
4221,Hereditary coproporphyria,Porphyria variegata
4222,Refractory anemia with excess blasts,"Localized dystrophic epidermolysis bullosa, acral form"
4223,Gaucher disease,Castleman disease
4224,Lethal infantile mitochondrial myopathy,Xq27.3q28 duplication syndrome
4225,Osteogenesis imperfecta type 1,Osteogenesis imperfecta type 3
4226,Pituicytoma,Macular corneal dystrophy
4227,Congenital stationary night blindness,"Adult-onset cervical dystonia, DYT23 type"
4228,Chronic inflammatory demyelinating polyneuropathy,Giant cell arteritis
4229,Ependymoma,Giant cell glioblastoma
4230,Retinitis punctata albescens,Charcot-Marie-Tooth disease type 4C
4231,MALT lymphoma,PLEC-related intermediate epidermolysis bullosa simplex without extracutaneous involvement
4232,Autosomal dominant Charcot-Marie-Tooth disease type 2Y,TSH-secreting pituitary adenoma
4233,Severe early-childhood-onset retinal dystrophy,Respiratory bronchiolitis-interstitial lung disease syndrome
4234,Idiopathic acute eosinophilic pneumonia,"Primary dystonia, DYT2 type"
4235,Granulomatosis with polyangiitis,Medulloblastoma
4236,dermatomyositis,graft versus host disease
4237,Uveal melanoma,Dedifferentiated liposarcoma
4238,plasma cell myeloma,Familial adenomatous polyposis
4239,Undifferentiated pleomorphic sarcoma,Squamous cell carcinoma of the esophagus
4240,Corticobasal syndrome,Adult-onset foveomacular vitelliform dystrophy
4241,X-linked endothelial corneal dystrophy,Charcot-Marie-Tooth disease type 4G
4242,Mantle cell lymphoma,Fuchs endothelial corneal dystrophy
4243,Delta-beta-thalassemia,Adult-onset foveomacular vitelliform dystrophy
4244,Thymic carcinoma,Uveal melanoma
4246,Ileal neuroendocrine tumor,Neuroendocrine tumor of the rectum
4247,Chronic pneumonitis of infancy,Lattice corneal dystrophy type I
4248,Classic Hodgkin lymphoma,Best vitelliform macular dystrophy
4249,DNA2-related mitochondrial DNA deletion syndrome,VIPoma
4250,Nelson syndrome,Bronchial neuroendocrine tumor
4251,Tay-Sachs disease,metachromatic leukodystrophy
4252,glioblastoma,Gliosarcoma
4253,Pure mitochondrial myopathy,Granular corneal dystrophy type I
4254,Ileal neuroendocrine tumor,tuberous sclerosis
4255,Somatomammotropinoma,Fuchs endothelial corneal dystrophy
4256,Epithelial recurrent erosion dystrophy,Acute interstitial pneumonia
4257,neuroblastoma,"Classic Hodgkin lymphoma, nodular sclerosis type"
4258,Classic mycosis fungoides,Kaposi\'s sarcoma
4259,MALT lymphoma,Spinocerebellar ataxia type 25
4260,Retinitis pigmentosa,Medulloblastoma
4261,Severe early-childhood-onset retinal dystrophy,"Primary dystonia, DYT2 type"
4262,Classic Hodgkin lymphoma,"Classic Hodgkin lymphoma, mixed cellularity type"
4263,Primary effusion lymphoma,polymyositis
4264,Mitochondrial myopathy with reversible cytochrome C oxidase deficiency,Charcot-Marie-Tooth disease type 4B2
4265,Somatomammotropinoma,Familial pseudohyperkalemia
4266,Familial adenomatous polyposis,Idiopathic uveal effusion syndrome
4267,Ornithine transcarbamylase deficiency,Citrullinemia type I
4268,Adult-onset foveomacular vitelliform dystrophy,Autosomal dominant spastic paraplegia type 4
4269,Retinitis pigmentosa,Leber congenital amaurosis
4270,MALT lymphoma,Mixed-type autoimmune hemolytic anemia
4271,Thymoma type B,Neuroendocrine tumor of the colon
4272,Neuroendocrine tumor of stomach,PPoma
4273,Chronic visceral acid sphingomyelinase deficiency,Giant cell arteritis
4274,glioblastoma,Dedifferentiated liposarcoma
4275,Duchenne muscular dystrophy,Vitamin B12-responsive methylmalonic acidemia
4276,\xc3\x85land Islands eye disease,Cryptogenic organizing pneumonia
4277,Adult-onset multiple mitochondrial DNA deletion syndrome due to DGUOK deficiency,Granular corneal dystrophy type I
4278,Bothnia retinal dystrophy,Autosomal dominant Charcot-Marie-Tooth disease type 2F
4279,MALT lymphoma,Marcus-Gunn syndrome
4280,neuroblastoma,eosinophilic granulomatosis with polyangiitis
4281,Acute interstitial pneumonia,Macular corneal dystrophy
4282,Cholangiocarcinoma,follicular lymphoma
4283,Enthesitis-related juvenile idiopathic arthritis,Idiopathic panuveitis
4284,Oligocone trichromacy,Charcot-Marie-Tooth disease type 4B2
4285,"chronic myelogenous leukemia, BCR-ABL1 positive",multiple system atrophy
4286,Neuroendocrine tumor of stomach,Aggressive systemic mastocytosis
4287,dermatomyositis,gastrointestinal stromal tumor
4288,Primary myelofibrosis,osteogenesis imperfecta
4289,sarcoidosis,graft versus host disease
4290,Pure mitochondrial myopathy,Congenital hypothyroidism due to transplacental passage of TSH-binding inhibitory antibodies
4291,DNAJB6-related limb-girdle muscular dystrophy D1,Lattice corneal dystrophy type I
4292,Lethal infantile mitochondrial myopathy,Reticular dysgenesis
4293,Idiopathic acute eosinophilic pneumonia,Familial pseudohyperkalemia
4294,Focal palmoplantar and gingival keratoderma,Bothnia retinal dystrophy
4295,intermediate uveitis,Idiopathic panuveitis
4296,Neuroendocrine tumor of anal canal,Neuroendocrine tumor of the rectum
4297,Severe early-onset obesity-insulin resistance syndrome due to SH2B1 deficiency,Obesity due to congenital leptin deficiency
4298,Bullous pemphigoid,systemic sclerosis
4299,Best vitelliform macular dystrophy,Subcutaneous panniculitis-like T-cell lymphoma
4300,Von Willebrand disease type 2N,Von Willebrand disease type 1
4301,Spinocerebellar ataxia type 37,MALT lymphoma
4302,Autosomal dominant Charcot-Marie-Tooth disease type 2Y,MALT lymphoma
4303,Waldenstrom macroglobulinemia,plasma cell myeloma
4304,Zollinger-Ellison syndrome,Ichthyosis-prematurity syndrome
4305,Neurotrophic keratopathy,Charcot-Marie-Tooth disease type 4G
4306,X-linked endothelial corneal dystrophy,Somatostatinoma
4307,systemic sclerosis,Granulomatosis with polyangiitis
4308,Leukoencephalopathy-palmoplantar keratoderma syndrome,Best vitelliform macular dystrophy
4309,Autosomal dominant Charcot-Marie-Tooth disease type 2W,Chronic pneumonitis of infancy
4310,Granular corneal dystrophy type II,Charcot-Marie-Tooth disease type 4C
4311,Desmoid tumor,Acute lung injury
4312,Neurotrophic keratopathy,Superficial epidermolytic ichthyosis
4313,Granulomatosis with polyangiitis,Tay-Sachs disease
4314,Asbestos intoxication,Gray platelet syndrome
4315,graft versus host disease,polymyositis
4316,Primary biliary cholangitis,Isolated complex I deficiency
4317,Adult-onset foveomacular vitelliform dystrophy,Autosomal dominant spastic paraplegia type 12
4318,Ependymoma,Idiopathic uveal effusion syndrome
4319,Pemphigus vulgaris,Fetal cytomegalovirus syndrome
4320,Perry syndrome,Adult-onset foveomacular vitelliform dystrophy
4321,acquired polycythemia vera,Cutaneous neuroendocrine carcinoma
4322,Granulomatosis with polyangiitis,Burkitt lymphoma
4323,Focal palmoplantar and gingival keratoderma,Thiel-Behnke corneal dystrophy
4324,Best vitelliform macular dystrophy,Syndromic recessive X-linked ichthyosis
4325,Papilloma of choroid plexus,Adult-onset foveomacular vitelliform dystrophy
4326,intermediate uveitis,graft versus host disease
4327,Anoctamin-5-related limb-girdle muscular dystrophy R12,Familial drusen
4328,Catastrophic antiphospholipid syndrome,Genetic steroid-resistant nephrotic syndrome
4329,dermatomyositis,intermediate uveitis
4330,Subacute cutaneous lupus erythematosus,polymyositis
4331,Gaucher disease type 3,Gaucher disease type 2
4332,\xc3\x85land Islands eye disease,Autosomal dominant Charcot-Marie-Tooth disease type 2F
4333,Respiratory bronchiolitis-interstitial lung disease syndrome,Macular corneal dystrophy
4334,Hereditary pheochromocytoma-paraganglioma,Multiple endocrine neoplasia type 2B
4335,Non-epidermolytic palmoplantar keratoderma,Oligocone trichromacy
4336,follicular lymphoma,Genetic steroid-resistant nephrotic syndrome
4337,Ovarian fibrothecoma,Adult-onset foveomacular vitelliform dystrophy
4338,Adenocarcinoma of the esophagus,Neuroendocrine tumor of the rectum
4339,Mucous membrane pemphigoid,Polyarteritis nodosa
4340,TSH-secreting pituitary adenoma,Charcot-Marie-Tooth disease type 4D
4341,Pineoblastoma,Neuroendocrine neoplasm of appendix
4342,Facioscapulohumeral dystrophy,Neurotrophic keratopathy
4343,Asbestos intoxication,Granular corneal dystrophy type I
4344,Undifferentiated pleomorphic sarcoma,Well-differentiated liposarcoma
4345,Desmoplastic small round cell tumor,Medulloblastoma
4346,Palmoplantar keratoderma-spastic paralysis syndrome,MALT lymphoma
4347,Diffuse cutaneous systemic sclerosis,Limited cutaneous systemic sclerosis
4348,T-B+ severe combined immunodeficiency due to IL-7Ralpha deficiency,Lethal infantile mitochondrial myopathy
4349,Idiopathic acute eosinophilic pneumonia,Huriez syndrome
4350,autoimmune thrombocytopenic purpura,Tay-Sachs disease
4351,plasma cell myeloma,Schnitzler syndrome
4352,"chronic myelogenous leukemia, BCR-ABL1 positive",gastrointestinal stromal tumor
4353,Harlequin ichthyosis,Follicular lymphoma
4354,VIPoma,Thiel-Behnke corneal dystrophy
4355,VIPoma,Thymic neuroendocrine tumor
4356,Pure mitochondrial myopathy,Refractory anemia
4357,Vogt-Koyanagi-Harada disease,Familial adenomatous polyposis
4358,GRFoma,Papilloma of choroid plexus
4359,sarcoidosis,mucopolysaccharidosis type 6
4360,Exstrophy-epispadias complex,Isolated epispadias
4361,Somatomammotropinoma,Charcot-Marie-Tooth disease type 1A
4362,Somatomammotropinoma,KLHL9-related early-onset distal myopathy
4363,Acquired idiopathic sideroblastic anemia,follicular lymphoma
4364,Adenocarcinoma of the esophagus,Familial adenomatous polyposis
4365,Bethlem myopathy,Somatomammotropinoma
4366,Refractory anemia with excess blasts,follicular lymphoma
4367,Best vitelliform macular dystrophy,Autosomal recessive spastic paraplegia type 59
4368,Indolent systemic mastocytosis,plasma cell myeloma
4369,plasma cell myeloma,Classic neuroendocrine tumor of appendix
4370,Retinitis pigmentosa,acquired polycythemia vera
4371,liposarcoma,"Classic Hodgkin lymphoma, lymphocyte-depleted type"
4372,Ependymoma,Uveal melanoma
4373,mantle cell lymphoma,Mixed-type autoimmune hemolytic anemia
4374,systemic sclerosis,polymyositis
4375,TRAPPC11-related limb-girdle muscular dystrophy R18,Refractory anemia
4376,"chronic myelogenous leukemia, BCR-ABL1 positive",plasma cell myeloma
4377,Primary myelofibrosis,metachromatic leukodystrophy
4378,Respiratory bronchiolitis-interstitial lung disease syndrome,Ichthyosis-prematurity syndrome
4379,Polyembryoma,Gray platelet syndrome
4380,autoimmune thrombocytopenic purpura,Acute disseminated encephalomyelitis with anti-MOG antibodies
4381,multiple system atrophy,tuberous sclerosis
4382,Classic Hodgkin lymphoma,Klatskin tumor
4384,Superficial epidermolytic ichthyosis,Best vitelliform macular dystrophy
4385,Primary myelofibrosis,thymoma
4386,Lymphangioleiomyomatosis,Chronic graft versus host disease
4387,tuberous sclerosis,systemic sclerosis
4388,Mantle cell lymphoma,Charcot-Marie-Tooth disease type 1B
4389,Cranio-cervical dystonia with laryngeal and upper-limb involvement,Idiopathic acute eosinophilic pneumonia
4390,Squamous cell carcinoma of the esophagus,Classic neuroendocrine tumor of appendix
4391,Undifferentiated pleomorphic sarcoma,Pediatric hepatocellular carcinoma
4392,Autosomal dominant keratitis,Somatomammotropinoma
4393,C3 glomerulonephritis,Granulomatosis with polyangiitis
4394,Systemic polyarteritis nodosa,Autoimmune hepatitis
4395,Familial benign copper deficiency,Adult-onset foveomacular vitelliform dystrophy
4396,Autosomal dominant Charcot-Marie-Tooth disease type 2Z,Idiopathic acute eosinophilic pneumonia
4397,"Primary dystonia, DYT17 type",Congenital hereditary endothelial dystrophy type II
4398,Autosomal dominant Charcot-Marie-Tooth disease type 2Z,Insulinoma
4399,Lethal infantile mitochondrial myopathy,5q35 microduplication syndrome
4400,GRFoma,Neuroendocrine tumor of the colon
4401,Classic mycosis fungoides,Squamous cell carcinoma of the esophagus
4402,Gray platelet syndrome,Chronic pneumonitis of infancy
4403,Waldenstrom macroglobulinemia,Bronchopulmonary dysplasia
4404,X-linked immunoneurologic disorder,Best vitelliform macular dystrophy
4405,Bernard-Soulier syndrome,Follicular lymphoma
4406,Male infertility with azoospermia or oligozoospermia due to single gene mutation,Thiel-Behnke corneal dystrophy
4407,autoimmune thrombocytopenic purpura,Cold agglutinin disease
4408,Primary Sjgren syndrome,Primary biliary cholangitis
4409,DNA2-related mitochondrial DNA deletion syndrome,Adult-onset foveomacular vitelliform dystrophy
4410,Drug-induced autoimmune hemolytic anemia,Primary biliary cholangitis
4411,Gaucher disease type 3,Gaucher disease type 1
4412,Congenital stationary night blindness,Autosomal dominant Charcot-Marie-Tooth disease type 2W
4413,Zollinger-Ellison syndrome,X-linked endothelial corneal dystrophy
4414,"Glycogen storage disease due to acid maltase deficiency, late-onset",Kennedy disease
4415,Chronic beryllium disease,Charcot-Marie-Tooth disease type 4A
4416,DNA2-related mitochondrial DNA deletion syndrome,Mutilating palmoplantar keratoderma with periorificial keratotic plaques
4417,microscopic polyangiitis,Leber congenital amaurosis
4418,Pineocytoma,Adult-onset foveomacular vitelliform dystrophy
4419,Acute interstitial pneumonia,Thiel-Behnke corneal dystrophy
4420,Gliosarcoma,Cystic fibrosis
4421,Cholangiocarcinoma,Medulloblastoma
4422,plasma cell myeloma,Systemic-onset juvenile idiopathic arthritis
4423,Primary membranoproliferative glomerulonephritis,Shiga toxin-associated hemolytic uremic syndrome
4424,Herpes simplex virus stromal keratitis,Paris-Trousseau thrombocytopenia
4425,Idiopathic acute eosinophilic pneumonia,Ichthyosis hystrix of Curth-Macklin
4426,Mendelian susceptibility to mycobacterial diseases due to partial IRF8 deficiency,Somatomammotropinoma
4427,Refractory anemia with excess blasts type 1,Recessive dystrophic epidermolysis bullosa inversa
4428,Autosomal dominant keratitis,TRAPPC11-related limb-girdle muscular dystrophy R18
4429,Malaria,plasma cell myeloma
4430,Granulomatous slack skin,Charcot-Marie-Tooth disease type 4C
4431,Intellectual disability-epilepsy-extrapyramidal syndrome,Adult-onset foveomacular vitelliform dystrophy
4432,DNA2-related mitochondrial DNA deletion syndrome,Somatostatinoma
4433,Severe hemophilia B,Mucopolysaccharidosis type 1
4434,Rhabdoid tumor,Opsoclonus-myoclonus syndrome
4435,Familial keratoacanthoma,Cutaneous neuroendocrine carcinoma
4436,S\xc3\xa9zary syndrome,TRAPPC11-related limb-girdle muscular dystrophy R18
4437,TSH-secreting pituitary adenoma,Granular corneal dystrophy type I
4438,Idiopathic steroid-sensitive nephrotic syndrome,Pemphigus vulgaris
4439,coccidioidomycosis,plasma cell myeloma
4440,essential thrombocythemia,Cystic fibrosis
4441,Familial drusen,"Primary dystonia, DYT6 type"
4442,Best vitelliform macular dystrophy,Charcot-Marie-Tooth disease type 4A
4443,Rheumatoid factor-positive polyarticular juvenile idiopathic arthritis,Systemic-onset juvenile idiopathic arthritis
4444,Duchenne muscular dystrophy,Congenitally corrected transposition of the great arteries
4445,VIPoma,Neuroendocrine tumor of the rectum
4446,PPoma,Thymic neuroendocrine tumor
4447,Adult-onset multiple mitochondrial DNA deletion syndrome due to DGUOK deficiency,Follicular lymphoma
4448,Burkitt lymphoma,Subcutaneous panniculitis-like T-cell lymphoma
4449,Autosomal dominant spastic paraplegia type 41,Adult-onset foveomacular vitelliform dystrophy
4450,Duchenne muscular dystrophy,Rheumatoid factor-positive polyarticular juvenile idiopathic arthritis
4451,Lymphoid interstitial pneumonia,Bothnia retinal dystrophy
4452,plasma cell myeloma,Medullary thyroid carcinoma
4453,X-linked endothelial corneal dystrophy,Respiratory bronchiolitis-interstitial lung disease syndrome
4454,Best vitelliform macular dystrophy,Gray platelet syndrome
4455,hemophilia A,Chronic inflammatory demyelinating polyneuropathy
4456,Common variable immunodeficiency,Rheumatoid factor-negative polyarticular juvenile idiopathic arthritis
4457,Idiopathic steroid-sensitive nephrotic syndrome,Granulomatosis with polyangiitis
4458,Pure mitochondrial myopathy,"Primary dystonia, DYT6 type"
4459,Transgrediens et progrediens palmoplantar keratoderma,Mantle cell lymphoma
4460,Generalized epilepsy with febrile seizures-plus,Malignant migrating focal seizures of infancy
4461,Best vitelliform macular dystrophy,Congenital hypothyroidism due to transplacental passage of TSH-binding inhibitory antibodies
4462,Cystic fibrosis,Castleman disease
4463,Classic Hodgkin lymphoma,plasma cell myeloma
4464,autoimmune thrombocytopenic purpura,Primary systemic amyloidosis
4465,VIPoma,Neuroendocrine tumor of stomach
4466,T-B+ severe combined immunodeficiency due to IL-7Ralpha deficiency,Adult-onset foveomacular vitelliform dystrophy
4467,Pure mitochondrial myopathy,Primary immunodeficiency syndrome due to LAMTOR2 deficiency
4468,Severe early-childhood-onset retinal dystrophy,Glucagonoma
4469,Kaposi\'s sarcoma,thymoma
4470,Epithelial recurrent erosion dystrophy,Charcot-Marie-Tooth disease type 1A
4471,mantle cell lymphoma,Krabbe disease
4472,systemic lupus erythematosus,eosinophilic granulomatosis with polyangiitis
4473,Lethal infantile mitochondrial myopathy,20p12.3 microdeletion syndrome
4474,Adult-onset foveomacular vitelliform dystrophy,Idiopathic pulmonary hemosiderosis
4475,neuroblastoma,tuberous sclerosis
4476,"Hereditary motor and sensory neuropathy, Okinawa type",Adult-onset foveomacular vitelliform dystrophy
4477,Vogt-Koyanagi-Harada disease,Chronic graft versus host disease
4478,Pleomorphic liposarcoma,Dedifferentiated liposarcoma
4479,Congenital hereditary endothelial dystrophy type II,PPoma
4480,Mendelian susceptibility to mycobacterial diseases due to partial IRF8 deficiency,MALT lymphoma
4481,Cutaneous collagenous vasculopathy,Dermatofibrosarcoma protuberans
4482,Autosomal dominant Charcot-Marie-Tooth disease type 2W,Late-onset retinal degeneration
4483,mantle cell lymphoma,follicular lymphoma
4484,SHOX-related short stature,Short stature due to GHSR deficiency
4485,Classic Hodgkin lymphoma,Dedifferentiated liposarcoma
4486,autoimmune thrombocytopenic purpura,Cystic fibrosis
4487,Retinitis punctata albescens,Keratosis palmaris et plantaris-clinodactyly syndrome
4488,Dysferlin-related limb-girdle muscular dystrophy R2,Miyoshi myopathy
4489,Idiopathic pulmonary hemosiderosis,Hereditary pulmonary alveolar proteinosis
4490,Lethal infantile mitochondrial myopathy,"Autosomal dominant focal dystonia, DYT25 type"
4491,Adult-onset myasthenia gravis,MALT lymphoma
4492,Combined oxidative phosphorylation defect type 13,Retinitis punctata albescens
4493,Idiopathic pulmonary hemosiderosis,Giant cell arteritis
4494,Severe combined immunodeficiency due to DCLRE1C deficiency,DNAJB6-related limb-girdle muscular dystrophy D1
4495,Autosomal dominant centronuclear myopathy,Asbestos intoxication
4496,"chronic myelogenous leukemia, BCR-ABL1 positive",systemic sclerosis
4497,Epithelial recurrent erosion dystrophy,PPoma
4498,Von Willebrand disease type 2A,Von Willebrand disease type 2B
4499,Chronic inflammatory demyelinating polyneuropathy,polymyositis
4500,Obesity due to prohormone convertase I deficiency,Severe early-onset obesity-insulin resistance syndrome due to SH2B1 deficiency
4501,Dravet syndrome,Infantile convulsions and choreoathetosis
4502,Chronic beryllium disease,Best vitelliform macular dystrophy
4503,Follicular lymphoma,Gray platelet syndrome
4504,Mild hemophilia B,Bleeding disorder in hemophilia B carriers
4505,plasma cell myeloma,Myasthenia gravis
4506,Neurotrophic keratopathy,Transgrediens et progrediens palmoplantar keratoderma
4507,Classic mycosis fungoides,Myxoid/round cell liposarcoma
4508,Primary myelofibrosis,Waldenstrom macroglobulinemia
4509,Klatskin tumor,Subcutaneous panniculitis-like T-cell lymphoma
4510,DNAJB6-related limb-girdle muscular dystrophy D1,Granular corneal dystrophy type I
4511,Congenital stationary night blindness,Pediatric hepatocellular carcinoma
4512,Duchenne muscular dystrophy,Delta-sarcoglycan-related limb-girdle muscular dystrophy R6
4513,liposarcoma,Myasthenia gravis
4514,Leukoencephalopathy-palmoplantar keratoderma syndrome,X-linked endothelial corneal dystrophy
4515,tuberous sclerosis,Neuroendocrine tumor of anal canal
4516,Severe early-childhood-onset retinal dystrophy,"Primary dystonia, DYT21 type"
4517,Keratosis palmaris et plantaris-clinodactyly syndrome,Adult-onset foveomacular vitelliform dystrophy
4518,Systemic mastocytosis with associated hematologic neoplasm,Acute myelomonocytic leukemia
4519,Zollinger-Ellison syndrome,Adult-onset multiple mitochondrial DNA deletion syndrome due to DGUOK deficiency
4520,Antisynthetase syndrome,polymyositis
4521,Pleomorphic liposarcoma,Nephroblastoma
4522,Rheumatoid factor-negative polyarticular juvenile idiopathic arthritis,Idiopathic uveal effusion syndrome
4523,\xc3\x85land Islands eye disease,Glioblastoma
4524,"Autosomal dominant focal dystonia, DYT25 type",MALT lymphoma
4525,Adult-onset multiple mitochondrial DNA deletion syndrome due to DGUOK deficiency,Idiopathic pulmonary fibrosis
4527,Myasthenia gravis,Solar urticaria
4528,Solitary fibrous tumor,Subcutaneous panniculitis-like T-cell lymphoma
4529,Desmoplastic small round cell tumor,Cholangiocarcinoma
4530,Vogt-Koyanagi-Harada disease,graft versus host disease
4531,Adult-onset Still disease,Tumor necrosis factor receptor 1 associated periodic syndrome
4532,tuberous sclerosis,Idiopathic/heritable pulmonary arterial hypertension
4533,graft versus host disease,Mixed-type autoimmune hemolytic anemia
4534,Glucagonoma,Macular corneal dystrophy
4535,Epidermolytic palmoplantar keratoderma,Mitochondrial myopathy with reversible cytochrome C oxidase deficiency
4536,Mitochondrial myopathy with reversible cytochrome C oxidase deficiency,Refractory anemia
4537,Undifferentiated pleomorphic sarcoma,Malignant peritoneal mesothelioma
4538,Thymic carcinoma,Medulloblastoma
4539,systemic sclerosis,Pouchitis
4540,Isolated focal cortical dysplasia,MALT lymphoma
4541,Pouchitis,graft versus host disease
4542,Uveal melanoma,systemic sclerosis
4543,Idiopathic steroid-sensitive nephrotic syndrome,Idiopathic steroid-sensitive nephrotic syndrome with secondary steroid resistance
4544,Retinitis pigmentosa,Primary myelofibrosis
4545,\xc3\x85land Islands eye disease,VIPoma
4546,Lethal infantile mitochondrial myopathy,MALT lymphoma
4547,Neurotrophic keratopathy,Distal nebulin myopathy
4548,Cryptogenic organizing pneumonia,Fuchs endothelial corneal dystrophy
4549,Autosomal dominant centronuclear myopathy,Paroxysmal cold hemoglobinuria
4550,Autosomal recessive spastic paraplegia type 18,Adult-onset foveomacular vitelliform dystrophy
4551,tuberous sclerosis,intermediate uveitis
4552,Acute myelomonocytic leukemia,Adult acute respiratory distress syndrome
4553,autoimmune thrombocytopenic purpura,Giant cell arteritis
4554,Myasthenia gravis,Juvenile myasthenia gravis
4555,Burkitt lymphoma,DNAJB6-related limb-girdle muscular dystrophy D1
4556,Chronic graft versus host disease,Neuroendocrine tumor of anal canal
4557,Classic mycosis fungoides,DNAJB6-related limb-girdle muscular dystrophy D1
4558,Best vitelliform macular dystrophy,Squamous cell carcinoma of the anal canal
4559,Best vitelliform macular dystrophy,Elastosis perforans serpiginosa
4560,Primary myelofibrosis,Classic Hodgkin lymphoma
4561,Congenital thrombotic thrombocytopenic purpura,Immune-mediated thrombotic thrombocytopenic purpura
4562,Osteosarcoma,"Classic Hodgkin lymphoma, nodular sclerosis type"
4563,Lethal infantile mitochondrial myopathy,Retinitis punctata albescens
4564,Neuroendocrine tumor of stomach,Neurofibromatosis type 1
4565,Fanconi anemia,Beta-thalassemia-X-linked thrombocytopenia syndrome
4566,Uveal melanoma,Cutaneous neuroendocrine carcinoma
4567,Pure mitochondrial myopathy,"Primary dystonia, DYT27 type"
4568,Friedreich ataxia,Pantothenate kinase-associated neurodegeneration
4569,Asbestos intoxication,Congenital stationary night blindness
4570,Leukoencephalopathy-palmoplantar keratoderma syndrome,Granular corneal dystrophy type II
4571,"Primary dystonia, DYT17 type",Familial drusen
4572,Severe hemophilia A,Von Willebrand disease type 3
4573,Primary myelofibrosis,acquired polycythemia vera
4574,Bullous pemphigoid,glycogen storage disease II
4575,Myxopapillary ependymoma,Mitochondrial myopathy with reversible cytochrome C oxidase deficiency
4576,Duchenne muscular dystrophy,Bleeding disorder in hemophilia A carriers
4577,Best vitelliform macular dystrophy,Finnish upper limb-onset distal myopathy
4578,sarcoidosis,polymyositis
4579,Lethal infantile mitochondrial myopathy,Paraparetic variant of Guillain-Barr\xc3\xa9 syndrome
4580,Acute graft versus host disease,Szary syndrome
4581,Distal monosomy 7q36,Pure mitochondrial myopathy
4582,Congenital ichthyosis-microcephalus-tetraplegia syndrome,Acute interstitial pneumonia
4583,Adult-onset myasthenia gravis,polymyositis
4584,Primary Sjgren syndrome,Adult-onset myasthenia gravis
4585,Chronic inflammatory demyelinating polyneuropathy,MALT lymphoma
4586,Zollinger-Ellison syndrome,TRAPPC11-related limb-girdle muscular dystrophy R18
4587,autoimmune thrombocytopenic purpura,Bullous pemphigoid
4588,Polyneuropathy associated with IgM monoclonal gammopathy with anti-MAG,Immune-mediated thrombotic thrombocytopenic purpura
4589,thymoma,Squamous cell carcinoma of the esophagus
4590,NMDA receptor encephalitis,Adult-onset foveomacular vitelliform dystrophy
4591,Friedreich ataxia,Oligoarticular juvenile idiopathic arthritis
4592,Carcinoid syndrome,Glucagonoma
4593,MALT lymphoma,Spinocerebellar ataxia type 12
4594,microscopic polyangiitis,mantle cell lymphoma
4595,Granular corneal dystrophy type I,Autosomal dominant Charcot-Marie-Tooth disease type 2F
4596,Lethal infantile mitochondrial myopathy,8q12 microduplication syndrome
4597,"chronic myelogenous leukemia, BCR-ABL1 positive",Idiopathic pulmonary hemosiderosis
4598,Early-onset generalized limb-onset dystonia,Granular corneal dystrophy type II
4599,Combined oxidative phosphorylation defect type 13,Idiopathic acute eosinophilic pneumonia
4600,Acute interstitial pneumonia,Lymphoid interstitial pneumonia
4601,systemic lupus erythematosus,Systemic-onset juvenile idiopathic arthritis
4602,X-linked endothelial corneal dystrophy,Follicular lymphoma
4603,Mitochondrial myopathy with reversible cytochrome C oxidase deficiency,Proximal 16p11.2 microdeletion syndrome
4604,glioblastoma,"Autosomal recessive generalized dystrophic epidermolysis bullosa, intermediate form"
4605,Respiratory bronchiolitis-interstitial lung disease syndrome,Alport syndrome
4607,paroxysmal nocturnal hemoglobinuria,Granulomatosis with polyangiitis
4608,Waldenstrom macroglobulinemia,Genetic steroid-resistant nephrotic syndrome
4609,Lethal infantile mitochondrial myopathy,NMDA receptor encephalitis
4610,MALT lymphoma,Autosomal recessive spastic paraplegia type 27
4611,Mitochondrial myopathy with reversible cytochrome C oxidase deficiency,Granulomatous slack skin
4612,Woolly hair,Adult-onset foveomacular vitelliform dystrophy
4613,Focal palmoplantar and gingival keratoderma,Granular corneal dystrophy type II
4614,Zollinger-Ellison syndrome,Late-onset retinal degeneration
4615,Primary Sjgren syndrome,paroxysmal nocturnal hemoglobinuria
4616,Pleural mesothelioma,Squamous cell carcinoma of the esophagus
4617,Mitochondrial myopathy with reversible cytochrome C oxidase deficiency,Reticular dysgenesis
4618,Herpes simplex virus stromal keratitis,Muscle-eye-brain disease with bilateral multicystic leucodystrophy
4619,Primary myelofibrosis,Complex regional pain syndrome type 1
4620,Pure mitochondrial myopathy,Adenocarcinoma of the anal canal
4621,Mendelian susceptibility to mycobacterial diseases due to complete IL12RB1 deficiency,TRAPPC11-related limb-girdle muscular dystrophy R18
4622,Diffuse cutaneous systemic sclerosis,eosinophilic granulomatosis with polyangiitis
4623,Classic Hodgkin lymphoma,"Classic Hodgkin lymphoma, lymphocyte-depleted type"
4624,Hyperinsulinism due to HNF1A deficiency,Adult-onset foveomacular vitelliform dystrophy
4625,aspergillosis,Chronic mucocutaneous candidiasis
4626,Pediatric hepatocellular carcinoma,Bothnia retinal dystrophy
4627,Familial pancreatic carcinoma,Waldenstrom macroglobulinemia
4628,dermatomyositis,microscopic polyangiitis
4629,Myasthenia gravis,Gray platelet syndrome
4630,Osteosarcoma,Desmoplastic small round cell tumor
4631,systemic sclerosis,metachromatic leukodystrophy
4632,systemic sclerosis,Bronchopulmonary dysplasia
4633,Herpes simplex virus stromal keratitis,Myotonia permanens
4634,Ileal neuroendocrine tumor,graft versus host disease
4635,dermatomyositis,Subacute cutaneous lupus erythematosus
4636,Beta-thalassemia,biliary atresia
4637,Anaplastic thyroid carcinoma,Malignant peritoneal mesothelioma
4638,Squamous cell carcinoma of the esophagus,MALT lymphoma
4639,Meconium aspiration syndrome,Idiopathic/heritable pulmonary arterial hypertension
4640,Neurotrophic keratopathy,Charcot-Marie-Tooth disease type 4A
4641,Primary effusion lymphoma,Immunoglobulin A vasculitis
4642,liposarcoma,Uveal melanoma
4643,Cryptogenic organizing pneumonia,Charcot-Marie-Tooth disease type 4D
4644,Cutaneous neuroendocrine carcinoma,Papilloma of choroid plexus
4645,Squamous cell carcinoma of the esophagus,Hemimegalencephaly
4646,Duchenne muscular dystrophy,polymyositis
4647,Localized junctional epidermolysis bullosa,Late-onset junctional epidermolysis bullosa
4648,paroxysmal nocturnal hemoglobinuria,Primary biliary cholangitis
4649,Lymphoid interstitial pneumonia,Chronic visceral acid sphingomyelinase deficiency
4650,Opsoclonus-myoclonus syndrome,Primary peritoneal carcinoma
4651,Thymoma type B,Malignant peritoneal mesothelioma
4652,Hemophilia B,Moderate hemophilia A
4653,Inclusion body myositis,Osteosarcoma
4654,Pure mitochondrial myopathy,Retinitis punctata albescens
4655,hemophilia A,systemic lupus erythematosus
4656,Neurotrophic keratopathy,DNA2-related mitochondrial DNA deletion syndrome
4657,glioblastoma,Indolent systemic mastocytosis
4658,graft versus host disease,Huntington disease
4659,Carcinoid syndrome,Bronchial neuroendocrine tumor
4660,Chronic inflammatory demyelinating polyneuropathy,"Autoimmune hemolytic anemia, warm type"
4661,Bleeding disorder in hemophilia A carriers,Isolated aniridia
4662,Primary effusion lymphoma,Mixed-type autoimmune hemolytic anemia
4663,graft versus host disease,Nodular lymphocyte predominant Hodgkin lymphoma
4664,Kaposi\'s sarcoma,follicular lymphoma
4665,X-linked sideroblastic anemia,Alpha-thalassemia
4666,Nephroblastoma,Adrenocortical carcinoma
4667,Leber congenital amaurosis,plasma cell myeloma
4668,"Localized dystrophic epidermolysis bullosa, pretibial form",Recessive dystrophic epidermolysis bullosa inversa
4669,Idiopathic pulmonary fibrosis,Charcot-Marie-Tooth disease type 4C
4670,Familial hyperaldosteronism type II,Adrenocortical carcinoma
4671,Autosomal dominant centronuclear myopathy,Cold agglutinin disease
4672,Diffuse cutaneous systemic sclerosis,Myasthenia gravis
4673,glioblastoma,Klatskin tumor
4674,Cholangiocarcinoma,Castleman disease
4675,Complex regional pain syndrome,CDKL5-deficiency disorder
4676,Myasthenia gravis,Genetic steroid-resistant nephrotic syndrome
4677,Overhydrated hereditary stomatocytosis,Best vitelliform macular dystrophy
4678,Classic Hodgkin lymphoma,Neuroendocrine tumor of the rectum
4679,Waldenstrom macroglobulinemia,Primary peritoneal carcinoma
4680,TRAPPC11-related limb-girdle muscular dystrophy R18,Mixed-type autoimmune hemolytic anemia
4681,Rheumatoid factor-negative polyarticular juvenile idiopathic arthritis,Autoimmune lymphoproliferative syndrome due to CTLA4 haploinsuffiency
4682,tuberous sclerosis,Cholangiocarcinoma
4683,Mitochondrial trifunctional protein deficiency,Carnitine palmitoyltransferase II deficiency
4684,\xc3\x85land Islands eye disease,Asbestos intoxication
4685,Idiopathic acute eosinophilic pneumonia,3-methylglutaconic aciduria type 3
4686,Primary myelofibrosis,Thymoma type B
4687,Osteosarcoma,Pleural mesothelioma
4688,cystinosis,Cystic fibrosis
4689,Beta-thalassemia,Idiopathic/heritable pulmonary arterial hypertension
4690,Granulomatosis with polyangiitis,Pediatric systemic lupus erythematosus
4691,Hemangioblastoma,Von Hippel-Lindau disease
4692,T-B+ severe combined immunodeficiency due to CD3delta/CD3epsilon/CD3zeta,Pure mitochondrial myopathy
4693,Polyneuropathy associated with IgM monoclonal gammopathy with anti-MAG,polymyositis
4694,Oligocone trichromacy,VIPoma
4695,Early-onset Lafora body disease,MALT lymphoma
4696,Mitochondrial myopathy with reversible cytochrome C oxidase deficiency,Subcutaneous panniculitis-like T-cell lymphoma
4697,interstitial lung disease 2,Chronic thromboembolic pulmonary hypertension
4698,Undifferentiated pleomorphic sarcoma,Szary syndrome
4699,Rheumatoid factor-positive polyarticular juvenile idiopathic arthritis,Polyarteritis nodosa
4700,Asbestos intoxication,Epithelial recurrent erosion dystrophy
4701,autoimmune thrombocytopenic purpura,graft versus host disease
4702,plasma cell myeloma,Idiopathic pulmonary arterial hypertension
4703,Epithelial recurrent erosion dystrophy,"Primary dystonia, DYT6 type"
4704,Idiopathic acute eosinophilic pneumonia,Fuchs endothelial corneal dystrophy
4705,Granulomatosis with polyangiitis,MALT lymphoma
4706,Nodular lymphocyte predominant Hodgkin lymphoma,Adult-onset foveomacular vitelliform dystrophy
4707,Retinitis pigmentosa,Granulomatosis with polyangiitis
4710,systemic sclerosis,Myxoid/round cell liposarcoma
4711,Giant cell arteritis,Genetic steroid-resistant nephrotic syndrome
4712,Desmoid tumor,Full NF2-related schwannomatosis
4713,X-linked endothelial corneal dystrophy,"Primary dystonia, DYT21 type"
4714,Rhabdoid tumor,Cholangiocarcinoma
4715,Macular corneal dystrophy,"Primary dystonia, DYT6 type"
4716,Neuroendocrine tumor of stomach,Classic neuroendocrine tumor of appendix
4717,Primary Sjgren syndrome,acquired polycythemia vera
4718,FADD-related immunodeficiency,Adult-onset foveomacular vitelliform dystrophy
4719,Acute interstitial pneumonia,Charcot-Marie-Tooth disease type 4D
4720,Meconium aspiration syndrome,systemic sclerosis
4721,Eisenmenger syndrome,Congenital diaphragmatic hernia
4722,MALT lymphoma,Isolated congenital alacrima
4723,Amyotrophic lateral sclerosis,essential thrombocythemia
4724,sarcoidosis,Antisynthetase syndrome
4725,Obesity due to pro-opiomelanocortin deficiency,Severe early-onset obesity-insulin resistance syndrome due to SH2B1 deficiency
4726,eosinophilic granulomatosis with polyangiitis,glycogen storage disease II
4727,Mantle cell lymphoma,Autosomal dominant Charcot-Marie-Tooth disease type 2E
4728,Autosomal dominant Charcot-Marie-Tooth disease type 2Y,Cold agglutinin disease
4729,Granular corneal dystrophy type II,Charcot-Marie-Tooth disease type 1B
4730,Tay-Sachs disease,Autosomal dominant polycystic kidney disease
4731,Autosomal dominant Charcot-Marie-Tooth disease type 2Z,Bothnia retinal dystrophy
4732,mantle cell lymphoma,"Autoimmune hemolytic anemia, warm type"
4733,Somatostatinoma,Bronchial neuroendocrine tumor
4734,Respiratory bronchiolitis-interstitial lung disease syndrome,Lymphoid interstitial pneumonia
4735,MALT lymphoma,"Primary dystonia, DYT2 type"
4736,Ileal neuroendocrine tumor,Classic neuroendocrine tumor of appendix
4737,Autosomal dominant centronuclear myopathy,Idiopathic pulmonary fibrosis
4738,Osteogenesis imperfecta type 4,plasma cell myeloma
4739,MALT lymphoma,Mal de Meleda
4740,Pituicytoma,Gray platelet syndrome
4741,Cold agglutinin disease,Autosomal dominant Charcot-Marie-Tooth disease type 2F
4742,Mutilating palmoplantar keratoderma with periorificial keratotic plaques,Charcot-Marie-Tooth disease type 1F
4743,Primary myelofibrosis,microscopic polyangiitis
4744,Cystic fibrosis,Complex regional pain syndrome type 1
4745,Idiopathic/heritable pulmonary arterial hypertension,Rheumatoid factor-positive polyarticular juvenile idiopathic arthritis
4746,Chronic pneumonitis of infancy,Autosomal dominant Charcot-Marie-Tooth disease type 2K
4747,Homozygous familial hypercholesterolemia,Adult-onset foveomacular vitelliform dystrophy
4748,GM1 gangliosidosis,Waldenstrom macroglobulinemia
4749,Primary myelofibrosis,Acquired idiopathic sideroblastic anemia
4750,GRFoma,Granular corneal dystrophy type II
4751,Mitochondrial myopathy with reversible cytochrome C oxidase deficiency,Respiratory bronchiolitis-interstitial lung disease syndrome
4752,Neonatal intrahepatic cholestasis due to citrin deficiency,Pituitary gigantism
4753,glioblastoma,Desmoplastic small round cell tumor
4754,Immune thrombocytopenia,Autosomal dominant Charcot-Marie-Tooth disease type 2E
4755,Carnitine palmitoyltransferase II deficiency,Adult-onset foveomacular vitelliform dystrophy
4756,Kaposi\'s sarcoma,Nephroblastoma
4757,glioblastoma,allergic bronchopulmonary aspergillosis
4758,"GM2 gangliosidosis, AB variant",Gaucher disease type 3
4759,Bullous pemphigoid,gastrointestinal stromal tumor
4760,Obesity due to prohormone convertase I deficiency,Obesity due to congenital leptin deficiency
4761,Autosomal dominant Charcot-Marie-Tooth disease type 2Z,Familial drusen
4764,Mantle cell lymphoma,Hypothyroidism due to TSH receptor mutations
4765,Transgrediens et progrediens palmoplantar keratoderma,Fuchs endothelial corneal dystrophy
4766,sarcoidosis,Primary myelofibrosis
4767,Glucagonoma,Lattice corneal dystrophy type I
4768,Neutrophil immunodeficiency syndrome,MALT lymphoma
4769,"chronic myelogenous leukemia, BCR-ABL1 positive",Gliosarcoma
4770,Myxopapillary ependymoma,Best vitelliform macular dystrophy
4771,Immune-mediated necrotizing myopathy,Adult-onset foveomacular vitelliform dystrophy
4772,Chronic pneumonitis of infancy,Charcot-Marie-Tooth disease type 1B
4773,Idiopathic congenital hypothyroidism,Adult-onset foveomacular vitelliform dystrophy
4774,Distal myopathy with posterior leg and anterior hand involvement,Mantle cell lymphoma
4775,Beta-thalassemia,Friedreich ataxia
4776,Lethal infantile mitochondrial myopathy,Mal de Meleda
4777,"Primary dystonia, DYT27 type",Late-onset retinal degeneration
4778,Granular corneal dystrophy type II,Charcot-Marie-Tooth disease type 4B2
4779,Classic mycosis fungoides,Pleural mesothelioma
4780,Acquired idiopathic sideroblastic anemia,Burkitt lymphoma
4781,plasma cell myeloma,mantle cell lymphoma
4782,Mitochondrial myopathy with reversible cytochrome C oxidase deficiency,Charcot-Marie-Tooth disease type 1B
4783,Classic Hodgkin lymphoma,Undifferentiated pleomorphic sarcoma
4784,Medullary thyroid carcinoma,Squamous cell carcinoma of the esophagus
4785,gastrointestinal stromal tumor,Gaucher disease
4786,autoimmune thrombocytopenic purpura,Chronic inflammatory demyelinating polyneuropathy
4787,Best vitelliform macular dystrophy,Mal de Meleda
4788,Acquired idiopathic sideroblastic anemia,Genetic steroid-resistant nephrotic syndrome
4789,Mendelian susceptibility to mycobacterial diseases due to complete IL12RB1 deficiency,Idiopathic acute eosinophilic pneumonia
4790,Myasthenia gravis,NMDA receptor encephalitis
4791,Waldenstrom macroglobulinemia,Adult acute respiratory distress syndrome
4792,Neuroendocrine tumor of the colon,Primary peritoneal carcinoma
4793,Lethal infantile mitochondrial myopathy,Cranio-cervical dystonia with laryngeal and upper-limb involvement
4794,autoimmune thrombocytopenic purpura,follicular lymphoma
4795,Hepatitis delta,follicular lymphoma
4796,tuberous sclerosis,Steinert myotonic dystrophy
4797,Best vitelliform macular dystrophy,Acute erythroid leukemia
4798,Lethal infantile mitochondrial myopathy,Insulinoma
4799,gastrointestinal stromal tumor,Full NF2-related schwannomatosis
4800,plasma cell myeloma,Tetralogy of Fallot
4801,systemic lupus erythematosus,Autoimmune hepatitis
4802,Carbamoyl-phosphate synthetase 1 deficiency,Argininemia
4803,Chronic pneumonitis of infancy,Charcot-Marie-Tooth disease type 4B2
4804,interstitial lung disease 2,interstitial cystitis
4805,Hemophilia B,Bleeding disorder in hemophilia B carriers
4806,Idiopathic acute eosinophilic pneumonia,Insulinoma
4807,Rhabdoid tumor,Adenocarcinoma of the esophagus
4808,"Primary dystonia, DYT13 type",Macular corneal dystrophy
4809,Thymic carcinoma,Neuroendocrine tumor of the colon
4810,Opsoclonus-myoclonus syndrome,follicular lymphoma
4811,Calpain-3-related limb-girdle muscular dystrophy R1,MALT lymphoma
4812,Myotonia permanens,Adult-onset foveomacular vitelliform dystrophy
4813,Mutilating palmoplantar keratoderma with periorificial keratotic plaques,Adult-onset foveomacular vitelliform dystrophy
4814,Uveal melanoma,AL amyloidosis
4815,paroxysmal nocturnal hemoglobinuria,Pediatric systemic lupus erythematosus
4816,Psoriasis-related juvenile idiopathic arthritis,Behet disease
4817,hemophilia A,glycogen storage disease II
4818,Beta-thalassemia major,Acquired idiopathic sideroblastic anemia
4819,DNAJB6-related limb-girdle muscular dystrophy D1,Retinopathy of prematurity
4820,Mantle cell lymphoma,Mal de Meleda
4821,Myxoid/round cell liposarcoma,Idiopathic panuveitis
4822,Ichthyosis-prematurity syndrome,Glucagonoma
4823,Somatostatinoma,Neuroendocrine tumor of the colon
4824,Idiopathic/heritable pulmonary arterial hypertension,Rheumatoid factor-negative polyarticular juvenile idiopathic arthritis
4825,Huriez syndrome,Thiel-Behnke corneal dystrophy
4826,Desmoid tumor,Refractory anemia with excess blasts
4827,Autosomal dominant Charcot-Marie-Tooth disease type 2Y,Insulinoma
4828,Follicular lymphoma,Charcot-Marie-Tooth disease type 4G
4829,intermediate uveitis,Behet disease
4830,Pure mitochondrial myopathy,Somatostatinoma
4831,Mal de Meleda,Lattice corneal dystrophy type I
4832,Neurotrophic keratopathy,"Primary dystonia, DYT17 type"
4833,Desmoplastic small round cell tumor,Adenocarcinoma of the esophagus
4834,Lattice corneal dystrophy type I,Charcot-Marie-Tooth disease type 4B2
4835,Granulomatosis with polyangiitis,Pemphigus vulgaris
4836,Pure mitochondrial myopathy,TRAPPC11-related limb-girdle muscular dystrophy R18
4837,aspergillosis,follicular lymphoma
4838,Autosomal dominant spastic paraplegia type 38,MALT lymphoma
4839,Asbestos intoxication,TRAPPC11-related limb-girdle muscular dystrophy R18
4840,Distal myopathy with posterior leg and anterior hand involvement,Adult-onset foveomacular vitelliform dystrophy
4841,Proximal spinal muscular atrophy type 1,Proximal spinal muscular atrophy type 2
4843,Autosomal dominant keratitis,DNAJB6-related limb-girdle muscular dystrophy D1
4844,Primary myelofibrosis,Gorlin syndrome
4845,hemophilia A,plasma cell myeloma
4846,eosinophilic granulomatosis with polyangiitis,Polyarteritis nodosa
4847,Epithelial recurrent erosion dystrophy,Insulinoma
4848,Obesity due to leptin receptor gene deficiency,Obesity due to prohormone convertase I deficiency
4849,Uveal melanoma,Classic neuroendocrine tumor of appendix
4850,Congenital stationary night blindness,Lethal infantile mitochondrial myopathy
4851,Myasthenia gravis,mantle cell lymphoma
4852,neuroblastoma,Dedifferentiated liposarcoma
4853,Idiopathic aplastic anemia,Alpha-thalassemia
4854,Chronic thromboembolic pulmonary hypertension,Cystic fibrosis
4855,glioblastoma,Cutaneous neuroendocrine carcinoma
4856,Autosomal dominant spastic paraplegia type 9A,MALT lymphoma
4857,Mendelian susceptibility to mycobacterial diseases due to partial IRF8 deficiency,X-linked endothelial corneal dystrophy
4858,Stargardt disease,Somatostatinoma
4859,TSH-secreting pituitary adenoma,Fuchs endothelial corneal dystrophy
4860,Primary biliary cholangitis,Giant cell arteritis
4861,Ependymoma,Pure mitochondrial myopathy
4862,\xc3\x85land Islands eye disease,"Primary dystonia, DYT4 type"
4863,Somatostatinoma,Autosomal dominant Charcot-Marie-Tooth disease type 2F
4864,tuberous sclerosis,gastrointestinal stromal tumor
4865,Follicular lymphoma,Autosomal dominant Charcot-Marie-Tooth disease type 2W
4866,Amyotrophic lateral sclerosis,X-linked adrenoleukodystrophy
4867,Classic mycosis fungoides,"Classic Hodgkin lymphoma, mixed cellularity type"
4868,Focal palmoplantar and gingival keratoderma,Somatomammotropinoma
4869,"chronic myelogenous leukemia, BCR-ABL1 positive",Complex regional pain syndrome
4870,Mantle cell lymphoma,Myotonia permanens
4871,GRFoma,Thymic neuroendocrine tumor
4872,Autosomal recessive spastic paraplegia type 66,Adult-onset foveomacular vitelliform dystrophy
4873,systemic lupus erythematosus,Huntington disease
4874,"chronic myelogenous leukemia, BCR-ABL1 positive",Atypical teratoid rhabdoid tumor
4875,Gliosarcoma,Pleural mesothelioma
4876,Late-onset retinal degeneration,Cold agglutinin disease
4877,Epithelial recurrent erosion dystrophy,Idiopathic pulmonary fibrosis
4878,Autosomal recessive spastic paraplegia type 59,MALT lymphoma
4879,Congenital hereditary endothelial dystrophy type II,Idiopathic acute eosinophilic pneumonia
4880,Neuroendocrine tumor of stomach,graft versus host disease
4881,Primary effusion lymphoma,Adult-onset myasthenia gravis
4882,systemic sclerosis,Heritable pulmonary arterial hypertension
4883,"Late-onset distal myopathy, Markesbery-Griggs type",Adult-onset foveomacular vitelliform dystrophy
4884,3q13 microdeletion syndrome,Pure mitochondrial myopathy
4885,Mitochondrial myopathy with reversible cytochrome C oxidase deficiency,Follicular lymphoma
4886,Autoimmune pulmonary alveolar proteinosis,TRAPPC11-related limb-girdle muscular dystrophy R18
4887,Mendelian susceptibility to mycobacterial diseases due to partial IRF8 deficiency,Late-onset retinal degeneration
4888,Oligocone trichromacy,Insulinoma
4889,Primary Sjgren syndrome,mantle cell lymphoma
4890,Epidermolytic palmoplantar keratoderma,Congenital hereditary endothelial dystrophy type II
4891,Pineoblastoma,Neuroendocrine tumor of the rectum
4892,glioblastoma,Neuroendocrine tumor of the colon
4893,Drug-induced autoimmune hemolytic anemia,polymyositis
4894,Idiopathic/heritable pulmonary arterial hypertension,Aggressive systemic mastocytosis
4895,Acute graft versus host disease,Juvenile dermatomyositis
4896,Cranio-cervical dystonia with laryngeal and upper-limb involvement,Thiel-Behnke corneal dystrophy
4897,essential thrombocythemia,Primary peritoneal carcinoma
4898,Anaplastic thyroid carcinoma,Cholangiocarcinoma
4899,MALT lymphoma,Somatostatinoma
4900,Autosomal recessive generalized epidermolysis bullosa simplex,Adult-onset foveomacular vitelliform dystrophy
4901,interstitial cystitis,plasma cell myeloma
4902,Solitary fibrous tumor,Cholangiocarcinoma
4903,Polyneuropathy associated with IgM monoclonal gammopathy with anti-MAG,mantle cell lymphoma
4904,Vogt-Koyanagi-Harada disease,Enthesitis-related juvenile idiopathic arthritis
4905,Stargardt disease,Glioblastoma
4906,Localized junctional epidermolysis bullosa,Recessive dystrophic epidermolysis bullosa inversa
4907,glioblastoma,Classic Hodgkin lymphoma
4908,Chronic inflammatory demyelinating polyneuropathy,Granulomatosis with polyangiitis
4909,Selective IgM deficiency,Adult-onset foveomacular vitelliform dystrophy
4910,interstitial cystitis,"Adult-onset cervical dystonia, DYT23 type"
4911,"chronic myelogenous leukemia, BCR-ABL1 positive",neuroblastoma
4912,Acute graft versus host disease,Primary sclerosing cholangitis
4913,dermatomyositis,Immune-mediated necrotizing myopathy
4914,polymyositis,Genetic steroid-resistant nephrotic syndrome
4915,Palmoplantar keratoderma-spastic paralysis syndrome,DNAJB6-related limb-girdle muscular dystrophy D1
4917,Opsoclonus-myoclonus syndrome,Genetic steroid-resistant nephrotic syndrome
4918,Retinitis pigmentosa,Lennox-Gastaut syndrome
4919,glioblastoma,Sandhoff disease
4920,plasma cell myeloma,glycogen storage disease II
4921,gastrointestinal stromal tumor,Well-differentiated liposarcoma
4922,T-B+ severe combined immunodeficiency due to gamma chain deficiency,Lethal infantile mitochondrial myopathy
4923,Foveal hypoplasia-presenile cataract syndrome,Somatomammotropinoma
4924,Epithelial recurrent erosion dystrophy,Infant acute respiratory distress syndrome
4925,Lethal infantile mitochondrial myopathy,"Primary dystonia, DYT21 type"
4926,hemophilia A,intermediate uveitis
4927,Mitochondrial myopathy with reversible cytochrome C oxidase deficiency,TSH-secreting pituitary adenoma
4928,S\xc3\xa9zary syndrome,Adult-onset foveomacular vitelliform dystrophy
4929,Trigeminal neuralgia,plasma cell myeloma
4930,MALT lymphoma,Ichthyosis hystrix of Curth-Macklin
4931,Classic neuroendocrine tumor of appendix,Cutaneous neuroendocrine carcinoma
4932,3q13 microdeletion syndrome,Lethal infantile mitochondrial myopathy
4933,Cholangiocarcinoma,Bronchial neuroendocrine tumor
4934,graft versus host disease,Bronchopulmonary dysplasia
4935,Autosomal dominant centronuclear myopathy,Chronic beryllium disease
4936,glioblastoma,Carcinoid syndrome
4937,Vitamin B12-responsive methylmalonic acidemia,Mucopolysaccharidosis type 1
4938,Proximal spinal muscular atrophy type 3,Proximal spinal muscular atrophy type 4
4939,\xc3\x85land Islands eye disease,Glucagonoma
4940,Familial Mediterranean fever,Relapsing polychondritis
4941,Medullary thyroid carcinoma,Neuroendocrine tumor of the rectum
4942,Male infertility with azoospermia or oligozoospermia due to single gene mutation,Granular corneal dystrophy type II
4943,aspergillosis,Zygomycosis
4944,Papilloma of choroid plexus,Primary peritoneal carcinoma
4945,interstitial lung disease 2,Bronchial neuroendocrine tumor
4946,Undifferentiated pleomorphic sarcoma,Nephroblastoma
4947,Isolated polycystic liver disease,Bronchial neuroendocrine tumor
4948,Leukoencephalopathy-palmoplantar keratoderma syndrome,Retinitis punctata albescens
4949,Congenital stationary night blindness,Gray platelet syndrome
4950,dermatomyositis,Pediatric systemic lupus erythematosus
4951,sarcoidosis,eosinophilic granulomatosis with polyangiitis
4952,plasma cell myeloma,MALT lymphoma
4953,Mucous membrane pemphigoid,Granulomatosis with polyangiitis
4954,3-hydroxyisobutyric aciduria,MALT lymphoma
4955,Lennox-Gastaut syndrome,Uveal melanoma
4956,Anaplastic thyroid carcinoma,follicular lymphoma
4957,Isolated polycystic liver disease,Primary biliary cholangitis
4958,"chronic myelogenous leukemia, BCR-ABL1 positive",Desmoid tumor
4959,Familial afibrinogenemia,Familial hypofibrinogenemia
4960,Cystic fibrosis,Waldenstrom macroglobulinemia
4961,autoimmune thrombocytopenic purpura,Polyarteritis nodosa
4962,Primary myelofibrosis,Primary biliary cholangitis
4963,Addison disease,Adult-onset foveomacular vitelliform dystrophy
4964,Neurofibromatosis type 1,Neuroendocrine tumor of anal canal
4965,Pancreatoblastoma,Adult-onset foveomacular vitelliform dystrophy
4966,Familial drusen,Charcot-Marie-Tooth disease type 4C
4967,Immune thrombocytopenia,Mutilating palmoplantar keratoderma with periorificial keratotic plaques
4968,autoimmune thrombocytopenic purpura,Krabbe disease
4969,Idiopathic acute eosinophilic pneumonia,"Primary dystonia, DYT4 type"
4970,Leukoencephalopathy-palmoplantar keratoderma syndrome,Bothnia retinal dystrophy
4971,Mitochondrial myopathy with reversible cytochrome C oxidase deficiency,Thiel-Behnke corneal dystrophy
4972,Obesity due to leptin receptor gene deficiency,Prader-Willi syndrome due to imprinting mutation
4973,Trisomy 18p,Mitochondrial myopathy with reversible cytochrome C oxidase deficiency
4974,Beta-thalassemia,Dietary iron overload disease
4976,Leber congenital amaurosis,Gaucher disease
4977,X-linked endothelial corneal dystrophy,Idiopathic pulmonary fibrosis
4978,plasma cell myeloma,Acquired aneurysmal subarachnoid hemorrhage
4979,VIPoma,Granular corneal dystrophy type I
4980,Lethal infantile mitochondrial myopathy,Trisomy 1q
4981,Alpha-thalassemia-myelodysplastic syndrome,Best vitelliform macular dystrophy
4982,multiple system atrophy,Beta-thalassemia
4983,Adult-onset foveomacular vitelliform dystrophy,Autosomal dominant spastic paraplegia type 8
4984,Medulloblastoma,Squamous cell carcinoma of the esophagus
4985,Monosomy 18p,Idiopathic acute eosinophilic pneumonia
4986,Bleeding disorder in hemophilia A carriers,Mild hemophilia B
4987,Desmoid tumor,Desmoplastic small round cell tumor
4989,Lethal infantile mitochondrial myopathy,Glucagonoma
4990,Lethal infantile mitochondrial myopathy,"Autoimmune hemolytic anemia, warm type"
4991,Refractory anemia with excess blasts,Recessive dystrophic epidermolysis bullosa inversa
4992,Pure mitochondrial myopathy,Charcot-Marie-Tooth disease type 4D
4993,Amyotrophic lateral sclerosis,Indolent systemic mastocytosis
4994,Carcinoid syndrome,GRFoma
4995,Diffuse palmoplantar keratoderma-acrocyanosis syndrome,Granular corneal dystrophy type I
4996,Congenital muscular dystrophy-infantile cataract-hypogonadism syndrome,Idiopathic acute eosinophilic pneumonia
4997,Congenital ichthyosis-microcephalus-tetraplegia syndrome,Pure mitochondrial myopathy
4998,Insulinoma,Macular corneal dystrophy
4999,Epidermolytic palmoplantar keratoderma,X-linked endothelial corneal dystrophy
5000,Lattice corneal dystrophy type I,Charcot-Marie-Tooth disease type 4G
5001,Complete androgen insensitivity syndrome,Adult-onset foveomacular vitelliform dystrophy
5002,Neurotrophic keratopathy,MALT lymphoma
5003,Gliosarcoma,Idiopathic/heritable pulmonary arterial hypertension
5004,Combined oxidative phosphorylation defect type 13,Acute interstitial pneumonia
5005,Adult-onset foveomacular vitelliform dystrophy,Neuroendocrine neoplasm of appendix
5006,Thymic carcinoma,Undifferentiated pleomorphic sarcoma
5007,tuberous sclerosis,Familial adenomatous polyposis
5008,Idiopathic acute eosinophilic pneumonia,Autosomal dominant optic atrophy and cataract
5009,"Primary dystonia, DYT13 type",Adult-onset foveomacular vitelliform dystrophy
5010,Follicular lymphoma,"Congenital muscular dystrophy, Ullrich type"
5011,Bernard-Soulier syndrome,Herpes simplex virus stromal keratitis
5012,Best vitelliform macular dystrophy,Functioning gonadotropic adenoma
5013,Epidermolytic palmoplantar keratoderma,Macular corneal dystrophy
5014,Split cord malformation type I,Pure mitochondrial myopathy
5015,Malignant peritoneal mesothelioma,Squamous cell carcinoma of the anal canal
5016,intermediate uveitis,Juvenile dermatomyositis
5017,Inclusion body myositis,Beta-thalassemia
5018,Wiskott-Aldrich syndrome,Beta-thalassemia-X-linked thrombocytopenia syndrome
5019,Acute graft versus host disease,essential thrombocythemia
5020,Mitochondrial myopathy with reversible cytochrome C oxidase deficiency,Autosomal dominant Charcot-Marie-Tooth disease type 2Y
5021,Plectin-related limb-girdle muscular dystrophy R17,Adult-onset foveomacular vitelliform dystrophy
5022,multiple system atrophy,Gaucher disease
5023,Autosomal dominant polycystic kidney disease,Gaucher disease type 3
5024,Best vitelliform macular dystrophy,Autosomal dominant spastic paraplegia type 73
5025,Anoctamin-5-related limb-girdle muscular dystrophy R12,Mutilating palmoplantar keratoderma with periorificial keratotic plaques
5026,Follicular lymphoma,Bathing suit ichthyosis
5027,Cystic fibrosis,Becker muscular dystrophy
5028,systemic sclerosis,mantle cell lymphoma
5029,systemic lupus erythematosus,Pediatric systemic lupus erythematosus
5030,Schnitzler syndrome,Papilloma of choroid plexus
5031,Pure mitochondrial myopathy,Follicular lymphoma
5032,Thymic carcinoma,Classic Hodgkin lymphoma
5033,Pediatric hepatocellular carcinoma,Macular corneal dystrophy
5034,Squamous cell carcinoma of the anal canal,Neuroendocrine tumor of the rectum
5035,Sporadic pheochromocytoma/secreting paraganglioma,Rhabdoid tumor
5036,Infant acute respiratory distress syndrome,DNAJB6-related limb-girdle muscular dystrophy D1
5037,Autosomal dominant centronuclear myopathy,Mantle cell lymphoma
5038,Gorlin syndrome,follicular lymphoma
5039,Zollinger-Ellison syndrome,Lattice corneal dystrophy type I
5040,Hemophilia B,Severe hemophilia A
5041,glioblastoma,Malignant peritoneal mesothelioma
5043,Opsoclonus-myoclonus syndrome,MALT lymphoma
5044,systemic sclerosis,eosinophilic granulomatosis with polyangiitis
5045,6q25 microdeletion syndrome,Pure mitochondrial myopathy
5046,Opsoclonus-myoclonus syndrome,Myxoid/round cell liposarcoma
5047,Ileal neuroendocrine tumor,Somatostatinoma
5048,Bleeding disorder in hemophilia A carriers,Hemophilia B
5049,plasma cell myeloma,Giant cell glioblastoma
5050,Leukoencephalopathy-palmoplantar keratoderma syndrome,Lattice corneal dystrophy type I
5051,liposarcoma,Sandhoff disease
5053,DNAJB6-related limb-girdle muscular dystrophy D1,Keratosis palmaris et plantaris-clinodactyly syndrome
5054,Autosomal dominant keratitis,Follicular lymphoma
5055,Anaplastic thyroid carcinoma,Neurofibroma
5056,Follicular lymphoma,Neutral lipid storage myopathy
5057,Oligocone trichromacy,Mantle cell lymphoma
5058,Neurotrophic keratopathy,Autosomal dominant Charcot-Marie-Tooth disease type 2K
5059,Somatomammotropinoma,Autosomal dominant optic atrophy and cataract
5060,Neuroendocrine tumor of stomach,gastrointestinal stromal tumor
5061,Cold agglutinin disease,Charcot-Marie-Tooth disease type 1B
5062,MALT lymphoma,"Autosomal dominant generalized epidermolysis bullosa simplex, severe form"
5063,"Primary dystonia, DYT2 type",Fuchs endothelial corneal dystrophy
5064,Cystic fibrosis,Isolated aniridia
5065,Primary Sjgren syndrome,Hereditary pulmonary alveolar proteinosis
5067,mantle cell lymphoma,Szary syndrome
5068,Lethal infantile mitochondrial myopathy,Distal trisomy 5q
5069,eosinophilic granulomatosis with polyangiitis,Pediatric systemic lupus erythematosus
5070,Lethal infantile mitochondrial myopathy,"Hereditary palmoplantar keratoderma, Gamborg-Nielsen type"
5071,Mitochondrial myopathy with reversible cytochrome C oxidase deficiency,GRFoma
5072,Sandhoff disease,graft versus host disease
5073,Duchenne muscular dystrophy,plasma cell myeloma
5074,Ringed hair disease,Adult-onset foveomacular vitelliform dystrophy
5075,Beta-thalassemia intermedia,Acquired idiopathic sideroblastic anemia
5076,Anoctamin-5-related limb-girdle muscular dystrophy R12,Epithelial recurrent erosion dystrophy
5077,Classic mycosis fungoides,Burkitt lymphoma
5078,Autosomal dominant Charcot-Marie-Tooth disease type 2Z,MALT lymphoma
5079,Hereditary pheochromocytoma-paraganglioma,Multiple endocrine neoplasia type 2A
5080,Dystonia-parkinsonism-hypermanganesemia syndrome,Adult-onset foveomacular vitelliform dystrophy
5081,sarcoidosis,Krabbe disease
5082,Best vitelliform macular dystrophy,Distal nebulin myopathy
5083,Thymic carcinoma,Nephroblastoma
5084,Paris-Trousseau thrombocytopenia,TRAPPC11-related limb-girdle muscular dystrophy R18
5085,Primary Sjgren syndrome,Idiopathic pulmonary hemosiderosis
5086,Congenital hypothyroidism due to maternal intake of antithyroid drugs,DNAJB6-related limb-girdle muscular dystrophy D1
5087,Beta-thalassemia major,Severe hemophilia B
5088,Adult-onset multiple mitochondrial DNA deletion syndrome due to DGUOK deficiency,Severe early-childhood-onset retinal dystrophy
5089,Idiopathic acute eosinophilic pneumonia,Charcot-Marie-Tooth disease type 1B
5090,Acral peeling skin syndrome,MALT lymphoma
5091,Cryptogenic organizing pneumonia,Autosomal dominant Charcot-Marie-Tooth disease type 2W
5092,Ileal neuroendocrine tumor,Glucagonoma
5093,Autosomal dominant Charcot-Marie-Tooth disease type 2W,Oligocone trichromacy
5094,fragile X syndrome,Huntington disease
5095,Relapsing polychondritis,polymyositis
5096,Peripheral primitive neuroectodermal tumor,Adenocarcinoma of the esophagus
5097,Acute myelomonocytic leukemia,polymyositis
5098,Rh deficiency syndrome,Adult-onset foveomacular vitelliform dystrophy
5099,Lethal infantile mitochondrial myopathy,Tibial hemimelia
5100,Neurotrophic keratopathy,Functioning gonadotropic adenoma
5101,Tay-Sachs disease,mantle cell lymphoma
5102,Severe early-childhood-onset retinal dystrophy,Cranio-cervical dystonia with laryngeal and upper-limb involvement
5103,Primary Sjgren syndrome,systemic lupus erythematosus
5104,Dedifferentiated liposarcoma,Refractory anemia with excess blasts
5105,Best vitelliform macular dystrophy,Charcot-Marie-Tooth disease type 4D
5106,DNA2-related mitochondrial DNA deletion syndrome,MALT lymphoma
5107,"Localized dystrophic epidermolysis bullosa, nails only","Localized dystrophic epidermolysis bullosa, pretibial form"
5108,KRT1-related diffuse nonepidermolytic keratoderma,Adult-onset foveomacular vitelliform dystrophy
5109,Somatomammotropinoma,Keratosis palmaris et plantaris-clinodactyly syndrome
5110,Somatomammotropinoma,Charcot-Marie-Tooth disease type 4A
5111,Best vitelliform macular dystrophy,"Primary dystonia, DYT21 type"
5112,Herpes simplex virus stromal keratitis,Adenylosuccinate synthetase-like 1-related distal myopathy
5113,MALT lymphoma,Spinocerebellar ataxia type 7
5114,Chronic pneumonitis of infancy,Pituitary gigantism
5115,Classic Hodgkin lymphoma,Primary peritoneal carcinoma
5116,Recurrent infections associated with rare immunoglobulin isotypes deficiency,MALT lymphoma
5117,Medullary thyroid carcinoma,Thymic neuroendocrine tumor
5118,GRFoma,Granular corneal dystrophy type I
5119,Gray platelet syndrome,MALT lymphoma
5120,Antisynthetase syndrome,Subacute cutaneous lupus erythematosus
5121,Bernard-Soulier syndrome,Congenital stationary night blindness
5122,Bothnia retinal dystrophy,"Primary dystonia, DYT6 type"
5123,osteogenesis imperfecta,Waldenstrom macroglobulinemia
5124,Bothnia retinal dystrophy,Charcot-Marie-Tooth disease type 1A
5125,Osteogenesis imperfecta type 4,Acquired aneurysmal subarachnoid hemorrhage
5126,Leber congenital amaurosis,gastrointestinal stromal tumor
5127,Autosomal recessive cerebellar ataxia-psychomotor delay syndrome,Adult-onset foveomacular vitelliform dystrophy
5128,GRFoma,Charcot-Marie-Tooth disease type 1F
5129,Bernard-Soulier syndrome,Mutilating palmoplantar keratoderma with periorificial keratotic plaques
5130,glioblastoma,Wilson disease
5131,Acute interstitial pneumonia,Lattice corneal dystrophy type I
5132,autoimmune thrombocytopenic purpura,Atypical hemolytic uremic syndrome
5133,Uveal melanoma,Waldenstrom macroglobulinemia
5134,Retinitis punctata albescens,Mal de Meleda
5135,VIPoma,Papilloma of choroid plexus
5136,Postnatal microcephaly-infantile hypotonia-spastic diplegia-dysarthria-intellectual disability syndrome,Adult-onset foveomacular vitelliform dystrophy
5137,sarcoidosis,essential thrombocythemia
5138,Myasthenia gravis,Giant cell arteritis
5139,Medium chain acyl-CoA dehydrogenase deficiency,Follicular lymphoma
5140,Pediatric hepatocellular carcinoma,Ichthyosis-prematurity syndrome
5141,Hereditary myopathy with early respiratory failure,Adult-onset foveomacular vitelliform dystrophy
5142,Neurotrophic keratopathy,Palmoplantar keratoderma-spastic paralysis syndrome
5143,Lethal infantile mitochondrial myopathy,Subcutaneous panniculitis-like T-cell lymphoma
5144,Opsoclonus-myoclonus syndrome,Herpes simplex virus encephalitis
5145,Oligocone trichromacy,Autosomal dominant Charcot-Marie-Tooth disease type 2K
5146,Somatomammotropinoma,Autosomal dominant Charcot-Marie-Tooth disease type 2Z
5147,Classic mycosis fungoides,Rhabdoid tumor
5148,Best vitelliform macular dystrophy,Congenital bile acid synthesis defect type 3
5149,Monosomy 18p,Pituicytoma
5150,Classic mycosis fungoides,Primary peritoneal carcinoma
5151,Mendelian susceptibility to mycobacterial diseases due to complete IL12RB1 deficiency,Gray platelet syndrome
5152,X-linked endothelial corneal dystrophy,Chronic pneumonitis of infancy
5153,\xc3\x85land Islands eye disease,"Primary dystonia, DYT6 type"
5154,"chronic myelogenous leukemia, BCR-ABL1 positive",Waldenstrom macroglobulinemia
5155,Moderate hemophilia B,Moderate hemophilia A
5156,allergic bronchopulmonary aspergillosis,aspergillosis
5157,Beta-thalassemia,Waldenstrom macroglobulinemia
5158,Gaucher disease,Krabbe disease
5159,Autosomal dominant spastic paraplegia type 38,Adult-onset foveomacular vitelliform dystrophy
5160,Acute myelomonocytic leukemia,Aggressive systemic mastocytosis
5161,Autosomal dominant Charcot-Marie-Tooth disease type 2Z,Pediatric hepatocellular carcinoma
5162,glioblastoma,osteogenesis imperfecta
5163,Chronic inflammatory demyelinating polyneuropathy,Juvenile myasthenia gravis
5164,Medullary thyroid carcinoma,Classic neuroendocrine tumor of appendix
5165,Waldenstrom macroglobulinemia,graft versus host disease
5166,Solitary fibrous tumor,Desmoplastic small round cell tumor
5167,TRAPPC11-related limb-girdle muscular dystrophy R18,Acute promyelocytic leukemia
5168,Functioning gonadotropic adenoma,Granular corneal dystrophy type I
5169,Lethal infantile mitochondrial myopathy,Prolactinoma
5170,Mutilating palmoplantar keratoderma with periorificial keratotic plaques,"Primary dystonia, DYT4 type"
5171,Amyotrophic lateral sclerosis,Immunoglobulin-mediated membranoproliferative glomerulonephritis
5172,Immunoglobulin A vasculitis,mantle cell lymphoma
5173,autoimmune thrombocytopenic purpura,neuroblastoma
5174,Distal anoctaminopathy,Pituitary gigantism
5175,Cystic fibrosis,Hemophilia B
5176,Waldenstrom macroglobulinemia,Squamous cell carcinoma of the esophagus
5177,Long chain 3-hydroxyacyl-CoA dehydrogenase deficiency,Classic glucose transporter type 1 deficiency syndrome
5178,Ependymoma,Thymoma type B
5179,"chronic myelogenous leukemia, BCR-ABL1 positive",Acquired idiopathic sideroblastic anemia
5180,allergic bronchopulmonary aspergillosis,Autoimmune hepatitis
5181,Hyperkalemic periodic paralysis,MALT lymphoma
5182,Diffuse cutaneous systemic sclerosis,essential thrombocythemia
5183,"chronic myelogenous leukemia, BCR-ABL1 positive",Adenocarcinoma of the esophagus
5184,Pili torti,Adult-onset foveomacular vitelliform dystrophy
5185,Kaposi\'s sarcoma,Hepatitis delta
5186,Idiopathic acute eosinophilic pneumonia,"Late-onset distal myopathy, Markesbery-Griggs type"
5187,Idiopathic/heritable pulmonary arterial hypertension,Oligoarticular juvenile idiopathic arthritis
5188,Bernard-Soulier syndrome,Somatostatinoma
5189,Idiopathic steroid-sensitive nephrotic syndrome,Waldenstrom macroglobulinemia
5190,Retinitis pigmentosa,Psoriasis-related juvenile idiopathic arthritis
5191,Autoimmune hepatitis,Giant cell arteritis
5192,Autosomal dominant spastic paraplegia type 42,Best vitelliform macular dystrophy
5193,Ataxia-telangiectasia,Niemann-Pick disease type C
5194,Classic mycosis fungoides,Paroxysmal cold hemoglobinuria
5195,Glioblastoma,Lattice corneal dystrophy type I
5196,Familial pancreatic carcinoma,Pleural mesothelioma
5197,Amyotrophic lateral sclerosis,Myasthenia gravis
5198,Combined oxidative phosphorylation defect type 13,TSH-secreting pituitary adenoma
5199,follicular lymphoma,Subcutaneous panniculitis-like T-cell lymphoma
5200,Primary myelofibrosis,Hepatitis delta
5201,Adult-onset foveomacular vitelliform dystrophy,Autosomal recessive dopa-responsive dystonia
5202,Immune-mediated thrombotic thrombocytopenic purpura,Polyarteritis nodosa
5203,Adult-onset foveomacular vitelliform dystrophy,Spinocerebellar ataxia type 8
5204,Congenital hereditary endothelial dystrophy type II,"Hereditary palmoplantar keratoderma, Gamborg-Nielsen type"
5205,Indolent systemic mastocytosis,Acute myelomonocytic leukemia
5206,Paraparetic variant of Guillain-Barr\xc3\xa9 syndrome,Gray platelet syndrome
5207,Hemangioblastoma,Sporadic pheochromocytoma/secreting paraganglioma
5208,Pituitary gigantism,Autosomal dominant Charcot-Marie-Tooth disease type 2F
5209,Desmoplastic small round cell tumor,Myxoid/round cell liposarcoma
5210,Sporadic pheochromocytoma/secreting paraganglioma,Cholangiocarcinoma
5211,Chronic inflammatory demyelinating polyneuropathy,Primary biliary cholangitis
5212,Idiopathic pulmonary fibrosis,Autosomal dominant Charcot-Marie-Tooth disease type 2W
5213,Gray platelet syndrome,Autosomal dominant Charcot-Marie-Tooth disease type 2K
5214,essential thrombocythemia,"Autoimmune hemolytic anemia, warm type"
5215,Herpes simplex virus stromal keratitis,Adult-onset distal myopathy due to VCP mutation
5216,Adult-onset foveomacular vitelliform dystrophy,Spinocerebellar ataxia type 18
5217,paroxysmal nocturnal hemoglobinuria,Waldenstrom macroglobulinemia
5218,Autosomal dominant centronuclear myopathy,Congenital stationary night blindness
5219,Autosomal recessive spastic ataxia-optic atrophy-dysarthria syndrome,Adult-onset foveomacular vitelliform dystrophy
5220,Netherton syndrome,Generalized pustular psoriasis
5221,Congenital stationary night blindness,Autosomal dominant Charcot-Marie-Tooth disease type 2Z
5222,Pineoblastoma,Neuroendocrine tumor of the colon
5223,Landau-Kleffner syndrome,Adult-onset foveomacular vitelliform dystrophy
5224,Immunoglobulin A vasculitis,"Autoimmune hemolytic anemia, warm type"
5225,systemic lupus erythematosus,Castleman disease
5226,Pituicytoma,Granular corneal dystrophy type II
5227,Cold agglutinin disease,Adult-onset foveomacular vitelliform dystrophy
5228,plasma cell myeloma,Choroideremia
5229,interstitial lung disease 2,Glucagonoma
5230,Uveal melanoma,Neuroendocrine neoplasm of appendix
5231,systemic lupus erythematosus,Antisynthetase syndrome
5232,Primary myelofibrosis,intermediate uveitis
5233,Bothnia retinal dystrophy,Pituitary gigantism
5234,Undifferentiated pleomorphic sarcoma,Subcutaneous panniculitis-like T-cell lymphoma
5235,Squamous cell carcinoma of the esophagus,Subcutaneous panniculitis-like T-cell lymphoma
5236,"Primary dystonia, DYT13 type",Lattice corneal dystrophy type I
5237,Catastrophic antiphospholipid syndrome,Opsoclonus-myoclonus syndrome
5238,Lissencephaly type 1 due to doublecortin gene mutation,MALT lymphoma
5239,GRFoma,Macular corneal dystrophy
5240,Neurofibromatosis type 1,Classic Hodgkin lymphoma
5241,Paris-Trousseau thrombocytopenia,Respiratory bronchiolitis-interstitial lung disease syndrome
5242,graft versus host disease,Nephroblastoma
5243,osteogenesis imperfecta,Granulomatosis with polyangiitis
5244,Adult-onset foveomacular vitelliform dystrophy,Charcot-Marie-Tooth disease type 1B
5245,Von Willebrand disease,Von Willebrand disease type 1
5246,"Autoimmune hemolytic anemia, warm type",Giant cell arteritis
5247,Congenital hereditary endothelial dystrophy type II,Autosomal dominant Charcot-Marie-Tooth disease type 2A2
5248,Autosomal dominant epidermolytic ichthyosis,Somatomammotropinoma
5249,Familial drusen,"Primary dystonia, DYT2 type"
5250,Uveal melanoma,Bronchial neuroendocrine tumor
5251,Pure mitochondrial myopathy,10q22.3q23.3 microduplication syndrome
5252,Acute interstitial pneumonia,Pituitary gigantism
5253,Primary effusion lymphoma,Polyarteritis nodosa
5254,Immune thrombocytopenia,Granular corneal dystrophy type I
5255,biliary atresia,plasma cell myeloma
5256,Lethal infantile mitochondrial myopathy,Severe combined immunodeficiency due to complete RAG1/2 deficiency
5257,eosinophilic granulomatosis with polyangiitis,Primary biliary cholangitis
5258,Herpes simplex virus stromal keratitis,Vocal cord and pharyngeal distal myopathy
5260,MALT lymphoma,Autosomal dominant spastic paraplegia type 6
5261,"chronic myelogenous leukemia, BCR-ABL1 positive",Idiopathic/heritable pulmonary arterial hypertension
5262,Foveal hypoplasia-presenile cataract syndrome,TRAPPC11-related limb-girdle muscular dystrophy R18
5263,Moderate hemophilia B,Bleeding disorder in hemophilia B carriers
5264,"chronic myelogenous leukemia, BCR-ABL1 positive",Beta-thalassemia
5265,Classic mycosis fungoides,Charcot-Marie-Tooth disease type 4B2
5266,3q29 microduplication syndrome,Mitochondrial myopathy with reversible cytochrome C oxidase deficiency
5267,Krabbe disease,Castleman disease
5268,\xc3\x85land Islands eye disease,KRT1-related diffuse nonepidermolytic keratoderma
5269,Common variable immunodeficiency,Giant cell arteritis
5270,"chronic myelogenous leukemia, BCR-ABL1 positive",graft versus host disease
5271,Idiopathic/heritable pulmonary arterial hypertension,Polyarteritis nodosa
5272,sarcoidosis,GM1 gangliosidosis
5273,Classic mycosis fungoides,Szary syndrome
5274,Palmoplantar keratoderma-spastic paralysis syndrome,Macular corneal dystrophy
5275,Retinitis pigmentosa,Oligoarticular juvenile idiopathic arthritis
5276,1q21.1 microdeletion syndrome,Lethal infantile mitochondrial myopathy
5277,Best vitelliform macular dystrophy,TRAPPC11-related limb-girdle muscular dystrophy R18
5278,acquired polycythemia vera,Primary biliary cholangitis
5279,Congenital stationary night blindness,Lymphoid interstitial pneumonia
5280,Pure mitochondrial myopathy,Squamous cell carcinoma of the anal canal
5281,Uveal melanoma,Medullary thyroid carcinoma
5282,Amyotrophic lateral sclerosis,"Autoimmune hemolytic anemia, warm type"
5283,Asbestos intoxication,Retinitis punctata albescens
5284,Superficial epidermolytic ichthyosis,Mantle cell lymphoma
5285,thymoma,Medulloblastoma
5286,DNA2-related mitochondrial DNA deletion syndrome,Bothnia retinal dystrophy
5287,Mantle cell lymphoma,Neutral lipid storage myopathy
5288,gastrointestinal stromal tumor,Acute lung injury
5289,Pediatric hepatocellular carcinoma,Adult-onset foveomacular vitelliform dystrophy
5290,Primary Sjgren syndrome,Antisynthetase syndrome
5291,Retinitis punctata albescens,VIPoma
5292,6q25 microdeletion syndrome,Lethal infantile mitochondrial myopathy
5293,Osteosarcoma,gastrointestinal stromal tumor
5294,Neurotrophic keratopathy,Lethal infantile mitochondrial myopathy
5295,Severe early-childhood-onset retinal dystrophy,Charcot-Marie-Tooth disease type 1B
5296,DNAJB6-related limb-girdle muscular dystrophy D1,Acute panmyelosis with myelofibrosis
5297,Congenital stationary night blindness,Idiopathic pulmonary fibrosis
5298,plasma cell myeloma,Autoimmune hepatitis
5299,Anoctamin-5-related limb-girdle muscular dystrophy R12,Lattice corneal dystrophy type I
5300,Best vitelliform macular dystrophy,Early-onset Lafora body disease
5301,Giant cell arteritis,Immune-mediated necrotizing myopathy
5302,systemic lupus erythematosus,Tay-Sachs disease
5303,Spinocerebellar ataxia type 31,MALT lymphoma
5304,DNAJB6-related limb-girdle muscular dystrophy D1,"Hereditary palmoplantar keratoderma, Gamborg-Nielsen type"
5305,sarcoidosis,systemic lupus erythematosus
5306,Anoctamin-5-related limb-girdle muscular dystrophy R12,Acute interstitial pneumonia
5307,Von Willebrand disease type 2A,Von Willebrand disease type 2N
5308,Functioning gonadotropic adenoma,Fuchs endothelial corneal dystrophy
5309,Mucous membrane pemphigoid,Autoimmune hepatitis
5310,Autosomal recessive spastic paraplegia type 61,Adult-onset foveomacular vitelliform dystrophy
5311,Uveal melanoma,mantle cell lymphoma
5312,Congenital stationary night blindness,Charcot-Marie-Tooth disease type 1A
5313,Megalencephaly-capillary malformation-polymicrogyria syndrome,Bannayan-Riley-Ruvalcaba syndrome
5314,Zollinger-Ellison syndrome,Combined oxidative phosphorylation defect type 13
5315,Ependymoma,AL amyloidosis
5316,Thymic carcinoma,Ependymoma
5317,Somatomammotropinoma,Respiratory bronchiolitis-interstitial lung disease syndrome
5318,"Primary dystonia, DYT27 type",MALT lymphoma
5319,Hemihyperplasia-multiple lipomatosis syndrome,Megalencephaly-capillary malformation-polymicrogyria syndrome
5320,Idiopathic acute eosinophilic pneumonia,Retinitis punctata albescens
5321,systemic lupus erythematosus,MALT lymphoma
5322,Medullary thyroid carcinoma,Neuroendocrine tumor of the colon
5323,Hereditary continuous muscle fiber activity,MALT lymphoma
5324,Ileal neuroendocrine tumor,Rhabdoid tumor
5325,Uveal melanoma,Neuroendocrine tumor of the rectum
5326,Acute interstitial pneumonia,interstitial lung disease 2
5327,T-B+ severe combined immunodeficiency due to IL-7Ralpha deficiency,DNAJB6-related limb-girdle muscular dystrophy D1
5328,Osteosarcoma,"Classic Hodgkin lymphoma, mixed cellularity type"
5329,Muscle-eye-brain disease with bilateral multicystic leucodystrophy,Pituitary gigantism
5330,T-B+ severe combined immunodeficiency due to JAK3 deficiency,DNAJB6-related limb-girdle muscular dystrophy D1
5331,Autosomal dominant centronuclear myopathy,Late-onset retinal degeneration
5332,Autosomal dominant Charcot-Marie-Tooth disease type 2W,MALT lymphoma
5333,Primary peritoneal carcinoma,Thymic neuroendocrine tumor
5334,Herpes simplex virus stromal keratitis,TSH-secreting pituitary adenoma
5335,Ileal neuroendocrine tumor,Classic Hodgkin lymphoma
5336,Adult-onset foveomacular vitelliform dystrophy,Autosomal recessive spastic paraplegia type 26
5337,Mitochondrial myopathy with reversible cytochrome C oxidase deficiency,Mal de Meleda
5338,"chronic myelogenous leukemia, BCR-ABL1 positive",interstitial lung disease 2
5339,Neurotrophic keratopathy,Zollinger-Ellison syndrome
5340,Severe early-childhood-onset retinal dystrophy,"Primary dystonia, DYT6 type"
5341,Autosomal dominant centronuclear myopathy,Severe early-childhood-onset retinal dystrophy
5342,neuroblastoma,Complex regional pain syndrome
5343,Granular corneal dystrophy type I,Charcot-Marie-Tooth disease type 4B2
5344,Late-onset retinal degeneration,Mal de Meleda
5345,Lethal infantile mitochondrial myopathy,16q24.3 microdeletion syndrome
5346,Combined oxidative phosphorylation defect type 13,Familial drusen
5347,"Primary dystonia, DYT21 type",Lattice corneal dystrophy type I
5348,Mitochondrial myopathy with reversible cytochrome C oxidase deficiency,Drug-induced autoimmune hemolytic anemia
5349,MALT lymphoma,Adult-onset foveomacular vitelliform dystrophy
5350,interstitial lung disease 2,Papilloma of choroid plexus
5351,Ataxia-telangiectasia,Huntington disease
5352,"Primary dystonia, DYT27 type",Gray platelet syndrome
5353,Kasabach-Merritt syndrome,Adult-onset foveomacular vitelliform dystrophy
5354,follicular lymphoma,Mixed-type autoimmune hemolytic anemia
5355,Congenital stationary night blindness,Cranio-cervical dystonia with laryngeal and upper-limb involvement
5356,Functioning gonadotropic adenoma,Charcot-Marie-Tooth disease type 4D
5357,Uveal melanoma,Acute myelomonocytic leukemia
5358,Oligocone trichromacy,Somatostatinoma
5359,paroxysmal nocturnal hemoglobinuria,Medulloblastoma
5360,Retinopathy of prematurity,Central retinal vein occlusion
5361,Non-functioning pituitary adenoma,Adult-onset foveomacular vitelliform dystrophy
5362,Mucous membrane pemphigoid,Adult-onset myasthenia gravis
5363,Autosomal dominant Charcot-Marie-Tooth disease type 2W,Glucagonoma
5364,Herpes simplex virus stromal keratitis,MALT lymphoma
5365,Neurotrophic keratopathy,Acetazolamide-responsive myotonia
5366,Stargardt disease,Asbestos intoxication
5367,Autosomal dominant severe congenital neutropenia,Lethal infantile mitochondrial myopathy
5368,Asbestos intoxication,DNAJB6-related limb-girdle muscular dystrophy D1
5369,Catastrophic antiphospholipid syndrome,systemic lupus erythematosus
5370,"Primary dystonia, DYT13 type",Granular corneal dystrophy type II
5371,Undifferentiated pleomorphic sarcoma,mantle cell lymphoma
5372,Frontotemporal dementia with motor neuron disease,Adult-onset foveomacular vitelliform dystrophy
5373,Somatomammotropinoma,Idiopathic pulmonary fibrosis
5374,autoimmune thrombocytopenic purpura,Leber congenital amaurosis
5375,Congenital ichthyosis-microcephalus-tetraplegia syndrome,Glioblastoma
5376,MALT lymphoma,Congenital ptosis
5377,Common variable immunodeficiency,Rheumatoid factor-positive polyarticular juvenile idiopathic arthritis
5378,PPoma,Papilloma of choroid plexus
5379,Neurotrophic keratopathy,Mendelian susceptibility to mycobacterial diseases due to partial IRF8 deficiency
5380,autoimmune thrombocytopenic purpura,Adenocarcinoma of the esophagus
5381,Pediatric hepatocellular carcinoma,Charcot-Marie-Tooth disease type 4G
5382,Neurotrophic keratopathy,Dehydrated hereditary stomatocytosis
5383,MALT lymphoma,"Primary dystonia, DYT13 type"
5384,Bernard-Soulier syndrome,Macular corneal dystrophy
5385,Respiratory bronchiolitis-interstitial lung disease syndrome,Charcot-Marie-Tooth disease type 4A
5386,microscopic polyangiitis,polymyositis
5387,Cutaneous collagenous vasculopathy,Cutaneous neuroendocrine carcinoma
5388,Bleeding disorder in hemophilia A carriers,Moderate hemophilia A
5389,Congenital muscular dystrophy-infantile cataract-hypogonadism syndrome,Follicular lymphoma
5390,Myasthenia gravis,Medulloblastoma
5391,Herpes simplex virus stromal keratitis,Classic mycosis fungoides
5392,Paris-Trousseau thrombocytopenia,Paroxysmal cold hemoglobinuria
5393,Mitochondrial myopathy with reversible cytochrome C oxidase deficiency,10q22.3q23.3 microdeletion syndrome
5394,Focal palmoplantar and gingival keratoderma,Oligocone trichromacy
5395,Primary biliary cholangitis,Alagille syndrome
5396,Carcinoid syndrome,Neuroendocrine tumor of the colon
5397,systemic lupus erythematosus,Pemphigus vulgaris
5399,Herpes simplex virus stromal keratitis,Hypothyroidism due to TSH receptor mutations
5400,Huntington disease-like 1,MALT lymphoma
5401,Follicular lymphoma,"Hereditary palmoplantar keratoderma, Gamborg-Nielsen type"
5402,Adult-onset foveomacular vitelliform dystrophy,Neuroendocrine tumor of anal canal
5403,TSH-secreting pituitary adenoma,Granular corneal dystrophy type II
5404,plasma cell myeloma,Herpes simplex virus encephalitis
5405,Trigeminal neuralgia,fragile X syndrome
5406,Gray platelet syndrome,Charcot-Marie-Tooth disease type 1F
5407,"Primary dystonia, DYT21 type",Oligocone trichromacy
5408,Primary Sjgren syndrome,follicular lymphoma
5409,Gerstmann-Straussler-Scheinker syndrome,Adult-onset foveomacular vitelliform dystrophy
5410,Acute interstitial pneumonia,Charcot-Marie-Tooth disease type 1F
5411,Neuroblastoma,Pure mitochondrial myopathy
5412,autoimmune thrombocytopenic purpura,osteogenesis imperfecta
5413,Non-distal monosomy 10q,Lethal infantile mitochondrial myopathy
5414,gastrointestinal stromal tumor,achondroplasia
5415,MALT lymphoma,Oculopharyngodistal myopathy
5416,liposarcoma,Classic mycosis fungoides
5417,Bullous pemphigoid,Sporadic Creutzfeldt-Jakob disease
5418,Full NF2-related schwannomatosis,Bronchial neuroendocrine tumor
5419,Congenital hereditary endothelial dystrophy type II,Charcot-Marie-Tooth disease type 1B
5420,Ichthyosis-prematurity syndrome,GRFoma
5421,Mendelian susceptibility to mycobacterial diseases due to partial IRF8 deficiency,Granular corneal dystrophy type I
5422,Bethlem myopathy,Follicular lymphoma
5423,MALT lymphoma,Autosomal recessive spastic paraplegia type 78
5424,graft versus host disease,follicular lymphoma
5425,Mendelian susceptibility to mycobacterial diseases due to partial IRF8 deficiency,DNAJB6-related limb-girdle muscular dystrophy D1
5426,meningioma,gastrointestinal stromal tumor
5427,Congenital stationary night blindness,Mantle cell lymphoma
5428,Pure mitochondrial myopathy,Xq27.3q28 duplication syndrome
5429,hemophilia A,follicular lymphoma
5430,Palmoplantar keratoderma-spastic paralysis syndrome,Somatomammotropinoma
5431,Hereditary hyperferritinemia-cataract syndrome,Pituitary gigantism
5432,MALT lymphoma,Thiel-Behnke corneal dystrophy
5433,Turner syndrome,systemic lupus erythematosus
5434,Anoctamin-5-related limb-girdle muscular dystrophy R12,Late-onset retinal degeneration
5435,Best vitelliform macular dystrophy,Acetazolamide-responsive myotonia
5436,Gliosarcoma,Cholangiocarcinoma
5437,Best vitelliform macular dystrophy,Reticular dysgenesis
5438,ANE syndrome,Adult-onset foveomacular vitelliform dystrophy
5439,Pure mitochondrial myopathy,16q24.3 microdeletion syndrome
5440,Cholesterol-ester transfer protein deficiency,Adult-onset foveomacular vitelliform dystrophy
5441,\xc3\x85land Islands eye disease,Mendelian susceptibility to mycobacterial diseases due to complete IL12RB1 deficiency
5442,Best vitelliform macular dystrophy,Cryptogenic organizing pneumonia
5443,\xc3\x85land Islands eye disease,Mantle cell lymphoma
5444,Alport syndrome,Autosomal dominant polycystic kidney disease
5445,Chronic graft versus host disease,Waldenstrom macroglobulinemia
5446,Pure mitochondrial myopathy,Non-functioning pituitary adenoma
5447,Rhabdoid tumor,Papilloma of choroid plexus
5448,neuroblastoma,Neuroendocrine tumor of the colon
5449,neuroblastoma,gastrointestinal stromal tumor
5450,Hereditary sensory and autonomic neuropathy type 2,Adult-onset foveomacular vitelliform dystrophy
5451,C3 glomerulonephritis,Dense deposit disease
5452,Stargardt disease,"Primary dystonia, DYT4 type"
5453,Sandhoff disease,Autosomal dominant polycystic kidney disease
5454,Monosomy 18p,Idiopathic pulmonary fibrosis
5455,Systemic polyarteritis nodosa,Idiopathic steroid-sensitive nephrotic syndrome
5456,Congenital stationary night blindness,Mutilating palmoplantar keratoderma with periorificial keratotic plaques
5457,Autosomal dominant centronuclear myopathy,Acute interstitial pneumonia
5458,Lethal infantile mitochondrial myopathy,Heparin-induced thrombocytopenia
5459,Granular corneal dystrophy type I,Autosomal dominant Charcot-Marie-Tooth disease type 2E
5460,Amyotrophic lateral sclerosis,Granulomatosis with polyangiitis
5461,Adult-onset foveomacular vitelliform dystrophy,Autosomal dominant spastic paraplegia type 13
5462,Peripheral primitive neuroectodermal tumor,Cutaneous collagenous vasculopathy
5463,Granular corneal dystrophy type II,Charcot-Marie-Tooth disease type 1F
5464,Immunoglobulin A vasculitis,Fibrous dysplasia of bone
5465,interstitial lung disease 2,Idiopathic pulmonary hemosiderosis
5466,"chronic myelogenous leukemia, BCR-ABL1 positive",Primary myelofibrosis
5467,MALT lymphoma,Macular corneal dystrophy
5468,mantle cell lymphoma,MALT lymphoma
5469,Myasthenia gravis,Burkitt lymphoma
5470,glioblastoma,fragile X syndrome
5471,Kaposi\'s sarcoma,gastrointestinal stromal tumor
5472,Stargardt disease,Charcot-Marie-Tooth disease type 4D
5473,Neonatal intrahepatic cholestasis due to citrin deficiency,Follicular lymphoma
5474,Congenital muscular dystrophy-respiratory failure-skin abnormalities-joint hyperlaxity syndrome,Adult-onset foveomacular vitelliform dystrophy
5475,Sialidosis type 1,Autosomal dominant polycystic kidney disease
5476,sarcoidosis,Ependymoma
5477,interstitial lung disease 2,Beta-thalassemia
5478,Amyotrophic lateral sclerosis,interstitial lung disease 2
5479,Herpes simplex virus stromal keratitis,Overhydrated hereditary stomatocytosis
5480,essential thrombocythemia,MALT lymphoma
5481,Immunoglobulin A vasculitis,Granulomatosis with polyangiitis
5482,autoimmune thrombocytopenic purpura,Relapsing polychondritis
5483,glioblastoma,Primary effusion lymphoma
5484,Mucous membrane pemphigoid,follicular lymphoma
5485,Lethal infantile mitochondrial myopathy,Autosomal dominant Charcot-Marie-Tooth disease type 2Y
5486,Tumor necrosis factor receptor 1 associated periodic syndrome,Systemic-onset juvenile idiopathic arthritis
5487,Paroxysmal cold hemoglobinuria,Charcot-Marie-Tooth disease type 4B2
5488,Carcinoid syndrome,Neuroendocrine neoplasm of appendix
5489,"chronic myelogenous leukemia, BCR-ABL1 positive",Osteosarcoma
5490,Lethal infantile mitochondrial myopathy,Idiopathic pulmonary fibrosis
5491,Mitochondrial myopathy with reversible cytochrome C oxidase deficiency,Ichthyosis-prematurity syndrome
5492,Neurotrophic keratopathy,Autosomal dominant Charcot-Marie-Tooth disease type 2E
5493,Adult-onset multiple mitochondrial DNA deletion syndrome due to DGUOK deficiency,Cryptogenic organizing pneumonia
5494,Idiopathic pulmonary hemosiderosis,Chronic visceral acid sphingomyelinase deficiency
5495,Idiopathic/heritable pulmonary arterial hypertension,Chronic thromboembolic pulmonary hypertension
5496,Primary Sjgren syndrome,Myasthenia gravis
5497,MALT lymphoma,Spinocerebellar ataxia type 23
5498,Bernard-Soulier syndrome,Glucagonoma
5499,Evans syndrome,Pure mitochondrial myopathy
5500,Retinitis punctata albescens,"Primary dystonia, DYT4 type"
5501,Mitochondrial myopathy with reversible cytochrome C oxidase deficiency,Autosomal dominant Charcot-Marie-Tooth disease type 2K
5502,GRFoma,Adult-onset foveomacular vitelliform dystrophy
5503,Autosomal recessive spastic paraplegia type 54,Adult-onset foveomacular vitelliform dystrophy
5504,"chronic myelogenous leukemia, BCR-ABL1 positive",Gorlin syndrome
5505,Pure mitochondrial myopathy,Infant acute respiratory distress syndrome
5506,Long chain 3-hydroxyacyl-CoA dehydrogenase deficiency,Carnitine-acylcarnitine translocase deficiency
5507,dermatomyositis,Cystic fibrosis
5508,neuroblastoma,Kaposi\'s sarcoma
5509,MALT lymphoma,PPoma
5510,Pseudomyxoma peritonei,Cystic fibrosis
5511,Roussy-L\xc3\xa9vy syndrome,MALT lymphoma
5512,Evans syndrome,DNAJB6-related limb-girdle muscular dystrophy D1
5513,Burkitt lymphoma,"Autoimmune hemolytic anemia, warm type"
5514,Autosomal dominant centronuclear myopathy,Granulomatous slack skin
5515,paroxysmal nocturnal hemoglobinuria,acquired polycythemia vera
5516,Megalencephaly-capillary malformation-polymicrogyria syndrome,Hemimegalencephaly
5517,Uveal melanoma,Adrenocortical carcinoma
5518,Refractory anemia,Adult-onset foveomacular vitelliform dystrophy
5519,Idiopathic acute eosinophilic pneumonia,"Primary dystonia, DYT13 type"
5520,Pure mitochondrial myopathy,Distal monosomy 19p13.3
5521,Rheumatoid factor-positive polyarticular juvenile idiopathic arthritis,Oligoarticular juvenile idiopathic arthritis
5522,Lethal infantile mitochondrial myopathy,Granular corneal dystrophy type I
5523,Congenitally corrected transposition of the great arteries,Idiopathic pulmonary arterial hypertension
5524,interstitial lung disease 2,Hermansky-Pudlak syndrome
5525,Pure mitochondrial myopathy,GRFoma
5526,Congenital hereditary endothelial dystrophy type II,Charcot-Marie-Tooth disease type 4B2
5527,DNA2-related mitochondrial DNA deletion syndrome,Granular corneal dystrophy type II
5528,Gliosarcoma,Giant cell glioblastoma
5529,Bardet-Biedl syndrome,Obesity due to congenital leptin deficiency
5530,Bothnia retinal dystrophy,Charcot-Marie-Tooth disease type 1F
5531,Dedifferentiated liposarcoma,Bronchial neuroendocrine tumor
5532,Hemangioblastoma,Solitary fibrous tumor
5533,Best vitelliform macular dystrophy,Combined oxidative phosphorylation defect type 13
5534,Dysequilibrium syndrome,Adult-onset foveomacular vitelliform dystrophy
5535,interstitial lung disease 2,Pemphigus vulgaris
5536,Bullous pemphigoid,Autoimmune hepatitis
5537,Mitochondrial myopathy with reversible cytochrome C oxidase deficiency,Tibial hemimelia
5538,Non-epidermolytic palmoplantar keratoderma,Retinitis punctata albescens
5539,Autoimmune pulmonary alveolar proteinosis,Adult-onset foveomacular vitelliform dystrophy
5540,Neurotrophic keratopathy,"Primary dystonia, DYT2 type"
5541,gastrointestinal stromal tumor,Gorlin syndrome
5542,glioblastoma,Bronchial neuroendocrine tumor
5543,paroxysmal nocturnal hemoglobinuria,Myasthenia gravis
5544,Refractory anemia,Myelodysplastic syndrome associated with isolated del(5q) chromosome abnormality
5545,Opsoclonus-myoclonus syndrome,Szary syndrome
5546,allergic bronchopulmonary aspergillosis,Amyotrophic lateral sclerosis
5547,Acquired idiopathic sideroblastic anemia,Refractory anemia with excess blasts type 1
5548,Primary sclerosing cholangitis,graft versus host disease
5549,Chronic pneumonitis of infancy,Lymphoid interstitial pneumonia
5550,Granulomatosis with polyangiitis,polymyositis
5551,Lethal infantile mitochondrial myopathy,Vernal keratoconjunctivitis
5552,systemic lupus erythematosus,Enthesitis-related juvenile idiopathic arthritis
5553,follicular lymphoma,Autoimmune hepatitis
5554,Friedreich ataxia,Huntington disease
5555,MERRF,MELAS
5556,Mucous membrane pemphigoid,Pemphigus vulgaris
5557,Lethal infantile mitochondrial myopathy,Refractory anemia
5558,Ebola hemorrhagic fever,gastrointestinal stromal tumor
5559,autoimmune thrombocytopenic purpura,Duchenne muscular dystrophy
5560,TRIM32-related limb-girdle muscular dystrophy R8,Adult-onset foveomacular vitelliform dystrophy
5561,Gaucher disease,metachromatic leukodystrophy
5562,Idiopathic uveal effusion syndrome,Immune-mediated necrotizing myopathy
5563,MALT lymphoma,"Late-onset distal myopathy, Markesbery-Griggs type"
5564,Familial drusen,"Hereditary palmoplantar keratoderma, Gamborg-Nielsen type"
5565,neuroblastoma,Myasthenia gravis
5566,Uveal melanoma,Thymic neuroendocrine tumor
5567,Duchenne muscular dystrophy,Proximal spinal muscular atrophy type 4
5568,Best vitelliform macular dystrophy,Pauci-immune glomerulonephritis
5569,Follicular lymphoma,Oligocone trichromacy
5570,liposarcoma,Thymic carcinoma
5571,Autoimmune hepatitis,Polyarteritis nodosa
5572,Autosomal dominant Charcot-Marie-Tooth disease type 2Y,Granulomatous slack skin
5573,microscopic polyangiitis,Opsoclonus-myoclonus syndrome
5574,graft versus host disease,Bronchial neuroendocrine tumor
5575,Best vitelliform macular dystrophy,Oromandibular dystonia
5576,MALT lymphoma,Autoimmune hepatitis
5577,Chronic inflammatory demyelinating polyneuropathy,Idiopathic panuveitis
5578,Epidermolysis bullosa simplex with circinate migratory erythema,Adult-onset foveomacular vitelliform dystrophy
5579,DNA2-related mitochondrial DNA deletion syndrome,Macular corneal dystrophy
5580,Dystonia-aphonia syndrome,Gray platelet syndrome
5581,Herpes simplex virus stromal keratitis,Cranio-cervical dystonia with laryngeal and upper-limb involvement
5582,meningioma,follicular lymphoma
5583,Lethal infantile mitochondrial myopathy,2p15p16.1 microdeletion syndrome
5584,Bernard-Soulier syndrome,Granulomatous slack skin
5585,microscopic polyangiitis,Gaucher disease
5586,follicular lymphoma,Immune-mediated thrombotic thrombocytopenic purpura
5587,Pure mitochondrial myopathy,KRT1-related diffuse nonepidermolytic keratoderma
5588,Leigh syndrome,Friedreich ataxia
5589,Asbestos intoxication,Charcot-Marie-Tooth disease type 1B
5590,glioblastoma,glycogen storage disease II
5591,Oligocone trichromacy,Charcot-Marie-Tooth disease type 4C
5592,Non-distal monosomy 10q,Mitochondrial myopathy with reversible cytochrome C oxidase deficiency
5593,Acute interstitial pneumonia,Fuchs endothelial corneal dystrophy
5594,Familial drusen,Autosomal dominant Charcot-Marie-Tooth disease type 2K
5595,Spinocerebellar ataxia type 32,Adult-onset foveomacular vitelliform dystrophy
5596,"Primary dystonia, DYT17 type",Granular corneal dystrophy type I
5597,Neonatal intrahepatic cholestasis due to citrin deficiency,Best vitelliform macular dystrophy
5598,Anoctamin-5-related limb-girdle muscular dystrophy R12,Granulomatous slack skin
5599,Neurofibromatosis type 1,Anaplastic thyroid carcinoma
5600,Chronic beryllium disease,Familial drusen
5601,Complex regional pain syndrome,childhood absence epilepsy
5602,essential thrombocythemia,Myasthenia gravis
5603,Psoriasis-related juvenile idiopathic arthritis,Familial adenomatous polyposis
5604,VIPoma,Adult-onset foveomacular vitelliform dystrophy
5605,Pituicytoma,Pure mitochondrial myopathy
5606,Mitochondrial myopathy with reversible cytochrome C oxidase deficiency,Elastosis perforans serpiginosa
5607,glioblastoma,Primary peritoneal carcinoma
5608,Cranio-cervical dystonia with laryngeal and upper-limb involvement,Lattice corneal dystrophy type I
5609,tuberous sclerosis,Neurofibromatosis type 1
5610,TRAPPC11-related limb-girdle muscular dystrophy R18,Lattice corneal dystrophy type I
5611,sarcoidosis,Primary biliary cholangitis
5612,Desmoplastic small round cell tumor,Cutaneous neuroendocrine carcinoma
5613,Severe hemophilia A,Mild hemophilia B
5614,Pure mitochondrial myopathy,NMDA receptor encephalitis
5615,Opsoclonus-myoclonus syndrome,polymyositis
5616,Mitochondrial myopathy with reversible cytochrome C oxidase deficiency,Acquired purpura fulminans
5617,\xc3\x85land Islands eye disease,Pituicytoma
5618,Distal myopathy with posterior leg and anterior hand involvement,MALT lymphoma
5619,"Hereditary motor and sensory neuropathy, Okinawa type",Pituitary gigantism
5620,X-linked endothelial corneal dystrophy,"Primary dystonia, DYT2 type"
5621,Herpes simplex virus stromal keratitis,Charcot-Marie-Tooth disease type 4D
5622,Ileal neuroendocrine tumor,Acromegaly
5623,Medium chain acyl-CoA dehydrogenase deficiency,Somatomammotropinoma
5624,Vernal keratoconjunctivitis,MALT lymphoma
5625,Primary effusion lymphoma,Genetic steroid-resistant nephrotic syndrome
5626,Rhabdoid tumor,Medullary thyroid carcinoma
5627,Polyneuropathy associated with IgM monoclonal gammopathy with anti-MAG,Immunoglobulin A vasculitis
5628,Medullary thyroid carcinoma,Adrenocortical carcinoma
5629,Rhabdoid tumor,Medulloblastoma
5630,plasma cell myeloma,Megalencephaly-capillary malformation-polymicrogyria syndrome
5631,Polyembryoma,Mitochondrial myopathy with reversible cytochrome C oxidase deficiency
5632,TRAPPC11-related limb-girdle muscular dystrophy R18,Drug-induced autoimmune hemolytic anemia
5633,essential thrombocythemia,gastrointestinal stromal tumor
5634,Gaucher disease,Autoimmune hepatitis
5635,interstitial cystitis,Autoimmune hepatitis
5636,DNA2-related mitochondrial DNA deletion syndrome,Acute interstitial pneumonia
5637,Sporadic pheochromocytoma/secreting paraganglioma,Medullary thyroid carcinoma
5638,Rheumatoid factor-positive polyarticular juvenile idiopathic arthritis,Idiopathic uveal effusion syndrome
5639,Cryptogenic organizing pneumonia,Familial drusen
5640,neuroblastoma,Waldenstrom macroglobulinemia
5641,Acral self-healing collodion baby,Pituitary gigantism
5642,Pure mitochondrial myopathy,Elastoderma
5643,Vogt-Koyanagi-Harada disease,Oligoarticular juvenile idiopathic arthritis
5644,Mutilating palmoplantar keratoderma with periorificial keratotic plaques,Bothnia retinal dystrophy
5645,Osteogenesis imperfecta type 4,Osteogenesis imperfecta type 1
5646,Pituitary gigantism,Charcot-Marie-Tooth disease type 4C
5647,PPoma,Somatostatinoma
5648,Lethal infantile mitochondrial myopathy,1q44 microdeletion syndrome
5649,Primary sclerosing cholangitis,Autoimmune hepatitis
5650,Spinocerebellar ataxia type 41,Adult-onset foveomacular vitelliform dystrophy
5651,intermediate uveitis,Myxoid/round cell liposarcoma
5652,Amyotrophic lateral sclerosis,Chronic graft versus host disease
5653,Autosomal dominant Charcot-Marie-Tooth disease type 2Z,Somatostatinoma
5654,Duchenne muscular dystrophy,intermediate uveitis
5655,Ileal neuroendocrine tumor,Carcinoid syndrome
5656,Ependymoma,Gray platelet syndrome
5657,Malignant peritoneal mesothelioma,Papilloma of choroid plexus
5658,Desmoplastic small round cell tumor,Well-differentiated liposarcoma
5659,Genetic steroid-resistant nephrotic syndrome,Immune-mediated thrombotic thrombocytopenic purpura
5660,Tay-Sachs disease,follicular lymphoma
5661,Autosomal dominant Charcot-Marie-Tooth disease type 2Y,Mutilating palmoplantar keratoderma with periorificial keratotic plaques
5662,Uveal melanoma,follicular lymphoma
5663,Neuroendocrine tumor of anal canal,Neuroendocrine tumor of the colon
5664,Mitochondrial myopathy with reversible cytochrome C oxidase deficiency,Keratosis palmaris et plantaris-clinodactyly syndrome
5665,Primary myelofibrosis,Cystic fibrosis
5666,Somatomammotropinoma,Oligocone trichromacy
5667,Bullous pemphigoid,Cystic fibrosis
5668,Thymoma type B,Szary syndrome
5669,Severe early-childhood-onset retinal dystrophy,KRT1-related diffuse nonepidermolytic keratoderma
5670,Best vitelliform macular dystrophy,Autosomal dominant Charcot-Marie-Tooth disease type 2Z
5671,Myasthenia gravis,Multifocal motor neuropathy
5672,Cholangiocarcinoma,AL amyloidosis
5673,Insulinoma,Charcot-Marie-Tooth disease type 1A
5674,Undifferentiated pleomorphic sarcoma,Burkitt lymphoma
5675,Best vitelliform macular dystrophy,Congenital bile acid synthesis defect type 1
5676,Heritable pulmonary arterial hypertension,Idiopathic pulmonary arterial hypertension
5677,Dravet syndrome,Non-specific early-onset epileptic encephalopathy
5678,Somatomammotropinoma,Autosomal dominant Charcot-Marie-Tooth disease type 2W
5679,TRAPPC11-related limb-girdle muscular dystrophy R18,Adult acute respiratory distress syndrome
5680,Adult-onset multiple mitochondrial DNA deletion syndrome due to DGUOK deficiency,Insulinoma
5681,Neurotrophic keratopathy,Distal myopathy with posterior leg and anterior hand involvement
5682,\xc3\x85land Islands eye disease,Follicular lymphoma
5683,TSH-secreting pituitary adenoma,Lattice corneal dystrophy type I
5684,interstitial lung disease 2,Leber congenital amaurosis
5685,Osteogenesis imperfecta type 1,plasma cell myeloma
5686,Behet disease,Giant cell arteritis
5687,Chronic graft versus host disease,Refractory anemia with excess blasts
5688,microscopic polyangiitis,Tay-Sachs disease
5689,glioblastoma,Rhabdoid tumor
5690,Primary biliary cholangitis,Progressive familial intrahepatic cholestasis
5691,Tufted angioma,graft versus host disease
5692,Primary effusion lymphoma,Adult-onset foveomacular vitelliform dystrophy
5693,Hermansky-Pudlak syndrome,Giant cell arteritis
5694,graft versus host disease,Polyarteritis nodosa
5695,Catastrophic antiphospholipid syndrome,Immune-mediated thrombotic thrombocytopenic purpura
5696,Selective IgM deficiency,MALT lymphoma
5697,Classic Hodgkin lymphoma,Pediatric hepatocellular carcinoma
5698,Immune thrombocytopenia,Charcot-Marie-Tooth disease type 4C
5699,Infant acute respiratory distress syndrome,Granular corneal dystrophy type I
5700,3-methylglutaconic aciduria type 4,Mantle cell lymphoma
5701,Enamel-renal syndrome,Bartter syndrome
5702,Juvenile dermatomyositis,Giant cell arteritis
5703,Oligocone trichromacy,Glucagonoma
5704,tuberous sclerosis,Huntington disease
5705,Drug-induced autoimmune hemolytic anemia,Opsoclonus-myoclonus syndrome
5706,Oligocone trichromacy,"Primary dystonia, DYT6 type"
5707,interstitial cystitis,mantle cell lymphoma
5708,microscopic polyangiitis,Chronic inflammatory demyelinating polyneuropathy
5709,Gray platelet syndrome,Reticular dysgenesis
5710,X-linked endothelial corneal dystrophy,Huriez syndrome
5711,Autosomal dominant Charcot-Marie-Tooth disease type 2Z,PPoma
5712,Infant acute respiratory distress syndrome,Fuchs endothelial corneal dystrophy
5713,TRAPPC11-related limb-girdle muscular dystrophy R18,Acquired purpura fulminans
5714,Epidermolytic palmoplantar keratoderma,Mantle cell lymphoma
5715,Monosomy 18p,Mutilating palmoplantar keratoderma with periorificial keratotic plaques
5716,Chronic inflammatory demyelinating polyneuropathy,Multifocal motor neuropathy
5717,Dystrophic epidermolysis bullosa pruriginosa,Intermediate generalized junctional epidermolysis bullosa
5718,Familial adenomatous polyposis,Idiopathic panuveitis
5719,Uveal melanoma,Nephroblastoma
5720,Functioning gonadotropic adenoma,Thiel-Behnke corneal dystrophy
5721,Dystonia-aphonia syndrome,Oligocone trichromacy
5722,Dystrophic epidermolysis bullosa pruriginosa,"Autosomal recessive generalized dystrophic epidermolysis bullosa, severe form"
5723,Autosomal dominant Charcot-Marie-Tooth disease type 2Z,Functioning gonadotropic adenoma
5724,Ileal neuroendocrine tumor,Neuroendocrine tumor of anal canal
5725,Crigler-Najjar syndrome type 2,Argininosuccinic aciduria
5726,Benign familial neonatal-infantile seizures,Non-specific early-onset epileptic encephalopathy
5727,Insulinoma,Charcot-Marie-Tooth disease type 1B
5728,Ependymoma,Rhabdoid tumor
5729,Pure mitochondrial myopathy,Adult-onset foveomacular vitelliform dystrophy
5730,Catastrophic antiphospholipid syndrome,"Autoimmune hemolytic anemia, warm type"
5731,Primary myelofibrosis,Adenocarcinoma of the esophagus
5732,Classic glucose transporter type 1 deficiency syndrome,Huntington disease
5733,Immune thrombocytopenia,Congenital ichthyosis-microcephalus-tetraplegia syndrome
5734,Proximal spinal muscular atrophy type 4,Proximal spinal muscular atrophy type 1
5735,Leber hereditary optic neuropathy,plasma cell myeloma
5736,"chronic myelogenous leukemia, BCR-ABL1 positive",Chronic graft versus host disease
5737,Autosomal dominant Charcot-Marie-Tooth disease type 2Y,VIPoma
5738,systemic lupus erythematosus,Mixed-type autoimmune hemolytic anemia
5739,Pure mitochondrial myopathy,VIPoma
5740,Uveal melanoma,Medulloblastoma
5741,Neutrophil immunodeficiency syndrome,Adult-onset foveomacular vitelliform dystrophy
5742,Neuroendocrine tumor of the rectum,Thymic neuroendocrine tumor
5743,Somatomammotropinoma,Charcot-Marie-Tooth disease type 4D
5744,Autosomal dominant centronuclear myopathy,PPoma
5745,intermediate uveitis,Primary biliary cholangitis
5746,Osteosarcoma,Nephroblastoma
5747,Waldenstrom macroglobulinemia,Nodular lymphocyte predominant Hodgkin lymphoma
5748,Tubular aggregate myopathy,Best vitelliform macular dystrophy
5749,Neurotrophic keratopathy,Myotonia permanens
5750,Pituicytoma,Congenital ichthyosis-microcephalus-tetraplegia syndrome
5751,Epidermolytic palmoplantar keratoderma,Somatomammotropinoma
5752,Mitochondrial myopathy with reversible cytochrome C oxidase deficiency,"Autoimmune hemolytic anemia, warm type"
5753,"Primary dystonia, DYT17 type",Thiel-Behnke corneal dystrophy
5754,Classic mycosis fungoides,"Classic Hodgkin lymphoma, nodular sclerosis type"
5755,Myasthenia gravis,graft versus host disease
5756,Myelodysplastic syndrome associated with isolated del(5q) chromosome abnormality,Adult-onset foveomacular vitelliform dystrophy
5757,liposarcoma,Castleman disease
5758,Male infertility with teratozoospermia due to single gene mutation,Gray platelet syndrome
5759,thymoma,gastrointestinal stromal tumor
5760,Progressive non-fluent aphasia,Behavioral variant of frontotemporal dementia
5761,Autosomal recessive spastic paraplegia type 74,MALT lymphoma
5762,Proximal spinal muscular atrophy,Proximal spinal muscular atrophy type 2
5763,Adult-onset distal myopathy due to VCP mutation,Pituitary gigantism
5764,Adult-onset multiple mitochondrial DNA deletion syndrome due to DGUOK deficiency,VIPoma
5765,Primary effusion lymphoma,Immune-mediated thrombotic thrombocytopenic purpura
5766,Squamous cell carcinoma of the esophagus,Klatskin tumor
5767,PPoma,Thiel-Behnke corneal dystrophy
5768,Adult-onset foveomacular vitelliform dystrophy,Spinocerebellar ataxia type 20
5769,Somatostatinoma,Granular corneal dystrophy type II
5770,Short chain acyl-CoA dehydrogenase deficiency,Mantle cell lymphoma
5771,Best vitelliform macular dystrophy,Short chain acyl-CoA dehydrogenase deficiency
5772,Herpes simplex virus stromal keratitis,Transgrediens et progrediens palmoplantar keratoderma
5774,"Primary dystonia, DYT2 type",Thiel-Behnke corneal dystrophy
5775,Foveal hypoplasia-presenile cataract syndrome,Mutilating palmoplantar keratoderma with periorificial keratotic plaques
5776,Hereditary hyperferritinemia-cataract syndrome,Gray platelet syndrome
5777,Amyotrophic lateral sclerosis,Burning mouth syndrome
5778,sarcoidosis,Osteosarcoma
5779,TSH-secreting pituitary adenoma,Autosomal dominant Charcot-Marie-Tooth disease type 2A2
5780,MALT lymphoma,Myotonia fluctuans
5781,Obesity due to melanocortin 4 receptor deficiency,Obesity due to leptin receptor gene deficiency
5782,Adenocarcinoma of the esophagus,Squamous cell carcinoma of the esophagus
5783,Pleural mesothelioma,Malignant peritoneal mesothelioma
5784,Adult-onset multiple mitochondrial DNA deletion syndrome due to DGUOK deficiency,Congenital hereditary endothelial dystrophy type II
5785,intermediate uveitis,Rheumatoid factor-negative polyarticular juvenile idiopathic arthritis
5786,Late-onset isolated ACTH deficiency,Adult-onset foveomacular vitelliform dystrophy
5787,Proximal spinal muscular atrophy type 3,Proximal spinal muscular atrophy type 1
5788,"Primary dystonia, DYT27 type",Follicular lymphoma
5789,Proteus syndrome,Megalencephaly-capillary malformation-polymicrogyria syndrome
5790,Lymphoid interstitial pneumonia,Granular corneal dystrophy type I
5791,"Autosomal recessive generalized dystrophic epidermolysis bullosa, intermediate form",Refractory anemia with excess blasts type 1
5792,Neuroendocrine tumor of stomach,Medullary thyroid carcinoma
5793,interstitial lung disease 2,Carcinoid syndrome
5794,Somatomammotropinoma,"Hereditary motor and sensory neuropathy, Okinawa type"
5795,glioblastoma,systemic lupus erythematosus
5797,Immune thrombocytopenia,Mitochondrial myopathy with reversible cytochrome C oxidase deficiency
5798,Pure mitochondrial myopathy,Waldenstr\xc3\xb6m macroglobulinemia
5799,meningioma,thymoma
5800,Congenital hereditary endothelial dystrophy type II,"Primary dystonia, DYT21 type"
5801,Dedifferentiated liposarcoma,Well-differentiated liposarcoma
5802,Lymphoid interstitial pneumonia,Granular corneal dystrophy type II
5803,Distal trisomy 18q,Lethal infantile mitochondrial myopathy
5804,T-B+ severe combined immunodeficiency due to gamma chain deficiency,TRAPPC11-related limb-girdle muscular dystrophy R18
5805,dermatomyositis,MALT lymphoma
5806,Pure mitochondrial myopathy,Tibial hemimelia
5807,Mantle cell lymphoma,Retinitis punctata albescens
5808,Pouchitis,Myasthenia gravis
5809,Best vitelliform macular dystrophy,Pituitary deficiency due to Rathke cleft cysts
5810,Waldenstrom macroglobulinemia,MALT lymphoma
5811,Ebola hemorrhagic fever,Cystic fibrosis
5812,Primary myelofibrosis,Primary peritoneal carcinoma
5813,Autosomal dominant limb-girdle muscular dystrophy type 1A,MALT lymphoma
5814,Congenital ichthyosis-microcephalus-tetraplegia syndrome,Chronic pneumonitis of infancy
5815,Liposarcoma,Adult-onset foveomacular vitelliform dystrophy
5816,Combined oxidative phosphorylation defect type 13,Cryptogenic organizing pneumonia
5817,systemic sclerosis,Subcutaneous panniculitis-like T-cell lymphoma
5818,Adult-onset multiple mitochondrial DNA deletion syndrome due to DGUOK deficiency,Cold agglutinin disease
5819,Osteosarcoma,Chronic graft versus host disease
5820,Thymoma type B,Cutaneous neuroendocrine carcinoma
5821,Systemic polyarteritis nodosa,Mucous membrane pemphigoid
5822,Mitochondrial DNA-related progressive external ophthalmoplegia,Mitochondrial DNA-associated Leigh syndrome
5823,Duchenne muscular dystrophy,microscopic polyangiitis
5824,GM1 gangliosidosis,follicular lymphoma
5825,Pure mitochondrial myopathy,Autosomal dominant Charcot-Marie-Tooth disease type 2E
5826,glioblastoma,Idiopathic/heritable pulmonary arterial hypertension
5827,Primary sclerosing cholangitis,Neutral lipid storage myopathy
5828,Herpes simplex virus stromal keratitis,Syndromic recessive X-linked ichthyosis
5829,Neurotrophic keratopathy,Somatomammotropinoma
5830,Cranio-cervical dystonia with laryngeal and upper-limb involvement,Retinitis punctata albescens
5831,Spinal cord injury,Spinocerebellar ataxia type 2
5832,Somatostatinoma,Neuroendocrine tumor of anal canal
5833,plasma cell myeloma,Adrenocortical carcinoma
5834,Vitamin B12-responsive methylmalonic acidemia,Becker muscular dystrophy
5835,Severe early-childhood-onset retinal dystrophy,PPoma
5836,Keratoderma hereditarium mutilans with ichthyosis,Adult-onset foveomacular vitelliform dystrophy
5837,Waldenstrom macroglobulinemia,"Classic Hodgkin lymphoma, lymphocyte-depleted type"
5838,Primary effusion lymphoma,Opsoclonus-myoclonus syndrome
5839,X-linked sideroblastic anemia,Diamond-Blackfan anemia
5840,Immune thrombocytopenia,Ichthyosis-prematurity syndrome
5841,Kaposi\'s sarcoma,Rhabdoid tumor
5842,Thymic carcinoma,Classic neuroendocrine tumor of appendix
5843,Osteosarcoma,Solitary fibrous tumor
5844,Autosomal dominant Charcot-Marie-Tooth disease type 2W,VIPoma
5845,tuberous sclerosis,Myxoid/round cell liposarcoma
5846,Spinocerebellar ataxia type 43,Adult-onset foveomacular vitelliform dystrophy
5847,Autosomal recessive spastic paraplegia type 55,Adult-onset foveomacular vitelliform dystrophy
5848,Neurotrophic keratopathy,Mendelian susceptibility to mycobacterial diseases due to complete IL12RB1 deficiency
5849,Opsoclonus-myoclonus syndrome,Nephroblastoma
5850,Familial Mediterranean fever,Oligoarticular juvenile idiopathic arthritis
5851,Distal anoctaminopathy,Mantle cell lymphoma
5852,Subacute cutaneous lupus erythematosus,Lupus erythematosus tumidus
5853,Drug-induced autoimmune hemolytic anemia,Granulomatosis with polyangiitis
5854,Autosomal dominant Charcot-Marie-Tooth disease type 2Y,Pediatric hepatocellular carcinoma
5855,Congenital stationary night blindness,PPoma
5856,thymoma,systemic lupus erythematosus
5857,Male infertility with teratozoospermia due to single gene mutation,Lattice corneal dystrophy type I
5858,Autosomal dominant centronuclear myopathy,Mitochondrial myopathy with reversible cytochrome C oxidase deficiency
5859,osteogenesis imperfecta,aspergillosis
5860,Acute graft versus host disease,graft versus host disease
5861,Neuroendocrine tumor of stomach,Isolated polycystic liver disease
5862,Lethal infantile mitochondrial myopathy,Burkitt lymphoma
5863,\xc3\x85land Islands eye disease,DNA2-related mitochondrial DNA deletion syndrome
5865,glioblastoma,Gorlin syndrome
5867,MALT lymphoma,Thymic aplasia
5868,Burkitt lymphoma,Nodular lymphocyte predominant Hodgkin lymphoma
5869,Acute erythroid leukemia,Adult-onset foveomacular vitelliform dystrophy
5870,Lethal infantile mitochondrial myopathy,Familial drusen
5871,Long chain 3-hydroxyacyl-CoA dehydrogenase deficiency,Carnitine palmitoyltransferase II deficiency
5872,Gray platelet syndrome,Adult-onset foveomacular vitelliform dystrophy
5873,Primary effusion lymphoma,Primary biliary cholangitis
5874,Best vitelliform macular dystrophy,Familial pseudohyperkalemia
5875,Best vitelliform macular dystrophy,Cobblestone lissencephaly without muscular or ocular involvement
5876,Bothnia retinal dystrophy,"Primary dystonia, DYT13 type"
5877,Immunoglobulin A vasculitis,Polyarteritis nodosa
5878,intermediate uveitis,Castleman disease
5879,Palmoplantar keratoderma-spastic paralysis syndrome,Oligocone trichromacy
5880,biliary atresia,Alagille syndrome
5881,gastrointestinal stromal tumor,eosinophilic granulomatosis with polyangiitis
5882,Lethal infantile mitochondrial myopathy,Fuchs endothelial corneal dystrophy
5883,Thymic carcinoma,Neuroendocrine tumor of the rectum
5884,Classic mycosis fungoides,Autosomal dominant Charcot-Marie-Tooth disease type 2F
5885,Sporadic pheochromocytoma/secreting paraganglioma,Atypical teratoid rhabdoid tumor
5886,Drug-induced autoimmune hemolytic anemia,Mucous membrane pemphigoid
5887,"Adult-onset cervical dystonia, DYT23 type",Adult-onset foveomacular vitelliform dystrophy
5888,Idiopathic steroid-sensitive nephrotic syndrome,systemic lupus erythematosus
5889,Best vitelliform macular dystrophy,Localized epidermolysis bullosa simplex
5890,dermatomyositis,Diffuse cutaneous systemic sclerosis
5891,Tufted angioma,Autosomal dominant polycystic kidney disease
5892,"Autosomal dominant focal dystonia, DYT25 type",Best vitelliform macular dystrophy
5893,Gray platelet syndrome,Infant acute respiratory distress syndrome
5894,"Autosomal dominant focal dystonia, DYT25 type",Severe early-childhood-onset retinal dystrophy
5895,Mutilating palmoplantar keratoderma with periorificial keratotic plaques,Autosomal dominant Charcot-Marie-Tooth disease type 2K
5896,Bardet-Biedl syndrome,Prader-Willi syndrome due to imprinting mutation
5897,Obesity due to pro-opiomelanocortin deficiency,Obesity due to melanocortin 4 receptor deficiency
5898,Ependymoma,Pleural mesothelioma
5899,MELAS,Kearns-Sayre syndrome
5900,"Hereditary palmoplantar keratoderma, Gamborg-Nielsen type",Granular corneal dystrophy type I
5901,Pure mitochondrial myopathy,Male infertility with azoospermia or oligozoospermia due to single gene mutation
5902,Waldenstrom macroglobulinemia,Acute myelomonocytic leukemia
5903,Adult acute respiratory distress syndrome,AL amyloidosis
5904,Best vitelliform macular dystrophy,Paroxysmal cold hemoglobinuria
5905,Amyotrophic lateral sclerosis,Frontotemporal dementia with motor neuron disease
5906,Beta-thalassemia intermedia,Heritable pulmonary arterial hypertension
5907,Relapsing polychondritis,Rheumatoid factor-negative polyarticular juvenile idiopathic arthritis
5908,Classic Hodgkin lymphoma,Medulloblastoma
5909,Well-differentiated liposarcoma,Thymic neuroendocrine tumor
5910,Ependymoma,Szary syndrome
5911,Primary Sjgren syndrome,hemophilia A
5912,Desmoid tumor,Medullary thyroid carcinoma
5913,Diffuse cutaneous systemic sclerosis,Fetal cytomegalovirus syndrome
5914,Lethal infantile mitochondrial myopathy,Microcornea-glaucoma-absent frontal sinuses syndrome
5915,systemic sclerosis,Eisenmenger syndrome
5917,Focal palmoplantar and gingival keratoderma,X-linked endothelial corneal dystrophy
5918,Facioscapulohumeral dystrophy,Somatomammotropinoma
5919,Somatomammotropinoma,"Primary dystonia, DYT21 type"
5920,Vogt-Koyanagi-Harada disease,Schnitzler syndrome
5921,Lethal infantile mitochondrial myopathy,Idiopathic hypereosinophilic syndrome
5922,Diamond-Blackfan anemia,Dietary iron overload disease
5923,Drug-induced autoimmune hemolytic anemia,Primary effusion lymphoma
5924,systemic lupus erythematosus,Genetic steroid-resistant nephrotic syndrome
5925,Idiopathic panuveitis,Anal fistula
5926,"chronic myelogenous leukemia, BCR-ABL1 positive",Huntington disease
5927,interstitial lung disease 2,Adult acute respiratory distress syndrome
5928,Gliosarcoma,Hereditary breast and/or ovarian cancer syndrome
5929,Cold agglutinin disease,Charcot-Marie-Tooth disease type 4C
5930,TRAPPC11-related limb-girdle muscular dystrophy R18,Mutilating palmoplantar keratoderma with periorificial keratotic plaques
5931,Thiel-Behnke corneal dystrophy,Charcot-Marie-Tooth disease type 4D
5932,hemophilia A,Cystic fibrosis
5933,Niemann-Pick disease type C,glycogen storage disease II
5934,Zollinger-Ellison syndrome,Autosomal dominant Charcot-Marie-Tooth disease type 2F
5935,Distal monosomy 10p,Mitochondrial myopathy with reversible cytochrome C oxidase deficiency
5936,Very long chain acyl-CoA dehydrogenase deficiency,Huntington disease
5937,Ebola hemorrhagic fever,graft versus host disease
5938,KRT1-related diffuse nonepidermolytic keratoderma,DNAJB6-related limb-girdle muscular dystrophy D1
5939,intermediate uveitis,systemic lupus erythematosus
5940,Ichthyosis-prematurity syndrome,VIPoma
5941,Classic mycosis fungoides,Uveal melanoma
5942,Thomsen and Becker disease,MALT lymphoma
5943,Respiratory bronchiolitis-interstitial lung disease syndrome,DNAJB6-related limb-girdle muscular dystrophy D1
5944,Gliosarcoma,Medulloblastoma
5945,Mitochondrial myopathy with reversible cytochrome C oxidase deficiency,"Primary dystonia, DYT17 type"
5946,systemic sclerosis,Tay-Sachs disease
5947,Somatomammotropinoma,Idiopathic acute eosinophilic pneumonia
5948,Pineoblastoma,Aggressive systemic mastocytosis
5949,Amyotrophic lateral sclerosis,Waldenstrom macroglobulinemia
5950,Osteogenesis imperfecta type 4,Osteogenesis imperfecta type 3
5951,Severe early-childhood-onset retinal dystrophy,Paroxysmal cold hemoglobinuria
5952,plasma cell myeloma,AL amyloidosis
5953,X-linked endothelial corneal dystrophy,Autosomal dominant Charcot-Marie-Tooth disease type 2K
5954,"Primary dystonia, DYT17 type",Late-onset retinal degeneration
5955,Somatomammotropinoma,Mal de Meleda
5956,Sporadic Creutzfeldt-Jakob disease,MALT lymphoma
5957,Paroxysmal cold hemoglobinuria,Pituitary gigantism
5958,Best vitelliform macular dystrophy,Idiopathic acute eosinophilic pneumonia
5959,Autosomal dominant centronuclear myopathy,Somatomammotropinoma
5960,Drug-induced autoimmune hemolytic anemia,Adult-onset myasthenia gravis
5961,Retinitis punctata albescens,TSH-secreting pituitary adenoma
5962,intermediate uveitis,Myasthenia gravis
5963,dermatomyositis,systemic lupus erythematosus
5964,essential thrombocythemia,Cholangiocarcinoma
5965,Cholangiocarcinoma,Primary peritoneal carcinoma
5966,Cholangiocarcinoma,graft versus host disease
5967,Amyotrophic lateral sclerosis,KCNQ2-related epileptic encephalopathy
5968,systemic lupus erythematosus,follicular lymphoma
5969,Ependymoma,Undifferentiated pleomorphic sarcoma
5970,Myxoid/round cell liposarcoma,Subcutaneous panniculitis-like T-cell lymphoma
5971,tuberous sclerosis,Medullary thyroid carcinoma
5972,Lissencephaly type 1 due to doublecortin gene mutation,Adult-onset foveomacular vitelliform dystrophy
5973,Cold agglutinin disease,Primary systemic amyloidosis
5974,Tufted angioma,Idiopathic uveal effusion syndrome
5975,Pure mitochondrial myopathy,Distal 7q11.23 microduplication syndrome
5976,follicular lymphoma,Neuroendocrine tumor of the rectum
5977,Carcinoid syndrome,Papilloma of choroid plexus
5978,TSH-secreting pituitary adenoma,Charcot-Marie-Tooth disease type 4G
5979,plasma cell myeloma,Central neurocytoma
5980,Classic Hodgkin lymphoma,Neuroendocrine neoplasm of appendix
5981,Non-acquired panhypopituitarism,Adult-onset foveomacular vitelliform dystrophy
5982,Male infertility with azoospermia or oligozoospermia due to single gene mutation,Follicular lymphoma
5983,Burkitt lymphoma,Best vitelliform macular dystrophy
5984,Lethal infantile mitochondrial myopathy,Mendelian susceptibility to mycobacterial diseases due to partial IRF8 deficiency
5985,Intrahepatic cholestasis of pregnancy,Familial adenomatous polyposis
5986,Asbestos intoxication,Herpes simplex virus stromal keratitis
5987,Myasthenia gravis,Krabbe disease
5988,graft versus host disease,Autosomal dominant polycystic kidney disease
5989,Thiel-Behnke corneal dystrophy,Autosomal dominant Charcot-Marie-Tooth disease type 2K
5990,Lethal infantile mitochondrial myopathy,Monosomy 9p
5991,Complete atrioventricular septal defect,Idiopathic/heritable pulmonary arterial hypertension
5992,Congenital stationary night blindness,Anoctamin-5-related limb-girdle muscular dystrophy R12
5994,MALT lymphoma,Autosomal dominant Charcot-Marie-Tooth disease type 2A2
5995,Congenital stationary night blindness,Oromandibular dystonia
5996,Adult-onset multiple mitochondrial DNA deletion syndrome due to DGUOK deficiency,Glucagonoma
5997,glioblastoma,Pleural mesothelioma
5998,Waldenstrom macroglobulinemia,Mixed-type autoimmune hemolytic anemia
5999,Hereditary pulmonary alveolar proteinosis,Chronic visceral acid sphingomyelinase deficiency
6000,Full NF2-related schwannomatosis,Medullary thyroid carcinoma
6001,KRT1-related diffuse nonepidermolytic keratoderma,Granular corneal dystrophy type I
6002,Uveal melanoma,Somatostatinoma
6003,Polyneuropathy associated with IgM monoclonal gammopathy with anti-MAG,Catastrophic antiphospholipid syndrome
6004,plasma cell myeloma,Papilloma of choroid plexus
6005,Neuroendocrine tumor of anal canal,Glucagonoma
6006,Functioning gonadotropic adenoma,Charcot-Marie-Tooth disease type 4G
6007,interstitial lung disease 2,Prader-Willi syndrome
6008,Anoctamin-5-related limb-girdle muscular dystrophy R12,Thiel-Behnke corneal dystrophy
6009,liposarcoma,"Classic Hodgkin lymphoma, mixed cellularity type"
6010,Neurotrophic keratopathy,Charcot-Marie-Tooth disease type 1F
6011,Congenital stationary night blindness,Diffuse palmoplantar keratoderma-acrocyanosis syndrome
6012,Idiopathic acute eosinophilic pneumonia,PPoma
6013,Anaplastic thyroid carcinoma,Cutaneous neuroendocrine carcinoma
6014,Osteogenesis imperfecta type 4,osteogenesis imperfecta
6015,Pure mitochondrial myopathy,Classic mycosis fungoides
6016,DNAJB6-related limb-girdle muscular dystrophy D1,Ichthyosis-prematurity syndrome
6017,dermatomyositis,Waldenstrom macroglobulinemia
6018,Vitamin B12-responsive methylmalonic acidemia,Moderate hemophilia A
6019,Peripheral primitive neuroectodermal tumor,Undifferentiated pleomorphic sarcoma
6020,Turner syndrome,Non-acquired isolated growth hormone deficiency
6021,Beta-thalassemia,graft versus host disease
6022,Neurotrophic keratopathy,Tubular aggregate myopathy
6023,intermediate uveitis,Cystic fibrosis
6024,Beta-thalassemia,Alpha-thalassemia
6025,Pure mitochondrial myopathy,Insulinoma
6026,Mendelian susceptibility to mycobacterial diseases due to partial IRF8 deficiency,TRAPPC11-related limb-girdle muscular dystrophy R18
6027,Mitochondrial myopathy with reversible cytochrome C oxidase deficiency,Monosomy 9p
6028,Vogt-Koyanagi-Harada disease,Idiopathic panuveitis
6029,Familial drusen,PPoma
6030,Myxoid/round cell liposarcoma,Papilloma of choroid plexus
6031,acquired polycythemia vera,Medulloblastoma
6032,Waldenstrom macroglobulinemia,Sandhoff disease
6033,Classic Hodgkin lymphoma,Rhabdoid tumor
6034,Ileal neuroendocrine tumor,PPoma
6035,Ileal neuroendocrine tumor,GRFoma
6036,Myelodysplastic syndrome associated with isolated del(5q) chromosome abnormality,AL amyloidosis
6037,"chronic myelogenous leukemia, BCR-ABL1 positive",Myelodysplastic syndrome associated with isolated del(5q) chromosome abnormality
6038,Paris-Trousseau thrombocytopenia,VIPoma
6039,Pituitary gigantism,Adult-onset foveomacular vitelliform dystrophy
6040,Severe hemophilia B,Cystic fibrosis
6041,"Primary dystonia, DYT2 type",Adult-onset foveomacular vitelliform dystrophy
6042,Mendelian susceptibility to mycobacterial diseases due to partial IRF8 deficiency,Gray platelet syndrome
6043,Bacterial susceptibility due to TLR signaling pathway deficiency,Adult-onset foveomacular vitelliform dystrophy
6044,glioblastoma,Amyotrophic lateral sclerosis
6045,Early-onset generalized limb-onset dystonia,Mutilating palmoplantar keratoderma with periorificial keratotic plaques
6046,Neurotrophic keratopathy,PPoma
6047,Infant acute respiratory distress syndrome,Macular corneal dystrophy
6048,Macular corneal dystrophy,Autosomal dominant Charcot-Marie-Tooth disease type 2K
6049,Ileal neuroendocrine tumor,Bronchial neuroendocrine tumor
6050,Pure mitochondrial myopathy,Glucagonoma
6051,Oligocone trichromacy,Mal de Meleda
6052,Uveal melanoma,Acute lung injury
6053,Cranio-cervical dystonia with laryngeal and upper-limb involvement,Mutilating palmoplantar keratoderma with periorificial keratotic plaques
6054,Hyperlipidemia due to hepatic triacylglycerol lipase deficiency,Adult-onset foveomacular vitelliform dystrophy
6055,Classic Hodgkin lymphoma,acquired polycythemia vera
6056,Granular corneal dystrophy type I,"Primary dystonia, DYT4 type"
6057,Tay-Sachs disease,Galactosialidosis
6058,Intermediate nemaline myopathy,MALT lymphoma
6059,neuroblastoma,thymoma
6060,Chronic graft versus host disease,Giant cell arteritis
6061,Refractory anemia with excess blasts,Adult-onset foveomacular vitelliform dystrophy
6062,Cystic fibrosis,polymyositis
6063,Bernard-Soulier syndrome,Functioning gonadotropic adenoma
6064,Huntington disease-like 2,Adult-onset foveomacular vitelliform dystrophy
6065,Pituitary gigantism,"Late-onset distal myopathy, Markesbery-Griggs type"
6066,Acquired idiopathic sideroblastic anemia,Myelodysplastic syndrome associated with isolated del(5q) chromosome abnormality
6067,Long chain 3-hydroxyacyl-CoA dehydrogenase deficiency,Huntington disease
6068,Gray platelet syndrome,Pauci-immune glomerulonephritis
6069,Neurotrophic keratopathy,VIPoma
6070,Acromegaly,Glucagonoma
6071,Stargardt disease,Palmoplantar keratoderma-spastic paralysis syndrome
6072,Classic mycosis fungoides,Autosomal dominant Charcot-Marie-Tooth disease type 2E
6073,Wild type ABeta2M amyloidosis,Adult-onset foveomacular vitelliform dystrophy
6074,TRAPPC11-related limb-girdle muscular dystrophy R18,Mantle cell lymphoma
6075,Granular corneal dystrophy type II,Charcot-Marie-Tooth disease type 4G
6076,intermediate uveitis,Giant cell arteritis
6077,Cold agglutinin disease,Atypical hemolytic uremic syndrome
6078,plasma cell myeloma,Hepatic veno-occlusive disease
6079,Autosomal dominant spastic paraplegia type 36,Adult-onset foveomacular vitelliform dystrophy
6080,Primary myelofibrosis,Chronic graft versus host disease
6081,Mantle cell lymphoma,Persistent hyperplastic primary vitreous
6083,Bernard-Soulier syndrome,MALT lymphoma
6084,Anaplastic thyroid carcinoma,Classic neuroendocrine tumor of appendix
6085,Trigeminal neuralgia,tuberous sclerosis
6086,Familial drusen,Chronic pneumonitis of infancy
6087,Bullous pemphigoid,Myasthenia gravis
6088,1q21.1 microduplication syndrome,Pure mitochondrial myopathy
6089,Polyembryoma,Adult-onset foveomacular vitelliform dystrophy
6090,Adult-onset foveomacular vitelliform dystrophy,Progressive non-fluent aphasia
6091,Cystic fibrosis,acquired polycythemia vera
6092,Bothnia retinal dystrophy,Somatostatinoma
6093,Mitochondrial myopathy with reversible cytochrome C oxidase deficiency,10q22.3q23.3 microduplication syndrome
6094,Paramyotonia congenita of Von Eulenburg,MALT lymphoma
6095,Anoctamin-5-related limb-girdle muscular dystrophy R12,Mantle cell lymphoma
6096,Lethal infantile mitochondrial myopathy,PPoma
6097,Follicular lymphoma,DNAJB6-related limb-girdle muscular dystrophy D1
6098,Solitary fibrous tumor,systemic sclerosis
6099,acquired polycythemia vera,Cholangiocarcinoma
6100,tuberous sclerosis,Idiopathic panuveitis
6101,dermatomyositis,sarcoidosis
6102,Primary Sjgren syndrome,Chronic visceral acid sphingomyelinase deficiency
6103,Glioblastoma,Mutilating palmoplantar keratoderma with periorificial keratotic plaques
6104,Meconium aspiration syndrome,interstitial lung disease 2
6106,Pleural mesothelioma,Myxoid/round cell liposarcoma
6107,Best vitelliform macular dystrophy,Waldenstr\xc3\xb6m macroglobulinemia
6108,neuroblastoma,GRFoma
6109,Amyotrophic lateral sclerosis,Myxoid/round cell liposarcoma
6110,Carcinoid syndrome,Thymic neuroendocrine tumor
6111,3-methylglutaconic aciduria type 3,Pituitary gigantism
6112,Waldenstrom macroglobulinemia,Medulloblastoma
6113,microscopic polyangiitis,essential thrombocythemia
6114,Adult-onset myasthenia gravis,Acute transverse myelitis with anti-MOG antibodies
6115,interstitial lung disease 2,Gaucher disease
6116,Best vitelliform macular dystrophy,Sensory ataxic neuropathy-dysarthria-ophthalmoparesis syndrome
6117,autoimmune thrombocytopenic purpura,Primary effusion lymphoma
6118,Ectopic aldosterone-producing tumor,Adult-onset foveomacular vitelliform dystrophy
6119,liposarcoma,Krabbe disease
6120,Dystonia-aphonia syndrome,Idiopathic acute eosinophilic pneumonia
6121,Familial Mediterranean fever,systemic sclerosis
6122,Bullous pemphigoid,"chronic myelogenous leukemia, BCR-ABL1 positive"
6123,interstitial lung disease 2,Mixed-type autoimmune hemolytic anemia
6124,interstitial lung disease 2,Immunoglobulin A vasculitis
6125,Combined oxidative phosphorylation defect type 13,Pituitary gigantism
6126,DNAJB6-related limb-girdle muscular dystrophy D1,Persistent hyperplastic primary vitreous
6127,plasma cell myeloma,Neuroendocrine tumor of the rectum
6128,Classic mycosis fungoides,Charcot-Marie-Tooth disease type 1F
6129,Dystrophic epidermolysis bullosa pruriginosa,Refractory anemia with excess blasts
6130,Follicular lymphoma,3-methylglutaconic aciduria type 4
6131,Acromegaly,Neonatal intrahepatic cholestasis due to citrin deficiency
6132,Mitochondrial myopathy with reversible cytochrome C oxidase deficiency,TRAPPC11-related limb-girdle muscular dystrophy R18
6133,Dystonia-aphonia syndrome,Lattice corneal dystrophy type I
6134,Neurotrophic keratopathy,Muscle-eye-brain disease with bilateral multicystic leucodystrophy
6135,"Autosomal dominant focal dystonia, DYT25 type",Congenital hereditary endothelial dystrophy type II
6136,Oligocone trichromacy,Chronic pneumonitis of infancy
6137,systemic sclerosis,Desmoplastic small round cell tumor
6138,Zollinger-Ellison syndrome,MALT lymphoma
6139,Truncus arteriosus,Interatrial communication
6140,glioblastoma,mantle cell lymphoma
6141,tuberous sclerosis,glycogen storage disease II
6142,Idiopathic steroid-sensitive nephrotic syndrome,Genetic steroid-resistant nephrotic syndrome
6143,Pure mitochondrial myopathy,Paternal 20q13.2q13.3 microdeletion syndrome
6144,Gray platelet syndrome,Persistent hyperplastic primary vitreous
6145,GM1 gangliosidosis,Autosomal dominant polycystic kidney disease
6146,Chronic inflammatory demyelinating polyneuropathy,Primary effusion lymphoma
6147,Facioscapulohumeral dystrophy,Pituitary gigantism
6148,VIPoma,Uveal melanoma
6149,Autosomal dominant keratitis,Mantle cell lymphoma
6150,Gray platelet syndrome,T-B+ severe combined immunodeficiency due to JAK3 deficiency
6151,liposarcoma,sarcoidosis
6152,Primary Sjgren syndrome,Hermansky-Pudlak syndrome
6153,Diamond-Blackfan anemia,Alpha-thalassemia
6154,Adult-onset foveomacular vitelliform dystrophy,Invasive mole
6155,neuroblastoma,Papilloma of choroid plexus
6156,Adult-onset multiple mitochondrial DNA deletion syndrome due to DGUOK deficiency,Infant acute respiratory distress syndrome
6157,Von Hippel-Lindau disease,Medullary thyroid carcinoma
6158,Mutilating palmoplantar keratoderma with periorificial keratotic plaques,Granular corneal dystrophy type I
6159,Rheumatoid factor-positive polyarticular juvenile idiopathic arthritis,Fibrous dysplasia of bone
6160,Lethal infantile mitochondrial myopathy,Acute myelomonocytic leukemia
6161,Indolent systemic mastocytosis,gastrointestinal stromal tumor
6162,Pure mitochondrial myopathy,Distal monosomy 12q
6163,Follicular lymphoma,Idiopathic congenital hypothyroidism
6164,Adult-onset multiple mitochondrial DNA deletion syndrome due to DGUOK deficiency,Lymphoid interstitial pneumonia
6165,Lymphangioleiomyomatosis,Neuroendocrine tumor of the rectum
6166,Polyneuropathy associated with IgM monoclonal gammopathy with anti-MAG,follicular lymphoma
6167,Idiopathic steroid-sensitive nephrotic syndrome,Polyarteritis nodosa
6168,Interatrial communication,interstitial lung disease 2
6169,"GM2 gangliosidosis, AB variant",Autosomal dominant polycystic kidney disease
6170,glioblastoma,Craniopharyngioma
6171,Insulinoma,Autosomal dominant Charcot-Marie-Tooth disease type 2K
6172,Severe early-childhood-onset retinal dystrophy,Lymphoid interstitial pneumonia
6173,3-methylglutaconic aciduria type 3,MALT lymphoma
6174,plasma cell myeloma,Atypical teratoid rhabdoid tumor
6175,neuroblastoma,Dermatofibrosarcoma protuberans
6176,Mitochondrial myopathy with reversible cytochrome C oxidase deficiency,"Adult-onset cervical dystonia, DYT23 type"
6177,Cholangiocarcinoma,Burkitt lymphoma
6178,Adult-onset myasthenia gravis,Immune-mediated thrombotic thrombocytopenic purpura
6179,Amyotrophic lateral sclerosis,multiple system atrophy
6180,Hyperinsulinism due to UCP2 deficiency,MALT lymphoma
6181,Acquired idiopathic sideroblastic anemia,Refractory anemia with excess blasts
6182,Chronic beryllium disease,Gray platelet syndrome
6183,Thymic carcinoma,Von Hippel-Lindau disease
6184,Lethal infantile mitochondrial myopathy,Cryptogenic organizing pneumonia
6185,Hb Bart's hydrops fetalis,Hemolytic anemia due to red cell pyruvate kinase deficiency
6186,Adult-onset Still disease,Hyperimmunoglobulinemia D with periodic fever
6187,Non-epidermolytic palmoplantar keratoderma,Mitochondrial myopathy with reversible cytochrome C oxidase deficiency
6188,Infant acute respiratory distress syndrome,Charcot-Marie-Tooth disease type 4B2
6189,Best vitelliform macular dystrophy,Autosomal dominant spastic paraplegia type 6
6190,Chronic inflammatory demyelinating polyneuropathy,Autoimmune hepatitis
6191,Mucous membrane pemphigoid,graft versus host disease
6192,Best vitelliform macular dystrophy,Mendelian susceptibility to mycobacterial diseases due to partial IRF8 deficiency
6193,neuroblastoma,Thymic neuroendocrine tumor
6194,dermatomyositis,Behet disease
6195,\xc3\x85land Islands eye disease,Mal de Meleda
6196,Solitary fibrous tumor,Dedifferentiated liposarcoma
6197,Somatomammotropinoma,X-linked endothelial corneal dystrophy
6198,Distal trisomy 18q,Mitochondrial myopathy with reversible cytochrome C oxidase deficiency
6199,Chronic beryllium disease,Pituitary gigantism
6200,Polyneuropathy associated with IgM monoclonal gammopathy with anti-MAG,Chronic inflammatory demyelinating polyneuropathy
6201,Rhabdoid tumor,Klatskin tumor
6202,\xc3\x85land Islands eye disease,Acute interstitial pneumonia
6203,Stargardt disease,Autosomal dominant Charcot-Marie-Tooth disease type 2F
6204,Amyotrophic lateral sclerosis,Kawasaki disease
6205,Duchenne muscular dystrophy,Castleman disease
6206,"Cerebellar ataxia, Cayman type",Adult-onset foveomacular vitelliform dystrophy
6207,"Autosomal dominant focal dystonia, DYT25 type",Follicular lymphoma
6208,Ependymoma,Cholangiocarcinoma
6209,Cholangiocarcinoma,Retinoblastoma
6210,Chronic beryllium disease,TRAPPC11-related limb-girdle muscular dystrophy R18
6211,"chronic myelogenous leukemia, BCR-ABL1 positive",paroxysmal nocturnal hemoglobinuria
6212,Dehydrated hereditary stomatocytosis,Idiopathic acute eosinophilic pneumonia
6213,Congenital ichthyosis-microcephalus-tetraplegia syndrome,TRAPPC11-related limb-girdle muscular dystrophy R18
6214,Neurotrophic keratopathy,Vocal cord and pharyngeal distal myopathy
6215,Autosomal dominant Charcot-Marie-Tooth disease type 2W,Infant acute respiratory distress syndrome
6216,allergic bronchopulmonary aspergillosis,Primary biliary cholangitis
6217,biliary atresia,Primary biliary cholangitis
6218,Obesity due to congenital leptin deficiency,Alstrm syndrome
6219,Congenital hereditary endothelial dystrophy type II,Respiratory bronchiolitis-interstitial lung disease syndrome
6220,plasma cell myeloma,Gangliocytoma
6221,Neurotrophic keratopathy,Male infertility with azoospermia or oligozoospermia due to single gene mutation
6222,dermatomyositis,Leber congenital amaurosis
6223,Idiopathic acute eosinophilic pneumonia,Adult-onset foveomacular vitelliform dystrophy
6224,Pure mitochondrial myopathy,PANDAS
6225,Lethal infantile mitochondrial myopathy,Acute monoblastic/monocytic leukemia
6226,Neonatal intrahepatic cholestasis due to citrin deficiency,Mantle cell lymphoma
6227,Immune thrombocytopenia,Macular corneal dystrophy
6228,Best vitelliform macular dystrophy,Autosomal recessive spastic paraplegia type 27
6229,Osteosarcoma,plasma cell myeloma
6230,Asbestos intoxication,Neurotrophic keratopathy
6231,Subcutaneous panniculitis-like T-cell lymphoma,AL amyloidosis
6232,Refractory anemia,Acquired idiopathic sideroblastic anemia
6233,Bardet-Biedl syndrome,Alstrm syndrome
6234,MALT lymphoma,Insulinoma
6235,Myasthenia gravis,Acute disseminated encephalomyelitis with anti-MOG antibodies
6236,Carcinoid syndrome,Classic Hodgkin lymphoma
6237,dermatomyositis,Herpes simplex virus encephalitis
6238,gastrointestinal stromal tumor,Tay-Sachs disease
6239,Retinitis pigmentosa,Primary biliary cholangitis
6240,Reticular dysgenesis,DNAJB6-related limb-girdle muscular dystrophy D1
6241,Hepatitis delta,mantle cell lymphoma
6242,Mitochondrial myopathy with reversible cytochrome C oxidase deficiency,Familial drusen
6243,Superficial epidermolytic ichthyosis,Idiopathic acute eosinophilic pneumonia
6244,DNAJB6-related limb-girdle muscular dystrophy D1,Diffuse palmoplantar keratoderma-acrocyanosis syndrome
6245,intermediate uveitis,systemic sclerosis
6246,Cranio-cervical dystonia with laryngeal and upper-limb involvement,Mantle cell lymphoma
6247,Acquired idiopathic sideroblastic anemia,Porphyria cutanea tarda
6248,Epithelial recurrent erosion dystrophy,VIPoma
6250,Idiopathic acute eosinophilic pneumonia,Charcot-Marie-Tooth disease type 1A
6251,Isolated agammaglobulinemia,Best vitelliform macular dystrophy
6252,plasma cell myeloma,Bronchopulmonary dysplasia
6253,Late-onset retinal degeneration,Autosomal dominant Charcot-Marie-Tooth disease type 2A2
6254,Spinocerebellar ataxia type 30,Adult-onset foveomacular vitelliform dystrophy
6255,Granulomatosis with polyangiitis,Mixed-type autoimmune hemolytic anemia
6256,Primary myelofibrosis,Giant cell glioblastoma
6257,"Congenital muscular dystrophy, Ullrich type",Mantle cell lymphoma
6258,Familial pancreatic carcinoma,Subcutaneous panniculitis-like T-cell lymphoma
6259,Burkitt lymphoma,Refractory anemia with excess blasts
6260,Systemic polyarteritis nodosa,Primary Sjgren syndrome
6261,Myasthenia gravis,Fetal cytomegalovirus syndrome
6262,Cataract-microcornea syndrome,Pure mitochondrial myopathy
6263,Cholangiocarcinoma,"Classic Hodgkin lymphoma, nodular sclerosis type"
6264,Immune thrombocytopenia,Neurotrophic keratopathy
6265,Neuroendocrine tumor of stomach,GRFoma
6266,Classic mycosis fungoides,Charcot-Marie-Tooth disease type 4A
6267,Anoctamin-5-related limb-girdle muscular dystrophy R12,Somatomammotropinoma
6268,microscopic polyangiitis,C3 glomerulonephritis
6269,Neurotrophic keratopathy,Follicular lymphoma
6270,mantle cell lymphoma,Pleural mesothelioma
6271,Kaposi\'s sarcoma,systemic sclerosis
6272,Granulomatosis with polyangiitis,Polyarteritis nodosa
6273,Cholangiocarcinoma,Dermatofibrosarcoma protuberans
6274,Autosomal recessive spastic paraplegia type 35,Best vitelliform macular dystrophy
6275,Lethal infantile mitochondrial myopathy,Mutilating palmoplantar keratoderma with periorificial keratotic plaques
6276,Autosomal dominant Charcot-Marie-Tooth disease type 2Z,Late-onset retinal degeneration
6277,Lethal infantile mitochondrial myopathy,Pauci-immune glomerulonephritis
6278,Paris-Trousseau thrombocytopenia,Fuchs endothelial corneal dystrophy
6279,Sporadic pheochromocytoma/secreting paraganglioma,Pleural mesothelioma
6280,Transgrediens et progrediens palmoplantar keratoderma,Best vitelliform macular dystrophy
6281,Mitochondrial myopathy with reversible cytochrome C oxidase deficiency,Autoimmune pulmonary alveolar proteinosis
6282,Palmoplantar keratoderma-spastic paralysis syndrome,Best vitelliform macular dystrophy
6283,Anaplastic thyroid carcinoma,Adenocarcinoma of the esophagus
6285,Best vitelliform macular dystrophy,Acute interstitial pneumonia
6286,Classic mycosis fungoides,Dedifferentiated liposarcoma
6287,Heparin-induced thrombocytopenia,Double outlet right ventricle
6288,Chronic graft versus host disease,"Autoimmune hemolytic anemia, warm type"
6289,tuberous sclerosis,Tufted angioma
6290,Kasabach-Merritt syndrome,DNAJB6-related limb-girdle muscular dystrophy D1
6291,Thymic carcinoma,Waldenstrom macroglobulinemia
6292,GRFoma,Medulloblastoma
6293,Pure mitochondrial myopathy,Microcornea-glaucoma-absent frontal sinuses syndrome
6294,Adenylosuccinate synthetase-like 1-related distal myopathy,Mantle cell lymphoma
6295,Congenital hereditary endothelial dystrophy type II,Mal de Meleda
6296,Lethal infantile mitochondrial myopathy,10q22.3q23.3 microdeletion syndrome
6297,interstitial lung disease 2,Eisenmenger syndrome
6298,Neuroendocrine tumor of anal canal,Thymic neuroendocrine tumor
6299,Epithelial recurrent erosion dystrophy,Huriez syndrome
6300,Chronic thromboembolic pulmonary hypertension,Eisenmenger syndrome
6301,liposarcoma,Sporadic pheochromocytoma/secreting paraganglioma
6302,interstitial lung disease 2,graft versus host disease
6303,Fabry disease,Gaucher disease
6304,Autosomal dominant Charcot-Marie-Tooth disease type 2Z,Thiel-Behnke corneal dystrophy
6305,Prader-Willi syndrome due to maternal uniparental disomy of chromosome 15,Obesity due to congenital leptin deficiency
6306,Relapsing polychondritis,Mixed-type autoimmune hemolytic anemia
6307,acquired polycythemia vera,graft versus host disease
6308,Classic mycosis fungoides,Charcot-Marie-Tooth disease type 4C
6309,Malaria,glycogen storage disease II
6310,3-methylcrotonyl-CoA carboxylase deficiency,Adult-onset foveomacular vitelliform dystrophy
6311,Somatomammotropinoma,DNA2-related mitochondrial DNA deletion syndrome
6312,polymyositis,Immune-mediated thrombotic thrombocytopenic purpura
6313,Oligocone trichromacy,DNAJB6-related limb-girdle muscular dystrophy D1
6314,Immunoglobulin A vasculitis,Genetic steroid-resistant nephrotic syndrome
6315,Amyotrophic lateral sclerosis,eosinophilic granulomatosis with polyangiitis
6316,Glioblastoma,Adult-onset foveomacular vitelliform dystrophy
6317,Peritoneal cystic mesothelioma,Malignant peritoneal mesothelioma
6318,Chronic beryllium disease,Adult-onset multiple mitochondrial DNA deletion syndrome due to DGUOK deficiency
6319,Neurotrophic keratopathy,"Primary dystonia, DYT6 type"
6320,Oligocone trichromacy,Functioning gonadotropic adenoma
6321,fragile X syndrome,Rett syndrome
6322,Fanconi anemia,MYH9-related disease
6323,Non-epidermolytic palmoplantar keratoderma,Granular corneal dystrophy type II
6324,Epithelial recurrent erosion dystrophy,Charcot-Marie-Tooth disease type 4C
6325,VIPoma,Fuchs endothelial corneal dystrophy
6326,autoimmune thrombocytopenic purpura,Adult-onset myasthenia gravis
6327,Primary Sjgren syndrome,Cystic fibrosis
6328,Tufted angioma,Myxoid/round cell liposarcoma
6329,Beta-thalassemia major,acquired polycythemia vera
6330,Full NF2-related schwannomatosis,Neuroendocrine tumor of the rectum
6331,Bernard-Soulier syndrome,Fanconi anemia
6332,Myelodysplastic syndrome associated with isolated del(5q) chromosome abnormality,follicular lymphoma
6333,Stargardt disease,Anoctamin-5-related limb-girdle muscular dystrophy R12
6334,Huriez syndrome,DNAJB6-related limb-girdle muscular dystrophy D1
6335,Somatomammotropinoma,Granular corneal dystrophy type II
6336,Pituicytoma,Mitochondrial myopathy with reversible cytochrome C oxidase deficiency
6337,Granular corneal dystrophy type I,Charcot-Marie-Tooth disease type 4D
6338,Alopecia-intellectual disability syndrome,Adult-onset foveomacular vitelliform dystrophy
6339,Mucous membrane pemphigoid,Catastrophic antiphospholipid syndrome
6340,Mutilating palmoplantar keratoderma with periorificial keratotic plaques,"Primary dystonia, DYT13 type"
6341,Cystic fibrosis,coccidioidomycosis
6342,Ependymoma,Tay-Sachs disease
6343,Uveal melanoma,PPoma
6344,Mutilating palmoplantar keratoderma with periorificial keratotic plaques,Pituitary gigantism
6345,Adenocarcinoma of the esophagus,Adrenocortical carcinoma
6346,Epithelial recurrent erosion dystrophy,Charcot-Marie-Tooth disease type 4B2
6347,Familial pancreatic carcinoma,plasma cell myeloma
6348,Relapsing polychondritis,Fibrous dysplasia of bone
6349,Paramyotonia congenita of Von Eulenburg,Schwartz-Jampel syndrome
6350,Bullous pemphigoid,Gerstmann-Straussler-Scheinker syndrome
6351,tuberous sclerosis,Autosomal dominant polycystic kidney disease
6352,Follicular lymphoma,Autosomal dominant Charcot-Marie-Tooth disease type 2A2
6353,Mantle cell lymphoma,Adult-onset foveomacular vitelliform dystrophy
6354,Tetrasomy 18p,Pure mitochondrial myopathy
6355,autoimmune thrombocytopenic purpura,Drug-induced autoimmune hemolytic anemia
6356,MELAS,Mitochondrial DNA-related progressive external ophthalmoplegia
6357,Waldenstrom macroglobulinemia,Opsoclonus-myoclonus syndrome
6358,Idiopathic acute eosinophilic pneumonia,Diffuse palmoplantar keratoderma-acrocyanosis syndrome
6359,mantle cell lymphoma,Burkitt lymphoma
6360,Mitochondrial myopathy with reversible cytochrome C oxidase deficiency,Charcot-Marie-Tooth disease type 4C
6361,Pure mitochondrial myopathy,Autosomal dominant Charcot-Marie-Tooth disease type 2Z
6362,Mucopolysaccharidosis type 1,Becker muscular dystrophy
6363,autoimmune thrombocytopenic purpura,Granulomatosis with polyangiitis
6365,Nelson syndrome,Combined oxidative phosphorylation defect type 13
6366,Krabbe disease,follicular lymphoma
6367,Pure mitochondrial myopathy,T-B+ severe combined immunodeficiency due to JAK3 deficiency
6368,dermatomyositis,Idiopathic panuveitis
6369,Autosomal dominant Charcot-Marie-Tooth disease type 2Z,GRFoma
6370,Ataxia-telangiectasia,Amyotrophic lateral sclerosis
6371,Somatomammotropinoma,Persistent hyperplastic primary vitreous
6372,Lennox-Gastaut syndrome,CDKL5-deficiency disorder
6373,Gray platelet syndrome,Charcot-Marie-Tooth disease type 4A
6374,Primary Sjgren syndrome,Immune-mediated thrombotic thrombocytopenic purpura
6375,Pleomorphic liposarcoma,Rhabdoid tumor
6376,Hemophilia B,mantle cell lymphoma
6377,Anoctamin-5-related limb-girdle muscular dystrophy R12,Insulinoma
6378,Acral self-healing collodion baby,MALT lymphoma
6379,Combined oxidative phosphorylation defect type 13,Functioning gonadotropic adenoma
6380,plasma cell myeloma,Primary systemic amyloidosis
6381,Drug-induced autoimmune hemolytic anemia,systemic lupus erythematosus
6382,Myasthenia gravis,Mitochondrial myopathy with reversible cytochrome C oxidase deficiency
6383,Autosomal dominant Charcot-Marie-Tooth disease type 2Y,Respiratory bronchiolitis-interstitial lung disease syndrome
6384,plasma cell myeloma,Szary syndrome
6385,Idiopathic acute eosinophilic pneumonia,Autosomal dominant Charcot-Marie-Tooth disease type 2F
6386,Neurotrophic keratopathy,Autosomal dominant Charcot-Marie-Tooth disease type 2A2
6387,Von Willebrand disease type 2M,Von Willebrand disease type 2A
6388,X-linked endothelial corneal dystrophy,TSH-secreting pituitary adenoma
6389,liposarcoma,Gliosarcoma
6390,Asbestos intoxication,Autosomal dominant Charcot-Marie-Tooth disease type 2Z
6391,Pure mitochondrial myopathy,Reticular dysgenesis
6392,Classic phenylketonuria,Mild phenylketonuria
6393,Adenocarcinoma of the anal canal,Adult-onset foveomacular vitelliform dystrophy
6394,Von Willebrand disease,Von Willebrand disease type 2B
6395,graft versus host disease,Genetic steroid-resistant nephrotic syndrome
6396,Paris-Trousseau thrombocytopenia,TSH-secreting pituitary adenoma
6397,Chronic graft versus host disease,Szary syndrome
6398,Neurotrophic keratopathy,Myotonia fluctuans
6399,Lethal infantile mitochondrial myopathy,Trisomy 8p
6400,Mantle cell lymphoma,Ichthyosis hystrix of Curth-Macklin
6401,acquired polycythemia vera,Becker muscular dystrophy
6402,Autosomal recessive spastic ataxia with leukoencephalopathy,Adult-onset foveomacular vitelliform dystrophy
6403,Diffuse cutaneous systemic sclerosis,Medulloblastoma
6404,Cold agglutinin disease,Charcot-Marie-Tooth disease type 1A
6405,Primary peritoneal carcinoma,Atypical teratoid rhabdoid tumor
6406,systemic sclerosis,Krabbe disease
6407,Diffuse cutaneous systemic sclerosis,Idiopathic/heritable pulmonary arterial hypertension
6408,Rolandic epilepsy-speech dyspraxia syndrome,Adult-onset foveomacular vitelliform dystrophy
6409,DNAJB6-related limb-girdle muscular dystrophy D1,Drug-induced autoimmune hemolytic anemia
6410,Pineoblastoma,GRFoma
6411,"chronic myelogenous leukemia, BCR-ABL1 positive","Autoimmune hemolytic anemia, warm type"
6412,Beta-thalassemia major,Heritable pulmonary arterial hypertension
6413,Pure mitochondrial myopathy,Acute monoblastic/monocytic leukemia
6414,Carcinoid syndrome,Classic neuroendocrine tumor of appendix
6415,Autosomal dominant Charcot-Marie-Tooth disease type 2Z,Gray platelet syndrome
6416,Neuroendocrine tumor of stomach,Neuroendocrine tumor of the colon
6417,graft versus host disease,childhood absence epilepsy
6418,Oligocone trichromacy,Paroxysmal cold hemoglobinuria
6419,neuroblastoma,"Classic Hodgkin lymphoma, mixed cellularity type"
6420,DNA2-related mitochondrial DNA deletion syndrome,Congenital hereditary endothelial dystrophy type II
6421,Pure mitochondrial myopathy,MALT lymphoma
6422,MALT lymphoma,Lissencephaly due to LIS1 mutation
6423,Amyotrophic lateral sclerosis,Tufted angioma
6424,Drug-induced autoimmune hemolytic anemia,Immunoglobulin A vasculitis
6425,Autosomal dominant Charcot-Marie-Tooth disease type 2Y,Mantle cell lymphoma
6426,Rheumatoid factor-positive polyarticular juvenile idiopathic arthritis,Autoimmune lymphoproliferative syndrome due to CTLA4 haploinsuffiency
6427,Neuroendocrine tumor of stomach,Neuroendocrine tumor of anal canal
6428,Adult-onset distal myopathy due to VCP mutation,Mantle cell lymphoma
6429,Hereditary pulmonary alveolar proteinosis,Giant cell arteritis
6430,meningioma,Amyotrophic lateral sclerosis
6431,Ataxia-telangiectasia,Steinert myotonic dystrophy
6432,Adult-onset foveomacular vitelliform dystrophy,Autosomal dominant spastic paraplegia type 6
6433,Pneumocystosis,Chronic mucocutaneous candidiasis
6434,Neurotrophic keratopathy,Idiopathic acute eosinophilic pneumonia
6435,sarcoidosis,Behet disease
6436,Lethal infantile mitochondrial myopathy,VIPoma
6437,paroxysmal nocturnal hemoglobinuria,Immunoglobulin-mediated membranoproliferative glomerulonephritis
6438,Pure mitochondrial myopathy,Mal de Meleda
6439,dermatomyositis,Primary biliary cholangitis
6440,\xc3\x85land Islands eye disease,Lymphoid interstitial pneumonia
6441,Best vitelliform macular dystrophy,PFAPA syndrome
6442,Pituitary gigantism,Neutral lipid storage myopathy
6443,Congenital hereditary endothelial dystrophy type II,Charcot-Marie-Tooth disease type 4D
6444,Mitochondrial myopathy with reversible cytochrome C oxidase deficiency,Nodular lymphocyte predominant Hodgkin lymphoma
6445,Pure mitochondrial myopathy,Charcot-Marie-Tooth disease type 1F
6446,Pure mitochondrial myopathy,17q12 microduplication syndrome
6447,Short chain acyl-CoA dehydrogenase deficiency,Adult-onset foveomacular vitelliform dystrophy
6448,Primary sclerosing cholangitis,Familial adenomatous polyposis
6449,microscopic polyangiitis,Polyarteritis nodosa
6450,Diffuse palmoplantar keratoderma-acrocyanosis syndrome,Bothnia retinal dystrophy
6451,Chronic beryllium disease,Mitochondrial myopathy with reversible cytochrome C oxidase deficiency
6452,Early-onset generalized limb-onset dystonia,Mantle cell lymphoma
6453,Autosomal dominant Charcot-Marie-Tooth disease type 2Y,Thiel-Behnke corneal dystrophy
6454,interstitial lung disease 2,Relapsing polychondritis
6455,Non-distal trisomy 10q,Lethal infantile mitochondrial myopathy
6456,dermatomyositis,Pyoderma gangrenosum
6457,Hereditary persistence of fetal hemoglobin-beta-thalassemia syndrome,Adult-onset foveomacular vitelliform dystrophy
6458,interstitial lung disease 2,Fetal cytomegalovirus syndrome
6459,Carbamoyl-phosphate synthetase 1 deficiency,Argininosuccinic aciduria
6460,Isolated sedoheptulokinase deficiency,Adult-onset foveomacular vitelliform dystrophy
6461,Classic mycosis fungoides,Charcot-Marie-Tooth disease type 4D
6462,Subcutaneous panniculitis-like T-cell lymphoma,Atypical teratoid rhabdoid tumor
6463,Paris-Trousseau thrombocytopenia,Cold agglutinin disease
6464,VIPoma,Neuroendocrine neoplasm of appendix
6465,Best vitelliform macular dystrophy,"Hereditary motor and sensory neuropathy, Okinawa type"
6466,plasma cell myeloma,Autosomal dominant polycystic kidney disease
6467,S\xc3\xa9zary syndrome,Best vitelliform macular dystrophy
6468,Primary myelofibrosis,Myasthenia gravis
6469,Duchenne muscular dystrophy,Adult-onset myasthenia gravis
6470,Lethal infantile mitochondrial myopathy,Ileal neuroendocrine tumor
6471,interstitial lung disease 2,Undifferentiated pleomorphic sarcoma
6472,Cholangiocarcinoma,Malignant peritoneal mesothelioma
6473,interstitial lung disease 2,Somatostatinoma
6474,Bernard-Soulier syndrome,Granular corneal dystrophy type II
6475,Primary Sjgren syndrome,eosinophilic granulomatosis with polyangiitis
6476,Osteogenesis imperfecta type 2,plasma cell myeloma
6477,Refractory anemia with excess blasts,Aggressive systemic mastocytosis
6478,neuroblastoma,Rhabdoid tumor
6479,Dedifferentiated liposarcoma,Cutaneous collagenous vasculopathy
6480,Stargardt disease,VIPoma
6481,intermediate uveitis,acquired polycythemia vera
6482,"Glycogen storage disease due to acid maltase deficiency, late-onset",glycogen storage disease II
6483,aspergillosis,Cryptococcosis
6484,Spinocerebellar ataxia type 43,MALT lymphoma
6485,Autosomal recessive spastic paraplegia type 32,Adult-onset foveomacular vitelliform dystrophy
6486,X-linked sideroblastic anemia,Dietary iron overload disease
6487,Pituicytoma,Retinitis punctata albescens
6488,Dominant beta-thalassemia,Beta-thalassemia intermedia
6489,Acromegaly,Mitochondrial myopathy with reversible cytochrome C oxidase deficiency
6490,Follicular lymphoma,Ichthyosis hystrix of Curth-Macklin
6491,Shiga toxin-associated hemolytic uremic syndrome,Adult-onset myasthenia gravis
6492,cystinuria,Fabry disease
6493,thymoma,follicular lymphoma
6494,T-B+ severe combined immunodeficiency due to CD3delta/CD3epsilon/CD3zeta,Mitochondrial myopathy with reversible cytochrome C oxidase deficiency
6495,Mitochondrial myopathy with reversible cytochrome C oxidase deficiency,5q35 microduplication syndrome
6496,Ependymoma,systemic lupus erythematosus
6497,Best vitelliform macular dystrophy,Mutilating palmoplantar keratoderma with periorificial keratotic plaques
6498,Medulloblastoma,follicular lymphoma
6499,Myxopapillary ependymoma,Gray platelet syndrome
6500,Transgrediens et progrediens palmoplantar keratoderma,Adult-onset foveomacular vitelliform dystrophy
6501,Pleural mesothelioma,Acute lung injury
6502,Pediatric hepatocellular carcinoma,Charcot-Marie-Tooth disease type 4A
6503,systemic sclerosis,Refractory anemia with excess blasts
6504,Immunodeficiency due to selective anti-polysaccharide antibody deficiency,Adult-onset foveomacular vitelliform dystrophy
6505,Distal anoctaminopathy,Follicular lymphoma
6506,childhood absence epilepsy,Medulloblastoma
6507,Somatomammotropinoma,Congenital non-bullous ichthyosiform erythroderma
6508,Idiopathic/heritable pulmonary arterial hypertension,plasma cell myeloma
6509,Mucous membrane pemphigoid,Primary biliary cholangitis
6510,Pemphigus foliaceus,Adult-onset foveomacular vitelliform dystrophy
6511,microscopic polyangiitis,intermediate uveitis
6512,Severe hemophilia B,Moderate hemophilia B
6513,Male infertility with teratozoospermia due to single gene mutation,Bothnia retinal dystrophy
6514,Zollinger-Ellison syndrome,Charcot-Marie-Tooth disease type 4D
6515,sarcoidosis,neuroblastoma
6516,"chronic myelogenous leukemia, BCR-ABL1 positive",Undifferentiated pleomorphic sarcoma
6517,interstitial lung disease 2,Chronic inflammatory demyelinating polyneuropathy
6518,dermatomyositis,systemic sclerosis
6519,PANDAS,Adult-onset foveomacular vitelliform dystrophy
6520,Herpes simplex virus stromal keratitis,Male infertility with azoospermia or oligozoospermia due to single gene mutation
6521,liposarcoma,Dermatofibrosarcoma protuberans
6522,Rhabdoid tumor,Squamous cell carcinoma of the anal canal
6523,Hemangioblastoma,Undifferentiated pleomorphic sarcoma
6524,Pure mitochondrial myopathy,Functioning gonadotropic adenoma
6525,Paris-Trousseau thrombocytopenia,Congenital hereditary endothelial dystrophy type II
6526,Proteus syndrome,Hemimegalencephaly
6527,Diffuse cutaneous systemic sclerosis,Immunoglobulin A vasculitis
6528,Mutilating palmoplantar keratoderma with periorificial keratotic plaques,GRFoma
6529,Epithelial recurrent erosion dystrophy,Mutilating palmoplantar keratoderma with periorificial keratotic plaques
6530,"chronic myelogenous leukemia, BCR-ABL1 positive",Primary effusion lymphoma
6531,autoimmune thrombocytopenic purpura,Ebola hemorrhagic fever
6532,Late-onset retinal degeneration,Acute interstitial pneumonia
6533,Pituitary gigantism,"Primary dystonia, DYT13 type"
6534,Paris-Trousseau thrombocytopenia,GRFoma
6535,intermediate uveitis,Waldenstrom macroglobulinemia
6536,Neuroblastoma,Adult-onset foveomacular vitelliform dystrophy
6537,Alopecia universalis,Adult-onset foveomacular vitelliform dystrophy
6538,Bronchial neuroendocrine tumor,Neuroendocrine tumor of the rectum
6539,TRAPPC11-related limb-girdle muscular dystrophy R18,Mal de Meleda
6540,Beta-thalassemia,Beta-thalassemia intermedia
6541,Chronic beryllium disease,Charcot-Marie-Tooth disease type 1B
6542,Sporadic pheochromocytoma/secreting paraganglioma,Subcutaneous panniculitis-like T-cell lymphoma
6543,Benign paroxysmal torticollis of infancy,Adult-onset foveomacular vitelliform dystrophy
6544,Pediatric hepatocellular carcinoma,Primary peritoneal carcinoma
6545,Pure mitochondrial myopathy,Birdshot chorioretinopathy
6546,Epithelial recurrent erosion dystrophy,DNAJB6-related limb-girdle muscular dystrophy D1
6547,Benign familial infantile epilepsy,Non-specific early-onset epileptic encephalopathy
6548,VIPoma,Charcot-Marie-Tooth disease type 4C
6549,Paroxysmal cold hemoglobinuria,Charcot-Marie-Tooth disease type 4G
6550,Cranio-cervical dystonia with laryngeal and upper-limb involvement,Granular corneal dystrophy type II
6551,Squamous cell carcinoma of the esophagus,Cutaneous neuroendocrine carcinoma
6552,Palmoplantar keratoderma-spastic paralysis syndrome,Familial drusen
6553,Autosomal recessive spastic ataxia of Charlevoix-Saguenay,MALT lymphoma
6554,Congenital ichthyosis-microcephalus-tetraplegia syndrome,Paroxysmal cold hemoglobinuria
6555,Duchenne muscular dystrophy,Moderate hemophilia A
6556,Pleomorphic liposarcoma,Desmoplastic small round cell tumor
6557,Epidermolytic palmoplantar keratoderma,Late-onset retinal degeneration
6558,SHOX-related short stature,Proximal spinal muscular atrophy type 2
6559,glioblastoma,interstitial lung disease 2
6560,GRFoma,Lattice corneal dystrophy type I
6561,Syndromic recessive X-linked ichthyosis,Follicular lymphoma
6562,liposarcoma,glioblastoma
6563,Classic mycosis fungoides,Granular corneal dystrophy type I
6564,systemic lupus erythematosus,"Autoimmune hemolytic anemia, warm type"
6565,Mantle cell lymphoma,Lattice corneal dystrophy type I
6566,Gray platelet syndrome,Autosomal dominant Charcot-Marie-Tooth disease type 2E
6567,Diffuse palmoplantar keratoderma-acrocyanosis syndrome,Granular corneal dystrophy type II
6568,Juvenile dermatomyositis,Schnitzler syndrome
6569,neuroblastoma,Primary biliary cholangitis
6570,Desmoid tumor,systemic sclerosis
6571,systemic lupus erythematosus,Krabbe disease
6572,Idiopathic trachyonychia,Adult-onset foveomacular vitelliform dystrophy
6573,Cholangiocarcinoma,MALT lymphoma
6574,autoimmune thrombocytopenic purpura,Primary Sjgren syndrome
6575,Myelodysplastic syndrome associated with isolated del(5q) chromosome abnormality,plasma cell myeloma
6576,Indolent systemic mastocytosis,Pleural mesothelioma
6577,Cholangiocarcinoma,Tay-Sachs disease
6578,Idiopathic/heritable pulmonary arterial hypertension,Castleman disease
6579,Pituitary gigantism,Bathing suit ichthyosis
6580,SHOX-related short stature,Non-acquired isolated growth hormone deficiency
6581,Severe early-childhood-onset retinal dystrophy,Mal de Meleda
6582,"Adult-onset cervical dystonia, DYT23 type",Idiopathic acute eosinophilic pneumonia
6583,Foveal hypoplasia-presenile cataract syndrome,DNAJB6-related limb-girdle muscular dystrophy D1
6584,Congenital hereditary endothelial dystrophy type II,Mutilating palmoplantar keratoderma with periorificial keratotic plaques
6585,Mild hemophilia A,Bleeding disorder in hemophilia B carriers
6586,Retinitis punctata albescens,Charcot-Marie-Tooth disease type 4G
6587,Best vitelliform macular dystrophy,Distal myopathy with posterior leg and anterior hand involvement
6588,Focal palmoplantar and gingival keratoderma,Severe early-childhood-onset retinal dystrophy
6589,Granulomatous slack skin,Charcot-Marie-Tooth disease type 4D
6590,mantle cell lymphoma,Gorlin syndrome
6591,Immunoglobulin A vasculitis,Opsoclonus-myoclonus syndrome
6592,Asbestos intoxication,Charcot-Marie-Tooth disease type 4C
6593,Beta-thalassemia,Vogt-Koyanagi-Harada disease
6594,microscopic polyangiitis,Autoimmune hepatitis
6595,Complex regional pain syndrome,mantle cell lymphoma
6596,Congenital stationary night blindness,Keratosis palmaris et plantaris-clinodactyly syndrome
6597,Relapsing polychondritis,Myasthenia gravis
6598,acquired polycythemia vera,Complex regional pain syndrome
6599,Chronic graft versus host disease,Neuroendocrine tumor of the rectum
6600,Immunoglobulin A vasculitis,follicular lymphoma
6601,Burkitt lymphoma,Adult-onset myasthenia gravis
6602,Herpes simplex virus stromal keratitis,Zebra body myopathy
6603,Hereditary myopathy with early respiratory failure,MALT lymphoma
6604,Von Willebrand disease type 2B,Von Willebrand disease type 3
6605,glioblastoma,Classic mycosis fungoides
6606,Beta-thalassemia major,Hb Bart's hydrops fetalis
6607,Classic Hodgkin lymphoma,"Classic Hodgkin lymphoma, nodular sclerosis type"
6608,Best vitelliform macular dystrophy,Autosomal recessive axonal neuropathy with neuromyotonia
6609,Idiopathic acute eosinophilic pneumonia,"Primary dystonia, DYT6 type"
6610,Retinitis pigmentosa,Cystic fibrosis
6611,Bullous pemphigoid,Waldenstrom macroglobulinemia
6612,Epithelial recurrent erosion dystrophy,Male infertility with teratozoospermia due to single gene mutation
6613,Lethal infantile mitochondrial myopathy,Tetrasomy 5p
6614,Acute disseminated encephalomyelitis with anti-MOG antibodies,Acute transverse myelitis with anti-MOG antibodies
6615,Kaposi\'s sarcoma,Thymic neuroendocrine tumor
6616,Myxopapillary ependymoma,Lethal infantile mitochondrial myopathy
6617,Pediatric hepatocellular carcinoma,Cutaneous neuroendocrine carcinoma
6618,Chronic beryllium disease,X-linked endothelial corneal dystrophy
6619,meningioma,Gliosarcoma
6620,Gray platelet syndrome,KRT1-related diffuse nonepidermolytic keratoderma
6621,Adenylosuccinate synthetase-like 1-related distal myopathy,Adult-onset foveomacular vitelliform dystrophy
6622,MALT lymphoma,Castleman disease
6623,Bernard-Soulier syndrome,Epithelial recurrent erosion dystrophy
6624,biliary atresia,Medulloblastoma
6625,Amyotrophic lateral sclerosis,Chronic inflammatory demyelinating polyneuropathy
6626,graft versus host disease,Neuroendocrine tumor of the colon
6627,Idiopathic aplastic anemia,Diamond-Blackfan anemia
6628,Classic Hodgkin lymphoma,Neuroendocrine tumor of anal canal
6629,Adult-onset foveomacular vitelliform dystrophy,Autosomal dominant spastic paraplegia type 31
6630,liposarcoma,Kaposi\'s sarcoma
6631,neuroblastoma,Gorlin syndrome
6632,Cranio-cervical dystonia with laryngeal and upper-limb involvement,Fuchs endothelial corneal dystrophy
6633,Duchenne muscular dystrophy,neuroblastoma
6634,Classic mycosis fungoides,Autosomal dominant Charcot-Marie-Tooth disease type 2A2
6635,Diffuse cutaneous systemic sclerosis,systemic sclerosis
6636,Dystonia-aphonia syndrome,Granular corneal dystrophy type I
6637,Mitochondrial myopathy with reversible cytochrome C oxidase deficiency,Congenital hypothyroidism due to maternal intake of antithyroid drugs
6638,Refractory anemia with excess blasts,Medulloblastoma
6639,Follicular lymphoma,"Autosomal dominant optic atrophy, classic form"
6640,Granulomatous slack skin,Charcot-Marie-Tooth disease type 4G
6641,Adult-onset foveomacular vitelliform dystrophy,Galactose mutarotase deficiency
6642,Idiopathic acute eosinophilic pneumonia,Congenital non-bullous ichthyosiform erythroderma
6643,Epithelial recurrent erosion dystrophy,Autosomal dominant Charcot-Marie-Tooth disease type 2Z
6644,graft versus host disease,Subcutaneous panniculitis-like T-cell lymphoma
6645,Chronic graft versus host disease,Classic neuroendocrine tumor of appendix
6646,Granular corneal dystrophy type II,"Primary dystonia, DYT4 type"
6647,Bernard-Soulier syndrome,Bothnia retinal dystrophy
6648,Gray platelet syndrome,Functioning gonadotropic adenoma
6649,Ichthyosis hystrix of Curth-Macklin,Adult-onset foveomacular vitelliform dystrophy
6650,"Autosomal recessive generalized dystrophic epidermolysis bullosa, intermediate form","Localized dystrophic epidermolysis bullosa, acral form"
6651,Primary sclerosing cholangitis,Cystic fibrosis
6652,Autosomal dominant optic atrophy plus syndrome,Idiopathic acute eosinophilic pneumonia
6653,TSH-secreting pituitary adenoma,Charcot-Marie-Tooth disease type 4C
6654,Bernard-Soulier syndrome,Fuchs endothelial corneal dystrophy
6655,neuroblastoma,Krabbe disease
6656,Leydig cell hypoplasia,Adult-onset foveomacular vitelliform dystrophy
6657,interstitial lung disease 2,Multifocal motor neuropathy
6658,autoimmune thrombocytopenic purpura,Medulloblastoma
6659,Ependymoma,intermediate uveitis
6660,"Primary dystonia, DYT21 type",Idiopathic acute eosinophilic pneumonia
6661,Chronic inflammatory demyelinating polyneuropathy,Cold agglutinin disease
6662,Mild hemophilia A,hemophilia A
6663,plasma cell myeloma,Castleman disease
6664,Adult-onset multiple mitochondrial DNA deletion syndrome due to DGUOK deficiency,Mantle cell lymphoma
6665,Prader-Willi syndrome due to maternal uniparental disomy of chromosome 15,Obesity due to leptin receptor gene deficiency
6666,Zollinger-Ellison syndrome,DNAJB6-related limb-girdle muscular dystrophy D1
6667,Adult-onset myasthenia gravis,"Autoimmune hemolytic anemia, warm type"
6668,Cryptogenic organizing pneumonia,Autosomal dominant Charcot-Marie-Tooth disease type 2A2
6669,Myasthenia gravis,Pemphigus vulgaris
6670,Bullous pemphigoid,Cold agglutinin disease
6671,Medulloblastoma,metachromatic leukodystrophy
6672,interstitial lung disease 2,systemic sclerosis
6673,Mucous membrane pemphigoid,Genetic steroid-resistant nephrotic syndrome
6674,8p11.2 deletion syndrome,Pure mitochondrial myopathy
6675,TRAPPC11-related limb-girdle muscular dystrophy R18,Idiopathic pulmonary hemosiderosis
6676,interstitial lung disease 2,Nephroblastoma
6677,GM1 gangliosidosis,MALT lymphoma
6678,Medium chain acyl-CoA dehydrogenase deficiency,Idiopathic acute eosinophilic pneumonia
6679,Focal palmoplantar and gingival keratoderma,Pituitary gigantism
6680,Alport syndrome,Genetic steroid-resistant nephrotic syndrome
6681,dermatomyositis,follicular lymphoma
6682,Kaposi\'s sarcoma,Pleural mesothelioma
6683,"Classic Hodgkin lymphoma, mixed cellularity type",Pleural mesothelioma
6684,Adult-onset multiple mitochondrial DNA deletion syndrome due to DGUOK deficiency,Macular corneal dystrophy
6685,glioblastoma,Gaucher disease
6686,Ataxia-telangiectasia,Friedreich ataxia
6687,Herpes simplex virus stromal keratitis,Zollinger-Ellison syndrome
6688,Ichthyosis-prematurity syndrome,Macular corneal dystrophy
6689,Severe combined immunodeficiency due to complete RAG1/2 deficiency,Adult-onset foveomacular vitelliform dystrophy
6690,Paroxysmal cold hemoglobinuria,Charcot-Marie-Tooth disease type 1B
6691,Male infertility with azoospermia or oligozoospermia due to single gene mutation,DNAJB6-related limb-girdle muscular dystrophy D1
6692,Benign schwannoma,Adult-onset foveomacular vitelliform dystrophy
6693,Harlequin ichthyosis,Pituitary gigantism
6694,Bullous pemphigoid,follicular lymphoma
6695,Transgrediens et progrediens palmoplantar keratoderma,Lattice corneal dystrophy type I
6696,Herpes simplex virus stromal keratitis,Autosomal dominant Charcot-Marie-Tooth disease type 2Y
6697,Neutral lipid storage myopathy,Adult-onset foveomacular vitelliform dystrophy
6698,Idiopathic steroid-sensitive nephrotic syndrome,eosinophilic granulomatosis with polyangiitis
6699,systemic lupus erythematosus,interstitial cystitis
6700,Congenital hereditary endothelial dystrophy type II,Charcot-Marie-Tooth disease type 4G
6701,Somatostatinoma,Medulloblastoma
6702,Pure mitochondrial myopathy,Addison disease
6703,glioblastoma,Cutaneous collagenous vasculopathy
6704,Mitochondrial myopathy with reversible cytochrome C oxidase deficiency,Xq27.3q28 duplication syndrome
6705,graft versus host disease,Burkitt lymphoma
6706,Granulomatosis with polyangiitis,Castleman disease
6707,Waldenstrom macroglobulinemia,biliary atresia
6708,Neuroendocrine neoplasm of appendix,Neuroendocrine tumor of the colon
6709,Neurotrophic keratopathy,Pituitary gigantism
6710,Best vitelliform macular dystrophy,Charcot-Marie-Tooth disease type 1F
6711,Immunoglobulin A vasculitis,Immune-mediated thrombotic thrombocytopenic purpura
6712,Mitochondrial myopathy with reversible cytochrome C oxidase deficiency,Autosomal dominant Charcot-Marie-Tooth disease type 2W
6713,sarcoidosis,Primary Sjgren syndrome
6714,Retinitis pigmentosa,Rheumatoid factor-positive polyarticular juvenile idiopathic arthritis
6715,mantle cell lymphoma,Primary systemic amyloidosis
6716,Self-improving collodion baby,Idiopathic acute eosinophilic pneumonia
6717,Epidermolytic palmoplantar keratoderma,Best vitelliform macular dystrophy
6718,Cutaneous neuroendocrine carcinoma,Thymic neuroendocrine tumor
6719,Carcinoid syndrome,Medulloblastoma
6720,plasma cell myeloma,metachromatic leukodystrophy
6721,Opsoclonus-myoclonus syndrome,Burkitt lymphoma
6722,Subependymoma,Adult-onset foveomacular vitelliform dystrophy
6723,MALT lymphoma,Acetazolamide-responsive myotonia
6724,Granulomatous slack skin,Granular corneal dystrophy type I
6725,Myxoid/round cell liposarcoma,Well-differentiated liposarcoma
6726,Acral peeling skin syndrome,Mantle cell lymphoma
6727,Focal palmoplantar and gingival keratoderma,Late-onset retinal degeneration
6728,Acute panmyelosis with myelofibrosis,Adult-onset foveomacular vitelliform dystrophy
6729,Paroxysmal cold hemoglobinuria,Granular corneal dystrophy type I
6730,Autosomal dominant centronuclear myopathy,Mutilating palmoplantar keratoderma with periorificial keratotic plaques
6731,multiple system atrophy,graft versus host disease
6732,Idiopathic/heritable pulmonary arterial hypertension,Refractory anemia with excess blasts
6733,Dravet syndrome,Rett syndrome
6734,Gray platelet syndrome,Ileal neuroendocrine tumor
6735,Complete atrioventricular septal defect,Eisenmenger syndrome
6736,Waldenstrom macroglobulinemia,Myxoid/round cell liposarcoma
6737,Systemic polyarteritis nodosa,Granulomatosis with polyangiitis
6738,"Classic Hodgkin lymphoma, mixed cellularity type",Subcutaneous panniculitis-like T-cell lymphoma
6739,Best vitelliform macular dystrophy,Adenylosuccinate synthetase-like 1-related distal myopathy
6740,systemic sclerosis,Waldenstrom macroglobulinemia
6741,Gray platelet syndrome,Respiratory bronchiolitis-interstitial lung disease syndrome
6742,"chronic myelogenous leukemia, BCR-ABL1 positive",Hereditary pulmonary alveolar proteinosis
6743,Beta-thalassemia intermedia,Moderate hemophilia B
6744,Classic Hodgkin lymphoma,Bronchial neuroendocrine tumor
6745,Neuroendocrine tumor of anal canal,Classic neuroendocrine tumor of appendix
6746,Focal palmoplantar and gingival keratoderma,Mitochondrial myopathy with reversible cytochrome C oxidase deficiency
6747,liposarcoma,Classic Hodgkin lymphoma
6748,Autosomal dominant Charcot-Marie-Tooth disease type 2Z,Macular corneal dystrophy
6749,achondroplasia,Cholangiocarcinoma
6750,Fabry disease,GM1 gangliosidosis
6751,Autosomal recessive axonal neuropathy with neuromyotonia,Idiopathic acute eosinophilic pneumonia
6752,PPoma,Autosomal dominant Charcot-Marie-Tooth disease type 2K
6753,essential thrombocythemia,Hepatitis delta
6754,Carcinoid syndrome,Acromegaly
6755,Intrahepatic cholestasis of pregnancy,Primary sclerosing cholangitis
6756,Idiopathic acute eosinophilic pneumonia,Granular corneal dystrophy type II
6757,Short-limb skeletal dysplasia with severe combined immunodeficiency,Adult-onset foveomacular vitelliform dystrophy
6758,Pure mitochondrial myopathy,Familial drusen
6759,Lethal infantile mitochondrial myopathy,Autosomal dominant Charcot-Marie-Tooth disease type 2K
6760,Retinitis punctata albescens,"Primary dystonia, DYT13 type"
6761,Duchenne muscular dystrophy,Primary myelofibrosis
6762,Neurotrophic keratopathy,Adult-onset distal myopathy due to VCP mutation
6763,Hemiparkinsonism-hemiatrophy syndrome,Adult-onset foveomacular vitelliform dystrophy
6764,Congenital ichthyosis-microcephalus-tetraplegia syndrome,Zollinger-Ellison syndrome
6765,Bullous pemphigoid,systemic lupus erythematosus
6766,Chronic graft versus host disease,systemic sclerosis
6767,Granulomatous slack skin,Macular corneal dystrophy
6768,Autosomal dominant optic atrophy plus syndrome,Somatomammotropinoma
6769,Idiopathic pulmonary fibrosis,Macular corneal dystrophy
6770,Wiskott-Aldrich syndrome,MYH9-related disease
6771,liposarcoma,meningioma
6772,Burkitt lymphoma,Immune-mediated thrombotic thrombocytopenic purpura
6773,Neuroendocrine tumor of the colon,Classic neuroendocrine tumor of appendix
6774,Herpes simplex virus stromal keratitis,Focal palmoplantar and gingival keratoderma
6775,autoimmune thrombocytopenic purpura,thymoma
6776,microscopic polyangiitis,Waldenstrom macroglobulinemia
6777,Beta-thalassemia,Castleman disease
6778,Bleeding disorder in hemophilia A carriers,Bleeding disorder in hemophilia B carriers
6779,hemophilia A,essential thrombocythemia
6780,Primary hyperoxaluria type 1,Primary hyperoxaluria
6781,Pineoblastoma,Bronchial neuroendocrine tumor
6782,Eales disease,MALT lymphoma
6783,Mutilating palmoplantar keratoderma with periorificial keratotic plaques,Charcot-Marie-Tooth disease type 4G
6784,Adult-onset foveomacular vitelliform dystrophy,Bathing suit ichthyosis
6785,Best vitelliform macular dystrophy,Insulinoma
6786,Beta-thalassemia,acquired polycythemia vera
6787,Squamous cell carcinoma of the esophagus,Atypical teratoid rhabdoid tumor
6788,Somatomammotropinoma,Autosomal recessive Charcot-Marie-Tooth disease with hoarseness
6789,Lethal infantile mitochondrial myopathy,Autoimmune pulmonary alveolar proteinosis
6790,Somatostatinoma,Neuroendocrine tumor of the rectum
6791,Pure mitochondrial myopathy,Epithelial recurrent erosion dystrophy
6792,microscopic polyangiitis,Krabbe disease
6793,Bernard-Soulier syndrome,Severe early-childhood-onset retinal dystrophy
6794,Sporadic pheochromocytoma/secreting paraganglioma,gastrointestinal stromal tumor
6795,Cold agglutinin disease,mantle cell lymphoma
6796,Mitochondrial myopathy with reversible cytochrome C oxidase deficiency,Acquired von Willebrand syndrome
6797,Bullous pemphigoid,graft versus host disease
6798,Medullary thyroid carcinoma,Multiple endocrine neoplasia type 2B
6799,Zollinger-Ellison syndrome,Familial drusen
6800,Immunoglobulin A vasculitis,Systemic-onset juvenile idiopathic arthritis
6801,Idiopathic aplastic anemia,Adult-onset foveomacular vitelliform dystrophy
6802,metachromatic leukodystrophy,AL amyloidosis
6803,"Primary dystonia, DYT27 type",Idiopathic acute eosinophilic pneumonia
6804,neovascular glaucoma,Cholangiocarcinoma
6805,dermatomyositis,essential thrombocythemia
6806,Kearns-Sayre syndrome,Mitochondrial DNA-related progressive external ophthalmoplegia
6807,plasma cell myeloma,Wilson disease
6808,Sporadic pheochromocytoma/secreting paraganglioma,Undifferentiated pleomorphic sarcoma
6809,interstitial lung disease 2,Squamous cell carcinoma of the esophagus
6810,Pure mitochondrial myopathy,Somatomammotropinoma
6811,Dehydrated hereditary stomatocytosis,Best vitelliform macular dystrophy
6812,Ependymoma,Best vitelliform macular dystrophy
6813,Neuroendocrine tumor of stomach,Full NF2-related schwannomatosis
6814,Cryptogenic organizing pneumonia,Antisynthetase syndrome
6815,intermediate uveitis,Tufted angioma
6816,Autosomal dominant Charcot-Marie-Tooth disease type 2W,Insulinoma
6817,biliary atresia,graft versus host disease
6818,Becker muscular dystrophy,Severe hemophilia A
6819,DNAJB6-related limb-girdle muscular dystrophy D1,Bothnia retinal dystrophy
6820,autoimmune thrombocytopenic purpura,microscopic polyangiitis
6821,Bernard-Soulier syndrome,TRAPPC11-related limb-girdle muscular dystrophy R18
6822,Fabry disease,"GM2 gangliosidosis, AB variant"
6823,"Autosomal recessive generalized dystrophic epidermolysis bullosa, severe form",Recessive dystrophic epidermolysis bullosa inversa
6824,glioblastoma,Myxoid/round cell liposarcoma
6825,Desmoplastic small round cell tumor,follicular lymphoma
6826,"Adult-onset cervical dystonia, DYT23 type",Familial drusen
6827,Congenital bile acid synthesis defect type 2,Adult-onset foveomacular vitelliform dystrophy
6828,osteogenesis imperfecta,Osteogenesis imperfecta type 2
6829,Undifferentiated pleomorphic sarcoma,Cutaneous neuroendocrine carcinoma
6830,sarcoidosis,"chronic myelogenous leukemia, BCR-ABL1 positive"
6831,Pyoderma gangrenosum,Leber hereditary optic neuropathy
6832,Familial Mediterranean fever,Muckle-Wells syndrome
6833,meningioma,Beta-thalassemia
6834,Neuroendocrine neoplasm of appendix,Thymic neuroendocrine tumor
6835,"Adult-onset cervical dystonia, DYT23 type",Thiel-Behnke corneal dystrophy
6836,Solitary fibrous tumor,Primary peritoneal carcinoma
6837,Congenital hereditary endothelial dystrophy type II,Charcot-Marie-Tooth disease type 4A
6838,Isolated polycystic liver disease,Glucagonoma
6839,Spastic paraplegia-precocious puberty syndrome,MALT lymphoma
6840,Severe early-childhood-onset retinal dystrophy,Idiopathic pulmonary fibrosis
6841,eosinophilic granulomatosis with polyangiitis,Autoimmune hepatitis
6842,paroxysmal nocturnal hemoglobinuria,systemic lupus erythematosus
6843,meningioma,Craniopharyngioma
6844,Duchenne muscular dystrophy,FKRP-related limb-girdle muscular dystrophy R9
6845,Aicardi-Goutires syndrome,Frontotemporal dementia with motor neuron disease
6846,Lethal infantile mitochondrial myopathy,Multifocal lymphangioendotheliomatosis-thrombocytopenia syndrome
6847,PMM2-CDG,Chronic thromboembolic pulmonary hypertension
6848,Idiopathic acute eosinophilic pneumonia,Bothnia retinal dystrophy
6849,Rhabdoid tumor,Well-differentiated liposarcoma
6850,Drug-induced autoimmune hemolytic anemia,Primary Sjgren syndrome
6851,Asbestos intoxication,Late-onset retinal degeneration
6852,Congenital hereditary endothelial dystrophy type II,Cranio-cervical dystonia with laryngeal and upper-limb involvement
6853,plasma cell myeloma,Nephroblastoma
6854,Kaposi\'s sarcoma,plasma cell myeloma
6855,eosinophilic granulomatosis with polyangiitis,Myasthenia gravis
6856,Acute interstitial pneumonia,Granular corneal dystrophy type II
6857,Chronic inflammatory demyelinating polyneuropathy,Myasthenia gravis
6858,Amyotrophic lateral sclerosis,Bronchopulmonary dysplasia
6859,Cystic fibrosis,Friedreich ataxia
6860,Autosomal dominant spastic ataxia type 1,Adult-onset foveomacular vitelliform dystrophy
6861,Central neurocytoma,Neurofibroma
6862,Neurotrophic keratopathy,Short chain acyl-CoA dehydrogenase deficiency
6863,Sandhoff disease,Castleman disease
6864,Hypercholesterolemia due to cholesterol 7alpha-hydroxylase deficiency,Adult-onset foveomacular vitelliform dystrophy
6865,neuroblastoma,Somatostatinoma
6866,Idiopathic/heritable pulmonary arterial hypertension,Lymphoid interstitial pneumonia
6867,Acute disseminated encephalomyelitis with anti-MOG antibodies,Adult-onset myasthenia gravis
6868,hemophilia A,eosinophilic granulomatosis with polyangiitis
6869,Pure mitochondrial myopathy,"Hereditary palmoplantar keratoderma, Gamborg-Nielsen type"
6870,Somatomammotropinoma,Syndromic recessive X-linked ichthyosis
6871,Herpes simplex virus stromal keratitis,Lethal infantile mitochondrial myopathy
6872,Asbestos intoxication,Paris-Trousseau thrombocytopenia
6873,Amyotrophic lateral sclerosis,Adult-onset myasthenia gravis
6874,liposarcoma,GM1 gangliosidosis
6875,Self-improving collodion baby,Follicular lymphoma
6876,sarcoidosis,follicular lymphoma
6877,Prolactinoma,Combined oxidative phosphorylation defect type 13
6878,Vascular Ehlers-Danlos syndrome,mantle cell lymphoma
6879,Best vitelliform macular dystrophy,Autosomal recessive spastic paraplegia type 14
6880,"Classic Hodgkin lymphoma, lymphocyte-depleted type",mantle cell lymphoma
6881,Adult-onset multiple mitochondrial DNA deletion syndrome due to DGUOK deficiency,Lattice corneal dystrophy type I
6882,Eisenmenger syndrome,Giant cell arteritis
6883,Atypical hemolytic uremic syndrome,Adult-onset myasthenia gravis
6884,Dysferlin-related limb-girdle muscular dystrophy R2,MALT lymphoma
6885,Early-onset generalized limb-onset dystonia,Epithelial recurrent erosion dystrophy
6886,Epithelial recurrent erosion dystrophy,TSH-secreting pituitary adenoma
6887,VIPoma,Granular corneal dystrophy type II
6888,Glucagonoma,Charcot-Marie-Tooth disease type 4B2
6889,osteogenesis imperfecta,follicular lymphoma
6890,\xc3\x85land Islands eye disease,TRAPPC11-related limb-girdle muscular dystrophy R18
6891,Respiratory bronchiolitis-interstitial lung disease syndrome,Charcot-Marie-Tooth disease type 4B2
6892,glioblastoma,Aggressive systemic mastocytosis
6893,microscopic polyangiitis,hemophilia A
6894,Primary myelofibrosis,Diffuse cutaneous systemic sclerosis
6895,Somatomammotropinoma,Cranio-cervical dystonia with laryngeal and upper-limb involvement
6896,Epidermolysis bullosa simplex with pyloric atresia,MALT lymphoma
6897,interstitial lung disease 2,Solitary fibrous tumor
6898,eosinophilic granulomatosis with polyangiitis,plasma cell myeloma
6899,Inclusion body myositis,tuberous sclerosis
6900,Turner syndrome,Short stature due to partial GHR deficiency
6901,Beta-thalassemia,Complex regional pain syndrome
6902,Cryptogenic organizing pneumonia,Macular corneal dystrophy
6903,Autosomal dominant epidermolytic ichthyosis,MALT lymphoma
6904,MALT lymphoma,Zebra body myopathy
6905,Short-limb skeletal dysplasia with severe combined immunodeficiency,Pure mitochondrial myopathy
6906,interstitial lung disease 2,"Autoimmune hemolytic anemia, warm type"
6907,Idiopathic/heritable pulmonary arterial hypertension,Hereditary breast and/or ovarian cancer syndrome
6908,Best vitelliform macular dystrophy,Myotonia fluctuans
6909,systemic lupus erythematosus,Behet disease
6910,Herpes simplex virus stromal keratitis,Familial pseudohyperkalemia
6911,\xc3\x85land Islands eye disease,Pediatric hepatocellular carcinoma
6912,Keratosis palmaris et plantaris-clinodactyly syndrome,Pituitary gigantism
6913,S\xc3\xa9zary syndrome,Gray platelet syndrome
6914,Neurofibromatosis type 1,Full NF2-related schwannomatosis
6915,Desmoplastic small round cell tumor,Thymic neuroendocrine tumor
6916,Lennox-Gastaut syndrome,Huntington disease
6917,MALT lymphoma,Epidermolysis bullosa simplex with mottled pigmentation
6918,Huriez syndrome,Retinitis punctata albescens
6919,Cold agglutinin disease,Immunoglobulin A vasculitis
6920,Lethal infantile mitochondrial myopathy,Zollinger-Ellison syndrome
6921,Congenital hereditary endothelial dystrophy type II,"Primary dystonia, DYT27 type"
6922,Leukoencephalopathy-palmoplantar keratoderma syndrome,Lethal infantile mitochondrial myopathy
6923,Adult-onset foveomacular vitelliform dystrophy,Squamous cell carcinoma of the esophagus
6924,Myxoid/round cell liposarcoma,Idiopathic uveal effusion syndrome
6925,Rheumatoid factor-positive polyarticular juvenile idiopathic arthritis,Idiopathic panuveitis
6926,Mantle cell lymphoma,Autosomal dominant Charcot-Marie-Tooth disease type 2A2
6927,Desmoid tumor,Aggressive systemic mastocytosis
6928,systemic lupus erythematosus,Myasthenia gravis
6929,"Hereditary palmoplantar keratoderma, Gamborg-Nielsen type",Thiel-Behnke corneal dystrophy
6930,Adult-onset foveomacular vitelliform dystrophy,Charcot-Marie-Tooth disease type 1A
6931,Congenital ichthyosis-microcephalus-tetraplegia syndrome,Thiel-Behnke corneal dystrophy
6932,Waldenstrom macroglobulinemia,Tay-Sachs disease
6933,Amyotrophic lateral sclerosis,Duchenne muscular dystrophy
6934,Opsoclonus-myoclonus syndrome,"Autoimmune hemolytic anemia, warm type"
6935,TRAPPC11-related limb-girdle muscular dystrophy R18,Infant acute respiratory distress syndrome
6936,Mitochondrial myopathy with reversible cytochrome C oxidase deficiency,Cryptogenic organizing pneumonia
6937,Uveal melanoma,Solitary fibrous tumor
6938,Recurrent infections associated with rare immunoglobulin isotypes deficiency,Adult-onset foveomacular vitelliform dystrophy
6939,Burkitt lymphoma,follicular lymphoma
6940,Ataxia-telangiectasia,AL amyloidosis
6941,tuberous sclerosis,Dravet syndrome
6942,Acute graft versus host disease,Classic Hodgkin lymphoma
6943,osteogenesis imperfecta,Sandhoff disease
6944,Spastic paraplegia-neuropathy-poikiloderma syndrome,Adult-onset foveomacular vitelliform dystrophy
6945,Ependymoma,Sporadic pheochromocytoma/secreting paraganglioma
6946,interstitial lung disease 2,Chronic graft versus host disease
6947,Herpes simplex virus stromal keratitis,Cryptogenic organizing pneumonia
6948,Opsoclonus-myoclonus syndrome,AL amyloidosis
6949,Long chain 3-hydroxyacyl-CoA dehydrogenase deficiency,Mitochondrial trifunctional protein deficiency
6950,Macular corneal dystrophy,Charcot-Marie-Tooth disease type 4G
6951,Bronchial neuroendocrine tumor,Cutaneous neuroendocrine carcinoma
6952,plasma cell myeloma,Rheumatoid factor-negative polyarticular juvenile idiopathic arthritis
6953,hemophilia A,Primary biliary cholangitis
6954,Early-onset generalized limb-onset dystonia,Familial drusen
6955,Mucous membrane pemphigoid,polymyositis
6956,Neurofibromatosis type 1,Neuroendocrine tumor of the rectum
6957,Pure mitochondrial myopathy,10q22.3q23.3 microdeletion syndrome
6958,Pleomorphic liposarcoma,Dermatofibrosarcoma protuberans
6959,Long chain 3-hydroxyacyl-CoA dehydrogenase deficiency,Glycogen storage disease due to muscle glycogen phosphorylase deficiency
6960,3-methylglutaconic aciduria type 3,Mantle cell lymphoma
6961,Late-onset junctional epidermolysis bullosa,Intermediate generalized junctional epidermolysis bullosa
6962,Idiopathic acute eosinophilic pneumonia,Adenylosuccinate synthetase-like 1-related distal myopathy
6963,Osteosarcoma,Squamous cell carcinoma of the esophagus
6964,Hyperimmunoglobulinemia D with periodic fever,CINCA syndrome
6965,Cutaneous collagenous vasculopathy,Primary peritoneal carcinoma
6966,Fuchs endothelial corneal dystrophy,Autosomal dominant Charcot-Marie-Tooth disease type 2A2
6967,Distal trisomy 6p,Pure mitochondrial myopathy
6968,Craniopharyngioma,mantle cell lymphoma
6969,Ataxia-telangiectasia,Autosomal dominant polycystic kidney disease
6970,Somatomammotropinoma,Autosomal dominant Charcot-Marie-Tooth disease type 2Y
6971,Mitochondrial myopathy with reversible cytochrome C oxidase deficiency,Mendelian susceptibility to mycobacterial diseases due to partial IRF8 deficiency
6972,Oligocone trichromacy,Charcot-Marie-Tooth disease type 4A
6973,hemophilia A,interstitial lung disease 2
6974,Paris-Trousseau thrombocytopenia,PPoma
6975,Systemic mastocytosis with associated hematologic neoplasm,gastrointestinal stromal tumor
6976,Autosomal dominant Charcot-Marie-Tooth disease type 2W,Retinitis punctata albescens
6977,glioblastoma,Osteosarcoma
6978,Stargardt disease,Cranio-cervical dystonia with laryngeal and upper-limb involvement
6979,Idiopathic acute eosinophilic pneumonia,DNAJB6-related limb-girdle muscular dystrophy D1
6980,Lethal infantile mitochondrial myopathy,Huriez syndrome
6981,neuroblastoma,Glucagonoma
6982,Solitary fibrous tumor,Cutaneous collagenous vasculopathy
6983,Pure mitochondrial myopathy,Oguchi disease
6984,Distal myopathy with anterior tibial onset,MALT lymphoma
6985,Ophthalmomandibulomelic dysplasia,Combined oxidative phosphorylation defect type 13
6986,Herpes simplex virus stromal keratitis,Medium chain acyl-CoA dehydrogenase deficiency
6987,Glucagonoma,Thiel-Behnke corneal dystrophy
6988,Thymoma type B,Solitary fibrous tumor
6989,Cushing syndrome due to ectopic ACTH secretion,Bronchial neuroendocrine tumor
6990,X-linked endothelial corneal dystrophy,Autosomal dominant Charcot-Marie-Tooth disease type 2F
6991,Epidermolytic palmoplantar keratoderma,Pure mitochondrial myopathy
6992,Pure mitochondrial myopathy,Distal monosomy 10q
6993,Elastosis perforans serpiginosa,Adult-onset foveomacular vitelliform dystrophy
6994,tuberous sclerosis,Neuroendocrine tumor of the colon
6995,interstitial lung disease 2,glycogen storage disease II
6996,Monosomy 18p,Zollinger-Ellison syndrome
6997,X-linked endothelial corneal dystrophy,Idiopathic acute eosinophilic pneumonia
6998,mantle cell lymphoma,metachromatic leukodystrophy
6999,Familial drusen,Autosomal dominant Charcot-Marie-Tooth disease type 2F
7000,microscopic polyangiitis,Mixed-type autoimmune hemolytic anemia
7001,Amyotrophic lateral sclerosis,Idiopathic/heritable pulmonary arterial hypertension
7002,Chronic graft versus host disease,mantle cell lymphoma
7003,Lethal infantile mitochondrial myopathy,Chronic pneumonitis of infancy
7004,Cold agglutinin disease,Charcot-Marie-Tooth disease type 4B2
7005,Cryptogenic organizing pneumonia,Charcot-Marie-Tooth disease type 1A
7006,allergic bronchopulmonary aspergillosis,coccidioidomycosis
7007,gastrointestinal stromal tumor,Myxoid/round cell liposarcoma
7008,Catastrophic antiphospholipid syndrome,follicular lymphoma
7009,intermediate uveitis,eosinophilic granulomatosis with polyangiitis
7010,Fabry disease,Sandhoff disease
7011,Classic Hodgkin lymphoma,Continuous spikes and waves during sleep
7012,Dystrophic epidermolysis bullosa pruriginosa,Refractory anemia with excess blasts type 1
7013,Ileal neuroendocrine tumor,neuroblastoma
7014,\xc3\x85land Islands eye disease,Autosomal dominant Charcot-Marie-Tooth disease type 2K
7015,"Primary dystonia, DYT27 type",Fuchs endothelial corneal dystrophy
7016,Kaposi\'s sarcoma,Dedifferentiated liposarcoma
7017,Late-onset retinal degeneration,"Primary dystonia, DYT2 type"
7018,Classic mycosis fungoides,Oligocone trichromacy
7019,Idiopathic acute eosinophilic pneumonia,Charcot-Marie-Tooth disease type 4C
7020,Enthesitis-related juvenile idiopathic arthritis,Oligoarticular juvenile idiopathic arthritis
7021,Paroxysmal exertion-induced dyskinesia,Adult-onset foveomacular vitelliform dystrophy
7022,Ependymoma,Adrenocortical carcinoma
7023,Catastrophic antiphospholipid syndrome,Polyarteritis nodosa
7024,"chronic myelogenous leukemia, BCR-ABL1 positive",acquired polycythemia vera
7025,Undifferentiated pleomorphic sarcoma,Dermatofibrosarcoma protuberans
7026,Autosomal dominant Charcot-Marie-Tooth disease type 2W,Pituitary gigantism
7027,DNAJB6-related limb-girdle muscular dystrophy D1,Refractory anemia
7028,Diffuse palmoplantar keratoderma-acrocyanosis syndrome,Lattice corneal dystrophy type I
7029,Mitochondrial myopathy with reversible cytochrome C oxidase deficiency,DNAJB6-related limb-girdle muscular dystrophy D1
7030,Ependymoma,Myxoid/round cell liposarcoma
7031,Mantle cell lymphoma,Charcot-Marie-Tooth disease type 4G
7032,Gray platelet syndrome,X-linked severe congenital neutropenia
7033,Birdshot chorioretinopathy,TRAPPC11-related limb-girdle muscular dystrophy R18
7034,sarcoidosis,Beta-thalassemia
7035,Asbestos intoxication,X-linked endothelial corneal dystrophy
7036,autoimmune thrombocytopenic purpura,Castleman disease
7037,Neurotrophic keratopathy,Respiratory bronchiolitis-interstitial lung disease syndrome
7038,Lethal infantile mitochondrial myopathy,Adult-onset foveomacular vitelliform dystrophy
7039,"b""Rolandic epilepsy-paroxysmal exercise-induced dystonia-writer's cramp syndrome""",Adult-onset foveomacular vitelliform dystrophy
7040,Solitary fibrous tumor,Adenocarcinoma of the esophagus
7041,Paris-Trousseau thrombocytopenia,Late-onset retinal degeneration
7042,thymoma,Sandhoff disease
7043,Undifferentiated pleomorphic sarcoma,Hereditary pheochromocytoma-paraganglioma
7044,Oligoarticular juvenile idiopathic arthritis,Rheumatoid factor-negative polyarticular juvenile idiopathic arthritis
7045,graft versus host disease,glycogen storage disease II
7046,Acral self-healing collodion baby,Mantle cell lymphoma
7047,Combined oxidative phosphorylation defect type 13,Severe early-childhood-onset retinal dystrophy
7048,Thymic carcinoma,Cholangiocarcinoma
7049,Idiopathic/heritable pulmonary arterial hypertension,Waldenstrom macroglobulinemia
7050,Bothnia retinal dystrophy,Charcot-Marie-Tooth disease type 4G
7051,Asbestos intoxication,Charcot-Marie-Tooth disease type 4A
7052,Undifferentiated pleomorphic sarcoma,Bronchial neuroendocrine tumor
7053,Mucous membrane pemphigoid,Pediatric systemic lupus erythematosus
7054,Oligocone trichromacy,Charcot-Marie-Tooth disease type 4G
7055,Cerebellar hypoplasia-tapetoretinal degeneration syndrome,Mitochondrial myopathy with reversible cytochrome C oxidase deficiency
7056,Osteosarcoma,intermediate uveitis
7057,Uveal melanoma,plasma cell myeloma
7058,Ileal neuroendocrine tumor,Medullary thyroid carcinoma
7059,Severe early-childhood-onset retinal dystrophy,Keratosis palmaris et plantaris-clinodactyly syndrome
7060,Stargardt disease,Chronic beryllium disease
7061,glioblastoma,Hemophilia B
7062,"Autoimmune hemolytic anemia, warm type",Mixed-type autoimmune hemolytic anemia
7063,Autosomal recessive spastic paraplegia type 63,Adult-onset foveomacular vitelliform dystrophy
7064,eosinophilic granulomatosis with polyangiitis,Granulomatosis with polyangiitis
7065,Lethal infantile mitochondrial myopathy,Acquired purpura fulminans
7066,Functioning gonadotropic adenoma,Charcot-Marie-Tooth disease type 1F
7067,Dystonia-aphonia syndrome,Mutilating palmoplantar keratoderma with periorificial keratotic plaques
7068,Von Willebrand disease type 2M,Von Willebrand disease type 1
7069,Hermansky-Pudlak syndrome,Idiopathic pulmonary hemosiderosis
7070,Osteosarcoma,Myxoid/round cell liposarcoma
7071,Tetrasomy 18p,Mitochondrial myopathy with reversible cytochrome C oxidase deficiency
7072,"Adult-onset cervical dystonia, DYT23 type",Granular corneal dystrophy type I
7073,Pediatric hepatocellular carcinoma,Autosomal dominant Charcot-Marie-Tooth disease type 2E
7074,Acral peeling skin syndrome,Follicular lymphoma
7075,Multiple endocrine neoplasia type 2A,Multiple endocrine neoplasia type 2B
7076,DNA2-related mitochondrial DNA deletion syndrome,Pediatric hepatocellular carcinoma
7077,autoimmune thrombocytopenic purpura,Adult acute respiratory distress syndrome
7078,MALT lymphoma,Autosomal dominant spastic paraplegia type 29
7079,liposarcoma,Primary peritoneal carcinoma
7080,glioblastoma,Medullary thyroid carcinoma
7081,Lethal infantile mitochondrial myopathy,Oguchi disease
7082,Peritoneal cystic mesothelioma,Pleural mesothelioma
7083,Hereditary hyperferritinemia-cataract syndrome,Pure mitochondrial myopathy
7084,Chronic graft versus host disease,Mixed-type autoimmune hemolytic anemia
7085,DNA2-related mitochondrial DNA deletion syndrome,Respiratory bronchiolitis-interstitial lung disease syndrome
7086,Craniopharyngioma,neuroblastoma
7087,Infant acute respiratory distress syndrome,Thiel-Behnke corneal dystrophy
7088,"Classic Hodgkin lymphoma, mixed cellularity type","Classic Hodgkin lymphoma, nodular sclerosis type"
7089,Neurofibromatosis type 1,Noonan syndrome
7090,"Autosomal dominant focal dystonia, DYT25 type",Macular corneal dystrophy
7091,Mitochondrial myopathy with reversible cytochrome C oxidase deficiency,17q12 microdeletion syndrome
7092,Lethal infantile mitochondrial myopathy,Kasabach-Merritt syndrome
7093,liposarcoma,Hereditary pheochromocytoma-paraganglioma
7094,sarcoidosis,plasma cell myeloma
7095,Acral peeling skin syndrome,Best vitelliform macular dystrophy
7096,Lethal infantile mitochondrial myopathy,Classic mycosis fungoides
7097,Adult-onset foveomacular vitelliform dystrophy,Charcot-Marie-Tooth disease type 4C
7098,Adult-onset multiple mitochondrial DNA deletion syndrome due to DGUOK deficiency,Granular corneal dystrophy type II
7099,Carnitine palmitoyltransferase II deficiency,Primary biliary cholangitis
7100,Infant acute respiratory distress syndrome,Charcot-Marie-Tooth disease type 4D
7101,NMDA receptor encephalitis,MALT lymphoma
7102,Neurotrophic keratopathy,"Primary dystonia, DYT21 type"
7103,Focal palmoplantar and gingival keratoderma,Lattice corneal dystrophy type I
7104,Hyperinsulinism due to UCP2 deficiency,Adult-onset foveomacular vitelliform dystrophy
7105,Anaplastic thyroid carcinoma,Squamous cell carcinoma of the esophagus
7106,Retinitis punctata albescens,Charcot-Marie-Tooth disease type 1B
7107,neuroblastoma,Atypical teratoid rhabdoid tumor
7108,Somatostatinoma,Charcot-Marie-Tooth disease type 1F
7109,Cystic fibrosis,Vitamin B12-responsive methylmalonic acidemia
7110,Monosomy 18p,VIPoma
7111,Myoclonus-dystonia syndrome,MALT lymphoma
7112,Cholangiocarcinoma,Squamous cell carcinoma of the anal canal
7113,Young-onset Parkinson disease,Hereditary late-onset Parkinson disease
7114,Somatomammotropinoma,Charcot-Marie-Tooth disease type 4C
7115,Huriez syndrome,Adult-onset foveomacular vitelliform dystrophy
7116,Huntington disease,Carnitine-acylcarnitine translocase deficiency
7117,Combined oxidative phosphorylation defect type 13,Bothnia retinal dystrophy
7118,Idiopathic pulmonary fibrosis,Fuchs endothelial corneal dystrophy
7119,Bronchial neuroendocrine tumor,Squamous cell carcinoma of the anal canal
7120,sarcoidosis,Primary ciliary dyskinesia
7121,Palmoplantar keratoderma-spastic paralysis syndrome,TRAPPC11-related limb-girdle muscular dystrophy R18
7122,Infant acute respiratory distress syndrome,Adult acute respiratory distress syndrome
7123,Granulomatosis with polyangiitis,Autoimmune hepatitis
7124,Cystic fibrosis,Systemic-onset juvenile idiopathic arthritis
7125,Oligocone trichromacy,MALT lymphoma
7126,Duchenne muscular dystrophy,Leber hereditary optic neuropathy
7127,Combined immunodeficiency due to DOCK8 deficiency,Adult-onset foveomacular vitelliform dystrophy
7128,Mitochondrial myopathy with reversible cytochrome C oxidase deficiency,Prolactinoma
7129,glioblastoma,Myasthenia gravis
7130,Infant acute respiratory distress syndrome,Retinitis punctata albescens
7131,Bernard-Soulier syndrome,Mitochondrial myopathy with reversible cytochrome C oxidase deficiency
7132,Bullous pemphigoid,interstitial cystitis
7133,Congenital stationary night blindness,Mendelian susceptibility to mycobacterial diseases due to complete IL12RB1 deficiency
7134,Intrahepatic cholestasis of pregnancy,Primary biliary cholangitis
7135,MALT lymphoma,Ichthyosis-prematurity syndrome
7136,Best vitelliform macular dystrophy,Charcot-Marie-Tooth disease type 4B2
7137,Isolated sedoheptulokinase deficiency,MALT lymphoma
7138,Functioning gonadotropic adenoma,Charcot-Marie-Tooth disease type 4B2
7139,Duchenne muscular dystrophy,Myasthenia gravis
7140,X-linked endothelial corneal dystrophy,"Adult-onset cervical dystonia, DYT23 type"
7141,Cutaneous collagenous vasculopathy,Thymic neuroendocrine tumor
7142,Familial Mediterranean fever,Schnitzler syndrome
7143,neuroblastoma,Wilson disease
7144,"Primary dystonia, DYT21 type",Granular corneal dystrophy type I
7145,Cholangiocarcinoma,Giant cell glioblastoma
7146,tuberous sclerosis,Classic Hodgkin lymphoma
7147,Bleeding disorder in hemophilia A carriers,Moderate hemophilia B
7148,Primary myelofibrosis,Gliosarcoma
7149,Autosomal dominant centronuclear myopathy,Follicular lymphoma
7150,Glycogen storage disease due to hepatic glycogen synthase deficiency,Adult-onset foveomacular vitelliform dystrophy
7151,Stargardt disease,Pediatric hepatocellular carcinoma
7152,Best vitelliform macular dystrophy,Epidermolysis bullosa simplex with mottled pigmentation
7153,Gaucher disease,eosinophilic granulomatosis with polyangiitis
7154,Pure mitochondrial myopathy,Autosomal dominant Charcot-Marie-Tooth disease type 2Y
7155,Keratosis palmaris et plantaris-clinodactyly syndrome,Macular corneal dystrophy
7156,systemic sclerosis,Antisynthetase syndrome
7157,Behet disease,Immune-mediated necrotizing myopathy
7158,Combined oxidative phosphorylation defect type 13,Cold agglutinin disease
7159,Mendelian susceptibility to mycobacterial diseases due to complete IL12RB1 deficiency,DNAJB6-related limb-girdle muscular dystrophy D1
7160,Autosomal recessive spastic paraplegia type 74,Adult-onset foveomacular vitelliform dystrophy
7161,"Classic Hodgkin lymphoma, mixed cellularity type",Primary peritoneal carcinoma
7162,Autosomal recessive spastic paraplegia type 39,Adult-onset foveomacular vitelliform dystrophy
7163,\xc3\x85land Islands eye disease,Dystonia-aphonia syndrome
7164,Congenital stationary night blindness,Male infertility with teratozoospermia due to single gene mutation
7165,Idiopathic acute eosinophilic pneumonia,"Autosomal dominant optic atrophy, classic form"
7166,Dermatofibrosarcoma protuberans,Cutaneous neuroendocrine carcinoma
7167,DNAJB6-related limb-girdle muscular dystrophy D1,VIPoma
7168,Neuroendocrine tumor of stomach,Uveal melanoma
7169,Classic mycosis fungoides,MALT lymphoma
7170,Congenital ichthyosis-microcephalus-tetraplegia syndrome,Follicular lymphoma
7171,MALT lymphoma,Autosomal dominant spastic paraplegia type 13
7172,Neurofibromatosis type 1,graft versus host disease
7173,Generalized epilepsy with febrile seizures-plus,Dravet syndrome
7174,Primary sclerosing cholangitis,Isolated complex I deficiency
7175,Beta-thalassemia,neuroblastoma
7176,Duchenne muscular dystrophy,Rheumatoid factor-negative polyarticular juvenile idiopathic arthritis
7177,Osteogenesis imperfecta type 4,Osteogenesis imperfecta type 2
7178,Pituicytoma,Paris-Trousseau thrombocytopenia
7179,Myasthenia gravis,Pemphigus foliaceus
7180,Paris-Trousseau thrombocytopenia,Chronic pneumonitis of infancy
7181,neuroblastoma,Adrenocortical carcinoma
7182,Autosomal dominant centronuclear myopathy,Granular corneal dystrophy type I
7183,sarcoidosis,Addison disease
7184,mantle cell lymphoma,Subcutaneous panniculitis-like T-cell lymphoma
7185,Primary myelofibrosis,systemic sclerosis
7186,sarcoidosis,tuberous sclerosis
7187,Infantile-onset X-linked spinal muscular atrophy,Proximal spinal muscular atrophy type 3
7188,autoimmune thrombocytopenic purpura,Pediatric systemic lupus erythematosus
7189,liposarcoma,Well-differentiated liposarcoma
7190,Polyneuropathy associated with IgM monoclonal gammopathy with anti-MAG,Idiopathic steroid-sensitive nephrotic syndrome
7191,"chronic myelogenous leukemia, BCR-ABL1 positive",Acute lung injury
7192,Cold agglutinin disease,Autosomal dominant Charcot-Marie-Tooth disease type 2A2
7193,Bleeding disorder in hemophilia A carriers,Severe hemophilia A
7194,Palmoplantar keratoderma-spastic paralysis syndrome,Pituitary gigantism
7195,Somatostatinoma,Papilloma of choroid plexus
7196,Paris-Trousseau thrombocytopenia,Adult-onset foveomacular vitelliform dystrophy
7197,Epithelial recurrent erosion dystrophy,Autosomal dominant Charcot-Marie-Tooth disease type 2Y
7198,Primary myelofibrosis,interstitial cystitis
7199,Mendelian susceptibility to mycobacterial diseases due to complete IL12RB1 deficiency,Oligocone trichromacy
7200,"chronic myelogenous leukemia, BCR-ABL1 positive",AL amyloidosis
7201,Immune thrombocytopenia,Combined oxidative phosphorylation defect type 13
7203,Primary myelofibrosis,follicular lymphoma
7204,Isolated polycystic liver disease,Neuroendocrine tumor of anal canal
7205,Stargardt disease,Lethal infantile mitochondrial myopathy
7206,Non-epidermolytic palmoplantar keratoderma,Macular corneal dystrophy
7207,Solitary fibrous tumor,Dermatofibrosarcoma protuberans
7208,glioblastoma,neuroblastoma
7209,Best vitelliform macular dystrophy,VIPoma
7210,Cholangiocarcinoma,Adult-onset foveomacular vitelliform dystrophy
7211,Distal monosomy 7q36,Lethal infantile mitochondrial myopathy
7212,Late-onset retinal degeneration,Paroxysmal cold hemoglobinuria
7214,gastrointestinal stromal tumor,Rhabdoid tumor
7215,Congenital diaphragmatic hernia,Idiopathic pulmonary arterial hypertension
7216,Complex regional pain syndrome,plasma cell myeloma
7217,autoimmune thrombocytopenic purpura,Acute transverse myelitis with anti-MOG antibodies
7218,Primary myelofibrosis,Adrenocortical carcinoma
7219,Mitochondrial myopathy with reversible cytochrome C oxidase deficiency,X-linked severe congenital neutropenia
7220,intermediate uveitis,Anal fistula
7221,Osteosarcoma,Neuroendocrine tumor of the rectum
7222,Herpes simplex virus stromal keratitis,Autosomal dominant Charcot-Marie-Tooth disease type 2A2
7223,Pure mitochondrial myopathy,Retinopathy of prematurity
7224,Somatomammotropinoma,Zebra body myopathy
7225,liposarcoma,graft versus host disease
7226,microscopic polyangiitis,Catastrophic antiphospholipid syndrome
7227,neuroblastoma,Granulomatosis with polyangiitis
7228,Mitochondrial myopathy with reversible cytochrome C oxidase deficiency,Charcot-Marie-Tooth disease type 4G
7229,Mantle cell lymphoma,"Primary dystonia, DYT2 type"
7231,essential thrombocythemia,plasma cell myeloma
7232,PPoma,Granular corneal dystrophy type II
7233,Primary effusion lymphoma,plasma cell myeloma
7234,Thymic carcinoma,Hereditary pheochromocytoma-paraganglioma
7235,Adult-onset multiple mitochondrial DNA deletion syndrome due to DGUOK deficiency,Acute interstitial pneumonia
7236,Ependymoma,Adenocarcinoma of the esophagus
7237,MALT lymphoma,Autosomal recessive spastic paraplegia type 25
7238,Glioblastoma,Thiel-Behnke corneal dystrophy
7239,Chronic thromboembolic pulmonary hypertension,Idiopathic pulmonary arterial hypertension
7240,DNA2-related mitochondrial DNA deletion syndrome,Chronic pneumonitis of infancy
7241,Autosomal dominant Charcot-Marie-Tooth disease type 2W,TSH-secreting pituitary adenoma
7242,Delta-sarcoglycan-related limb-girdle muscular dystrophy R6,Becker muscular dystrophy
7243,Polyneuropathy associated with IgM monoclonal gammopathy with anti-MAG,Granulomatosis with polyangiitis
7244,follicular lymphoma,Papilloma of choroid plexus
7245,"Localized dystrophic epidermolysis bullosa, nails only",Recessive dystrophic epidermolysis bullosa inversa
7246,glioblastoma,GM1 gangliosidosis
7247,Duchenne muscular dystrophy,Severe hemophilia A
7248,Stargardt disease,Charcot-Marie-Tooth disease type 1B
7249,Primary Sjgren syndrome,Catastrophic antiphospholipid syndrome
7250,Dravet syndrome,15q11q13 microduplication syndrome
7251,Lethal infantile mitochondrial myopathy,Granular corneal dystrophy type II
7252,Diffuse cutaneous systemic sclerosis,Complex regional pain syndrome
7253,Eye defects-arachnodactyly-cardiopathy syndrome,Adult-onset foveomacular vitelliform dystrophy
7254,Hemangioblastoma,Medullary thyroid carcinoma
7255,Congenital stationary night blindness,"Autosomal dominant focal dystonia, DYT25 type"
7256,Solitary fibrous tumor,Rhabdoid tumor
7257,Asbestos intoxication,Adult-onset foveomacular vitelliform dystrophy
7258,Acute graft versus host disease,Osteosarcoma
7259,Stargardt disease,Paris-Trousseau thrombocytopenia
7260,Nephroblastoma,Atypical teratoid rhabdoid tumor
7261,Functioning gonadotropic adenoma,Adult-onset foveomacular vitelliform dystrophy
7262,Klatskin tumor,Neuroendocrine tumor of the colon
7263,hemophilia A,Leber congenital amaurosis
7264,Idiopathic pulmonary hemosiderosis,Chronic pneumonitis of infancy
7265,Neurotrophic keratopathy,Autosomal dominant Charcot-Marie-Tooth disease type 2Y
7266,Burkitt lymphoma,Adult-onset foveomacular vitelliform dystrophy
7267,Pure mitochondrial myopathy,Chronic pneumonitis of infancy
7268,autoimmune thrombocytopenic purpura,aspergillosis
7269,Autosomal dominant Charcot-Marie-Tooth disease type 2W,Adult-onset foveomacular vitelliform dystrophy
7270,Idiopathic acute eosinophilic pneumonia,Short chain acyl-CoA dehydrogenase deficiency
7271,systemic sclerosis,Rhabdoid tumor
7272,Psoriasis-related juvenile idiopathic arthritis,Idiopathic uveal effusion syndrome
7273,systemic sclerosis,Schnitzler syndrome
7274,Anoctamin-5-related limb-girdle muscular dystrophy R12,Idiopathic pulmonary fibrosis
7275,Duchenne muscular dystrophy,Hemophilia B
7276,Medulloblastoma,Adrenocortical carcinoma
7277,Uveal melanoma,Pleomorphic liposarcoma
7278,Lethal infantile mitochondrial myopathy,3q29 microdeletion syndrome
7279,Leber congenital amaurosis,Cystic fibrosis
7280,Burkitt lymphoma,polymyositis
7281,Primary myelofibrosis,Pleural mesothelioma
7282,Idiopathic pulmonary fibrosis,Autosomal dominant Charcot-Marie-Tooth disease type 2Y
7283,Adenocarcinoma of the esophagus,Idiopathic panuveitis
7284,plasma cell myeloma,Acute promyelocytic leukemia
7285,Neurotrophic keratopathy,Leukoencephalopathy-palmoplantar keratoderma syndrome
7286,Drug-induced autoimmune hemolytic anemia,mantle cell lymphoma
7287,Chronic graft versus host disease,Neuroendocrine tumor of the colon
7288,systemic sclerosis,Dedifferentiated liposarcoma
7289,Congenital ichthyosis-microcephalus-tetraplegia syndrome,Granular corneal dystrophy type I
7290,Squamous cell carcinoma of the anal canal,Cutaneous neuroendocrine carcinoma
7291,Rheumatoid factor-positive polyarticular juvenile idiopathic arthritis,Granulomatosis with polyangiitis
7292,Adult-onset foveomacular vitelliform dystrophy,Thymic carcinoma
7293,Pure mitochondrial myopathy,Charcot-Marie-Tooth disease type 1A
7294,Harlequin ichthyosis,MALT lymphoma
7295,Acute myelomonocytic leukemia,Herpes simplex virus encephalitis
7296,Muscular pseudohypertrophy-hypothyroidism syndrome,MALT lymphoma
7297,Polyneuropathy associated with IgM monoclonal gammopathy with anti-MAG,Giant cell arteritis
7298,Solitary fibrous tumor,Bronchial neuroendocrine tumor
7299,interstitial lung disease 2,Immune-mediated thrombotic thrombocytopenic purpura
7300,Neurotrophic keratopathy,Charcot-Marie-Tooth disease type 1B
7301,Anoctamin-5-related limb-girdle muscular dystrophy R12,Bothnia retinal dystrophy
7302,Congenital stationary night blindness,DNAJB6-related limb-girdle muscular dystrophy D1
7303,Oligocone trichromacy,Keratosis palmaris et plantaris-clinodactyly syndrome
7304,Follicular lymphoma,Autosomal dominant Charcot-Marie-Tooth disease type 2F
7305,Pure mitochondrial myopathy,Respiratory bronchiolitis-interstitial lung disease syndrome
7306,Herpes simplex virus stromal keratitis,Pediatric hepatocellular carcinoma
7307,Congenital hereditary endothelial dystrophy type II,TSH-secreting pituitary adenoma
7308,Klatskin tumor,Papilloma of choroid plexus
7309,"chronic myelogenous leukemia, BCR-ABL1 positive",Uveal melanoma
7310,interstitial lung disease 2,mantle cell lymphoma
7311,VIPoma,Carcinoid syndrome
7312,glioblastoma,polymyositis
7313,sarcoidosis,Classic Hodgkin lymphoma
7314,Early-onset generalized limb-onset dystonia,Somatomammotropinoma
7315,meningioma,plasma cell myeloma
7316,Ichthyosis-prematurity syndrome,Chronic pneumonitis of infancy
7317,Congenital hereditary endothelial dystrophy type II,Charcot-Marie-Tooth disease type 1A
7318,Neuroendocrine tumor of stomach,Medulloblastoma
7319,Pure mitochondrial myopathy,Adult acute respiratory distress syndrome
7320,Best vitelliform macular dystrophy,Immunodeficiency due to selective anti-polysaccharide antibody deficiency
7321,Hemolytic anemia due to red cell pyruvate kinase deficiency,Hemoglobin H disease
7322,meningioma,acquired polycythemia vera
7323,TRAPPC11-related limb-girdle muscular dystrophy R18,PPoma
7324,systemic sclerosis,Polyarteritis nodosa
7325,Chronic pneumonitis of infancy,Charcot-Marie-Tooth disease type 1F
7326,Beta-thalassemia,Diamond-Blackfan anemia
7327,Oromandibular dystonia,Lattice corneal dystrophy type I
7328,Uveal melanoma,Pseudoxanthoma elasticum
7329,Squamous cell carcinoma of the esophagus,Szary syndrome
7330,Pure mitochondrial myopathy,Early-onset generalized limb-onset dystonia
7331,Medulloblastoma,Szary syndrome
7332,Relapsing polychondritis,Catastrophic antiphospholipid syndrome
7333,Complete atrioventricular septal defect,Congenital diaphragmatic hernia
7334,Spinal cord injury,fragile X syndrome
7335,Macular corneal dystrophy,Charcot-Marie-Tooth disease type 4D
7336,Best vitelliform macular dystrophy,Nodular lymphocyte predominant Hodgkin lymphoma
7337,Idiopathic acute eosinophilic pneumonia,Gray platelet syndrome
7338,"Primary dystonia, DYT21 type",Adult-onset foveomacular vitelliform dystrophy
7339,Thomsen and Becker disease,Paramyotonia congenita of Von Eulenburg
7340,\xc3\x85land Islands eye disease,Somatostatinoma
7341,Chronic beryllium disease,Ichthyosis-prematurity syndrome
7342,Immune thrombocytopenia,Granular corneal dystrophy type II
7343,Pulmonary atresia-intact ventricular septum syndrome,Double outlet right ventricle
7344,Combined oxidative phosphorylation defect type 13,Glucagonoma
7345,Stargardt disease,Infant acute respiratory distress syndrome
7346,Chronic inflammatory demyelinating polyneuropathy,Pemphigus foliaceus
7347,Enthesitis-related juvenile idiopathic arthritis,Systemic-onset juvenile idiopathic arthritis
7348,hemophilia A,Moderate hemophilia B
7349,Amyotrophic lateral sclerosis,Autosomal dominant polycystic kidney disease
7350,Acute erythroid leukemia,DNAJB6-related limb-girdle muscular dystrophy D1
7351,Zollinger-Ellison syndrome,Severe early-childhood-onset retinal dystrophy
7352,liposarcoma,Myxoid/round cell liposarcoma
7353,Beta-thalassemia,Autosomal dominant polycystic kidney disease
7354,Solitary fibrous tumor,Malignant peritoneal mesothelioma
7355,Thiel-Behnke corneal dystrophy,Autosomal dominant Charcot-Marie-Tooth disease type 2A2
7356,Paroxysmal cold hemoglobinuria,Autosomal dominant Charcot-Marie-Tooth disease type 2E
7357,Primary biliary cholangitis,Immune-mediated thrombotic thrombocytopenic purpura
7358,Autosomal recessive axonal neuropathy with neuromyotonia,Follicular lymphoma
7359,Autosomal recessive spastic paraplegia type 64,Adult-onset foveomacular vitelliform dystrophy
7360,Thymic carcinoma,Hemangioblastoma
7361,Herpes simplex virus stromal keratitis,Somatomammotropinoma
7362,Autosomal dominant keratitis,Pure mitochondrial myopathy
7363,Moderate hemophilia B,Isolated aniridia
7364,Best vitelliform macular dystrophy,Mixed-type autoimmune hemolytic anemia
7365,Bernard-Soulier syndrome,Lattice corneal dystrophy type I
7366,"Primary dystonia, DYT27 type",Bothnia retinal dystrophy
7367,Osteosarcoma,Familial pancreatic carcinoma
7368,sarcoidosis,Myasthenia gravis
7369,Cholangiocarcinoma,Szary syndrome
7370,Benign familial neonatal-infantile seizures,Infantile convulsions and choreoathetosis
7371,Meige disease,Adult-onset foveomacular vitelliform dystrophy
7372,Undifferentiated pleomorphic sarcoma,Myxoid/round cell liposarcoma
7373,Familial drusen,Oromandibular dystonia
7374,Autosomal dominant Charcot-Marie-Tooth disease type 2Z,Granulomatous slack skin
7375,Distal anoctaminopathy,Idiopathic acute eosinophilic pneumonia
7376,mantle cell lymphoma,Pediatric hepatocellular carcinoma
7377,Primary myelofibrosis,paroxysmal nocturnal hemoglobinuria
7378,dermatomyositis,Medulloblastoma
7379,gastrointestinal stromal tumor,Dermatofibrosarcoma protuberans
7380,Osteosarcoma,Idiopathic panuveitis
7381,Monosomy 18p,Glucagonoma
7382,Gray platelet syndrome,PPoma
7383,Primary Sjgren syndrome,graft versus host disease
7384,Best vitelliform macular dystrophy,Autosomal dominant Charcot-Marie-Tooth disease type 2A2
7385,Adult-onset multiple mitochondrial DNA deletion syndrome due to DGUOK deficiency,X-linked endothelial corneal dystrophy
7386,Neurotrophic keratopathy,Keratosis palmaris et plantaris-clinodactyly syndrome
7387,Herpes simplex virus stromal keratitis,Autosomal dominant Charcot-Marie-Tooth disease type 2K
7388,Nelson syndrome,Cutaneous neuroendocrine carcinoma
7389,Cystic fibrosis,Kawasaki disease
7390,Autosomal dominant optic atrophy plus syndrome,Follicular lymphoma
7391,"Classic Hodgkin lymphoma, mixed cellularity type",mantle cell lymphoma
7392,Pure mitochondrial myopathy,Aregenerative anemia
7393,Pure mitochondrial myopathy,Autosomal dominant Charcot-Marie-Tooth disease type 2F
7394,Sporadic pheochromocytoma/secreting paraganglioma,Szary syndrome
7395,Congenital stationary night blindness,Zollinger-Ellison syndrome
7396,Best vitelliform macular dystrophy,Somatomammotropinoma
7397,Autosomal dominant Charcot-Marie-Tooth disease type 2Z,VIPoma
7398,Herpes simplex virus stromal keratitis,Pure mitochondrial myopathy
7399,Roussy-L\xc3\xa9vy syndrome,Adult-onset foveomacular vitelliform dystrophy
7400,Immunoglobulin A vasculitis,Myasthenia gravis
7401,Classic Hodgkin lymphoma,Szary syndrome
7402,Bullous pemphigoid,MALT lymphoma
7403,Herpes simplex virus stromal keratitis,Non-epidermolytic palmoplantar keratoderma
7404,"Autosomal dominant generalized epidermolysis bullosa simplex, intermediate form",Adult-onset foveomacular vitelliform dystrophy
7405,Opsoclonus-myoclonus syndrome,Subcutaneous panniculitis-like T-cell lymphoma
7406,osteogenesis imperfecta,Alkaptonuria
7407,Primary effusion lymphoma,Nephroblastoma
7408,Peripheral primitive neuroectodermal tumor,Thymic neuroendocrine tumor
7409,Osteosarcoma,Cutaneous collagenous vasculopathy
7410,Acute lung injury,Aggressive systemic mastocytosis
7411,Pleural mesothelioma,Classic neuroendocrine tumor of appendix
7412,neuroblastoma,Peripheral primitive neuroectodermal tumor
7413,Duchenne muscular dystrophy,Leber congenital amaurosis
7414,Adult-onset myasthenia gravis,Giant cell arteritis
7415,Mucous membrane pemphigoid,Waldenstrom macroglobulinemia
7416,Granulomatous slack skin,Lattice corneal dystrophy type I
7417,Tetralogy of Fallot,Double outlet right ventricle
7418,Autosomal dominant centronuclear myopathy,Chronic pneumonitis of infancy
7419,VIPoma,Isolated polycystic liver disease
7420,Immune thrombocytopenia,Autosomal dominant Charcot-Marie-Tooth disease type 2K
7421,X-linked endothelial corneal dystrophy,Autosomal dominant Charcot-Marie-Tooth disease type 2A2
7422,Lethal infantile mitochondrial myopathy,Charcot-Marie-Tooth disease type 4A
7423,Mitochondrial myopathy with reversible cytochrome C oxidase deficiency,Distal 7q11.23 microduplication syndrome
7424,Amyotrophic lateral sclerosis,Leber congenital amaurosis
7425,"chronic myelogenous leukemia, BCR-ABL1 positive",Autosomal dominant polycystic kidney disease
7426,Short stature due to GHSR deficiency,Noonan syndrome
7427,systemic lupus erythematosus,Idiopathic panuveitis
7428,Subcutaneous panniculitis-like T-cell lymphoma,Papilloma of choroid plexus
7429,MALT lymphoma,Spinocerebellar ataxia type 11
7430,neuroblastoma,"Classic Hodgkin lymphoma, lymphocyte-depleted type"
7431,phenylketonuria,Mild phenylketonuria
7432,Asbestos intoxication,Autosomal dominant Charcot-Marie-Tooth disease type 2A2
7433,Cystic fibrosis,systemic sclerosis
7434,MALT lymphoma,Immune-mediated thrombotic thrombocytopenic purpura
7435,SHOX-related short stature,Noonan syndrome
7436,Xp22.3 microdeletion syndrome,Mitochondrial myopathy with reversible cytochrome C oxidase deficiency
7437,"Localized dystrophic epidermolysis bullosa, pretibial form",Localized junctional epidermolysis bullosa
7438,"Autosomal recessive generalized dystrophic epidermolysis bullosa, intermediate form",Refractory anemia with excess blasts
7439,Granulomatosis with polyangiitis,glycogen storage disease II
7440,Achromatopsia,Severe hemophilia A
7441,Ependymoma,Sandhoff disease
7442,Pure mitochondrial myopathy,2p15p16.1 microdeletion syndrome
7443,Glucagonoma,Autosomal dominant Charcot-Marie-Tooth disease type 2E
7444,"Primary dystonia, DYT17 type",Epithelial recurrent erosion dystrophy
7445,TRAPPC11-related limb-girdle muscular dystrophy R18,Squamous cell carcinoma of the anal canal
7446,Pure mitochondrial myopathy,Pediatric hepatocellular carcinoma
7447,Somatostatinoma,Acromegaly
7448,Keratosis palmaris et plantaris-clinodactyly syndrome,Lattice corneal dystrophy type I
7449,"Primary dystonia, DYT2 type",Pituitary gigantism
7450,Chronic graft versus host disease,AL amyloidosis
7451,Best vitelliform macular dystrophy,X-linked spastic paraplegia type 16
7452,Neurotrophic keratopathy,Combined oxidative phosphorylation defect type 13
7453,Acute interstitial pneumonia,Idiopathic/heritable pulmonary arterial hypertension
7454,Familial drusen,Charcot-Marie-Tooth disease type 1F
7455,Uveal melanoma,"Classic Hodgkin lymphoma, mixed cellularity type"
7456,plasma cell myeloma,Fibrous dysplasia of bone
7457,Thymic carcinoma,Classic mycosis fungoides
7458,Combined oxidative phosphorylation defect type 13,Late-onset retinal degeneration
7459,Lethal infantile mitochondrial myopathy,TSH-secreting pituitary adenoma
7460,Herpes simplex virus stromal keratitis,"Distal myopathy, Welander type"
7461,Typical nemaline myopathy,Adult-onset foveomacular vitelliform dystrophy
7462,interstitial cystitis,Myasthenia gravis
7463,Fabry disease,Galactosialidosis
7464,Waldenstrom macroglobulinemia,polymyositis
7465,KRT1-related diffuse nonepidermolytic keratoderma,Bothnia retinal dystrophy
7466,American trypanosomiasis,African trypanosomiasis
7467,Stargardt disease,DNA2-related mitochondrial DNA deletion syndrome
7468,neuroblastoma,Solitary fibrous tumor
7469,Waldenstrom macroglobulinemia,metachromatic leukodystrophy
7470,Osteosarcoma,"Classic Hodgkin lymphoma, lymphocyte-depleted type"
7471,Male infertility with azoospermia or oligozoospermia due to single gene mutation,MALT lymphoma
7472,Lymphoid interstitial pneumonia,Adult-onset foveomacular vitelliform dystrophy
7473,Mendelian susceptibility to mycobacterial diseases due to partial IRF8 deficiency,Oligocone trichromacy
7474,Best vitelliform macular dystrophy,Addison disease
7475,Mitochondrial myopathy with reversible cytochrome C oxidase deficiency,16q24.3 microdeletion syndrome
7476,Congenital stationary night blindness,Autosomal dominant Charcot-Marie-Tooth disease type 2K
7477,Ependymoma,Granulomatosis with polyangiitis
7478,Monomelic amyotrophy,Adult-onset foveomacular vitelliform dystrophy
7479,Cobblestone lissencephaly without muscular or ocular involvement,Adult-onset foveomacular vitelliform dystrophy
7480,Mendelian susceptibility to mycobacterial diseases due to complete IL12RB1 deficiency,Lattice corneal dystrophy type I
7481,Bethlem myopathy,Pituitary gigantism
7482,Congenital hereditary endothelial dystrophy type II,Dystonia-aphonia syndrome
7483,Indolent systemic mastocytosis,Aggressive systemic mastocytosis
7484,Mitochondrial myopathy with reversible cytochrome C oxidase deficiency,Anoctamin-5-related limb-girdle muscular dystrophy R12
7485,"Autosomal dominant focal dystonia, DYT25 type",Thiel-Behnke corneal dystrophy
7486,Ependymoma,systemic sclerosis
7487,Lassa fever,Japanese encephalitis
7488,Epithelial recurrent erosion dystrophy,Autosomal dominant Charcot-Marie-Tooth disease type 2W
7489,multiple system atrophy,Castleman disease
7490,Lethal infantile mitochondrial myopathy,TRAPPC11-related limb-girdle muscular dystrophy R18
7491,Gliosarcoma,Primary peritoneal carcinoma
7492,Bronchial neuroendocrine tumor,Classic neuroendocrine tumor of appendix
7493,Idiopathic steroid-sensitive nephrotic syndrome,Nodular lymphocyte predominant Hodgkin lymphoma
7494,Atopic keratoconjunctivitis,TRAPPC11-related limb-girdle muscular dystrophy R18
7495,interstitial lung disease 2,Giant cell arteritis
7496,Cranio-cervical dystonia with laryngeal and upper-limb involvement,Oligocone trichromacy
7497,Mitochondrial myopathy with reversible cytochrome C oxidase deficiency,Mendelian susceptibility to mycobacterial diseases due to complete IL12RB1 deficiency
7498,Adenocarcinoma of the esophagus,Idiopathic uveal effusion syndrome
7499,Congenital hereditary endothelial dystrophy type II,Charcot-Marie-Tooth disease type 4C
7500,systemic lupus erythematosus,Polyarteritis nodosa
7501,Systemic polyarteritis nodosa,Pediatric systemic lupus erythematosus
7502,Dopa-responsive dystonia due to sepiapterin reductase deficiency,Adult-onset foveomacular vitelliform dystrophy
7503,Bleeding disorder in hemophilia A carriers,Becker muscular dystrophy
7504,Congenital stationary night blindness,Somatostatinoma
7505,TSH-secreting pituitary adenoma,Autosomal dominant Charcot-Marie-Tooth disease type 2K
7506,MALT lymphoma,Autosomal recessive axonal Charcot-Marie-Tooth disease due to copper metabolism defect
7507,Neurotrophic keratopathy,Congenital ichthyosis-microcephalus-tetraplegia syndrome
7508,Lethal infantile mitochondrial myopathy,S\xc3\xa9zary syndrome
7509,"Autosomal dominant focal dystonia, DYT25 type",Idiopathic acute eosinophilic pneumonia
7510,Anoctamin-5-related limb-girdle muscular dystrophy R12,Respiratory bronchiolitis-interstitial lung disease syndrome
7511,neuroblastoma,Primary peritoneal carcinoma
7512,Mal de Meleda,Granular corneal dystrophy type I
7513,Botulism,Proximal spinal muscular atrophy type 3
7514,Neurotrophic keratopathy,"Primary dystonia, DYT4 type"
7515,Primary myelofibrosis,Gaucher disease
7516,"Autosomal recessive generalized dystrophic epidermolysis bullosa, intermediate form","Localized dystrophic epidermolysis bullosa, nails only"
7517,follicular lymphoma,Atypical teratoid rhabdoid tumor
7518,Nephroblastoma,Szary syndrome
7519,Chronic graft versus host disease,acquired polycythemia vera
7520,Polyembryoma,Pure mitochondrial myopathy
7521,Follicular lymphoma,Keratosis palmaris et plantaris-clinodactyly syndrome
7522,TRAPPC11-related limb-girdle muscular dystrophy R18,Pituitary gigantism
7523,interstitial cystitis,Netherton syndrome
7524,Idiopathic hypereosinophilic syndrome,DNAJB6-related limb-girdle muscular dystrophy D1
7525,Duchenne muscular dystrophy,Waldenstrom macroglobulinemia
7526,Autosomal recessive spastic paraplegia type 11,Adult-onset foveomacular vitelliform dystrophy
7527,PPoma,Charcot-Marie-Tooth disease type 4B2
7528,essential thrombocythemia,interstitial lung disease 2
7529,Shiga toxin-associated hemolytic uremic syndrome,Atypical hemolytic uremic syndrome
7530,Idiopathic acute eosinophilic pneumonia,Acetazolamide-responsive myotonia
7531,Pure mitochondrial myopathy,Zollinger-Ellison syndrome
7532,Chronic pneumonitis of infancy,Hereditary pulmonary alveolar proteinosis
7533,Autosomal spastic paraplegia type 72,Adult-onset foveomacular vitelliform dystrophy
7534,Spinal cord injury,Complex regional pain syndrome
7535,Benign Samaritan congenital myopathy,MALT lymphoma
7536,Pituitary gigantism,Autosomal recessive Charcot-Marie-Tooth disease with hoarseness
7537,Anoctamin-5-related limb-girdle muscular dystrophy R12,Glucagonoma
7538,Mitochondrial myopathy with reversible cytochrome C oxidase deficiency,16p11.2p12.2 microduplication syndrome
7539,Combined oxidative phosphorylation defect type 13,Lattice corneal dystrophy type I
7540,Medullary thyroid carcinoma,Myxoid/round cell liposarcoma
7541,Focal palmoplantar and gingival keratoderma,Retinitis punctata albescens
7542,Lethal infantile mitochondrial myopathy,Adenocarcinoma of the anal canal
7543,microscopic polyangiitis,Primary biliary cholangitis
7544,Follicular lymphoma,Diffuse palmoplantar keratoderma-acrocyanosis syndrome
7545,Autosomal dominant Charcot-Marie-Tooth disease type 2Z,TSH-secreting pituitary adenoma
7546,Charcot-Marie-Tooth disease type 1A,fragile X syndrome
7547,systemic lupus erythematosus,mantle cell lymphoma
7548,Combined oxidative phosphorylation defect type 13,Paroxysmal cold hemoglobinuria
7549,Best vitelliform macular dystrophy,Congenital bile acid synthesis defect type 2
7550,liposarcoma,osteogenesis imperfecta
7551,Classic Hodgkin lymphoma,Acute myelomonocytic leukemia
7552,Fuchs endothelial corneal dystrophy,"Primary dystonia, DYT4 type"
7553,TRAPPC11-related limb-girdle muscular dystrophy R18,Retinopathy of prematurity
7554,Spinocerebellar ataxia type 29,Adult-onset foveomacular vitelliform dystrophy
7555,Classic mycosis fungoides,Gray platelet syndrome
7556,Mitochondrial myopathy with reversible cytochrome C oxidase deficiency,Granular corneal dystrophy type II
7557,essential thrombocythemia,Medulloblastoma
7558,Primary myelofibrosis,essential thrombocythemia
7559,Spinocerebellar ataxia type 38,Adult-onset foveomacular vitelliform dystrophy
7560,Infantile-onset X-linked spinal muscular atrophy,Adult-onset foveomacular vitelliform dystrophy
7561,Stargardt disease,Functioning gonadotropic adenoma
7562,Superficial epidermolytic ichthyosis,Somatomammotropinoma
7563,dermatomyositis,Gaucher disease
7564,Axonal polyneuropathy associated with IgG/IgM/IgA monoclonal gammopathy,Adult-onset foveomacular vitelliform dystrophy
7565,glioblastoma,graft versus host disease
7566,Dystonia-aphonia syndrome,Bothnia retinal dystrophy
7567,gastrointestinal stromal tumor,Central neurocytoma
7568,Mendelian susceptibility to mycobacterial diseases due to complete IL12RB1 deficiency,X-linked endothelial corneal dystrophy
7569,glioblastoma,Refractory anemia with excess blasts
7570,\xc3\x85land Islands eye disease,"Primary dystonia, DYT13 type"
7571,Best vitelliform macular dystrophy,Keratosis palmaris et plantaris-clinodactyly syndrome
7572,NMDA receptor encephalitis,follicular lymphoma
7573,Paris-Trousseau thrombocytopenia,Idiopathic acute eosinophilic pneumonia
7574,Herpes simplex virus stromal keratitis,Early-onset generalized limb-onset dystonia
7575,Pediatric hepatocellular carcinoma,Autosomal dominant Charcot-Marie-Tooth disease type 2A2
7576,Gaucher disease,plasma cell myeloma
7577,Autosomal dominant severe congenital neutropenia,Mitochondrial myopathy with reversible cytochrome C oxidase deficiency
7578,Tufted angioma,Idiopathic panuveitis
7579,Ependymoma,Opsoclonus-myoclonus syndrome
7580,tuberous sclerosis,Birt-Hogg-Dub syndrome
7581,Lethal infantile mitochondrial myopathy,Distal monosomy 12q
7582,Insulinoma,Charcot-Marie-Tooth disease type 4B2
7583,Mucous membrane pemphigoid,Giant cell arteritis
7584,Polyneuropathy associated with IgM monoclonal gammopathy with anti-MAG,Drug-induced autoimmune hemolytic anemia
7585,Mitochondrial myopathy with reversible cytochrome C oxidase deficiency,2p15p16.1 microdeletion syndrome
7586,Idiopathic steroid-sensitive nephrotic syndrome,Myasthenia gravis
7587,MALT lymphoma,Miyoshi myopathy
7588,Congenital hereditary endothelial dystrophy type II,"Primary dystonia, DYT6 type"
7589,Proximal spinal muscular atrophy type 2,Non-acquired isolated growth hormone deficiency
7590,Benign familial neonatal-infantile seizures,Malignant migrating focal seizures of infancy
7591,Lethal infantile mitochondrial myopathy,Paroxysmal cold hemoglobinuria
7592,Idiopathic acute eosinophilic pneumonia,Charcot-Marie-Tooth disease type 1F
7593,liposarcoma,Nephroblastoma
7594,interstitial lung disease 2,Medulloblastoma
7595,sarcoidosis,Sandhoff disease
7596,Dedifferentiated liposarcoma,mantle cell lymphoma
7597,Primary biliary cholangitis,Bronchopulmonary dysplasia
7598,Cystic fibrosis,Choroideremia
7599,Fabry disease,Tay-Sachs disease
7600,systemic sclerosis,Rheumatoid factor-positive polyarticular juvenile idiopathic arthritis
7601,glioblastoma,Idiopathic steroid-sensitive nephrotic syndrome
7602,sarcoidosis,Granulomatosis with polyangiitis
7603,Mitochondrial myopathy with reversible cytochrome C oxidase deficiency,Idiopathic acute eosinophilic pneumonia
7604,DNA2-related mitochondrial DNA deletion syndrome,Lattice corneal dystrophy type I
7605,Classic Hodgkin lymphoma,Addison disease
7606,interstitial lung disease 2,Catastrophic antiphospholipid syndrome
7607,Adult acute respiratory distress syndrome,Acute lung injury
7608,graft versus host disease,Krabbe disease
7609,Obesity due to pro-opiomelanocortin deficiency,Obesity due to prohormone convertase I deficiency
7610,Respiratory bronchiolitis-interstitial lung disease syndrome,Autosomal dominant Charcot-Marie-Tooth disease type 2K
7611,Mitochondrial myopathy with reversible cytochrome C oxidase deficiency,Waldenstr\xc3\xb6m macroglobulinemia
7612,Kasabach-Merritt syndrome,Best vitelliform macular dystrophy
7613,Ependymoma,Lethal infantile mitochondrial myopathy
7614,Neurotrophic keratopathy,"Autosomal dominant focal dystonia, DYT25 type"
7615,sarcoidosis,multiple system atrophy
7616,Primary orthostatic tremor,Adult-onset foveomacular vitelliform dystrophy
7617,Subacute inflammatory demyelinating polyneuropathy,Adult-onset foveomacular vitelliform dystrophy
7618,Infant acute respiratory distress syndrome,Charcot-Marie-Tooth disease type 1F
7619,Somatostatinoma,Charcot-Marie-Tooth disease type 1A
7620,Immune thrombocytopenia,DNA2-related mitochondrial DNA deletion syndrome
7621,Lennox-Gastaut syndrome,tuberous sclerosis
7622,Idiopathic acute eosinophilic pneumonia,Oromandibular dystonia
7623,Refractory anemia with excess blasts type 2,Cholangiocarcinoma
7624,Functioning gonadotropic adenoma,Charcot-Marie-Tooth disease type 4C
7625,Uveal melanoma,Primary peritoneal carcinoma
7626,Congenital hereditary endothelial dystrophy type II,Autosomal dominant Charcot-Marie-Tooth disease type 2F
7627,Obesity due to melanocortin 4 receptor deficiency,Prader-Willi syndrome due to imprinting mutation
7628,Late-onset retinal degeneration,Mantle cell lymphoma
7629,MALT lymphoma,Spinocerebellar ataxia type 5
7630,Primary myelofibrosis,Kaposi\'s sarcoma
7631,Seizures-scoliosis-macrocephaly syndrome,Adult-onset foveomacular vitelliform dystrophy
7632,\xc3\x85land Islands eye disease,Huriez syndrome
7633,Zollinger-Ellison syndrome,Thiel-Behnke corneal dystrophy
7634,intermediate uveitis,Autosomal dominant polycystic kidney disease
7635,Friedreich ataxia,Autosomal dominant polycystic kidney disease
7636,Medulloblastoma,Dermatofibrosarcoma protuberans
7637,Bernard-Soulier syndrome,PPoma
7638,Gangliocytoma,Adult-onset foveomacular vitelliform dystrophy
7639,Best vitelliform macular dystrophy,Striate palmoplantar keratoderma
7640,Myxoid/round cell liposarcoma,Bronchial neuroendocrine tumor
7641,Ichthyosis-prematurity syndrome,Thiel-Behnke corneal dystrophy
7642,Herpes simplex virus stromal keratitis,Charcot-Marie-Tooth disease type 4G
7643,Male infertility with azoospermia or oligozoospermia due to single gene mutation,Bothnia retinal dystrophy
7644,Refractory anemia with excess blasts type 2,"Localized dystrophic epidermolysis bullosa, acral form"
7645,Amyotrophic lateral sclerosis,oculopharyngeal muscular dystrophy
7646,Herpes simplex virus stromal keratitis,KLHL9-related early-onset distal myopathy
7647,Adult-onset foveomacular vitelliform dystrophy,Klatskin tumor
7648,Non-functioning paraganglioma,Adult-onset foveomacular vitelliform dystrophy
7649,Bullous pemphigoid,interstitial lung disease 2
7650,Gerstmann-Straussler-Scheinker syndrome,Sporadic Creutzfeldt-Jakob disease
7651,Anaplastic thyroid carcinoma,mantle cell lymphoma
7652,Bronchial neuroendocrine tumor,Dermatofibrosarcoma protuberans
7653,Mitochondrial myopathy with reversible cytochrome C oxidase deficiency,Acute myelomonocytic leukemia
7654,Pure mitochondrial myopathy,Cryptogenic organizing pneumonia
7655,Insulinoma,Charcot-Marie-Tooth disease type 4A
7656,"chronic myelogenous leukemia, BCR-ABL1 positive",Wiskott-Aldrich syndrome
7657,Hyperinsulinism due to HNF4A deficiency,MALT lymphoma
7658,Bernard-Soulier syndrome,Lymphoid interstitial pneumonia
7659,Best vitelliform macular dystrophy,Autosomal dominant spastic paraplegia type 13
7660,Neuroendocrine tumor of stomach,Bronchial neuroendocrine tumor
7661,Amyotrophic lateral sclerosis,Pediatric systemic lupus erythematosus
7662,Kaposi\'s sarcoma,Cutaneous collagenous vasculopathy
7663,Rhabdoid tumor,graft versus host disease
7664,neuroblastoma,Chronic inflammatory demyelinating polyneuropathy
7665,Benign familial infantile epilepsy,Infantile convulsions and choreoathetosis
7666,Idiopathic acute eosinophilic pneumonia,Granular corneal dystrophy type I
7667,Combined oxidative phosphorylation defect type 13,Somatostatinoma
7668,Granulomatous slack skin,Autosomal dominant Charcot-Marie-Tooth disease type 2E
7669,Osteosarcoma,Tufted angioma
7670,TRAPPC11-related limb-girdle muscular dystrophy R18,PFAPA syndrome
7671,Epithelial recurrent erosion dystrophy,"Primary dystonia, DYT4 type"
7672,Apolipoprotein A-I deficiency,Adult-onset foveomacular vitelliform dystrophy
7673,Bothnia retinal dystrophy,VIPoma
7674,PPoma,Autosomal dominant Charcot-Marie-Tooth disease type 2E
7675,Truncus arteriosus,Double outlet right ventricle
7676,Neurofibromatosis type 1,Gangliocytoma
7677,Subcutaneous panniculitis-like T-cell lymphoma,Szary syndrome
7678,neuroblastoma,intermediate uveitis
7679,Hermansky-Pudlak syndrome,Chronic visceral acid sphingomyelinase deficiency
7680,Drug-induced autoimmune hemolytic anemia,Idiopathic steroid-sensitive nephrotic syndrome
7681,Palmoplantar keratoderma-spastic paralysis syndrome,Idiopathic acute eosinophilic pneumonia
7682,liposarcoma,Pleural mesothelioma
7683,\xc3\x85land Islands eye disease,Gray platelet syndrome
7684,Distal monosomy 10p,Lethal infantile mitochondrial myopathy
7685,Beta-thalassemia,paroxysmal nocturnal hemoglobinuria
7686,Classic Hodgkin lymphoma,Cutaneous neuroendocrine carcinoma
7687,Herpes simplex virus stromal keratitis,"Congenital muscular dystrophy, Ullrich type"
7688,T-B+ severe combined immunodeficiency due to gamma chain deficiency,Adult-onset foveomacular vitelliform dystrophy
7689,Severe combined immunodeficiency due to DCLRE1C deficiency,Best vitelliform macular dystrophy
7690,Hemihyperplasia-multiple lipomatosis syndrome,plasma cell myeloma
7691,Becker muscular dystrophy,Isolated aniridia
7692,Thymoma type B,Anaplastic thyroid carcinoma
7693,NUT midline carcinoma,plasma cell myeloma
7694,Paris-Trousseau thrombocytopenia,Lattice corneal dystrophy type I
7695,neuroblastoma,Bronchial neuroendocrine tumor
7696,Undifferentiated pleomorphic sarcoma,Refractory anemia with excess blasts
7697,Retinitis pigmentosa,Uveal melanoma
7698,Paris-Trousseau thrombocytopenia,Lymphoid interstitial pneumonia
7699,Cryptogenic organizing pneumonia,Ichthyosis-prematurity syndrome
7700,Somatomammotropinoma,Ichthyosis hystrix of Curth-Macklin
7701,Lattice corneal dystrophy type I,Charcot-Marie-Tooth disease type 1B
7702,Isolated polycystic liver disease,GRFoma
7703,MALT lymphoma,Autosomal dominant Charcot-Marie-Tooth disease type 2F
7704,Undifferentiated pleomorphic sarcoma,Papilloma of choroid plexus
7705,Chronic inflammatory demyelinating polyneuropathy,Immunoglobulin A vasculitis
7706,Epithelial recurrent erosion dystrophy,Keratosis palmaris et plantaris-clinodactyly syndrome
7707,8p23.1 duplication syndrome,Lethal infantile mitochondrial myopathy
7708,fragile X syndrome,systemic lupus erythematosus
7709,"Primary dystonia, DYT17 type",Gray platelet syndrome
7710,Kaposi\'s sarcoma,Bronchial neuroendocrine tumor
7711,Primary effusion lymphoma,systemic lupus erythematosus
7712,Osteosarcoma,Peripheral primitive neuroectodermal tumor
7713,Lymphoid interstitial pneumonia,Autosomal dominant Charcot-Marie-Tooth disease type 2A2
7714,Idiopathic/heritable pulmonary arterial hypertension,Congenital diaphragmatic hernia
7715,Myoclonus-dystonia syndrome,Adult-onset foveomacular vitelliform dystrophy
7716,essential thrombocythemia,polymyositis
7717,Severe early-childhood-onset retinal dystrophy,Charcot-Marie-Tooth disease type 4B2
7718,Lymphoid interstitial pneumonia,Ichthyosis-prematurity syndrome
7719,\xc3\x85land Islands eye disease,TSH-secreting pituitary adenoma
7720,Tetrasomy 9p,Lethal infantile mitochondrial myopathy
7721,Cystic fibrosis,Idiopathic bronchiectasis
7722,Carcinoid syndrome,Rhabdoid tumor
7723,Dystrophic epidermolysis bullosa pruriginosa,"Localized dystrophic epidermolysis bullosa, acral form"
7724,Acute interstitial pneumonia,Autosomal dominant Charcot-Marie-Tooth disease type 2E
7725,gastrointestinal stromal tumor,polymyositis
7726,Mitochondrial myopathy with reversible cytochrome C oxidase deficiency,Autosomal dominant Charcot-Marie-Tooth disease type 2A2
7727,Amyotrophic lateral sclerosis,Vogt-Koyanagi-Harada disease
7728,Chronic graft versus host disease,Idiopathic panuveitis
7729,interstitial lung disease 2,Mucous membrane pemphigoid
7730,Distal nebulin myopathy,Pituitary gigantism
7731,TRAPPC11-related limb-girdle muscular dystrophy R18,Functioning gonadotropic adenoma
7732,T-B+ severe combined immunodeficiency due to CD3delta/CD3epsilon/CD3zeta,TRAPPC11-related limb-girdle muscular dystrophy R18
7733,TRAPPC11-related limb-girdle muscular dystrophy R18,X-linked endothelial corneal dystrophy
7734,Ependymoma,essential thrombocythemia
7735,Combined oxidative phosphorylation defect type 13,PPoma
7736,Pediatric hepatocellular carcinoma,Charcot-Marie-Tooth disease type 4C
7737,Diffuse cutaneous systemic sclerosis,interstitial lung disease 2
7738,Psoriasis-related juvenile idiopathic arthritis,Primary biliary cholangitis
7739,Epithelial recurrent erosion dystrophy,Mal de Meleda
7740,Rheumatoid factor-negative polyarticular juvenile idiopathic arthritis,Systemic-onset juvenile idiopathic arthritis
7741,interstitial lung disease 2,Cystic fibrosis
7742,Pure mitochondrial myopathy,Anoctamin-5-related limb-girdle muscular dystrophy R12
7743,Focal palmoplantar and gingival keratoderma,Mantle cell lymphoma
7744,\xc3\x85land Islands eye disease,Non-epidermolytic palmoplantar keratoderma
7745,Uveal melanoma,Retinoblastoma
7746,follicular lymphoma,Huntington disease
7747,Acral self-healing collodion baby,Idiopathic acute eosinophilic pneumonia
7748,osteogenesis imperfecta,systemic sclerosis
7749,Male infertility with azoospermia or oligozoospermia due to single gene mutation,Fuchs endothelial corneal dystrophy
7750,Best vitelliform macular dystrophy,Paroxysmal non-kinesigenic dyskinesia
7751,gastrointestinal stromal tumor,Autoimmune hepatitis
7752,Lethal infantile mitochondrial myopathy,Best vitelliform macular dystrophy
7753,Idiopathic acute eosinophilic pneumonia,"Distal myopathy, Welander type"
7754,Cranio-cervical dystonia with laryngeal and upper-limb involvement,Gray platelet syndrome
7755,"tenosynovial giant cell tumor, diffuse type",Huntington disease
7756,Duchenne muscular dystrophy,gastrointestinal stromal tumor
7757,neuroblastoma,Pleomorphic liposarcoma
7758,Stargardt disease,Epidermolytic palmoplantar keratoderma
7759,Mucous membrane pemphigoid,Chronic inflammatory demyelinating polyneuropathy
7760,Rhabdoid tumor,Subcutaneous panniculitis-like T-cell lymphoma
7761,Early-onset generalized limb-onset dystonia,Thiel-Behnke corneal dystrophy
7762,graft versus host disease,Opsoclonus-myoclonus syndrome
7763,Mild hemophilia A,Bleeding disorder in hemophilia A carriers
7764,TRAPPC11-related limb-girdle muscular dystrophy R18,Paroxysmal cold hemoglobinuria
7765,Chronic inflammatory demyelinating polyneuropathy,Acute transverse myelitis with anti-MOG antibodies
7766,MELAS,Homocystinuria due to cystathionine beta-synthase deficiency
7767,Autosomal dominant polycystic kidney disease,Myxoid/round cell liposarcoma
7768,glioblastoma,Hepatitis delta
7769,systemic sclerosis,Primary biliary cholangitis
7770,Best vitelliform macular dystrophy,Mantle cell lymphoma
7771,Severe early-onset obesity-insulin resistance syndrome due to SH2B1 deficiency,Prader-Willi syndrome due to imprinting mutation
7772,Congenital hereditary endothelial dystrophy type II,Pituitary gigantism
7773,Adult-onset multiple mitochondrial DNA deletion syndrome due to DGUOK deficiency,MALT lymphoma
7774,Primary biliary cholangitis,Burkitt lymphoma
7775,Mutilating palmoplantar keratoderma with periorificial keratotic plaques,Charcot-Marie-Tooth disease type 1A
7776,Medullary thyroid carcinoma,Primary peritoneal carcinoma
7777,Calpain-3-related limb-girdle muscular dystrophy R1,Adult-onset foveomacular vitelliform dystrophy
7778,glioblastoma,Dermatofibrosarcoma protuberans
7779,Dystonia-aphonia syndrome,MALT lymphoma
7780,Primary Sjgren syndrome,Polyarteritis nodosa
7781,Autosomal dominant centronuclear myopathy,Lattice corneal dystrophy type I
7782,Congenital stationary night blindness,GRFoma
7783,Mitochondrial myopathy with reversible cytochrome C oxidase deficiency,Oligocone trichromacy
7784,TRAPPC11-related limb-girdle muscular dystrophy R18,Congenital hereditary endothelial dystrophy type II
7785,Mitochondrial myopathy with reversible cytochrome C oxidase deficiency,20p12.3 microdeletion syndrome
7786,Paraparetic variant of Guillain-Barr\xc3\xa9 syndrome,Adult-onset foveomacular vitelliform dystrophy
7787,neuroblastoma,metachromatic leukodystrophy
7788,Follicular lymphoma,3-methylglutaconic aciduria type 3
7789,Indolent systemic mastocytosis,Desmoid tumor
7790,Severe early-childhood-onset retinal dystrophy,Autosomal dominant Charcot-Marie-Tooth disease type 2A2
7791,Amyotrophic lateral sclerosis,polymyositis
7792,Complex regional pain syndrome,Pemphigus vulgaris
7793,Neurotrophic keratopathy,"Adult-onset cervical dystonia, DYT23 type"
7794,essential thrombocythemia,Undifferentiated pleomorphic sarcoma
7795,Pediatric hepatocellular carcinoma,DNAJB6-related limb-girdle muscular dystrophy D1
7796,Foveal hypoplasia-presenile cataract syndrome,Pure mitochondrial myopathy
7797,sarcoidosis,intermediate uveitis
7798,Gangliocytoma,Neurofibroma
7799,"Autosomal dominant focal dystonia, DYT25 type",Granular corneal dystrophy type II
7800,Autosomal dominant spastic paraplegia type 37,Best vitelliform macular dystrophy
7801,Nelson syndrome,Acromegaly
7802,Familial acute necrotizing encephalopathy,Adult-onset foveomacular vitelliform dystrophy
7803,Autosomal dominant optic atrophy and cataract,MALT lymphoma
7804,Bullous pemphigoid,Chronic inflammatory demyelinating polyneuropathy
7805,Beta-thalassemia,Medulloblastoma
7806,Von Willebrand disease type 2N,Von Willebrand disease type 2B
7807,Acute graft versus host disease,plasma cell myeloma
7808,dermatomyositis,glioblastoma
7809,Facioscapulohumeral dystrophy,MALT lymphoma
7810,Severe combined immunodeficiency due to DCLRE1C deficiency,Pure mitochondrial myopathy
7811,Male infertility with azoospermia or oligozoospermia due to single gene mutation,Adult-onset foveomacular vitelliform dystrophy
7812,Milroy disease,Adult-onset foveomacular vitelliform dystrophy
7813,Pure mitochondrial myopathy,16p13.11 microduplication syndrome
7814,Mixed-type autoimmune hemolytic anemia,Polyarteritis nodosa
7815,Duchenne muscular dystrophy,Granulomatosis with polyangiitis
7816,Xp22.3 microdeletion syndrome,Lethal infantile mitochondrial myopathy
7817,Congenital stationary night blindness,Cold agglutinin disease
7818,Pure mitochondrial myopathy,Fuchs endothelial corneal dystrophy
7819,Lethal infantile mitochondrial myopathy,7q11.23 microduplication syndrome
7820,interstitial lung disease 2,Bronchopulmonary dysplasia
7821,Sandhoff disease,MALT lymphoma
7822,Pediatric hepatocellular carcinoma,Lattice corneal dystrophy type I
7823,Pleomorphic liposarcoma,Classic Hodgkin lymphoma
7824,Autosomal dominant Charcot-Marie-Tooth disease type 2Y,Glucagonoma
7825,TRAPPC11-related limb-girdle muscular dystrophy R18,Fetal and neonatal alloimmune thrombocytopenia
7826,Myasthenia gravis,MALT lymphoma
7827,Obesity due to pro-opiomelanocortin deficiency,Prader-Willi syndrome due to imprinting mutation
7828,Cholangiocarcinoma,Klatskin tumor
7829,"Classic Hodgkin lymphoma, lymphocyte-depleted type",Cholangiocarcinoma
7830,Nephroblastoma,Subcutaneous panniculitis-like T-cell lymphoma
7831,Von Hippel-Lindau disease,Adrenocortical carcinoma
7832,Lethal infantile mitochondrial myopathy,Late-onset retinal degeneration
7833,Hyperimmunoglobulinemia D with periodic fever,Muckle-Wells syndrome
7834,graft versus host disease,Autoimmune hepatitis
7835,meningioma,Ependymoma
7836,Spinocerebellar ataxia type 36,MALT lymphoma
7837,Late-onset retinal degeneration,Granulomatous slack skin
7838,\xc3\x85land Islands eye disease,Lethal infantile mitochondrial myopathy
7839,meningioma,"chronic myelogenous leukemia, BCR-ABL1 positive"
7840,Best vitelliform macular dystrophy,Autosomal spastic paraplegia type 72
7841,Amyotrophic lateral sclerosis,gastrointestinal stromal tumor
7842,Sporadic pheochromocytoma/secreting paraganglioma,Von Hippel-Lindau disease
7843,Vernal keratoconjunctivitis,Juvenile dermatomyositis
7844,Neurotrophic keratopathy,Oromandibular dystonia
7845,DNAJB6-related limb-girdle muscular dystrophy D1,Insulinoma
7846,Von Willebrand disease,Von Willebrand disease type 3
7847,TRAPPC11-related limb-girdle muscular dystrophy R18,Gray platelet syndrome
7848,Mantle cell lymphoma,"Late-onset distal myopathy, Markesbery-Griggs type"
7849,Idiopathic steroid-sensitive nephrotic syndrome,Burkitt lymphoma
7850,Adult-onset multiple mitochondrial DNA deletion syndrome due to DGUOK deficiency,Retinitis punctata albescens
7851,Mitochondrial myopathy with reversible cytochrome C oxidase deficiency,Functioning gonadotropic adenoma
7852,Opsoclonus-myoclonus syndrome,Giant cell arteritis
7853,dermatomyositis,Polyarteritis nodosa
7854,Severe early-childhood-onset retinal dystrophy,Ichthyosis-prematurity syndrome
7855,Polyneuropathy associated with IgM monoclonal gammopathy with anti-MAG,Polyarteritis nodosa
7856,Lethal infantile mitochondrial myopathy,Phacoanaphylactic uveitis
7857,Mutilating palmoplantar keratoderma with periorificial keratotic plaques,VIPoma
7858,Congenital stationary night blindness,KRT1-related diffuse nonepidermolytic keratoderma
7859,glioblastoma,Primary myelofibrosis
7860,Zollinger-Ellison syndrome,Charcot-Marie-Tooth disease type 4C
7861,Anaplastic thyroid carcinoma,Klatskin tumor
7862,ATTRV30M amyloidosis,ATTRV122I amyloidosis
7863,meningioma,glioblastoma
7864,Gyrate atrophy of choroid and retina,MALT lymphoma
7865,Retinopathy of prematurity,Pseudoxanthoma elasticum
7866,Neuroendocrine tumor of stomach,Glucagonoma
7867,Non-epidermolytic palmoplantar keratoderma,Follicular lymphoma
7868,aspergillosis,Waldenstrom macroglobulinemia
7869,Amyotrophic lateral sclerosis,tuberous sclerosis
7870,Glioblastoma,Macular corneal dystrophy
7871,Late-onset retinal degeneration,"Primary dystonia, DYT6 type"
7872,Obesity due to melanocortin 4 receptor deficiency,Obesity due to prohormone convertase I deficiency
7873,meningioma,Primary myelofibrosis
7874,sarcoidosis,Netherton syndrome
7875,Lethal infantile mitochondrial myopathy,16p11.2p12.2 microduplication syndrome
7876,Herpes simplex virus stromal keratitis,"Primary dystonia, DYT17 type"
7877,Pineoblastoma,Papilloma of choroid plexus
7878,Pure mitochondrial myopathy,Huriez syndrome
7879,Duchenne muscular dystrophy,Moderate hemophilia B
7880,Duchenne muscular dystrophy,Miyoshi myopathy
7881,Idiopathic acute eosinophilic pneumonia,Macular corneal dystrophy
7882,Cutaneous neuroendocrine carcinoma,Neuroendocrine tumor of the rectum
7883,Mitochondrial myopathy with reversible cytochrome C oxidase deficiency,Charcot-Marie-Tooth disease type 1A
7884,Chronic inflammatory demyelinating polyneuropathy,Mixed-type autoimmune hemolytic anemia
7885,Idiopathic acute eosinophilic pneumonia,Granulomatous slack skin
7886,Monosomy 18p,TRAPPC11-related limb-girdle muscular dystrophy R18
7887,MALT lymphoma,Szary syndrome
7888,paroxysmal nocturnal hemoglobinuria,intermediate uveitis
7889,PPoma,Macular corneal dystrophy
7890,Non-epidermolytic palmoplantar keratoderma,Mantle cell lymphoma
7891,Fuchs endothelial corneal dystrophy,Charcot-Marie-Tooth disease type 1A
7892,MALT lymphoma,"Hereditary palmoplantar keratoderma, Gamborg-Nielsen type"
7893,Herpes simplex virus stromal keratitis,"Primary dystonia, DYT4 type"
7894,gastrointestinal stromal tumor,Waldenstrom macroglobulinemia
7895,Lethal infantile mitochondrial myopathy,Charcot-Marie-Tooth disease type 4D
7896,Best vitelliform macular dystrophy,TSH-secreting pituitary adenoma
7897,Shiga toxin-associated hemolytic uremic syndrome,Myasthenia gravis
7898,Delta-sarcoglycan-related limb-girdle muscular dystrophy R6,Gamma-sarcoglycan-related limb-girdle muscular dystrophy R5
7899,Acromegaly,Cutaneous neuroendocrine carcinoma
7900,MALT lymphoma,Autosomal dominant Charcot-Marie-Tooth disease type 2K
7901,interstitial lung disease 2,Ileal neuroendocrine tumor
7902,Neurotrophic keratopathy,Autosomal recessive Charcot-Marie-Tooth disease with hoarseness
7903,Immunoglobulin A vasculitis,Autoimmune hepatitis
7904,"Classic Hodgkin lymphoma, lymphocyte-depleted type","Classic Hodgkin lymphoma, nodular sclerosis type"
7905,Primary myelofibrosis,Autoimmune hepatitis
7906,Primary Sjgren syndrome,Autoimmune hepatitis
7907,Familial Mediterranean fever,Systemic-onset juvenile idiopathic arthritis
7908,TRAPPC11-related limb-girdle muscular dystrophy R18,Lymphoid interstitial pneumonia
7909,Primary Sjgren syndrome,plasma cell myeloma
7910,Complex regional pain syndrome,Fetal cytomegalovirus syndrome
7911,essential thrombocythemia,Complex regional pain syndrome
7912,interstitial lung disease 2,Thymic neuroendocrine tumor
7913,"chronic myelogenous leukemia, BCR-ABL1 positive",Behet disease
7914,Myasthenia gravis,glycogen storage disease II
7915,gastrointestinal stromal tumor,Cholangiocarcinoma
7917,Epithelial recurrent erosion dystrophy,Mantle cell lymphoma
7918,Follicular lymphoma,Bothnia retinal dystrophy
7919,Adult-onset Still disease,Muckle-Wells syndrome
7920,gastrointestinal stromal tumor,Neurofibroma
7921,Asbestos intoxication,Somatomammotropinoma
7922,neuroblastoma,Tay-Sachs disease
7923,TMEM70-related mitochondrial encephalo-cardio-myopathy,Adult-onset foveomacular vitelliform dystrophy
7924,Late-onset retinal degeneration,KRT1-related diffuse nonepidermolytic keratoderma
7925,Desmoid tumor,Cholangiocarcinoma
7926,autoimmune thrombocytopenic purpura,Complex regional pain syndrome
7927,Acute graft versus host disease,"chronic myelogenous leukemia, BCR-ABL1 positive"
7928,intermediate uveitis,Familial adenomatous polyposis
7929,Uveal melanoma,Klatskin tumor
7930,Somatomammotropinoma,Epithelial recurrent erosion dystrophy
7931,liposarcoma,Familial pancreatic carcinoma
7932,Epithelial recurrent erosion dystrophy,Cold agglutinin disease
7933,Thymic carcinoma,Solitary fibrous tumor
7934,Rheumatoid factor-positive polyarticular juvenile idiopathic arthritis,Giant cell arteritis
7935,Autosomal dominant spastic paraplegia type 42,MALT lymphoma
7936,paroxysmal nocturnal hemoglobinuria,Shiga toxin-associated hemolytic uremic syndrome
7937,Mitochondrial myopathy with reversible cytochrome C oxidase deficiency,Glioblastoma
7938,Glycogen storage disease due to glucose-6-phosphatase deficiency type Ib,Cardiogenic shock
7939,plasma cell myeloma,Squamous cell carcinoma of the esophagus
7940,interstitial lung disease 2,Neuroendocrine neoplasm of appendix
7941,Pleural mesothelioma,Klatskin tumor
7942,Localized junctional epidermolysis bullosa,"Autosomal recessive generalized dystrophic epidermolysis bullosa, severe form"
7943,TRAPPC11-related limb-girdle muscular dystrophy R18,Persistent hyperplastic primary vitreous
7944,Huntington disease-like 1,Adult-onset foveomacular vitelliform dystrophy
7945,Autosomal recessive spastic paraplegia type 35,Adult-onset foveomacular vitelliform dystrophy
7946,Isolated focal cortical dysplasia,Adult-onset foveomacular vitelliform dystrophy
7947,"Classic Hodgkin lymphoma, mixed cellularity type",follicular lymphoma
7948,Adult-onset myasthenia gravis,Juvenile myasthenia gravis
7949,Epithelial recurrent erosion dystrophy,Gray platelet syndrome
7950,Botulism,Myasthenia gravis
7951,Congenital stationary night blindness,Epidermolytic palmoplantar keratoderma
7952,Idiopathic acute eosinophilic pneumonia,Myotonia permanens
7953,Oromandibular dystonia,Macular corneal dystrophy
7954,Idiopathic acute eosinophilic pneumonia,Autosomal recessive Charcot-Marie-Tooth disease with hoarseness
7955,neuroblastoma,Undifferentiated pleomorphic sarcoma
7956,Mitochondrial myopathy with reversible cytochrome C oxidase deficiency,"Autosomal dominant focal dystonia, DYT25 type"
7957,Primary membranoproliferative glomerulonephritis,Atypical hemolytic uremic syndrome
7958,Stargardt disease,Leukoencephalopathy-palmoplantar keratoderma syndrome
7959,Male infertility with teratozoospermia due to single gene mutation,Granular corneal dystrophy type I
7960,Best vitelliform macular dystrophy,"Primary dystonia, DYT13 type"
7961,Pure mitochondrial myopathy,"Primary dystonia, DYT2 type"
7962,Primary myelofibrosis,"Autoimmune hemolytic anemia, warm type"
7963,autoimmune thrombocytopenic purpura,glycogen storage disease II
7964,Autosomal dominant Charcot-Marie-Tooth disease type 2W,Lattice corneal dystrophy type I
7965,Lymphangioleiomyomatosis,Classic Hodgkin lymphoma
7966,Mitochondrial myopathy with reversible cytochrome C oxidase deficiency,Gray platelet syndrome
7967,Fibrous dysplasia of bone,Alkaptonuria
7968,Dysferlin-related limb-girdle muscular dystrophy R2,Adult-onset foveomacular vitelliform dystrophy
7969,Follicular lymphoma,Congenital non-bullous ichthyosiform erythroderma
7970,Squamous cell carcinoma of the esophagus,Squamous cell carcinoma of the anal canal
7971,Retinoblastoma,AL amyloidosis
7972,liposarcoma,Waldenstrom macroglobulinemia
7973,Primary myelofibrosis,Atypical teratoid rhabdoid tumor
7974,Primary Sjgren syndrome,microscopic polyangiitis
7975,Classic mycosis fungoides,Undifferentiated pleomorphic sarcoma
7976,follicular lymphoma,Adrenocortical carcinoma
7977,Chronic pneumonitis of infancy,Thiel-Behnke corneal dystrophy
7978,Idiopathic steroid-sensitive nephrotic syndrome,"Autoimmune hemolytic anemia, warm type"
7979,Autosomal dominant centronuclear myopathy,Familial drusen
7980,"chronic myelogenous leukemia, BCR-ABL1 positive",Krabbe disease
7981,Inclusion body myositis,Vogt-Koyanagi-Harada disease
7982,Adult-onset foveomacular vitelliform dystrophy,"Primary dystonia, DYT6 type"
7983,Cushing disease,Cushing syndrome due to ectopic ACTH secretion
7984,Cystic fibrosis,plasma cell myeloma
7985,"Autosomal recessive generalized dystrophic epidermolysis bullosa, intermediate form",Recessive dystrophic epidermolysis bullosa inversa
7986,Lattice corneal dystrophy type I,Charcot-Marie-Tooth disease type 4C
7987,Lethal infantile mitochondrial myopathy,4q21 microdeletion syndrome
7988,Severe early-childhood-onset retinal dystrophy,Acute interstitial pneumonia
7989,8p11.2 deletion syndrome,Mitochondrial myopathy with reversible cytochrome C oxidase deficiency
7990,Szary syndrome,Atypical teratoid rhabdoid tumor
7991,Male infertility with teratozoospermia due to single gene mutation,Thiel-Behnke corneal dystrophy
7992,Combined oxidative phosphorylation defect type 13,Gray platelet syndrome
7993,Miyoshi myopathy,Adult-onset foveomacular vitelliform dystrophy
7994,Mitochondrial myopathy with reversible cytochrome C oxidase deficiency,Bickerstaff brainstem encephalitis
7995,Beta-thalassemia intermedia,Hemolytic anemia due to red cell pyruvate kinase deficiency
7996,Moderate hemophilia B,Mild hemophilia B
7997,Congenital stationary night blindness,VIPoma
7998,Primary biliary cholangitis,Huntington disease
7999,Congenital stationary night blindness,TSH-secreting pituitary adenoma
8000,Friedreich ataxia,X-linked adrenoleukodystrophy
8001,interstitial lung disease 2,eosinophilic granulomatosis with polyangiitis
8002,3-methylglutaconic aciduria type 4,Pituitary gigantism
8003,Primary unilateral adrenal hyperplasia,Adult-onset foveomacular vitelliform dystrophy
8004,Pseudoxanthoma elasticum,Central retinal vein occlusion
8005,Congenital insensitivity to pain with severe intellectual disability,Adult-onset foveomacular vitelliform dystrophy
8006,Refractory anemia with excess blasts,Acute lung injury
8007,MERRF,Kearns-Sayre syndrome
8008,Anoctamin-5-related limb-girdle muscular dystrophy R12,Lymphoid interstitial pneumonia
8009,microscopic polyangiitis,Sandhoff disease
8010,plasma cell myeloma,Myxoid/round cell liposarcoma
8011,Lethal infantile mitochondrial myopathy,Distal monosomy 10q
8012,Non-distal trisomy 10q,Pure mitochondrial myopathy
8013,Medullary thyroid carcinoma,Neuroendocrine neoplasm of appendix
8014,interstitial lung disease 2,Congenital diaphragmatic hernia
8015,Mantle cell lymphoma,Macular corneal dystrophy
8016,Uveal melanoma,Desmoid tumor
8017,tuberous sclerosis,systemic lupus erythematosus
8018,Harlequin ichthyosis,Idiopathic acute eosinophilic pneumonia
8019,Neuroendocrine tumor of stomach,neuroblastoma
8020,Refractory anemia with excess blasts type 2,Refractory anemia with excess blasts type 1
8021,"chronic myelogenous leukemia, BCR-ABL1 positive",biliary atresia
8022,Paroxysmal cold hemoglobinuria,Bothnia retinal dystrophy
8023,Peripheral primitive neuroectodermal tumor,Well-differentiated liposarcoma
8024,Zollinger-Ellison syndrome,Best vitelliform macular dystrophy
8025,\xc3\x85land Islands eye disease,Chronic beryllium disease
8026,Congenital factor X deficiency,Adult-onset foveomacular vitelliform dystrophy
8027,Ependymoma,Subcutaneous panniculitis-like T-cell lymphoma
8028,gastrointestinal stromal tumor,graft versus host disease
8029,Chronic graft versus host disease,graft versus host disease
8030,Hereditary painful callosities,MALT lymphoma
8031,"Primary dystonia, DYT21 type",Follicular lymphoma
8032,Congenital hereditary endothelial dystrophy type II,MALT lymphoma
8033,Osteosarcoma,Well-differentiated liposarcoma
8034,Tetralogy of Fallot,Dense deposit disease
8035,Adult-onset foveomacular vitelliform dystrophy,Charcot-Marie-Tooth disease type 4G
8036,Respiratory bronchiolitis-interstitial lung disease syndrome,Autosomal dominant Charcot-Marie-Tooth disease type 2F
8037,Mitochondrial myopathy with reversible cytochrome C oxidase deficiency,Distal trisomy 17q
8038,Cushing disease,Nelson syndrome
8039,Paris-Trousseau thrombocytopenia,Granular corneal dystrophy type II
8040,neuroblastoma,Hepatitis delta
8041,Anoctamin-5-related limb-girdle muscular dystrophy R12,Oligocone trichromacy
8042,X-linked immunoneurologic disorder,Adult-onset foveomacular vitelliform dystrophy
8043,Undifferentiated pleomorphic sarcoma,Neuroendocrine tumor of the rectum
8044,Adult-onset multiple mitochondrial DNA deletion syndrome due to DGUOK deficiency,Best vitelliform macular dystrophy
8045,Intrahepatic cholestasis of pregnancy,Isolated polycystic liver disease
8046,Autosomal recessive spastic paraplegia type 45,Adult-onset foveomacular vitelliform dystrophy
8047,DNA2-related mitochondrial DNA deletion syndrome,Cold agglutinin disease
8048,MALT lymphoma,Autosomal dominant spastic paraplegia type 19
8049,"Primary dystonia, DYT27 type",Granular corneal dystrophy type II
8050,Full NF2-related schwannomatosis,Neuroendocrine neoplasm of appendix
8051,Bernard-Soulier syndrome,Zollinger-Ellison syndrome
8052,Post-traumatic pituitary deficiency,Adult-onset foveomacular vitelliform dystrophy
8053,Stargardt disease,Huriez syndrome
8054,Stargardt disease,Male infertility with azoospermia or oligozoospermia due to single gene mutation
8055,Follicular lymphoma,Short chain acyl-CoA dehydrogenase deficiency
8056,Adult-onset foveomacular vitelliform dystrophy,Autosomal dominant Charcot-Marie-Tooth disease type 2A2
8057,Best vitelliform macular dystrophy,Panhypophysitis
8058,Birdshot chorioretinopathy,Giant cell arteritis
8059,Mitochondrial myopathy with reversible cytochrome C oxidase deficiency,NMDA receptor encephalitis
8060,Pineoblastoma,PPoma
8061,Duchenne muscular dystrophy,Mucopolysaccharidosis type 1
8062,Epithelial recurrent erosion dystrophy,"Primary dystonia, DYT21 type"
8063,Primary myelofibrosis,Beta-thalassemia
8064,Granulomatosis with polyangiitis,Autoimmune lymphoproliferative syndrome due to CTLA4 haploinsuffiency
8065,Adult-onset distal myopathy due to VCP mutation,Idiopathic acute eosinophilic pneumonia
8066,Myxopapillary ependymoma,Pure mitochondrial myopathy
8067,hemophilia A,Myasthenia gravis
8068,Pituicytoma,Best vitelliform macular dystrophy
8069,Mendelian susceptibility to mycobacterial diseases due to partial IRF8 deficiency,Adult-onset foveomacular vitelliform dystrophy
8070,liposarcoma,Ependymoma
8071,biliary atresia,MALT lymphoma
8072,Paroxysmal dystonic choreathetosis with episodic ataxia and spasticity,Adult-onset foveomacular vitelliform dystrophy
8073,interstitial lung disease 2,Heritable pulmonary arterial hypertension
8074,liposarcoma,Medulloblastoma
8075,Autosomal dominant Charcot-Marie-Tooth disease type 2Z,Respiratory bronchiolitis-interstitial lung disease syndrome
8076,KRT1-related diffuse nonepidermolytic keratoderma,Lattice corneal dystrophy type I
8077,Peripheral primitive neuroectodermal tumor,Bronchial neuroendocrine tumor
8078,Idiopathic pulmonary fibrosis,DNAJB6-related limb-girdle muscular dystrophy D1
8079,Chronic beryllium disease,Lattice corneal dystrophy type I
8080,Uveal melanoma,Refractory anemia with excess blasts
8081,multiple system atrophy,glycogen storage disease II
8082,Complex regional pain syndrome,graft versus host disease
8083,"Primary dystonia, DYT27 type",Pituitary gigantism
8084,Overhydrated hereditary stomatocytosis,Idiopathic acute eosinophilic pneumonia
8085,MALT lymphoma,Spinocerebellar ataxia type 4
8086,Bothnia retinal dystrophy,Glucagonoma
8087,"chronic myelogenous leukemia, BCR-ABL1 positive",Hereditary pheochromocytoma-paraganglioma
8088,TRAPPC11-related limb-girdle muscular dystrophy R18,Insulinoma
8089,Autosomal dominant optic atrophy plus syndrome,MALT lymphoma
8090,interstitial lung disease 2,Primary ciliary dyskinesia
8091,"Primary dystonia, DYT17 type",Mutilating palmoplantar keratoderma with periorificial keratotic plaques
8092,Stargardt disease,"Adult-onset cervical dystonia, DYT23 type"
8093,Pediatric hepatocellular carcinoma,Fuchs endothelial corneal dystrophy
8094,Optic pathway glioma,Stargardt disease
8095,Autosomal dominant spastic paraplegia type 38,Best vitelliform macular dystrophy
8096,Immunoglobulin A vasculitis,Burkitt lymphoma
8097,Idiopathic/heritable pulmonary arterial hypertension,Pleural mesothelioma
8098,Rheumatoid factor-negative polyarticular juvenile idiopathic arthritis,Schnitzler syndrome
8099,\xc3\x85land Islands eye disease,Adult-onset multiple mitochondrial DNA deletion syndrome due to DGUOK deficiency
8100,Retinal degeneration-nanophthalmos-glaucoma syndrome,Mitochondrial myopathy with reversible cytochrome C oxidase deficiency
8101,Mitochondrial myopathy with reversible cytochrome C oxidase deficiency,Ophthalmomandibulomelic dysplasia
8102,Fuchs endothelial corneal dystrophy,Charcot-Marie-Tooth disease type 1B
8103,Lethal infantile mitochondrial myopathy,Pediatric hepatocellular carcinoma
8104,Late-onset retinal degeneration,Oromandibular dystonia
8105,Myasthenia gravis,"Autoimmune hemolytic anemia, warm type"
8106,MALT lymphoma,Charcot-Marie-Tooth disease type 1A
8107,Transgrediens et progrediens palmoplantar keratoderma,Idiopathic acute eosinophilic pneumonia
8108,follicular lymphoma,Szary syndrome
8109,Carbamoyl-phosphate synthetase 1 deficiency,Hyperammonemia due to N-acetylglutamate synthase deficiency
8110,Pituicytoma,Adult-onset foveomacular vitelliform dystrophy
8111,Common variable immunodeficiency,Diffuse cutaneous systemic sclerosis
8112,Herpes simplex virus stromal keratitis,Lymphoid interstitial pneumonia
8113,liposarcoma,plasma cell myeloma
8114,Granular corneal dystrophy type II,Charcot-Marie-Tooth disease type 4A
8115,"Primary dystonia, DYT27 type",Mutilating palmoplantar keratoderma with periorificial keratotic plaques
8116,Castleman disease,AL amyloidosis
8117,Wiskott-Aldrich syndrome,systemic lupus erythematosus
8118,interstitial lung disease 2,Complex regional pain syndrome type 1
8119,meningioma,essential thrombocythemia
8120,Opsoclonus-myoclonus syndrome,Immune-mediated thrombotic thrombocytopenic purpura
8121,Neurotrophic keratopathy,Cold agglutinin disease
8122,Mutilating palmoplantar keratoderma with periorificial keratotic plaques,Charcot-Marie-Tooth disease type 4C
8123,Congenital ichthyosis-microcephalus-tetraplegia syndrome,Familial drusen
8124,Pediatric hepatocellular carcinoma,Malignant peritoneal mesothelioma
8125,Mitochondrial myopathy with reversible cytochrome C oxidase deficiency,17q23.1q23.2 microdeletion syndrome
8126,Polyneuropathy associated with IgM monoclonal gammopathy with anti-MAG,Amyotrophic lateral sclerosis
8127,Leukoencephalopathy-palmoplantar keratoderma syndrome,Granular corneal dystrophy type I
8128,Giant cell arteritis,Systemic-onset juvenile idiopathic arthritis
8129,Dermatofibrosarcoma protuberans,Well-differentiated liposarcoma
8130,Primary membranoproliferative glomerulonephritis,Adult-onset myasthenia gravis
8131,Gliosarcoma,Kaposi\'s sarcoma
8132,Pleural mesothelioma,Szary syndrome
8133,Gray platelet syndrome,Subcutaneous panniculitis-like T-cell lymphoma
8134,Paroxysmal cold hemoglobinuria,Ichthyosis-prematurity syndrome
8135,TRAPPC11-related limb-girdle muscular dystrophy R18,Acute myelomonocytic leukemia
8136,Stargardt disease,Charcot-Marie-Tooth disease type 4A
8137,Primary biliary cholangitis,Castleman disease
8138,NMDA receptor encephalitis,Acute disseminated encephalomyelitis with anti-MOG antibodies
8139,sarcoidosis,gastrointestinal stromal tumor
8140,X-linked endothelial corneal dystrophy,Diffuse palmoplantar keratoderma-acrocyanosis syndrome
8141,Bullous pemphigoid,Pediatric systemic lupus erythematosus
8142,Retinitis punctata albescens,Paroxysmal cold hemoglobinuria
8143,Pure mitochondrial myopathy,Oromandibular dystonia
8144,Von Hippel-Lindau disease,Non-involuting congenital hemangioma
8145,Best vitelliform macular dystrophy,Autosomal dominant spastic paraplegia type 4
8146,Uveal melanoma,"Classic Hodgkin lymphoma, nodular sclerosis type"
8147,dermatomyositis,neuroblastoma
8148,plasma cell myeloma,Medulloblastoma
8149,hemophilia A,Severe hemophilia A
8150,interstitial cystitis,MALT lymphoma
8151,Cranio-cervical dystonia with laryngeal and upper-limb involvement,Adult-onset foveomacular vitelliform dystrophy
8152,Very long chain acyl-CoA dehydrogenase deficiency,Glycogen storage disease due to muscle glycogen phosphorylase deficiency
8153,Dedifferentiated liposarcoma,Primary peritoneal carcinoma
8154,Mendelian susceptibility to mycobacterial diseases due to complete IL12RB1 deficiency,Thiel-Behnke corneal dystrophy
8155,autoimmune thrombocytopenic purpura,Immune-mediated thrombotic thrombocytopenic purpura
8156,Stargardt disease,Combined oxidative phosphorylation defect type 13
8157,Chronic inflammatory demyelinating polyneuropathy,glycogen storage disease II
8159,"chronic myelogenous leukemia, BCR-ABL1 positive",eosinophilic granulomatosis with polyangiitis
8160,Macrophage activation syndrome,Acute myelomonocytic leukemia
8161,Diffuse cutaneous systemic sclerosis,acquired polycythemia vera
8162,TSH-secreting pituitary adenoma,Charcot-Marie-Tooth disease type 1F
8163,"chronic myelogenous leukemia, BCR-ABL1 positive",Pineoblastoma
8164,autoimmune thrombocytopenic purpura,AL amyloidosis
8165,Idiopathic steroid-sensitive nephrotic syndrome,polymyositis
8166,Leber congenital amaurosis,acquired polycythemia vera
8167,Gray platelet syndrome,Bothnia retinal dystrophy
8168,Lethal infantile mitochondrial myopathy,Persistent hyperplastic primary vitreous
8169,Respiratory bronchiolitis-interstitial lung disease syndrome,Adult-onset foveomacular vitelliform dystrophy
8170,Congenital cerebellar ataxia due to RNU12 mutation,Adult-onset foveomacular vitelliform dystrophy
8171,Trisomy 8q,Pure mitochondrial myopathy
8172,Cholangiocarcinoma,Pediatric hepatocellular carcinoma
8173,Solitary fibrous tumor,Squamous cell carcinoma of the esophagus
8174,Tay-Sachs disease,Castleman disease
8175,Double outlet right ventricle,Portosinusoidal vascular disease
8176,Neurotrophic keratopathy,Focal palmoplantar and gingival keratoderma
8177,Autosomal dominant centronuclear myopathy,Thiel-Behnke corneal dystrophy
8178,Congenital fiber-type disproportion myopathy,Adult-onset foveomacular vitelliform dystrophy
8179,TRAPPC11-related limb-girdle muscular dystrophy R18,Nodular lymphocyte predominant Hodgkin lymphoma
8180,DNAJB6-related limb-girdle muscular dystrophy D1,Fuchs endothelial corneal dystrophy
8181,Drug-induced autoimmune hemolytic anemia,Polyarteritis nodosa
8182,Stargardt disease,Classic mycosis fungoides
8183,sarcoidosis,Autoimmune hepatitis
8184,Autosomal dominant Charcot-Marie-Tooth disease type 2Z,Follicular lymphoma
8185,liposarcoma,Cutaneous neuroendocrine carcinoma
8186,Perioral myoclonia with absences,Adult-onset foveomacular vitelliform dystrophy
8187,Obesity due to prohormone convertase I deficiency,Alstrm syndrome
8188,Osteosarcoma,Refractory anemia with excess blasts
8189,Neuromyelitis optica spectrum disorder with anti-MOG antibodies,NMDA receptor encephalitis
8190,Thrombotic thrombocytopenic purpura,Immune-mediated thrombotic thrombocytopenic purpura
8191,Pituitary gigantism,Fuchs endothelial corneal dystrophy
8192,Gray platelet syndrome,PFAPA syndrome
8193,Somatomammotropinoma,"Adult-onset cervical dystonia, DYT23 type"
8194,"Classic Hodgkin lymphoma, nodular sclerosis type",Klatskin tumor
8195,autoimmune thrombocytopenic purpura,Chronic graft versus host disease
8196,neuroblastoma,follicular lymphoma
8197,Postpoliomyelitis syndrome,Adult-onset foveomacular vitelliform dystrophy
8198,Bronchial neuroendocrine tumor,Primary peritoneal carcinoma
8199,Nodular lymphocyte predominant Hodgkin lymphoma,MALT lymphoma
8200,SHOX-related short stature,Short stature due to partial GHR deficiency
8201,1q21.1 microduplication syndrome,Mitochondrial myopathy with reversible cytochrome C oxidase deficiency
8202,Zollinger-Ellison syndrome,Macular corneal dystrophy
8203,Immune thrombocytopenia,DNAJB6-related limb-girdle muscular dystrophy D1
8204,Primary effusion lymphoma,Subcutaneous panniculitis-like T-cell lymphoma
8205,Cold agglutinin disease,Waldenstrom macroglobulinemia
8206,dermatomyositis,Fetal cytomegalovirus syndrome
8207,Early-onset generalized limb-onset dystonia,X-linked endothelial corneal dystrophy
8208,Hemoglobin E-beta-thalassemia syndrome,Adult-onset foveomacular vitelliform dystrophy
8209,Mitochondrial myopathy with reversible cytochrome C oxidase deficiency,Addison disease
8210,X-linked endothelial corneal dystrophy,Charcot-Marie-Tooth disease type 1A
8211,Somatostatinoma,Thiel-Behnke corneal dystrophy
8212,Diffuse cutaneous systemic sclerosis,Giant cell arteritis
8213,Pure mitochondrial myopathy,Acute interstitial pneumonia
8214,glioblastoma,achondroplasia
8215,Classic glucose transporter type 1 deficiency syndrome,Carnitine palmitoyl transferase 1A deficiency
8216,systemic sclerosis,childhood absence epilepsy
8217,Bronchopulmonary dysplasia,Addison disease
8218,Cryptogenic organizing pneumonia,Retinitis punctata albescens
8219,Idiopathic/heritable pulmonary arterial hypertension,Idiopathic pulmonary arterial hypertension
8220,Congenital stationary night blindness,Mal de Meleda
8221,Acute interstitial pneumonia,Charcot-Marie-Tooth disease type 1B
8222,Retinitis pigmentosa,childhood absence epilepsy
8223,Mitochondrial myopathy with reversible cytochrome C oxidase deficiency,Mutilating palmoplantar keratoderma with periorificial keratotic plaques
8224,Superficial epidermolytic ichthyosis,Follicular lymphoma
8225,Relapsing polychondritis,Chronic graft versus host disease
8226,VIPoma,Medulloblastoma
8227,Autosomal dominant centronuclear myopathy,Lymphoid interstitial pneumonia
8228,Immune thrombocytopenia,Severe early-childhood-onset retinal dystrophy
8229,Distal duplication 15q,Down syndrome
8230,Chronic inflammatory demyelinating polyneuropathy,Adult acute respiratory distress syndrome
8231,Undifferentiated pleomorphic sarcoma,plasma cell myeloma
8232,Pituitary apoplexy,Adult-onset foveomacular vitelliform dystrophy
8233,Citrullinemia type I,Adult-onset foveomacular vitelliform dystrophy
8234,Early-onset generalized limb-onset dystonia,MALT lymphoma
8235,Cryptogenic organizing pneumonia,Autosomal dominant Charcot-Marie-Tooth disease type 2Y
8236,mantle cell lymphoma,Nephroblastoma
8237,essential thrombocythemia,graft versus host disease
8238,Pure mitochondrial myopathy,Idiopathic pulmonary fibrosis
8239,DNA2-related mitochondrial DNA deletion syndrome,Thiel-Behnke corneal dystrophy
8240,Localized junctional epidermolysis bullosa,"Localized dystrophic epidermolysis bullosa, acral form"
8241,Relapsing polychondritis,systemic sclerosis
8242,Epithelial recurrent erosion dystrophy,Charcot-Marie-Tooth disease type 4D
8243,Classic Hodgkin lymphoma,Adrenocortical carcinoma
8244,Functioning gonadotropic adenoma,Lattice corneal dystrophy type I
8245,Neurofibromatosis type 1,Central neurocytoma
8246,Diffuse cutaneous systemic sclerosis,Multifocal motor neuropathy
8247,"chronic myelogenous leukemia, BCR-ABL1 positive",Solitary fibrous tumor
8248,Immune thrombocytopenia,Congenital stationary night blindness
8249,glioblastoma,Friedreich ataxia
8250,Severe early-childhood-onset retinal dystrophy,Charcot-Marie-Tooth disease type 4G
8251,GRFoma,Charcot-Marie-Tooth disease type 1B
8252,MALT lymphoma,Idiopathic steroid-sensitive nephrotic syndrome with secondary steroid resistance
8253,Granulomatous slack skin,Paroxysmal cold hemoglobinuria
8254,Mitochondrial myopathy with reversible cytochrome C oxidase deficiency,Glucagonoma
8255,Epithelial recurrent erosion dystrophy,Idiopathic acute eosinophilic pneumonia
8256,X-linked endothelial corneal dystrophy,Autosomal dominant Charcot-Marie-Tooth disease type 2Y
8257,MALT lymphoma,Autosomal dominant spastic paraplegia type 4
8258,Refractory anemia with excess blasts,"Autosomal recessive generalized dystrophic epidermolysis bullosa, severe form"
8259,Congenital ichthyosis-microcephalus-tetraplegia syndrome,MALT lymphoma
8260,Herpes simplex virus stromal keratitis,Superficial epidermolytic ichthyosis
8261,Follicular lymphoma,KRT1-related diffuse nonepidermolytic keratoderma
8262,Syndromic recessive X-linked ichthyosis,Idiopathic acute eosinophilic pneumonia
8263,Lethal infantile mitochondrial myopathy,"Primary dystonia, DYT13 type"
8264,Gray platelet syndrome,"Primary dystonia, DYT4 type"
8265,Bethlem myopathy,Adult-onset foveomacular vitelliform dystrophy
8266,Idiopathic steroid-sensitive nephrotic syndrome,microscopic polyangiitis
8267,Autosomal dominant generalized dystrophic epidermolysis bullosa,"Localized dystrophic epidermolysis bullosa, nails only"
8268,Asbestos intoxication,Mitochondrial myopathy with reversible cytochrome C oxidase deficiency
8269,autoimmune thrombocytopenic purpura,Primary myelofibrosis
8270,Acute interstitial pneumonia,Adult-onset foveomacular vitelliform dystrophy
8271,Fabry disease,Autosomal dominant polycystic kidney disease
8272,intermediate uveitis,plasma cell myeloma
8273,Neurotrophic keratopathy,Infant acute respiratory distress syndrome
8274,Idiopathic acute eosinophilic pneumonia,Charcot-Marie-Tooth disease type 4B2
8275,Beta-thalassemia major,Hemoglobin H disease
8276,Pleural mesothelioma,Adenocarcinoma of the esophagus
8277,Idiopathic panuveitis,Giant cell arteritis
8278,Lymphangioleiomyomatosis,Neuroendocrine tumor of anal canal
8279,Amyotrophic lateral sclerosis,Osteosarcoma
8280,Neurotrophic keratopathy,Classic mycosis fungoides
8281,Spinocerebellar ataxia type 40,Adult-onset foveomacular vitelliform dystrophy
8282,Acquired idiopathic sideroblastic anemia,AL amyloidosis
8283,Mutilating palmoplantar keratoderma with periorificial keratotic plaques,Cold agglutinin disease
8284,Classic glucose transporter type 1 deficiency syndrome,Carnitine-acylcarnitine translocase deficiency
8285,Non-epidermolytic palmoplantar keratoderma,X-linked endothelial corneal dystrophy
8286,plasma cell myeloma,Bronchial neuroendocrine tumor
8287,thymoma,Castleman disease
8288,neuroblastoma,Non-involuting congenital hemangioma
8289,Waldenstrom macroglobulinemia,Polyarteritis nodosa
8290,Granular corneal dystrophy type II,Autosomal dominant Charcot-Marie-Tooth disease type 2A2
8291,Polyembryoma,DNAJB6-related limb-girdle muscular dystrophy D1
8292,Hemophilia A,Adult-onset foveomacular vitelliform dystrophy
8293,Retinoblastoma,follicular lymphoma
8294,Myasthenia gravis,Acute transverse myelitis with anti-MOG antibodies
8295,paroxysmal nocturnal hemoglobinuria,mantle cell lymphoma
8296,Lethal infantile mitochondrial myopathy,Male infertility with azoospermia or oligozoospermia due to single gene mutation
8297,Neuroendocrine tumor of stomach,Indolent systemic mastocytosis
8298,dermatomyositis,Schnitzler syndrome
8299,"chronic myelogenous leukemia, BCR-ABL1 positive",follicular lymphoma
8300,Acute graft versus host disease,systemic sclerosis
8301,Bronchial neuroendocrine tumor,Well-differentiated liposarcoma
8302,CEDNIK syndrome,Adult-onset foveomacular vitelliform dystrophy
8303,Congenital non-bullous ichthyosiform erythroderma,Pituitary gigantism
8304,liposarcoma,mantle cell lymphoma
8305,"Primary dystonia, DYT21 type",Retinitis punctata albescens
8306,Autosomal dominant Charcot-Marie-Tooth disease type 2Z,Chronic pneumonitis of infancy
8307,Congenital myopathy with myasthenic-like onset,MALT lymphoma
8308,Sporadic pheochromocytoma/secreting paraganglioma,Solitary fibrous tumor
8309,Multifocal lymphangioendotheliomatosis-thrombocytopenia syndrome,DNAJB6-related limb-girdle muscular dystrophy D1
8310,Severe early-childhood-onset retinal dystrophy,Charcot-Marie-Tooth disease type 1F
8311,multiple system atrophy,Young-onset Parkinson disease
8312,Monosomy 18p,Lethal infantile mitochondrial myopathy
8313,PPoma,Neuroendocrine neoplasm of appendix
8314,Herpes simplex virus stromal keratitis,Somatostatinoma
8315,Sporadic pheochromocytoma/secreting paraganglioma,Multiple endocrine neoplasia type 2B
8316,Peripheral primitive neuroectodermal tumor,Cholangiocarcinoma
8317,GRFoma,Charcot-Marie-Tooth disease type 4A
8318,thymoma,acquired polycythemia vera
8319,Waldenstrom macroglobulinemia,AL amyloidosis
8320,liposarcoma,Cutaneous collagenous vasculopathy
8321,Pure mitochondrial myopathy,Distal 7q11.23 microdeletion syndrome
8322,Mitochondrial myopathy with reversible cytochrome C oxidase deficiency,Ulnar hemimelia
8323,Gray platelet syndrome,Granular corneal dystrophy type I
8324,Autoimmune polyendocrinopathy type 1,Secondary hypoparathyroidism due to impaired parathormon secretion
8325,Beta-thalassemia intermedia,Hemoglobin H disease
8326,Nephroblastoma,Squamous cell carcinoma of the esophagus
8327,X-linked endothelial corneal dystrophy,Oromandibular dystonia
8328,interstitial lung disease 2,Adult-onset myasthenia gravis
8329,Infant acute respiratory distress syndrome,Charcot-Marie-Tooth disease type 4G
8330,Ileal neuroendocrine tumor,Neuroendocrine neoplasm of appendix
8331,MALT lymphoma,Striate palmoplantar keratoderma
8332,Progressive non-fluent aphasia,Semantic dementia
8333,Osteosarcoma,Hereditary breast and/or ovarian cancer syndrome
8334,fragile X syndrome,childhood absence epilepsy
8335,Acromegaly,Hereditary hemorrhagic telangiectasia
8336,meningioma,Cystic fibrosis
8337,Severe hemophilia B,Mild hemophilia B
8338,Severe early-childhood-onset retinal dystrophy,Autosomal dominant Charcot-Marie-Tooth disease type 2K
8339,Adult-onset multiple mitochondrial DNA deletion syndrome due to DGUOK deficiency,Adult-onset foveomacular vitelliform dystrophy
8340,Adult-onset foveomacular vitelliform dystrophy,Spinocerebellar ataxia type 10
8341,Palmoplantar keratoderma-spastic paralysis syndrome,Gray platelet syndrome
8342,Retinitis punctata albescens,Diffuse palmoplantar keratoderma-acrocyanosis syndrome
8343,X-linked endothelial corneal dystrophy,Pituitary gigantism
8344,Chronic graft versus host disease,Neuroendocrine neoplasm of appendix
8345,Autosomal recessive spastic paraplegia type 60,Adult-onset foveomacular vitelliform dystrophy
8346,Familial drusen,Charcot-Marie-Tooth disease type 4D
8347,Solitary fibrous tumor,Undifferentiated pleomorphic sarcoma
8348,Primary sclerosing cholangitis,Prader-Willi syndrome
8349,Focal palmoplantar and gingival keratoderma,TRAPPC11-related limb-girdle muscular dystrophy R18
8351,Chronic graft versus host disease,Primary biliary cholangitis
8352,Medullary thyroid carcinoma,Klatskin tumor
8353,systemic lupus erythematosus,graft versus host disease
8354,Herpes simplex virus stromal keratitis,Charcot-Marie-Tooth disease type 4B2
8355,Combined oxidative phosphorylation defect type 13,Granular corneal dystrophy type I
8356,Gray platelet syndrome,Granular corneal dystrophy type II
8357,Idiopathic panuveitis,Idiopathic uveal effusion syndrome
8358,essential thrombocythemia,Beta-thalassemia intermedia
8359,Zebra body myopathy,Pituitary gigantism
8360,Lethal infantile mitochondrial myopathy,Birdshot chorioretinopathy
8361,Amyotrophic lateral sclerosis,Idiopathic uveal effusion syndrome
8362,Myxoid/round cell liposarcoma,Neuroendocrine tumor of the colon
8363,Lennox-Gastaut syndrome,interstitial cystitis
8364,Autosomal recessive spastic paraplegia type 69,MALT lymphoma
8365,Acute interstitial pneumonia,Charcot-Marie-Tooth disease type 4B2
8366,Rheumatoid factor-negative polyarticular juvenile idiopathic arthritis,Birdshot chorioretinopathy
8367,Gerstmann-Straussler-Scheinker syndrome,MALT lymphoma
8368,Epithelial recurrent erosion dystrophy,Autosomal dominant Charcot-Marie-Tooth disease type 2F
8369,Hemangioblastoma,Uveal melanoma
8370,"Distal myopathy, Tateyama type",MALT lymphoma
8371,Chronic beryllium disease,Charcot-Marie-Tooth disease type 1A
8372,Osteosarcoma,Medullary thyroid carcinoma
8373,GM1 gangliosidosis,Castleman disease
8374,sarcoidosis,Autosomal dominant polycystic kidney disease
8375,Best vitelliform macular dystrophy,Acquired von Willebrand syndrome
8376,Paris-Trousseau thrombocytopenia,Thiel-Behnke corneal dystrophy
8377,Refractory anemia with excess blasts type 2,Refractory anemia with excess blasts
8378,autoimmune thrombocytopenic purpura,GM1 gangliosidosis
8379,Epidermolysis bullosa simplex with pyloric atresia,Best vitelliform macular dystrophy
8380,intermediate uveitis,Idiopathic/heritable pulmonary arterial hypertension
8381,coccidioidomycosis,Huntington disease
8382,MALT lymphoma,PFAPA syndrome
8383,Plectin-related limb-girdle muscular dystrophy R17,MALT lymphoma
8384,\xc3\x85land Islands eye disease,"Hereditary palmoplantar keratoderma, Gamborg-Nielsen type"
8385,Lattice corneal dystrophy type I,Autosomal dominant Charcot-Marie-Tooth disease type 2F
8386,Catastrophic antiphospholipid syndrome,polymyositis
8387,Distal nebulin myopathy,MALT lymphoma
8388,Idiopathic pulmonary fibrosis,Retinitis punctata albescens
8389,mantle cell lymphoma,Autoimmune hepatitis
8390,Neuroendocrine tumor of anal canal,Medullary thyroid carcinoma
8391,Beta-thalassemia major,essential thrombocythemia
8392,"chronic myelogenous leukemia, BCR-ABL1 positive",childhood absence epilepsy
8393,microscopic polyangiitis,Pediatric systemic lupus erythematosus
8394,Best vitelliform macular dystrophy,"Adult-onset cervical dystonia, DYT23 type"
8395,MALT lymphoma,Transaldolase deficiency
8396,glioblastoma,Bronchopulmonary dysplasia
8397,Combined oxidative phosphorylation defect type 13,Insulinoma
8398,TRAPPC11-related limb-girdle muscular dystrophy R18,Addison disease
8399,VIPoma,Neuroendocrine tumor of anal canal
8400,MALT lymphoma,Autosomal dominant spastic paraplegia type 31
8401,TSH-secreting pituitary adenoma,Adult-onset foveomacular vitelliform dystrophy
8402,Familial drusen,Mal de Meleda
8403,Neurofibromatosis type 1,Neuroendocrine neoplasm of appendix
8404,TRAPPC11-related limb-girdle muscular dystrophy R18,Follicular lymphoma
8405,systemic sclerosis,Fibrous dysplasia of bone
8406,"Localized dystrophic epidermolysis bullosa, acral form",Recessive dystrophic epidermolysis bullosa inversa
8407,Granulomatosis with polyangiitis,"Autoimmune hemolytic anemia, warm type"
8408,Complex regional pain syndrome,follicular lymphoma
8409,Beta-thalassemia,tuberous sclerosis
8410,Desmoplastic small round cell tumor,Klatskin tumor
8411,"Classic Hodgkin lymphoma, lymphocyte-depleted type",follicular lymphoma
8412,Mitochondrial myopathy with reversible cytochrome C oxidase deficiency,Primary immunodeficiency syndrome due to LAMTOR2 deficiency
8413,Amyotrophic lateral sclerosis,"Multiple system atrophy, parkinsonian type"
8414,Non-epidermolytic palmoplantar keratoderma,Congenital hereditary endothelial dystrophy type II
8415,Osteosarcoma,Uveal melanoma
8416,Opsoclonus-myoclonus syndrome,mantle cell lymphoma
8417,Lambert-Eaton myasthenic syndrome,Botulism
8418,Idiopathic acute eosinophilic pneumonia,Mutilating palmoplantar keratoderma with periorificial keratotic plaques
8419,Squamous cell carcinoma of the anal canal,follicular lymphoma
8420,Glucagonoma,Charcot-Marie-Tooth disease type 4G
8421,Pineoblastoma,Ileal neuroendocrine tumor
8422,Obesity due to prohormone convertase I deficiency,Prader-Willi syndrome due to imprinting mutation
8423,PPoma,Charcot-Marie-Tooth disease type 4C
8424,Severe early-childhood-onset retinal dystrophy,"Hereditary palmoplantar keratoderma, Gamborg-Nielsen type"
8425,Ependymoma,osteogenesis imperfecta
8426,Immunoglobulin A vasculitis,Mixed-type autoimmune hemolytic anemia
8427,Best vitelliform macular dystrophy,Lissencephaly due to LIS1 mutation
8428,Proteus syndrome,Segmental outgrowth-lipomatosis-arteriovenous malformation-epidermal nevus syndrome
8429,Male infertility with teratozoospermia due to single gene mutation,Mutilating palmoplantar keratoderma with periorificial keratotic plaques
8430,Congenital fibrinogen deficiency,Familial hypofibrinogenemia
8431,Mitochondrial myopathy with reversible cytochrome C oxidase deficiency,Oguchi disease
8432,Burkitt lymphoma,Adenocarcinoma of the esophagus
8433,Primary Sjgren syndrome,Genetic steroid-resistant nephrotic syndrome
8434,MALT lymphoma,Idiopathic congenital hypothyroidism
8435,MALT lymphoma,Autosomal recessive generalized epidermolysis bullosa simplex
8436,Psoriasis-related juvenile idiopathic arthritis,Vogt-Koyanagi-Harada disease
8437,Epidermolysis bullosa simplex with circinate migratory erythema,MALT lymphoma
8438,Retinitis pigmentosa,Enthesitis-related juvenile idiopathic arthritis
8439,NMDA receptor encephalitis,Best vitelliform macular dystrophy
8440,intermediate uveitis,Schnitzler syndrome
8441,sarcoidosis,Idiopathic/heritable pulmonary arterial hypertension
8442,VIPoma,Ileal neuroendocrine tumor
8443,"chronic myelogenous leukemia, BCR-ABL1 positive",Szary syndrome
8444,Solitary fibrous tumor,Myxoid/round cell liposarcoma
8445,Pituitary gigantism,Autosomal dominant Charcot-Marie-Tooth disease type 2K
8446,"Autosomal dominant focal dystonia, DYT25 type",Somatomammotropinoma
8447,Autosomal recessive axonal neuropathy with neuromyotonia,Somatomammotropinoma
8448,Delta-beta-thalassemia,Best vitelliform macular dystrophy
8449,Autosomal dominant centronuclear myopathy,Insulinoma
8450,Stargardt disease,Follicular lymphoma
8451,interstitial lung disease 2,Primary effusion lymphoma
8452,TRAPPC11-related limb-girdle muscular dystrophy R18,Vernal keratoconjunctivitis
8453,Lethal infantile mitochondrial myopathy,Cushing disease
8454,Idiopathic/heritable pulmonary arterial hypertension,Heritable pulmonary arterial hypertension
8455,Autosomal dominant centronuclear myopathy,VIPoma
8456,sarcoidosis,Amyotrophic lateral sclerosis
8457,Autosomal dominant centronuclear myopathy,Respiratory bronchiolitis-interstitial lung disease syndrome
8458,glioblastoma,Peripheral primitive neuroectodermal tumor
8459,Pleomorphic liposarcoma,follicular lymphoma
8460,Paris-Trousseau thrombocytopenia,Mantle cell lymphoma
8461,Osteosarcoma,Cholangiocarcinoma
8462,Infantile-onset X-linked spinal muscular atrophy,Proximal spinal muscular atrophy type 2
8463,Klatskin tumor,Cutaneous neuroendocrine carcinoma
8464,Ependymoma,Classic Hodgkin lymphoma
8465,Mendelian susceptibility to mycobacterial diseases due to complete IL12RB1 deficiency,Retinitis punctata albescens
8466,TRAPPC11-related limb-girdle muscular dystrophy R18,Chronic pneumonitis of infancy
8467,Paris-Trousseau thrombocytopenia,Severe early-childhood-onset retinal dystrophy
8468,Transgrediens et progrediens palmoplantar keratoderma,Granular corneal dystrophy type II
8469,osteogenesis imperfecta,Medulloblastoma
8470,mantle cell lymphoma,Castleman disease
8471,TRAPPC11-related limb-girdle muscular dystrophy R18,Ileal neuroendocrine tumor
8472,Pituicytoma,Ichthyosis-prematurity syndrome
8473,Mitochondrial myopathy with reversible cytochrome C oxidase deficiency,Vernal keratoconjunctivitis
8474,2q31.1 microdeletion syndrome,Lethal infantile mitochondrial myopathy
8475,Thiel-Behnke corneal dystrophy,Charcot-Marie-Tooth disease type 4A
8476,Autosomal dominant centronuclear myopathy,Retinitis punctata albescens
8477,Osteosarcoma,Cutaneous neuroendocrine carcinoma
8478,Fetal and neonatal alloimmune thrombocytopenia,DNAJB6-related limb-girdle muscular dystrophy D1
8479,Dystrophic epidermolysis bullosa pruriginosa,Autosomal dominant generalized dystrophic epidermolysis bullosa
8480,glioblastoma,Atypical teratoid rhabdoid tumor
8481,Zollinger-Ellison syndrome,Charcot-Marie-Tooth disease type 4A
8482,"Autosomal recessive generalized dystrophic epidermolysis bullosa, severe form",Intermediate generalized junctional epidermolysis bullosa
8483,Sporadic pheochromocytoma/secreting paraganglioma,Bronchial neuroendocrine tumor
8484,TRAPPC11-related limb-girdle muscular dystrophy R18,Non-functioning pituitary adenoma
8485,Mitochondrial myopathy with reversible cytochrome C oxidase deficiency,Acute monoblastic/monocytic leukemia
8486,Retinopathy of prematurity,neuroblastoma
8487,Cholangiocarcinoma,Subcutaneous panniculitis-like T-cell lymphoma
8488,meningioma,Friedreich ataxia
8489,Classic mycosis fungoides,X-linked endothelial corneal dystrophy
8490,Immune thrombocytopenia,Charcot-Marie-Tooth disease type 1A
8491,Chronic beryllium disease,Charcot-Marie-Tooth disease type 4G
8492,liposarcoma,Solitary fibrous tumor
8493,Congenital fiber-type disproportion myopathy,MALT lymphoma
8494,Idiopathic steroid-sensitive nephrotic syndrome,Continuous spikes and waves during sleep
8495,mantle cell lymphoma,Idiopathic steroid-sensitive nephrotic syndrome with secondary steroid resistance
8496,Isolated polycystic liver disease,Somatostatinoma
8497,Thymoma type B,Medullary thyroid carcinoma
8498,Primary myelofibrosis,Uveal melanoma
8499,Pineoblastoma,Thymic neuroendocrine tumor
8500,meningioma,Idiopathic/heritable pulmonary arterial hypertension
8501,Progressive symmetric erythrokeratodermia,Adult-onset foveomacular vitelliform dystrophy
8502,Congenital ichthyosis-microcephalus-tetraplegia syndrome,Congenital hereditary endothelial dystrophy type II
8503,Idiopathic steroid-sensitive nephrotic syndrome,Primary biliary cholangitis
8504,Medullary thyroid carcinoma,Bronchial neuroendocrine tumor
8505,Autosomal dominant hyperinsulinism due to SUR1 deficiency,MALT lymphoma
8506,Paris-Trousseau thrombocytopenia,Granulomatous slack skin
8507,meningioma,graft versus host disease
8508,Severe combined immunodeficiency due to complete RAG1/2 deficiency,Best vitelliform macular dystrophy
8509,Pleural mesothelioma,Neuroendocrine tumor of the rectum
8510,Thymic carcinoma,Adrenocortical carcinoma
8511,Somatomammotropinoma,Vocal cord and pharyngeal distal myopathy
8512,hemophilia A,graft versus host disease
8513,"chronic myelogenous leukemia, BCR-ABL1 positive",Primary peritoneal carcinoma
8514,Isolated growth hormone deficiency type II,Non-acquired isolated growth hormone deficiency
8515,Bernard-Soulier syndrome,Mantle cell lymphoma
8516,glioblastoma,Nephroblastoma
8517,Pseudohypoparathyroidism type 1C,Adult-onset foveomacular vitelliform dystrophy
8518,Chronic graft versus host disease,Autosomal dominant polycystic kidney disease
8519,Paroxysmal cold hemoglobinuria,Charcot-Marie-Tooth disease type 1F
8520,"chronic myelogenous leukemia, BCR-ABL1 positive",Cryoglobulinemic vasculitis
8521,Paroxysmal cold hemoglobinuria,Granular corneal dystrophy type II
8523,Dystrophic epidermolysis bullosa pruriginosa,Refractory anemia with excess blasts type 2
8524,Citrullinemia type I,Hyperammonemia due to N-acetylglutamate synthase deficiency
8525,Primary biliary cholangitis,Neutral lipid storage myopathy
8526,Tay-Sachs disease,MALT lymphoma
8527,Ependymoma,Castleman disease
8528,Primary myelofibrosis,Subcutaneous panniculitis-like T-cell lymphoma
8529,Hereditary pheochromocytoma-paraganglioma,Medullary thyroid carcinoma
8530,Pituitary deficiency due to Rathke cleft cysts,Adult-onset foveomacular vitelliform dystrophy
8531,Bothnia retinal dystrophy,Charcot-Marie-Tooth disease type 4D
8532,Myasthenia gravis,metachromatic leukodystrophy
8533,Bernard-Soulier syndrome,DNAJB6-related limb-girdle muscular dystrophy D1
8534,Pure mitochondrial myopathy,Trisomy 8p
8535,MALT lymphoma,Distal myotilinopathy
8536,intermediate uveitis,Idiopathic uveal effusion syndrome
8537,Bernard-Soulier syndrome,MYH9-related disease
8538,"Localized dystrophic epidermolysis bullosa, pretibial form","Autosomal recessive generalized dystrophic epidermolysis bullosa, severe form"
8539,Thiel-Behnke corneal dystrophy,Autosomal dominant Charcot-Marie-Tooth disease type 2E
8540,VIPoma,Charcot-Marie-Tooth disease type 1F
8541,"Hereditary palmoplantar keratoderma, Gamborg-Nielsen type",Granular corneal dystrophy type II
8542,Hb Bart's hydrops fetalis,Beta-thalassemia intermedia
8543,Amyotrophic lateral sclerosis,systemic lupus erythematosus
8544,glycogen storage disease II,MALT lymphoma
8545,Finnish upper limb-onset distal myopathy,MALT lymphoma
8546,Pure mitochondrial myopathy,Kasabach-Merritt syndrome
8547,Burkitt lymphoma,Papilloma of choroid plexus
8548,Best vitelliform macular dystrophy,Adenocarcinoma of the anal canal
8549,Interatrial communication,Heritable pulmonary arterial hypertension
8550,Adenocarcinoma of the esophagus,Malignant peritoneal mesothelioma
8551,Neurotrophic keratopathy,"Congenital muscular dystrophy, Ullrich type"
8553,Leukoencephalopathy-palmoplantar keratoderma syndrome,Gray platelet syndrome
8554,Mitochondrial myopathy with reversible cytochrome C oxidase deficiency,Autosomal dominant Charcot-Marie-Tooth disease type 2F
8555,Primary Sjgren syndrome,neuroblastoma
8556,Acute monoblastic/monocytic leukemia,Adult-onset foveomacular vitelliform dystrophy
8557,Distal hereditary motor neuropathy type 5,MALT lymphoma
8558,Neurotrophic keratopathy,Finnish upper limb-onset distal myopathy
8559,"Autosomal dominant focal dystonia, DYT25 type",Fuchs endothelial corneal dystrophy
8560,Idiopathic acute eosinophilic pneumonia,Autosomal dominant Charcot-Marie-Tooth disease type 2A2
8561,Bullous pemphigoid,Eosinophilic gastroenteritis
8562,Ornithine transcarbamylase deficiency,Hyperammonemia due to N-acetylglutamate synthase deficiency
8563,Sporadic Creutzfeldt-Jakob disease,AL amyloidosis
8564,microscopic polyangiitis,MALT lymphoma
8565,Overhydrated hereditary stomatocytosis,Adult-onset foveomacular vitelliform dystrophy
8566,Primary myelofibrosis,Leber congenital amaurosis
8567,Complex regional pain syndrome,Solar urticaria
8568,Primary Sjgren syndrome,Mixed-type autoimmune hemolytic anemia
8569,Pure mitochondrial myopathy,Mendelian susceptibility to mycobacterial diseases due to partial IRF8 deficiency
8570,Cholangiocarcinoma,Atypical teratoid rhabdoid tumor
8571,Systemic polyarteritis nodosa,Chronic inflammatory demyelinating polyneuropathy
8572,Nephroblastoma,Dermatofibrosarcoma protuberans
8573,Congenital stationary night blindness,Infant acute respiratory distress syndrome
8574,interstitial lung disease 2,Castleman disease
8575,Steinert myotonic dystrophy,Schwartz-Jampel syndrome
8576,Ebola hemorrhagic fever,thymoma
8577,dermatomyositis,Complex regional pain syndrome
8578,Cystic fibrosis,aspergillosis
8579,Waldenstrom macroglobulinemia,Primary systemic amyloidosis
8580,essential thrombocythemia,systemic sclerosis
8581,Infant acute respiratory distress syndrome,Oligocone trichromacy
8582,Herpes simplex virus stromal keratitis,DNA2-related mitochondrial DNA deletion syndrome
8583,Primary Sjgren syndrome,Pediatric systemic lupus erythematosus
8584,Mitochondrial myopathy with reversible cytochrome C oxidase deficiency,Phacoanaphylactic uveitis
8585,Congenital stationary night blindness,"Primary dystonia, DYT2 type"
8586,Adenocarcinoma of the esophagus,Classic neuroendocrine tumor of appendix
8587,Chronic beryllium disease,Bothnia retinal dystrophy
8588,Lynch syndrome,Preeclampsia
8589,\xc3\x85land Islands eye disease,"Primary dystonia, DYT21 type"
8590,Carcinoid syndrome,Somatostatinoma
8591,microscopic polyangiitis,thymoma
8592,Ebola hemorrhagic fever,Kaposi\'s sarcoma
8593,Vogt-Koyanagi-Harada disease,Adenocarcinoma of the esophagus
8594,Neurotrophic keratopathy,Charcot-Marie-Tooth disease type 4D
8595,Thymic carcinoma,glioblastoma
8596,Adrenomyeloneuropathy,Polyneuropathy associated with IgM monoclonal gammopathy with anti-MAG
8597,Pediatric hepatocellular carcinoma,Charcot-Marie-Tooth disease type 1A
8598,Elastoderma,TRAPPC11-related limb-girdle muscular dystrophy R18
8599,Epidermolytic palmoplantar keratoderma,Oligocone trichromacy
8600,Peripheral primitive neuroectodermal tumor,Dermatofibrosarcoma protuberans
8601,"chronic myelogenous leukemia, BCR-ABL1 positive",Craniopharyngioma
8602,Charcot-Marie-Tooth disease type 1A,Chronic inflammatory demyelinating polyneuropathy
8603,Chronic beryllium disease,Neurotrophic keratopathy
8604,Monosomy 18p,Somatomammotropinoma
8605,Ebola hemorrhagic fever,systemic lupus erythematosus
8606,Ileal neuroendocrine tumor,Full NF2-related schwannomatosis
8607,Best vitelliform macular dystrophy,Autosomal dominant Charcot-Marie-Tooth disease type 2Y
8608,plasma cell myeloma,X-linked adrenoleukodystrophy
8609,Adenocarcinoma of the esophagus,Squamous cell carcinoma of the anal canal
8610,Pure mitochondrial myopathy,7q11.23 microduplication syndrome
8611,Retinopathy of prematurity,Uveal melanoma
8612,Palmoplantar keratoderma-spastic paralysis syndrome,Retinitis punctata albescens
8613,Hereditary hyperferritinemia-cataract syndrome,MALT lymphoma
8614,Myxoid/round cell liposarcoma,Familial adenomatous polyposis
8615,Cholangiocarcinoma,Adenocarcinoma of the esophagus
8616,Herpes simplex virus stromal keratitis,"Primary dystonia, DYT27 type"
8617,Monosomy 18p,Pediatric hepatocellular carcinoma
8618,Pediatric hepatocellular carcinoma,Klatskin tumor
8619,Carcinoid syndrome,Full NF2-related schwannomatosis
8620,Primary myelofibrosis,Cutaneous neuroendocrine carcinoma
8621,mantle cell lymphoma,Adult-onset myasthenia gravis
8622,Classic Hodgkin lymphoma,Nephroblastoma
8623,Relapsing polychondritis,Waldenstrom macroglobulinemia
8624,Primary biliary cholangitis,Mixed-type autoimmune hemolytic anemia
8625,Chronic graft versus host disease,follicular lymphoma
8626,Primary Sjgren syndrome,Cholangiocarcinoma
8627,Kaposi\'s sarcoma,Castleman disease
8628,Pure mitochondrial myopathy,Autoimmune pulmonary alveolar proteinosis
8629,Monosomy 18p,Mantle cell lymphoma
8630,Polyneuropathy associated with IgM monoclonal gammopathy with anti-MAG,Chronic graft versus host disease
8631,T-B+ severe combined immunodeficiency due to gamma chain deficiency,Pure mitochondrial myopathy
8632,Cholangiocarcinoma,Classic neuroendocrine tumor of appendix
8633,intermediate uveitis,Chronic inflammatory demyelinating polyneuropathy
8634,Adult-onset foveomacular vitelliform dystrophy,Autosomal dominant Charcot-Marie-Tooth disease type 2K
8635,Craniopharyngioma,Idiopathic intracranial hypertension
8636,Adenocarcinoma of the esophagus,Immune-mediated necrotizing myopathy
8637,DNA2-related mitochondrial DNA deletion syndrome,Pituitary gigantism
8638,Myxoid/round cell liposarcoma,Szary syndrome
8639,neuroblastoma,Cutaneous collagenous vasculopathy
8640,Cystic fibrosis,Adrenocortical carcinoma
8641,Beta-thalassemia,Familial adenomatous polyposis
8642,Anoctamin-5-related limb-girdle muscular dystrophy R12,PPoma
8643,Ganglioneuroma,Adult-onset foveomacular vitelliform dystrophy
8644,Adult-onset myasthenia gravis,Polyarteritis nodosa
8645,Epidermolytic palmoplantar keratoderma,Pituitary gigantism
8646,Pure mitochondrial myopathy,Macular corneal dystrophy
8647,Dystonia-aphonia syndrome,Pituitary gigantism
8648,Roussy-L\xc3\xa9vy syndrome,Idiopathic acute eosinophilic pneumonia
8649,MALT lymphoma,Obesity-colitis-hypothyroidism-cardiac hypertrophy-developmental delay syndrome
8650,Amyotrophic lateral sclerosis,childhood absence epilepsy
8651,Thomsen and Becker disease,Steinert myotonic dystrophy
8652,Myasthenia gravis,Polyarteritis nodosa
8653,Congenital stationary night blindness,Charcot-Marie-Tooth disease type 4A
8654,systemic lupus erythematosus,Atypical hemolytic uremic syndrome
8655,Lymphangioleiomyomatosis,graft versus host disease
8656,Adult-onset myasthenia gravis,follicular lymphoma
8657,Primary effusion lymphoma,Giant cell arteritis
8658,Somatomammotropinoma,"Hereditary palmoplantar keratoderma, Gamborg-Nielsen type"
8659,Diffuse cutaneous systemic sclerosis,plasma cell myeloma
8660,Diffuse palmoplantar keratoderma-acrocyanosis syndrome,Pituitary gigantism
8662,Retinitis pigmentosa,graft versus host disease
8663,Adult-onset multiple mitochondrial DNA deletion syndrome due to DGUOK deficiency,Bothnia retinal dystrophy
8664,Refractory anemia,Refractory anemia with excess blasts type 1
8665,liposarcoma,Rhabdoid tumor
8666,Autoimmune polyendocrinopathy type 1,Autoimmune hypoparathyroidism
8667,Macular corneal dystrophy,Charcot-Marie-Tooth disease type 1B
8668,"Autosomal recessive generalized dystrophic epidermolysis bullosa, intermediate form",Dystrophic epidermolysis bullosa pruriginosa
8669,Autosomal dominant generalized dystrophic epidermolysis bullosa,"Localized dystrophic epidermolysis bullosa, acral form"
8670,Primary myelofibrosis,Undifferentiated pleomorphic sarcoma
8671,Pituitary gigantism,Charcot-Marie-Tooth disease type 4D
8672,dermatomyositis,acquired polycythemia vera
8673,Hyperkalemic periodic paralysis,Adult-onset foveomacular vitelliform dystrophy
8674,Classic mycosis fungoides,Autosomal dominant Charcot-Marie-Tooth disease type 2Y
8675,gastrointestinal stromal tumor,Adrenocortical carcinoma
8676,Autosomal dominant keratitis,Mutilating palmoplantar keratoderma with periorificial keratotic plaques
8677,Severe early-childhood-onset retinal dystrophy,Charcot-Marie-Tooth disease type 4C
8678,Cutaneous neuroendocrine carcinoma,Well-differentiated liposarcoma
8679,coccidioidomycosis,Chronic mucocutaneous candidiasis
8680,glioblastoma,Adrenocortical carcinoma
8681,intermediate uveitis,gastrointestinal stromal tumor
8682,Beta-thalassemia,Myxoid/round cell liposarcoma
8683,Argininosuccinic aciduria,Argininemia
8684,Mendelian susceptibility to mycobacterial diseases due to partial IRF8 deficiency,Granular corneal dystrophy type II
8685,Epithelial recurrent erosion dystrophy,Autosomal dominant Charcot-Marie-Tooth disease type 2E
8686,tuberous sclerosis,Classic neuroendocrine tumor of appendix
8687,Primary Sjgren syndrome,Waldenstrom macroglobulinemia
8688,Pure mitochondrial myopathy,Dystonia-aphonia syndrome
8689,Stargardt disease,Autosomal dominant Charcot-Marie-Tooth disease type 2E
8690,sarcoidosis,Rheumatoid factor-negative polyarticular juvenile idiopathic arthritis
8691,X-linked endothelial corneal dystrophy,"Primary dystonia, DYT27 type"
8692,Congenital ichthyosis-microcephalus-tetraplegia syndrome,Macular corneal dystrophy
8693,Mitochondrial myopathy with reversible cytochrome C oxidase deficiency,Classic mycosis fungoides
8694,Catastrophic antiphospholipid syndrome,Myasthenia gravis
8695,DNAJB6-related limb-girdle muscular dystrophy D1,Unclassified myelodysplastic syndrome
8696,allergic bronchopulmonary aspergillosis,graft versus host disease
8697,Bernard-Soulier syndrome,Familial drusen
8698,Best vitelliform macular dystrophy,Charcot-Marie-Tooth disease type 1A
8699,Severe early-childhood-onset retinal dystrophy,Chronic pneumonitis of infancy
8700,Uveal melanoma,Pleural mesothelioma
8701,Thymoma type B,Osteosarcoma
8702,\xc3\x85land Islands eye disease,Early-onset generalized limb-onset dystonia
8703,Hemoglobin C-beta-thalassemia syndrome,Best vitelliform macular dystrophy
8704,Osteosarcoma,Vogt-Koyanagi-Harada disease
8705,Friedreich ataxia,Primary peritoneal carcinoma
8706,Drug-induced autoimmune hemolytic anemia,Immune-mediated thrombotic thrombocytopenic purpura
8707,"chronic myelogenous leukemia, BCR-ABL1 positive",Squamous cell carcinoma of the esophagus
8708,Retinitis punctata albescens,Chronic pneumonitis of infancy
8709,sarcoidosis,Waldenstrom macroglobulinemia
8710,Paris-Trousseau thrombocytopenia,Functioning gonadotropic adenoma
8711,Somatostatinoma,GRFoma
8712,Familial focal epilepsy with variable foci,Adult-onset foveomacular vitelliform dystrophy
8713,Asbestos intoxication,Charcot-Marie-Tooth disease type 4B2
8714,MALT lymphoma,Retinopathy of prematurity
8715,Neurotrophic keratopathy,Overhydrated hereditary stomatocytosis
8716,Combined oxidative phosphorylation defect type 13,VIPoma
8717,KLHL9-related early-onset distal myopathy,Follicular lymphoma
8718,Carbamoyl-phosphate synthetase 1 deficiency,Citrullinemia type I
8719,Mantle cell lymphoma,Autosomal dominant Charcot-Marie-Tooth disease type 2F
8720,Asbestos intoxication,Congenital ichthyosis-microcephalus-tetraplegia syndrome
8721,Huntington disease,Autoimmune hepatitis
8722,Solitary fibrous tumor/hemangiopericytoma,Adult-onset foveomacular vitelliform dystrophy
8723,sarcoidosis,Retinitis pigmentosa
8724,interstitial lung disease 2,Acromegaly
8725,Bullous pemphigoid,Primary biliary cholangitis
8726,dermatomyositis,Juvenile dermatomyositis
8727,"Primary dystonia, DYT13 type",Granular corneal dystrophy type I
8728,Bullous pemphigoid,intermediate uveitis
8729,Granular corneal dystrophy type I,Charcot-Marie-Tooth disease type 1A
8730,Homocystinuria due to methylene tetrahydrofolate reductase deficiency,Adult-onset foveomacular vitelliform dystrophy
8731,Severe early-childhood-onset retinal dystrophy,Somatostatinoma
8732,Duchenne muscular dystrophy,hemophilia A
8733,Duchenne muscular dystrophy,Gaucher disease
8734,Pituicytoma,Lattice corneal dystrophy type I
8735,Persistent hyperplastic primary vitreous,Pituitary gigantism
8736,osteogenesis imperfecta,plasma cell myeloma
8737,"Distal myopathy, Welander type",MALT lymphoma
8738,Epithelial recurrent erosion dystrophy,Paroxysmal cold hemoglobinuria
8739,autoimmune thrombocytopenic purpura,mantle cell lymphoma
8740,neuroblastoma,Retinoblastoma
8741,Familial pancreatic carcinoma,Szary syndrome
8742,Epidermolytic palmoplantar keratoderma,DNAJB6-related limb-girdle muscular dystrophy D1
8743,Tropical endomyocardial fibrosis,Adult-onset foveomacular vitelliform dystrophy
8744,Ichthyosis-prematurity syndrome,Fuchs endothelial corneal dystrophy
8745,Autosomal dominant centronuclear myopathy,X-linked endothelial corneal dystrophy
8746,sarcoidosis,Continuous spikes and waves during sleep
8747,Undifferentiated pleomorphic sarcoma,Neuroendocrine tumor of the colon
8748,Stargardt disease,KRT1-related diffuse nonepidermolytic keratoderma
8749,Primary sclerosing cholangitis,Isolated polycystic liver disease
8750,Multifocal motor neuropathy,Adult-onset foveomacular vitelliform dystrophy
8751,mantle cell lymphoma,Nodular lymphocyte predominant Hodgkin lymphoma
8752,Congenital hereditary endothelial dystrophy type II,Autosomal dominant Charcot-Marie-Tooth disease type 2W
8753,Monosomy 18p,Acute interstitial pneumonia
8754,Anaplastic thyroid carcinoma,Neuroendocrine tumor of the colon
8755,Facioscapulohumeral dystrophy,Idiopathic acute eosinophilic pneumonia
8756,Oligocone trichromacy,KRT1-related diffuse nonepidermolytic keratoderma
8757,\xc3\x85land Islands eye disease,"Primary dystonia, DYT27 type"
8758,Thiel-Behnke corneal dystrophy,Autosomal dominant Charcot-Marie-Tooth disease type 2F
8759,Transgrediens et progrediens palmoplantar keratoderma,Severe early-childhood-onset retinal dystrophy
8760,Osteosarcoma,Gorlin syndrome
8761,Generalized eruptive keratoacanthoma,Cutaneous neuroendocrine carcinoma
8762,Pineoblastoma,Neuroendocrine tumor of stomach
8763,Idiopathic/heritable pulmonary arterial hypertension,Primary peritoneal carcinoma
8764,Idiopathic acute eosinophilic pneumonia,"Hereditary motor and sensory neuropathy, Okinawa type"
8765,Carnitine palmitoyltransferase II deficiency,Huntington disease
8766,Lethal infantile mitochondrial myopathy,"Primary dystonia, DYT4 type"
8767,Pituicytoma,Granular corneal dystrophy type I
8768,Mitochondrial myopathy with reversible cytochrome C oxidase deficiency,"Primary dystonia, DYT4 type"
8769,Pseudohypoparathyroidism type 1A,Adult-onset foveomacular vitelliform dystrophy
8770,Diffuse cutaneous systemic sclerosis,Chronic inflammatory demyelinating polyneuropathy
8771,Combined oxidative phosphorylation defect type 13,Oligocone trichromacy
8772,Familial pancreatic carcinoma,follicular lymphoma
8773,Gray platelet syndrome,Pituitary gigantism
8774,Immune thrombocytopenia,X-linked endothelial corneal dystrophy
8775,Zollinger-Ellison syndrome,Autosomal dominant Charcot-Marie-Tooth disease type 2A2
8776,Drug-induced autoimmune hemolytic anemia,"Autoimmune hemolytic anemia, warm type"
8777,Primary Sjgren syndrome,Lymphoid interstitial pneumonia
8778,progressive supranuclear palsy,plasma cell myeloma
8779,Combined oxidative phosphorylation defect type 13,Adult-onset foveomacular vitelliform dystrophy
8780,8p11.2 deletion syndrome,Lethal infantile mitochondrial myopathy
8781,Bullous pemphigoid,Granulomatosis with polyangiitis
8782,Autosomal dominant Charcot-Marie-Tooth disease type 2Z,Infant acute respiratory distress syndrome
8783,Dent disease,Bartter syndrome
8784,glioblastoma,Subcutaneous panniculitis-like T-cell lymphoma
8785,Best vitelliform macular dystrophy,Hereditary persistence of fetal hemoglobin-beta-thalassemia syndrome
8786,Congenital ichthyosis-microcephalus-tetraplegia syndrome,Granular corneal dystrophy type II
8787,Osteogenesis imperfecta type 2,Acquired aneurysmal subarachnoid hemorrhage
8788,"Primary dystonia, DYT27 type",Lattice corneal dystrophy type I
8789,Opsoclonus-myoclonus syndrome,Papilloma of choroid plexus
8790,glioblastoma,Chronic inflammatory demyelinating polyneuropathy
8791,eosinophilic granulomatosis with polyangiitis,mantle cell lymphoma
8792,Chronic beryllium disease,Late-onset retinal degeneration
8793,plasma cell myeloma,Retinoblastoma
8794,Familial Mediterranean fever,plasma cell myeloma
8795,Adult-onset multiple mitochondrial DNA deletion syndrome due to DGUOK deficiency,Pituitary gigantism
8796,Mitochondrial myopathy with reversible cytochrome C oxidase deficiency,Trisomy 17p
8797,Carnitine palmitoyl transferase 1A deficiency,Adult-onset foveomacular vitelliform dystrophy
8798,Stormorken-Sjaastad-Langslet syndrome,MALT lymphoma
8799,Acute graft versus host disease,Primary myelofibrosis
8800,Uveal melanoma,Neuroendocrine tumor of anal canal
8801,Follicular lymphoma,Thiel-Behnke corneal dystrophy
8802,Congenital ichthyosis-microcephalus-tetraplegia syndrome,Glucagonoma
8803,Pure mitochondrial myopathy,Lattice corneal dystrophy type I
8804,Mitochondrial myopathy with reversible cytochrome C oxidase deficiency,4q21 microdeletion syndrome
8805,Idiopathic pulmonary fibrosis,Charcot-Marie-Tooth disease type 1B
8806,C3 glomerulonephritis,Tetralogy of Fallot
8807,KRT1-related diffuse nonepidermolytic keratoderma,Thiel-Behnke corneal dystrophy
8808,microscopic polyangiitis,Medulloblastoma
8809,plasma cell myeloma,Acute myelomonocytic leukemia
8810,Lymphangioleiomyomatosis,Medullary thyroid carcinoma
8811,Malignant peritoneal mesothelioma,Cutaneous neuroendocrine carcinoma
8812,autoimmune thrombocytopenic purpura,essential thrombocythemia
8813,Autosomal dominant centronuclear myopathy,Adult-onset foveomacular vitelliform dystrophy
8814,Cushing disease,Medullary thyroid carcinoma
8815,Lamellar ichthyosis,Pituitary gigantism
8816,Beta-thalassemia major,Idiopathic pulmonary arterial hypertension
8817,Kaposi\'s sarcoma,Waldenstrom macroglobulinemia
8818,T-B+ severe combined immunodeficiency due to gamma chain deficiency,DNAJB6-related limb-girdle muscular dystrophy D1
8819,Chronic thromboembolic pulmonary hypertension,Idiopathic intracranial hypertension
8820,Chronic inflammatory demyelinating polyneuropathy,Herpes simplex virus encephalitis
8821,"Glycogen storage disease due to acid maltase deficiency, infantile onset",glycogen storage disease II
8822,Hereditary hyperferritinemia-cataract syndrome,Mantle cell lymphoma
8823,Indolent systemic mastocytosis,Refractory anemia with excess blasts
8824,Deficiency in anterior pituitary function-variable immunodeficiency syndrome,MALT lymphoma
8825,plasma cell myeloma,Primary biliary cholangitis
8826,Mucopolysaccharidosis type 1,Isolated aniridia
8827,DNAJB6-related limb-girdle muscular dystrophy D1,Aregenerative anemia
8828,Classic mycosis fungoides,thymoma
8829,Somatostatinoma,Charcot-Marie-Tooth disease type 1B
8830,Argininosuccinic aciduria,Hyperammonemia due to N-acetylglutamate synthase deficiency
8831,Lethal infantile mitochondrial myopathy,Congenital hypothyroidism due to transplacental passage of TSH-binding inhibitory antibodies
8832,Waldenstrom macroglobulinemia,glycogen storage disease II
8833,DNA2-related mitochondrial DNA deletion syndrome,Functioning gonadotropic adenoma
8834,Finnish upper limb-onset distal myopathy,Adult-onset foveomacular vitelliform dystrophy
8835,Dedifferentiated liposarcoma,Cutaneous neuroendocrine carcinoma
8836,Mantle cell lymphoma,Charcot-Marie-Tooth disease type 4B2
8837,plasma cell myeloma,Subcutaneous panniculitis-like T-cell lymphoma
8838,Inclusion body myositis,Tufted angioma
8839,Behet disease,Autoimmune hepatitis
8840,interstitial lung disease 2,Primary biliary cholangitis
8841,\xc3\x85land Islands eye disease,Zollinger-Ellison syndrome
8842,Ataxia-telangiectasia,plasma cell myeloma
8843,Autosomal recessive spastic paraplegia type 76,Adult-onset foveomacular vitelliform dystrophy
8844,Herpes simplex virus stromal keratitis,Mendelian susceptibility to mycobacterial diseases due to complete IL12RB1 deficiency
8845,Classic mycosis fungoides,Dermatofibrosarcoma protuberans
8846,paroxysmal nocturnal hemoglobinuria,follicular lymphoma
8847,Familial drusen,Charcot-Marie-Tooth disease type 4G
8848,DNA2-related mitochondrial DNA deletion syndrome,Oligocone trichromacy
8849,sarcoidosis,Immunoglobulin A vasculitis
8850,Autosomal recessive spastic paraplegia type 53,Adult-onset foveomacular vitelliform dystrophy
8851,Drug-induced autoimmune hemolytic anemia,follicular lymphoma
8852,acquired polycythemia vera,AL amyloidosis
8853,Cholangiocarcinoma,Neuroendocrine tumor of the colon
8854,Primary effusion lymphoma,Adenocarcinoma of the esophagus
8855,Prader-Willi syndrome due to maternal uniparental disomy of chromosome 15,Alstrm syndrome
8856,Somatostatinoma,Charcot-Marie-Tooth disease type 4C
8857,thymoma,Krabbe disease
8858,Epithelial recurrent erosion dystrophy,Functioning gonadotropic adenoma
8859,Neuroendocrine tumor of the colon,Papilloma of choroid plexus
8860,Familial pancreatic carcinoma,"Classic Hodgkin lymphoma, lymphocyte-depleted type"
8861,Herpes simplex virus stromal keratitis,Idiopathic acute eosinophilic pneumonia
8862,Psoriasis-related juvenile idiopathic arthritis,Pouchitis
8863,Tay-Sachs disease,Sandhoff disease
8864,glioblastoma,Proximal spinal muscular atrophy type 1
8865,Lethal infantile mitochondrial myopathy,Male infertility with teratozoospermia due to single gene mutation
8866,interstitial lung disease 2,Indolent systemic mastocytosis
8867,meningioma,systemic lupus erythematosus
8868,Uveal melanoma,Atypical teratoid rhabdoid tumor
8869,Mutilating palmoplantar keratoderma with periorificial keratotic plaques,Autosomal dominant Charcot-Marie-Tooth disease type 2E
8870,"chronic myelogenous leukemia, BCR-ABL1 positive",Lymphoid interstitial pneumonia
8871,Birdshot chorioretinopathy,Gray platelet syndrome
8872,Complex regional pain syndrome type 1,Complex regional pain syndrome type 2
8873,Bernard-Soulier syndrome,Lethal infantile mitochondrial myopathy
8874,glioblastoma,Solitary fibrous tumor
8875,systemic sclerosis,Congenital diaphragmatic hernia
8876,Obesity due to melanocortin 4 receptor deficiency,Severe early-onset obesity-insulin resistance syndrome due to SH2B1 deficiency
8877,graft versus host disease,Refractory anemia with excess blasts
8878,Pure mitochondrial myopathy,DNAJB6-related limb-girdle muscular dystrophy D1
8879,Distal nebulin myopathy,Mantle cell lymphoma
8880,Anaplastic thyroid carcinoma,Rhabdoid tumor
8881,PPoma,Bronchial neuroendocrine tumor
8882,Lymphoid interstitial pneumonia,Hereditary pulmonary alveolar proteinosis
8883,autoimmune thrombocytopenic purpura,MYH9-related disease
8884,Amyotrophic lateral sclerosis,Primary biliary cholangitis
8885,Primary Sjgren syndrome,MALT lymphoma
8886,Lynch syndrome,Familial adenomatous polyposis
8887,"Autoimmune hemolytic anemia, warm type",polymyositis
8888,Severe early-childhood-onset retinal dystrophy,Charcot-Marie-Tooth disease type 4D
8889,Carnitine palmitoyl transferase 1A deficiency,Carnitine-acylcarnitine translocase deficiency
8890,Best vitelliform macular dystrophy,Non-functioning pituitary adenoma
8891,Sandhoff disease,Krabbe disease
8892,Best vitelliform macular dystrophy,Glucagonoma
8893,osteogenesis imperfecta,Myasthenia gravis
8894,Non-epidermolytic palmoplantar keratoderma,Thiel-Behnke corneal dystrophy
8895,Neuroendocrine tumor of stomach,Carcinoid syndrome
8896,Neuroendocrine tumor of stomach,Somatostatinoma
8897,Glioblastoma,Fuchs endothelial corneal dystrophy
8898,Uveal melanoma,"Classic Hodgkin lymphoma, lymphocyte-depleted type"
8899,progressive supranuclear palsy,Classic progressive supranuclear palsy syndrome
8900,VIPoma,Lattice corneal dystrophy type I
8901,Paris-Trousseau thrombocytopenia,Glucagonoma
8902,essential thrombocythemia,Aggressive systemic mastocytosis
8903,Harlequin ichthyosis,Mantle cell lymphoma
8904,Herpes simplex virus stromal keratitis,Tubular aggregate myopathy
8905,Bullous pemphigoid,Retinitis pigmentosa
8906,Lethal infantile mitochondrial myopathy,Ulnar hemimelia
8907,Epidermolytic palmoplantar keratoderma,Epithelial recurrent erosion dystrophy
8908,"Primary dystonia, DYT27 type",Familial drusen
8909,Nephroblastoma,Primary peritoneal carcinoma
8910,Pleural mesothelioma,follicular lymphoma
8911,Granulomatous slack skin,Retinitis punctata albescens
8912,Myasthenia gravis,Immune-mediated thrombotic thrombocytopenic purpura
8913,"Combined pituitary hormone deficiencies, genetic forms",Adult-onset foveomacular vitelliform dystrophy
8914,Oligocone trichromacy,PPoma
8915,Ependymoma,Acute graft versus host disease
8916,Autosomal recessive axonal neuropathy with neuromyotonia,Adult-onset foveomacular vitelliform dystrophy
8917,Severe early-onset obesity-insulin resistance syndrome due to SH2B1 deficiency,Alstrm syndrome
8918,DNA2-related mitochondrial DNA deletion syndrome,X-linked endothelial corneal dystrophy
8919,Lethal infantile mitochondrial myopathy,Keratosis palmaris et plantaris-clinodactyly syndrome
8920,Idiopathic panuveitis,Immune-mediated necrotizing myopathy
8921,Herpes simplex virus stromal keratitis,Gray platelet syndrome
8922,Mendelian susceptibility to mycobacterial diseases due to partial IRF8 deficiency,Idiopathic acute eosinophilic pneumonia
8923,Bernard-Soulier syndrome,Wiskott-Aldrich syndrome
8924,GRFoma,Charcot-Marie-Tooth disease type 4G
8925,Osteosarcoma,Szary syndrome
8926,Idiopathic acute eosinophilic pneumonia,Distal myopathy with posterior leg and anterior hand involvement
8927,liposarcoma,Hereditary leiomyomatosis and renal cell cancer
8928,Heparin-induced thrombocytopenia,TRAPPC11-related limb-girdle muscular dystrophy R18
8929,Megalencephaly-capillary malformation-polymicrogyria syndrome,Proteus-like syndrome
8930,Familial drusen,Functioning gonadotropic adenoma
8931,Netherton syndrome,MALT lymphoma
8932,follicular lymphoma,Cutaneous neuroendocrine carcinoma
8933,Amyotrophic lateral sclerosis,Kaposi\'s sarcoma
8934,Herpes simplex virus stromal keratitis,Rh deficiency syndrome
8935,Dedifferentiated liposarcoma,follicular lymphoma
8936,VIPoma,Neuroendocrine tumor of the colon
8937,Facioscapulohumeral dystrophy,Mantle cell lymphoma
8938,Non-involuting congenital hemangioma,Adult-onset foveomacular vitelliform dystrophy
8939,Granular corneal dystrophy type II,Autosomal dominant Charcot-Marie-Tooth disease type 2K
8940,Gray platelet syndrome,Charcot-Marie-Tooth disease type 4B2
8941,Pleomorphic liposarcoma,Primary peritoneal carcinoma
8942,Stargardt disease,Keratosis palmaris et plantaris-clinodactyly syndrome
8943,Gray platelet syndrome,Somatostatinoma
8944,Best vitelliform macular dystrophy,Acute myelomonocytic leukemia
8945,Chronic graft versus host disease,Idiopathic uveal effusion syndrome
8946,GM1 gangliosidosis,Sandhoff disease
8947,Paris-Trousseau thrombocytopenia,Zollinger-Ellison syndrome
8948,\xc3\x85land Islands eye disease,Combined oxidative phosphorylation defect type 13
8949,GM1 gangliosidosis,graft versus host disease
8950,Ebola hemorrhagic fever,plasma cell myeloma
8951,TRAPPC11-related limb-girdle muscular dystrophy R18,Acute monoblastic/monocytic leukemia
8952,Adult-onset foveomacular vitelliform dystrophy,Autosomal recessive spastic paraplegia type 5A
8953,Myasthenia gravis,follicular lymphoma
8954,Follicular lymphoma,Macular corneal dystrophy
8955,Adult-onset distal myopathy due to VCP mutation,MALT lymphoma
8957,PPoma,Glucagonoma
8958,Chronic inflammatory demyelinating polyneuropathy,Catastrophic antiphospholipid syndrome
8959,Chronic graft versus host disease,Medullary thyroid carcinoma
8960,Adenocarcinoma of the esophagus,Dermatofibrosarcoma protuberans
8961,Mitochondrial myopathy with reversible cytochrome C oxidase deficiency,Congenital hypothyroidism due to transplacental passage of TSH-binding inhibitory antibodies
8962,Choroideremia,MALT lymphoma
8963,MALT lymphoma,Autosomal recessive spastic paraplegia type 28
8964,Steinert myotonic dystrophy,Huntington disease
8965,Intermediate generalized junctional epidermolysis bullosa,Recessive dystrophic epidermolysis bullosa inversa
8966,Syndromic recessive X-linked ichthyosis,Pituitary gigantism
8967,Hemophilia B,Mild hemophilia B
8968,Transgrediens et progrediens palmoplantar keratoderma,Granular corneal dystrophy type I
8969,Scleromyxedema,Adult-onset foveomacular vitelliform dystrophy
8970,Chronic graft versus host disease,Catastrophic antiphospholipid syndrome
8971,osteogenesis imperfecta,Fibrous dysplasia of bone
8972,osteogenesis imperfecta,MALT lymphoma
8973,Benign adult familial myoclonic epilepsy,Adult-onset foveomacular vitelliform dystrophy
8974,Lethal infantile mitochondrial myopathy,Distal monosomy 19p13.3
8975,Somatostatinoma,Glucagonoma
8976,Classic mycosis fungoides,Granular corneal dystrophy type II
8977,Mitochondrial myopathy with reversible cytochrome C oxidase deficiency,Lattice corneal dystrophy type I
8978,Idiopathic aplastic anemia,X-linked sideroblastic anemia
8979,Mitochondrial myopathy with reversible cytochrome C oxidase deficiency,Fuchs endothelial corneal dystrophy
8980,mantle cell lymphoma,AL amyloidosis
8981,"Primary dystonia, DYT21 type",Bothnia retinal dystrophy
8982,Autosomal dominant Charcot-Marie-Tooth disease type 2W,Fuchs endothelial corneal dystrophy
8984,Familial pancreatic carcinoma,Klatskin tumor
8985,Thrombocytopenia with congenital dyserythropoietic anemia,Adult-onset foveomacular vitelliform dystrophy
8986,New-onset refractory status epilepticus,Complex regional pain syndrome type 1
8987,Pure mitochondrial myopathy,Bothnia retinal dystrophy
8988,Follicular lymphoma,Vocal cord and pharyngeal distal myopathy
8989,Porphyria cutanea tarda,Refractory anemia with excess blasts
8990,Classic Hodgkin lymphoma,AL amyloidosis
8991,Classic mycosis fungoides,Epithelial recurrent erosion dystrophy
8992,Familial pancreatic carcinoma,Cholangiocarcinoma
8993,Myasthenia gravis,Castleman disease
8994,Congenital fibrinogen deficiency,Familial afibrinogenemia
8995,Immunoglobulin A vasculitis,Atypical hemolytic uremic syndrome
8996,Acute interstitial pneumonia,Cryptogenic organizing pneumonia
8997,TRAPPC11-related limb-girdle muscular dystrophy R18,Acute panmyelosis with myelofibrosis
8998,Diffuse cutaneous systemic sclerosis,Idiopathic pulmonary arterial hypertension
8999,Idiopathic acute eosinophilic pneumonia,KRT1-related diffuse nonepidermolytic keratoderma
9000,Medullary thyroid carcinoma,Malignant peritoneal mesothelioma
9001,Congenital ichthyosis-microcephalus-tetraplegia syndrome,Respiratory bronchiolitis-interstitial lung disease syndrome
9002,Catastrophic antiphospholipid syndrome,Granulomatosis with polyangiitis
9003,Myasthenia gravis,Autoimmune hepatitis
9004,Epidermolytic palmoplantar keratoderma,Fuchs endothelial corneal dystrophy
9005,Primary Sjgren syndrome,Chronic graft versus host disease
9006,Lethal infantile mitochondrial myopathy,DNAJB6-related limb-girdle muscular dystrophy D1
9007,Primary biliary cholangitis,Cholangiocarcinoma
9008,Lennox-Gastaut syndrome,fragile X syndrome
9009,systemic sclerosis,Huntington disease
9010,Idiopathic steroid-sensitive nephrotic syndrome,Chronic inflammatory demyelinating polyneuropathy
9011,Idiopathic pulmonary fibrosis,Late-onset retinal degeneration
9012,Neuroendocrine tumor of the rectum,Papilloma of choroid plexus
9013,Isolated congenital onychodysplasia,Adult-onset foveomacular vitelliform dystrophy
9014,eosinophilic granulomatosis with polyangiitis,polymyositis
9015,Dystonia-aphonia syndrome,Familial drusen
9016,Primary myelofibrosis,polymyositis
9017,Respiratory bronchiolitis-interstitial lung disease syndrome,Autosomal dominant polycystic kidney disease
9018,Autosomal dominant Charcot-Marie-Tooth disease type 2W,Granular corneal dystrophy type I
9019,Idiopathic steroid-sensitive nephrotic syndrome,MALT lymphoma
9020,Neuromyelitis optica spectrum disorder with anti-MOG antibodies,Acute transverse myelitis with anti-MOG antibodies
9021,Full NF2-related schwannomatosis,graft versus host disease
9022,Glucagonoma,Fuchs endothelial corneal dystrophy
9023,Cranio-cervical dystonia with laryngeal and upper-limb involvement,Bothnia retinal dystrophy
9024,Papillary tumor of the pineal region,Adult-onset foveomacular vitelliform dystrophy
9025,Congenital muscular dystrophy-infantile cataract-hypogonadism syndrome,MALT lymphoma
9026,"Primary dystonia, DYT17 type",Granular corneal dystrophy type II
9027,Inclusion body myositis,Adult-onset foveomacular vitelliform dystrophy
9028,Pleural mesothelioma,Atypical teratoid rhabdoid tumor
9029,intermediate uveitis,Granulomatosis with polyangiitis
9030,X-linked recessive ocular albinism,MALT lymphoma
9031,Immunoglobulin A vasculitis,Waldenstrom macroglobulinemia
9032,Medulloblastoma,Well-differentiated liposarcoma
9033,sarcoidosis,Giant cell arteritis
9034,3-hydroxyisobutyric aciduria,Adult-onset foveomacular vitelliform dystrophy
9035,GRFoma,Neuroendocrine tumor of the rectum
9036,T-B+ severe combined immunodeficiency due to IL-7Ralpha deficiency,Best vitelliform macular dystrophy
9037,"chronic myelogenous leukemia, BCR-ABL1 positive",tuberous sclerosis
9038,X-linked endothelial corneal dystrophy,Functioning gonadotropic adenoma
9039,Congenital hereditary endothelial dystrophy type II,Granulomatous slack skin
9040,Chronic beryllium disease,Autosomal dominant Charcot-Marie-Tooth disease type 2Z
9041,Dystonia-aphonia syndrome,Late-onset retinal degeneration
9042,Lethal infantile mitochondrial myopathy,Diffuse palmoplantar keratoderma-acrocyanosis syndrome
9043,Thymic carcinoma,Atypical teratoid rhabdoid tumor
9044,Palmoplantar keratoderma-spastic paralysis syndrome,Epithelial recurrent erosion dystrophy
9045,Primary ciliary dyskinesia,MALT lymphoma
9046,Somatomammotropinoma,Charcot-Marie-Tooth disease type 1B
9047,Pleural mesothelioma,Medulloblastoma
9048,Ependymoma,thymoma
9049,Amyotrophic lateral sclerosis,Familial adenomatous polyposis
9050,Neuroendocrine tumor of stomach,Neuroendocrine neoplasm of appendix
9051,Dravet syndrome,Complex regional pain syndrome
9052,Diffuse cutaneous systemic sclerosis,Systemic-onset juvenile idiopathic arthritis
9053,Palmoplantar keratoderma-spastic paralysis syndrome,Pure mitochondrial myopathy
9054,Bronchial neuroendocrine tumor,Papilloma of choroid plexus
9055,Medulloblastoma,Neuroendocrine tumor of the colon
9056,interstitial lung disease 2,Granulomatosis with polyangiitis
9057,8p23.1 duplication syndrome,Mitochondrial myopathy with reversible cytochrome C oxidase deficiency
9058,Severe early-childhood-onset retinal dystrophy,"Primary dystonia, DYT4 type"
9059,Inclusion body myositis,Niemann-Pick disease type C
9060,Infant acute respiratory distress syndrome,Complex regional pain syndrome type 1
9061,Short-limb skeletal dysplasia with severe combined immunodeficiency,DNAJB6-related limb-girdle muscular dystrophy D1
9062,"X-linked intellectual disability, Hedera type",Adult-onset foveomacular vitelliform dystrophy
9063,Immunoglobulin A vasculitis,Behet disease
9064,X-linked endothelial corneal dystrophy,Charcot-Marie-Tooth disease type 4B2
9065,Best vitelliform macular dystrophy,Autosomal recessive spastic paraplegia type 70
9066,Polyneuropathy associated with IgM monoclonal gammopathy with anti-MAG,Opsoclonus-myoclonus syndrome
9067,Hereditary geniospasm,Adult-onset foveomacular vitelliform dystrophy
9068,Somatomammotropinoma,Retinitis punctata albescens
9069,interstitial lung disease 2,Lymphoid interstitial pneumonia
9070,Lethal infantile mitochondrial myopathy,16p13.11 microduplication syndrome
9071,Beta-thalassemia,Myasthenia gravis
9072,Neuroendocrine neoplasm of appendix,Papilloma of choroid plexus
9073,Postencephalitic parkinsonism,Adult-onset foveomacular vitelliform dystrophy
9074,Multifocal motor neuropathy,Pemphigus vulgaris
9075,Rhabdoid tumor,Neuroendocrine tumor of the rectum
9076,Vogt-Koyanagi-Harada disease,Anal fistula
9077,Autosomal dominant polycystic kidney disease,Galactosialidosis
9078,VIPoma,PPoma
9079,Netherton syndrome,mucopolysaccharidosis type 6
9080,liposarcoma,Malignant peritoneal mesothelioma
9081,Paris-Trousseau thrombocytopenia,Bothnia retinal dystrophy
9082,Familial drusen,Pediatric hepatocellular carcinoma
9083,mantle cell lymphoma,Hereditary breast and/or ovarian cancer syndrome
9084,Thymoma type B,Klatskin tumor
9085,Atopic keratoconjunctivitis,DNAJB6-related limb-girdle muscular dystrophy D1
9086,Congenital hypothyroidism due to maternal intake of antithyroid drugs,TRAPPC11-related limb-girdle muscular dystrophy R18
9087,Idiopathic/heritable pulmonary arterial hypertension,Beta-thalassemia intermedia
9088,"chronic myelogenous leukemia, BCR-ABL1 positive",osteogenesis imperfecta
9089,Thymoma type B,Sporadic pheochromocytoma/secreting paraganglioma
9090,Glucagonoma,Granular corneal dystrophy type II
9091,Bothnia retinal dystrophy,Charcot-Marie-Tooth disease type 4C
9092,Congenital stationary night blindness,"Primary dystonia, DYT6 type"
9093,SYNGAP1-related developmental and epileptic encephalopathy,Adult-onset foveomacular vitelliform dystrophy
9094,Lethal infantile mitochondrial myopathy,Charcot-Marie-Tooth disease type 1F
9095,Autosomal recessive cerebellar ataxia-movement disorder syndrome,Adult-onset foveomacular vitelliform dystrophy
9096,Neuroendocrine neoplasm of appendix,Classic neuroendocrine tumor of appendix
9097,Indolent systemic mastocytosis,Central retinal vein occlusion
9098,Lethal infantile mitochondrial myopathy,Acquired von Willebrand syndrome
9099,Anaplastic thyroid carcinoma,Bronchial neuroendocrine tumor
9100,Palmoplantar keratoderma-spastic paralysis syndrome,Adult-onset foveomacular vitelliform dystrophy
9101,autoimmune thrombocytopenic purpura,interstitial cystitis
9102,Autosomal dominant Charcot-Marie-Tooth disease type 2Z,Lymphoid interstitial pneumonia
9103,Ebola hemorrhagic fever,Cholangiocarcinoma
9104,Amyotrophic lateral sclerosis,Primary myelofibrosis
9105,Mitochondrial trifunctional protein deficiency,Huntington disease
9106,Lymphoid interstitial pneumonia,Lattice corneal dystrophy type I
9107,Anoctamin-5-related limb-girdle muscular dystrophy R12,Congenital hereditary endothelial dystrophy type II
9108,Anoctamin-5-related limb-girdle muscular dystrophy R12,Chronic pneumonitis of infancy
9109,Mal de Meleda,Granular corneal dystrophy type II
9110,Diffuse cutaneous systemic sclerosis,Polyarteritis nodosa
9111,Lethal infantile mitochondrial myopathy,Granulomatous slack skin
9112,Neurotrophic keratopathy,Granulomatous slack skin
9113,Congenital hypothyroidism due to maternal intake of antithyroid drugs,Best vitelliform macular dystrophy
9114,Classic mycosis fungoides,Autosomal dominant Charcot-Marie-Tooth disease type 2W
9115,Gaucher disease,Medulloblastoma
9116,neuroblastoma,Neuroendocrine tumor of the rectum
9117,Distal monosomy 17q,Mitochondrial myopathy with reversible cytochrome C oxidase deficiency
9118,Dystrophic epidermolysis bullosa pruriginosa,Recessive dystrophic epidermolysis bullosa inversa
9119,microscopic polyangiitis,GM1 gangliosidosis
9120,Interatrial communication,Double outlet right ventricle
9121,Anaplastic thyroid carcinoma,Adult-onset foveomacular vitelliform dystrophy
9122,Thymic carcinoma,Adenocarcinoma of the esophagus
9123,VIPoma,Autosomal dominant Charcot-Marie-Tooth disease type 2E
9124,systemic lupus erythematosus,metachromatic leukodystrophy
9125,2q24 microdeletion syndrome,Lethal infantile mitochondrial myopathy
9126,Pleural mesothelioma,Bronchial neuroendocrine tumor
9127,Hemoglobin E-beta-thalassemia syndrome,Best vitelliform macular dystrophy
9128,Malignant peritoneal mesothelioma,Neuroendocrine tumor of the colon
9129,3-hydroxy-3-methylglutaric aciduria,Adult-onset foveomacular vitelliform dystrophy
9130,Oligoarticular juvenile idiopathic arthritis,Schnitzler syndrome
9131,mantle cell lymphoma,Genetic steroid-resistant nephrotic syndrome
9132,glioblastoma,Neuroendocrine tumor of anal canal
9133,Uveal melanoma,Malignant peritoneal mesothelioma
9134,Familial drusen,Charcot-Marie-Tooth disease type 4A
9135,Primary sclerosing cholangitis,Progressive familial intrahepatic cholestasis
9136,Paroxysmal cold hemoglobinuria,Autosomal dominant Charcot-Marie-Tooth disease type 2K
9137,Neurotrophic keratopathy,TSH-secreting pituitary adenoma
9138,Psoriasis-related juvenile idiopathic arthritis,Oligoarticular juvenile idiopathic arthritis
9139,Argininosuccinic aciduria,Citrullinemia type I
9140,Bullous pemphigoid,Primary Sjgren syndrome
9141,Lethal infantile mitochondrial myopathy,Non-functioning pituitary adenoma
9142,Neurotrophic keratopathy,Idiopathic congenital hypothyroidism
9144,Adult-onset multiple mitochondrial DNA deletion syndrome due to DGUOK deficiency,Somatomammotropinoma
9145,Adult acute respiratory distress syndrome,Herpes simplex virus encephalitis
9146,TSH-secreting pituitary adenoma,Autosomal dominant Charcot-Marie-Tooth disease type 2F
9147,FKRP-related limb-girdle muscular dystrophy R9,Becker muscular dystrophy
9148,Amyotrophic lateral sclerosis,paroxysmal nocturnal hemoglobinuria
9149,Somatomammotropinoma,"Primary dystonia, DYT13 type"
9150,Pituicytoma,Congenital hereditary endothelial dystrophy type II
9151,Idiopathic steroid-sensitive nephrotic syndrome,Autoimmune hepatitis
9152,Thymic carcinoma,Subcutaneous panniculitis-like T-cell lymphoma
9153,glioblastoma,Waldenstrom macroglobulinemia
9154,Retinitis pigmentosa,Primary Sjgren syndrome
9155,Male infertility with azoospermia or oligozoospermia due to single gene mutation,Retinitis punctata albescens
9156,neuroblastoma,Adenocarcinoma of the esophagus
9157,Congenital hereditary endothelial dystrophy type II,Charcot-Marie-Tooth disease type 1F
9158,Thymic carcinoma,Primary myelofibrosis
9159,Lattice corneal dystrophy type I,Autosomal dominant Charcot-Marie-Tooth disease type 2E
9160,Asbestos intoxication,Ichthyosis-prematurity syndrome
9161,Pleural mesothelioma,Hereditary hemorrhagic telangiectasia
9162,neuroblastoma,Nijmegen breakage syndrome
9163,Familial pancreatic carcinoma,Primary peritoneal carcinoma
9164,Stargardt disease,Acute interstitial pneumonia
9166,Trisomy 10p,Mitochondrial myopathy with reversible cytochrome C oxidase deficiency
9167,Netherton syndrome,Best vitelliform macular dystrophy
9168,Functioning gonadotropic adenoma,Charcot-Marie-Tooth disease type 1B
9169,Retinitis pigmentosa,systemic sclerosis
9170,Carnitine palmitoyltransferase II deficiency,MALT lymphoma
9171,Autosomal dominant centronuclear myopathy,Bothnia retinal dystrophy
9172,Primary myelofibrosis,Primary Sjgren syndrome
9173,Ichthyosis-prematurity syndrome,Bothnia retinal dystrophy
9174,essential thrombocythemia,Giant cell glioblastoma
9175,"Adult-onset cervical dystonia, DYT23 type",Gray platelet syndrome
9176,Beta-thalassemia major,Dominant beta-thalassemia
9177,Neuroendocrine tumor of stomach,Rhabdoid tumor
9178,Pure mitochondrial myopathy,Best vitelliform macular dystrophy
9179,TSH-secreting pituitary adenoma,Macular corneal dystrophy
9180,sarcoidosis,Duchenne muscular dystrophy
9181,Bannayan-Riley-Ruvalcaba syndrome,Hemimegalencephaly
9182,Thiel-Behnke corneal dystrophy,Charcot-Marie-Tooth disease type 1B
9183,Mutilating palmoplantar keratoderma with periorificial keratotic plaques,Glucagonoma
9184,Cystic fibrosis,Mucopolysaccharidosis type 1
9185,Lymphangioleiomyomatosis,Isolated polycystic liver disease
9186,Lethal infantile mitochondrial myopathy,Ichthyosis-prematurity syndrome
9187,dermatomyositis,mantle cell lymphoma
9188,interstitial cystitis,mucopolysaccharidosis type 6
9189,Retinitis punctata albescens,MALT lymphoma
9190,acquired polycythemia vera,eosinophilic granulomatosis with polyangiitis
9191,Rett syndrome,Leigh syndrome
9192,Mendelian susceptibility to mycobacterial diseases due to partial IRF8 deficiency,Familial drusen
9194,Amyotrophic lateral sclerosis,thymoma
9195,Ataxia-telangiectasia,Classic congenital adrenal hyperplasia due to 21-hydroxylase deficiency
9196,Pure mitochondrial myopathy,Diffuse palmoplantar keratoderma-acrocyanosis syndrome
9197,Acquired idiopathic sideroblastic anemia,acquired polycythemia vera
9198,Adult-onset multiple mitochondrial DNA deletion syndrome due to DGUOK deficiency,Familial drusen
9199,Gaucher disease,Tay-Sachs disease
9200,Idiopathic acute eosinophilic pneumonia,Hypothyroidism due to TSH receptor mutations
9201,glioblastoma,GRFoma
9202,Bothnia retinal dystrophy,PPoma
9203,Follicular lymphoma,Adult-onset foveomacular vitelliform dystrophy
9204,Sialidosis type 1,"GM2 gangliosidosis, AB variant"
9205,Uveal melanoma,Central retinal vein occlusion
9206,Familial Mediterranean fever,Tumor necrosis factor receptor 1 associated periodic syndrome
9207,Malignant peritoneal mesothelioma,Classic neuroendocrine tumor of appendix
9208,Severe hemophilia B,Isolated aniridia
9209,Mutilating palmoplantar keratoderma with periorificial keratotic plaques,Gray platelet syndrome
9210,Mucopolysaccharidosis type 1,Moderate hemophilia B
9211,"chronic myelogenous leukemia, BCR-ABL1 positive",Chronic visceral acid sphingomyelinase deficiency
9212,Carnitine palmitoyltransferase II deficiency,Carnitine-acylcarnitine translocase deficiency
9213,MALT lymphoma,Spinocerebellar ataxia type 8
9214,Relapsing polychondritis,mantle cell lymphoma
9215,Solitary fibrous tumor,follicular lymphoma
9216,Asbestos intoxication,Charcot-Marie-Tooth disease type 4G
9217,Pediatric hepatocellular carcinoma,follicular lymphoma
9218,sarcoidosis,acquired polycythemia vera
9219,thymoma,Primary effusion lymphoma
9220,Cold agglutinin disease,Granulomatous slack skin
9221,Neuroendocrine tumor of anal canal,Neuroendocrine neoplasm of appendix
9222,glioblastoma,Pleomorphic liposarcoma
9223,Chronic pneumonitis of infancy,Charcot-Marie-Tooth disease type 4A
9224,Progressive bifocal chorioretinal atrophy,MALT lymphoma
9225,Idiopathic/heritable pulmonary arterial hypertension,Cystic fibrosis
9226,thymoma,Primary peritoneal carcinoma
9227,glioblastoma,Granulomatosis with polyangiitis
9228,liposarcoma,Pleomorphic liposarcoma
9229,sarcoidosis,microscopic polyangiitis
9230,Best vitelliform macular dystrophy,DNAJB6-related limb-girdle muscular dystrophy D1
9231,Acute graft versus host disease,Primary biliary cholangitis
9232,Pure mitochondrial myopathy,19p13.12 microdeletion syndrome
9233,Retinitis pigmentosa,Idiopathic panuveitis
9234,Herpes simplex virus stromal keratitis,"Autosomal dominant focal dystonia, DYT25 type"
9235,Best vitelliform macular dystrophy,Male infertility with azoospermia or oligozoospermia due to single gene mutation
9236,Transgrediens et progrediens palmoplantar keratoderma,Late-onset retinal degeneration
9237,Chronic beryllium disease,Anoctamin-5-related limb-girdle muscular dystrophy R12
9238,Autosomal dominant Charcot-Marie-Tooth disease type 2Y,Granular corneal dystrophy type I
9239,Carcinoid syndrome,neuroblastoma
9240,Congenital hereditary endothelial dystrophy type II,Mantle cell lymphoma
9241,Mantle cell lymphoma,Charcot-Marie-Tooth disease type 4A
9242,Hypotrichosis simplex of the scalp,Adult-onset foveomacular vitelliform dystrophy
9243,Proteus-like syndrome,Hemimegalencephaly
9244,"Primary dystonia, DYT27 type",Oligocone trichromacy
9245,Best vitelliform macular dystrophy,Autosomal recessive spastic paraplegia type 66
9246,Typical nemaline myopathy,MALT lymphoma
9247,Myasthenia gravis,Adult-onset myasthenia gravis
9248,Best vitelliform macular dystrophy,Autosomal dominant spastic paraplegia type 31
9249,Primary Sjgren syndrome,interstitial cystitis
9251,\xc3\x85land Islands eye disease,Pure mitochondrial myopathy
9252,interstitial lung disease 2,Autosomal dominant polycystic kidney disease
9253,Somatomammotropinoma,3-methylglutaconic aciduria type 3
9254,Primary ciliary dyskinesia,glycogen storage disease II
9255,Early-onset cerebellar ataxia with retained tendon reflexes,MALT lymphoma
9256,Squamous cell carcinoma of the esophagus,Bronchial neuroendocrine tumor
9257,"Adult-onset cervical dystonia, DYT23 type",Lattice corneal dystrophy type I
9258,Craniopharyngioma,Hepatitis delta
9259,Epithelial recurrent erosion dystrophy,Somatostatinoma
9260,Obesity due to pro-opiomelanocortin deficiency,Bardet-Biedl syndrome
9261,Phacoanaphylactic uveitis,Gray platelet syndrome
9262,aspergillosis,Pneumocystosis
9263,Amish nemaline myopathy,Adult-onset foveomacular vitelliform dystrophy
9264,Adult-onset myasthenia gravis,Genetic steroid-resistant nephrotic syndrome
9265,Idiopathic/heritable pulmonary arterial hypertension,glycogen storage disease II
9266,Autosomal spastic paraplegia type 72,MALT lymphoma
9267,Inclusion body myositis,Chronic graft versus host disease
9268,Neurogenic arthrogryposis multiplex congenita,Best vitelliform macular dystrophy
9269,Refractory anemia with excess blasts,Nodular lymphocyte predominant Hodgkin lymphoma
9270,Ependymoma,Primary peritoneal carcinoma
9271,sarcoidosis,metachromatic leukodystrophy
9272,interstitial lung disease 2,systemic lupus erythematosus
9273,APC-related attenuated familial adenomatous polyposis,Familial adenomatous polyposis
9274,"Glycogen storage disease due to acid maltase deficiency, late-onset",Cystic fibrosis
9275,Somatomammotropinoma,3-methylglutaconic aciduria type 4
9276,Zollinger-Ellison syndrome,Charcot-Marie-Tooth disease type 4B2
9277,Acute myelomonocytic leukemia,Pleural mesothelioma
9278,Evans syndrome,TRAPPC11-related limb-girdle muscular dystrophy R18
9279,plasma cell myeloma,Malignant peritoneal mesothelioma
9280,Epithelial recurrent erosion dystrophy,Autosomal dominant Charcot-Marie-Tooth disease type 2A2
9281,Primary myelofibrosis,Osteosarcoma
9282,Follicular lymphoma,"Hereditary motor and sensory neuropathy, Okinawa type"
9283,Somatomammotropinoma,Muscle-eye-brain disease with bilateral multicystic leucodystrophy
9284,Bullous pemphigoid,Leber congenital amaurosis
9285,Severe early-childhood-onset retinal dystrophy,Autosomal dominant Charcot-Marie-Tooth disease type 2Z
9286,Mitochondrial myopathy with reversible cytochrome C oxidase deficiency,Posterior meningocele
9287,interstitial lung disease 2,Alport syndrome
9288,Rhabdoid tumor,Classic neuroendocrine tumor of appendix
9289,microscopic polyangiitis,Pemphigus vulgaris
9290,Congenital hereditary endothelial dystrophy type II,"Primary dystonia, DYT4 type"
9291,Amyotrophic lateral sclerosis,Idiopathic panuveitis
9292,COG8-CDG,Adult-onset foveomacular vitelliform dystrophy
9293,autoimmune thrombocytopenic purpura,Catastrophic antiphospholipid syndrome
9294,Autosomal dominant generalized dystrophic epidermolysis bullosa,"Autosomal recessive generalized dystrophic epidermolysis bullosa, severe form"
9295,liposarcoma,Osteosarcoma
9296,Proximal spinal muscular atrophy type 1,Huntington disease
9297,systemic sclerosis,Opsoclonus-myoclonus syndrome
9298,Tumor necrosis factor receptor 1 associated periodic syndrome,CINCA syndrome
9299,Congenital stationary night blindness,Somatomammotropinoma
9300,Sandhoff disease,Gaucher disease type 3
9301,Gray platelet syndrome,TSH-secreting pituitary adenoma
9302,Neuroendocrine tumor of stomach,Acromegaly
9303,Mantle cell lymphoma,"Hereditary palmoplantar keratoderma, Gamborg-Nielsen type"
9304,Bernard-Soulier syndrome,Cryptogenic organizing pneumonia
9305,Oligocone trichromacy,Oromandibular dystonia
9306,"chronic myelogenous leukemia, BCR-ABL1 positive",thymoma
9307,Spastic paraplegia-optic atrophy-neuropathy syndrome,MALT lymphoma
9308,Muscle-eye-brain disease with bilateral multicystic leucodystrophy,Follicular lymphoma
9309,autoimmune thrombocytopenic purpura,Beta-thalassemia-X-linked thrombocytopenia syndrome
9310,Mitochondrial myopathy with reversible cytochrome C oxidase deficiency,Autosomal dominant Charcot-Marie-Tooth disease type 2E
9311,Niemann-Pick disease type C,Gaucher disease
9312,Somatomammotropinoma,"Autosomal dominant optic atrophy, classic form"
9313,DNA2-related mitochondrial DNA deletion syndrome,Granular corneal dystrophy type I
9314,Pituitary gigantism,Charcot-Marie-Tooth disease type 1A
9315,Epidermolytic palmoplantar keratoderma,Idiopathic acute eosinophilic pneumonia
9316,Primary peritoneal carcinoma,Szary syndrome
9317,Foveal hypoplasia-presenile cataract syndrome,Idiopathic acute eosinophilic pneumonia
9318,Carnitine palmitoyltransferase II deficiency,Neutral lipid storage myopathy
9319,Medulloblastoma,Krabbe disease
9320,Best vitelliform macular dystrophy,Aregenerative anemia
9321,Monosomy 18p,Gray platelet syndrome
9322,gastrointestinal stromal tumor,MALT lymphoma
9323,Kaposi\'s sarcoma,Well-differentiated liposarcoma
9324,Herpes simplex virus stromal keratitis,Respiratory bronchiolitis-interstitial lung disease syndrome
9325,graft versus host disease,Primary peritoneal carcinoma
9326,Pediatric systemic lupus erythematosus,Autoimmune hepatitis
9327,Acute interstitial pneumonia,Autosomal dominant polycystic kidney disease
9328,Male infertility with azoospermia or oligozoospermia due to single gene mutation,Mutilating palmoplantar keratoderma with periorificial keratotic plaques
9329,Stargardt disease,Somatomammotropinoma
9330,Respiratory bronchiolitis-interstitial lung disease syndrome,Granular corneal dystrophy type II
9331,Osteosarcoma,Thymic neuroendocrine tumor
9332,Myelodysplastic syndrome associated with isolated del(5q) chromosome abnormality,Refractory anemia with excess blasts type 1
9333,Adenocarcinoma of the esophagus,MALT lymphoma
9334,Leukoencephalopathy-palmoplantar keratoderma syndrome,MALT lymphoma
9335,Mitochondrial myopathy with reversible cytochrome C oxidase deficiency,Chronic pneumonitis of infancy
9336,Obesity due to pro-opiomelanocortin deficiency,Alstrm syndrome
9337,Chronic beryllium disease,DNA2-related mitochondrial DNA deletion syndrome
9338,Combined oxidative phosphorylation defect type 13,Oguchi disease
9339,Best vitelliform macular dystrophy,Diffuse palmoplantar keratoderma-acrocyanosis syndrome
9340,Uveal melanoma,Aggressive systemic mastocytosis
9341,mantle cell lymphoma,Primary peritoneal carcinoma
9342,Autosomal recessive axonal neuropathy with neuromyotonia,Pituitary gigantism
9343,Autosomal dominant centronuclear myopathy,Neurotrophic keratopathy
9344,PPoma,Neuroendocrine tumor of the colon
9345,"Autoimmune hemolytic anemia, warm type",Adult-onset foveomacular vitelliform dystrophy
9346,Amyotrophic lateral sclerosis,hemophilia A
9347,Kasabach-Merritt syndrome,TRAPPC11-related limb-girdle muscular dystrophy R18
9348,interstitial lung disease 2,Chronic visceral acid sphingomyelinase deficiency
9349,liposarcoma,Szary syndrome
9350,Polyneuropathy associated with IgM monoclonal gammopathy with anti-MAG,Mucous membrane pemphigoid
9351,sarcoidosis,Chronic inflammatory demyelinating polyneuropathy
9352,DNA2-related mitochondrial DNA deletion syndrome,Cryptogenic organizing pneumonia
9353,Xp22.3 microdeletion syndrome,Pure mitochondrial myopathy
9354,X-linked endothelial corneal dystrophy,PPoma
9355,systemic lupus erythematosus,Gaucher disease
9356,MALT lymphoma,Granular corneal dystrophy type I
9357,Severe hereditary thrombophilia due to congenital protein S deficiency,Adult-onset foveomacular vitelliform dystrophy
9358,Beta-thalassemia,MALT lymphoma
9359,progressive supranuclear palsy,Steinert myotonic dystrophy
9360,Idiopathic/heritable pulmonary arterial hypertension,systemic sclerosis
9361,Lethal infantile mitochondrial myopathy,Respiratory bronchiolitis-interstitial lung disease syndrome
9362,Ependymoma,Primary myelofibrosis
9363,Stargardt disease,Dystonia-aphonia syndrome
9364,Amyotrophic lateral sclerosis,systemic sclerosis
9365,Cryptogenic organizing pneumonia,Lattice corneal dystrophy type I
9366,Combined oxidative phosphorylation defect type 13,Pediatric hepatocellular carcinoma
9367,Foveal hypoplasia-presenile cataract syndrome,Follicular lymphoma
9368,Infantile-onset X-linked spinal muscular atrophy,MALT lymphoma
9369,Immunoglobulin A vasculitis,systemic lupus erythematosus
9370,Ependymoma,gastrointestinal stromal tumor
9371,Mutilating palmoplantar keratoderma with periorificial keratotic plaques,Retinitis punctata albescens
9372,Adult-onset foveomacular vitelliform dystrophy,Spinocerebellar ataxia type 27
9373,glioblastoma,Ebola hemorrhagic fever
9374,Glucagonoma,Charcot-Marie-Tooth disease type 4D
9375,Alopecia antibody deficiency,Adult-onset foveomacular vitelliform dystrophy
9376,Classic neuroendocrine tumor of appendix,Neuroendocrine tumor of the rectum
9377,Gliosarcoma,Solitary fibrous tumor
9378,Best vitelliform macular dystrophy,Pediatric hepatocellular carcinoma
9379,glioblastoma,Von Hippel-Lindau disease
9380,Localized junctional epidermolysis bullosa,Intermediate generalized junctional epidermolysis bullosa
9381,Osteosarcoma,Giant cell arteritis
9382,Ileal neuroendocrine tumor,Chronic graft versus host disease
9383,Crigler-Najjar syndrome type 2,Carbamoyl-phosphate synthetase 1 deficiency
9384,essential thrombocythemia,Gaucher disease
9385,Chronic graft versus host disease,Myasthenia gravis
9386,eosinophilic granulomatosis with polyangiitis,Continuous spikes and waves during sleep
9387,Hereditary pheochromocytoma-paraganglioma,Adrenocortical carcinoma
9388,glioblastoma,Rolandic epilepsy
9389,Acute interstitial pneumonia,Autosomal dominant Charcot-Marie-Tooth disease type 2A2
9390,Asbestos intoxication,Autosomal dominant Charcot-Marie-Tooth disease type 2K
9391,Somatomammotropinoma,"Congenital muscular dystrophy, Ullrich type"
9392,Acute graft versus host disease,intermediate uveitis
9393,Cryoglobulinemic vasculitis,Behet disease
9394,Leukoencephalopathy-palmoplantar keratoderma syndrome,Idiopathic acute eosinophilic pneumonia
9395,Primary myelofibrosis,Rhabdoid tumor
9396,"Autosomal dominant focal dystonia, DYT25 type",Late-onset retinal degeneration
9397,dermatomyositis,Adenocarcinoma of the esophagus
9398,Immunoglobulin A vasculitis,Catastrophic antiphospholipid syndrome
9399,Mitochondrial myopathy with reversible cytochrome C oxidase deficiency,Retinitis punctata albescens
9400,systemic sclerosis,Acute lung injury
9401,Drug-induced autoimmune hemolytic anemia,graft versus host disease
9402,Acute intermittent porphyria,Hereditary coproporphyria
9403,Medulloblastoma,Bronchial neuroendocrine tumor
9404,Bethlem myopathy,MALT lymphoma
9405,Interatrial communication,Heparin-induced thrombocytopenia
9406,Primary effusion lymphoma,graft versus host disease
9407,sarcoidosis,osteogenesis imperfecta
9408,Vogt-Koyanagi-Harada disease,Juvenile dermatomyositis
9409,Malaria,Sandhoff disease
9410,Solitary fibrous tumor,Thymic neuroendocrine tumor
9411,Duchenne muscular dystrophy,Friedreich ataxia
9412,Lymphoid interstitial pneumonia,Charcot-Marie-Tooth disease type 4B2
9413,Herpes simplex virus stromal keratitis,Congenital ichthyosis-microcephalus-tetraplegia syndrome
9414,Undifferentiated pleomorphic sarcoma,Anaplastic thyroid carcinoma
9415,Adrenocortical carcinoma,Primary peritoneal carcinoma
9416,Isolated complex I deficiency,Neutral lipid storage myopathy
9417,Complex regional pain syndrome,15q11q13 microduplication syndrome
9418,Respiratory bronchiolitis-interstitial lung disease syndrome,Autosomal dominant Charcot-Marie-Tooth disease type 2A2
9419,Herpes simplex virus stromal keratitis,Chronic pneumonitis of infancy
9420,thymoma,systemic sclerosis
9421,Distal monosomy 10p,Pure mitochondrial myopathy
9422,liposarcoma,acquired polycythemia vera
9423,Short stature due to partial GHR deficiency,Noonan syndrome
9424,liposarcoma,Primary myelofibrosis
9425,Beta-thalassemia major,Hemolytic anemia due to red cell pyruvate kinase deficiency
9426,TRAPPC11-related limb-girdle muscular dystrophy R18,Adult-onset foveomacular vitelliform dystrophy
9427,"Autoimmune hemolytic anemia, warm type",Polyarteritis nodosa
9428,Glaucoma-sleep apnea syndrome,Pure mitochondrial myopathy
9429,Lethal infantile mitochondrial myopathy,16p13.11 microdeletion syndrome
9430,Immune thrombocytopenia,Pure mitochondrial myopathy
9431,meningioma,Cholangiocarcinoma
9432,Leber hereditary optic neuropathy,Juvenile dermatomyositis
9433,Herpes simplex virus stromal keratitis,Roussy-L\xc3\xa9vy syndrome
9434,Duchenne muscular dystrophy,Proximal spinal muscular atrophy type 3
9435,Best vitelliform macular dystrophy,Autosomal recessive spastic paraplegia type 28
9436,Narcolepsy type 1,Narcolepsy type 2
9437,Classic Hodgkin lymphoma,Full NF2-related schwannomatosis
9438,TRAPPC11-related limb-girdle muscular dystrophy R18,Macular corneal dystrophy
9439,Krabbe disease,metachromatic leukodystrophy
9440,Stargardt disease,"Primary dystonia, DYT27 type"
9441,Mitochondrial myopathy with reversible cytochrome C oxidase deficiency,Trisomy 1q
9442,Late-onset retinal degeneration,Functioning gonadotropic adenoma
9443,DNAJB6-related limb-girdle muscular dystrophy D1,Glucagonoma
9444,Gray platelet syndrome,Idiopathic pulmonary hemosiderosis
9445,Gaucher disease,Sandhoff disease
9446,Ataxia-telangiectasia,"chronic myelogenous leukemia, BCR-ABL1 positive"
9447,Cryptogenic organizing pneumonia,Charcot-Marie-Tooth disease type 4G
9448,VIPoma,Pineoblastoma
9449,Hepatitis delta,Cholangiocarcinoma
9450,Nodular lymphocyte predominant Hodgkin lymphoma,follicular lymphoma
9451,TRAPPC11-related limb-girdle muscular dystrophy R18,Granular corneal dystrophy type II
9452,Mitochondrial myopathy with reversible cytochrome C oxidase deficiency,Paris-Trousseau thrombocytopenia
9453,sarcoidosis,interstitial lung disease 2
9454,Gray platelet syndrome,Diffuse palmoplantar keratoderma-acrocyanosis syndrome
9455,X-linked endothelial corneal dystrophy,Glucagonoma
9456,Huriez syndrome,Mantle cell lymphoma
9457,Mitochondrial myopathy with reversible cytochrome C oxidase deficiency,Oromandibular dystonia
9458,Combined oxidative phosphorylation defect type 13,Chronic pneumonitis of infancy
9459,Cholangiocarcinoma,Medullary thyroid carcinoma
9460,autoimmune thrombocytopenic purpura,Genetic steroid-resistant nephrotic syndrome
9461,Classic Hodgkin lymphoma,"Autoimmune hemolytic anemia, warm type"
9462,Acute myelomonocytic leukemia,follicular lymphoma
9463,Thymoma type B,Neuroendocrine tumor of the rectum
9464,systemic sclerosis,Giant cell arteritis
9465,Pure mitochondrial myopathy,"Autosomal dominant focal dystonia, DYT25 type"
9466,Infant acute respiratory distress syndrome,Charcot-Marie-Tooth disease type 4C
9467,Phacoanaphylactic uveitis,DNAJB6-related limb-girdle muscular dystrophy D1
9468,Osteosarcoma,Cystic fibrosis
9469,Primary effusion lymphoma,Pleural mesothelioma
9470,MALT lymphoma,Charcot-Marie-Tooth disease type 4D
9471,Infant acute respiratory distress syndrome,Cystic fibrosis
9472,TRAPPC11-related limb-girdle muscular dystrophy R18,Reticular dysgenesis
9473,Beta-thalassemia,Granulomatosis with polyangiitis
9474,Asbestos intoxication,Granular corneal dystrophy type II
9475,plasma cell myeloma,Nodular lymphocyte predominant Hodgkin lymphoma
9476,Chronic beryllium disease,Thiel-Behnke corneal dystrophy
9477,KLHL9-related early-onset distal myopathy,MALT lymphoma
9478,Idiopathic pulmonary fibrosis,Charcot-Marie-Tooth disease type 4D
9479,"Primary dystonia, DYT13 type",Fuchs endothelial corneal dystrophy
9480,Pure mitochondrial myopathy,Acquired von Willebrand syndrome
9481,mantle cell lymphoma,Cutaneous neuroendocrine carcinoma
9482,Segmental outgrowth-lipomatosis-arteriovenous malformation-epidermal nevus syndrome,Proteus-like syndrome
9483,dermatomyositis,hemophilia A
9484,Full NF2-related schwannomatosis,Cholangiocarcinoma
9485,Primary biliary cholangitis,polymyositis
9486,Severe congenital nemaline myopathy,MALT lymphoma
9487,Epithelial recurrent erosion dystrophy,Pituitary gigantism
9488,Relapsing polychondritis,Primary effusion lymphoma
9489,Mucopolysaccharidosis type 1,Severe hemophilia A
9490,Oligocone trichromacy,Charcot-Marie-Tooth disease type 1B
9491,Complex regional pain syndrome type 1,Adult acute respiratory distress syndrome
9492,GRFoma,Thiel-Behnke corneal dystrophy
9493,interstitial lung disease 2,Myxoid/round cell liposarcoma
9494,Proximal spinal muscular atrophy type 1,Genetic steroid-resistant nephrotic syndrome
9495,Congenital ichthyosis-microcephalus-tetraplegia syndrome,Severe early-childhood-onset retinal dystrophy
9496,Classic mycosis fungoides,Cold agglutinin disease
9497,Idiopathic steroid-sensitive nephrotic syndrome,follicular lymphoma
9498,Classic Hodgkin lymphoma,systemic sclerosis
9499,osteogenesis imperfecta,Acquired aneurysmal subarachnoid hemorrhage
9500,Mitochondrial myopathy with reversible cytochrome C oxidase deficiency,Acute panmyelosis with myelofibrosis
9501,Duchenne muscular dystrophy,mantle cell lymphoma
9502,Bernard-Soulier syndrome,Oligocone trichromacy
9503,Sialidosis type 1,Galactosialidosis
9504,autoimmune thrombocytopenic purpura,hemophilia A
9505,Keratosis linearis-ichthyosis congenita-sclerosing keratoderma syndrome,Adult-onset foveomacular vitelliform dystrophy
9506,Rhabdoid tumor,Nephroblastoma
9507,Respiratory bronchiolitis-interstitial lung disease syndrome,Bothnia retinal dystrophy
9508,Chronic inflammatory demyelinating polyneuropathy,Fetal cytomegalovirus syndrome
9509,Best vitelliform macular dystrophy,Autosomal recessive spastic paraplegia type 71
9510,Duchenne muscular dystrophy,Autoimmune hepatitis
9511,Chronic beryllium disease,Severe early-childhood-onset retinal dystrophy
9512,Kaposi\'s sarcoma,Dermatofibrosarcoma protuberans
9513,Transgrediens et progrediens palmoplantar keratoderma,MALT lymphoma
9514,Idiopathic aplastic anemia,Beta-thalassemia
9515,Chronic beryllium disease,Autosomal dominant Charcot-Marie-Tooth disease type 2F
9516,plasma cell myeloma,Rheumatoid factor-positive polyarticular juvenile idiopathic arthritis
9517,Cholangiocarcinoma,Cutaneous neuroendocrine carcinoma
9518,TRAPPC11-related limb-girdle muscular dystrophy R18,Somatostatinoma
9519,Immune thrombocytopenia,Bothnia retinal dystrophy
9520,Neurotrophic keratopathy,Paroxysmal cold hemoglobinuria
9521,Mutilating palmoplantar keratoderma with periorificial keratotic plaques,Granular corneal dystrophy type II
9522,Rett syndrome,cerebrotendinous xanthomatosis
9523,Meconium aspiration syndrome,Idiopathic pulmonary arterial hypertension
9524,Late-onset retinal degeneration,Somatostatinoma
9525,Classic Hodgkin lymphoma,follicular lymphoma
9526,Spinocerebellar ataxia type 35,MALT lymphoma
9527,Insulinoma,Autosomal dominant Charcot-Marie-Tooth disease type 2F
9528,Refractory anemia with excess blasts,Genetic steroid-resistant nephrotic syndrome
9529,Ependymoma,Krabbe disease
9530,Neurotrophic keratopathy,Hypothyroidism due to TSH receptor mutations
9531,Cold agglutinin disease,Granular corneal dystrophy type II
9532,Thymic carcinoma,Sporadic pheochromocytoma/secreting paraganglioma
9533,X-linked spastic paraplegia type 34,Best vitelliform macular dystrophy
9534,Familial Mediterranean fever,Diffuse cutaneous systemic sclerosis
9535,Early-onset generalized limb-onset dystonia,Idiopathic acute eosinophilic pneumonia
9536,Congenital stationary night blindness,Pituicytoma
9537,Granular corneal dystrophy type I,"Primary dystonia, DYT6 type"
9538,\xc3\x85land Islands eye disease,Cold agglutinin disease
9539,Focal palmoplantar and gingival keratoderma,Adult-onset foveomacular vitelliform dystrophy
9540,Gray platelet syndrome,Congenital hypothyroidism due to transplacental passage of TSH-binding inhibitory antibodies
9541,Mild hemophilia A,Severe hemophilia B
9542,Enthesitis-related juvenile idiopathic arthritis,Anal fistula
9543,Noonan syndrome,X-linked adrenoleukodystrophy
9544,Glioblastoma,Combined oxidative phosphorylation defect type 13
9545,dermatomyositis,AL amyloidosis
9546,follicular lymphoma,Idiopathic steroid-sensitive nephrotic syndrome with secondary steroid resistance
9547,hemophilia A,neuroblastoma
9548,X-linked endothelial corneal dystrophy,KRT1-related diffuse nonepidermolytic keratoderma
9549,Classic Hodgkin lymphoma,Anaplastic thyroid carcinoma
9550,"Autosomal dominant focal dystonia, DYT25 type",Pituitary gigantism
9551,Transgrediens et progrediens palmoplantar keratoderma,Epithelial recurrent erosion dystrophy
9552,Adult-onset foveomacular vitelliform dystrophy,Spinocerebellar ataxia type 21
9553,Chronic graft versus host disease,Primary effusion lymphoma
9554,Pure mitochondrial myopathy,Severe combined immunodeficiency due to complete RAG1/2 deficiency
9555,Mitochondrial trifunctional protein deficiency,Very long chain acyl-CoA dehydrogenase deficiency
9557,Monosomy 18p,Glioblastoma
9558,Amyotrophic lateral sclerosis,neuroblastoma
9559,Carcinoid syndrome,Neuroendocrine tumor of anal canal
9560,Desmoid tumor,Idiopathic/heritable pulmonary arterial hypertension
9561,Pituitary deficiency due to empty sella turcica syndrome,Adult-onset foveomacular vitelliform dystrophy
9562,Congenital hereditary endothelial dystrophy type II,"Adult-onset cervical dystonia, DYT23 type"
9563,Behet disease,Polyarteritis nodosa
9564,Dravet syndrome,Malignant migrating focal seizures of infancy
9565,DNA2-related mitochondrial DNA deletion syndrome,Follicular lymphoma
9566,Acute graft versus host disease,Immunoglobulin A vasculitis
9567,Primary biliary cholangitis,Medulloblastoma
9568,Adenocarcinoma of the esophagus,Klatskin tumor
9569,Autoimmune pulmonary alveolar proteinosis,DNAJB6-related limb-girdle muscular dystrophy D1
9570,Non-epidermolytic palmoplantar keratoderma,Granular corneal dystrophy type I
9571,Idiopathic pulmonary fibrosis,Familial drusen
9572,Mitochondrial myopathy with reversible cytochrome C oxidase deficiency,KRT1-related diffuse nonepidermolytic keratoderma
9573,autoimmune thrombocytopenic purpura,Juvenile myasthenia gravis
9574,Neuroendocrine tumor of stomach,Osteosarcoma
9575,"Primary dystonia, DYT17 type",Lattice corneal dystrophy type I
9576,Pure mitochondrial myopathy,20p12.3 microdeletion syndrome
9577,Pleomorphic liposarcoma,Kaposi\'s sarcoma
9578,Congenital stationary night blindness,Cryptogenic organizing pneumonia
9579,Ependymoma,Kaposi\'s sarcoma
9580,MALT lymphoma,Keratoderma hereditarium mutilans with ichthyosis
9581,MALT lymphoma,Primary peritoneal carcinoma
9582,Chronic inflammatory demyelinating polyneuropathy,follicular lymphoma
9583,Herpes simplex virus stromal keratitis,Diffuse palmoplantar keratoderma-acrocyanosis syndrome
9584,sarcoidosis,Familial adenomatous polyposis
9585,Obesity due to melanocortin 4 receptor deficiency,Obesity due to congenital leptin deficiency
9586,Cutaneous small vessel vasculitis,Adult-onset foveomacular vitelliform dystrophy
9587,Idiopathic acute eosinophilic pneumonia,Mal de Meleda
9588,PLEC-related intermediate epidermolysis bullosa simplex without extracutaneous involvement,Adult-onset foveomacular vitelliform dystrophy
9589,Best vitelliform macular dystrophy,Autosomal dominant spastic paraplegia type 19
9590,Vogt-Koyanagi-Harada disease,Rheumatoid factor-negative polyarticular juvenile idiopathic arthritis
9591,Neurofibromatosis type 1,plasma cell myeloma
9592,Idiopathic hypereosinophilic syndrome,Adult-onset foveomacular vitelliform dystrophy
9593,Late-onset retinal degeneration,PPoma
9594,osteogenesis imperfecta,Castleman disease
9595,Bullous pemphigoid,Beta-thalassemia
9596,Autosomal dominant Charcot-Marie-Tooth disease type 2Y,Idiopathic acute eosinophilic pneumonia
9597,Best vitelliform macular dystrophy,"Primary dystonia, DYT27 type"
9598,Amyotrophic lateral sclerosis,coccidioidomycosis
9599,Congenital stationary night blindness,Early-onset generalized limb-onset dystonia
9600,Refractory anemia with excess blasts type 1,"Localized dystrophic epidermolysis bullosa, acral form"
9601,Neurotrophic keratopathy,Chronic pneumonitis of infancy
9602,follicular lymphoma,Giant cell arteritis
9603,Chronic pneumonitis of infancy,Granular corneal dystrophy type II
9604,Autosomal dominant Charcot-Marie-Tooth disease type 2Y,PPoma
9605,Autosomal dominant Charcot-Marie-Tooth disease type 2Y,Pituitary gigantism
9606,DNAJB6-related limb-girdle muscular dystrophy D1,Macular corneal dystrophy
9607,Von Willebrand disease,Severe hemophilia A
9608,Pediatric hepatocellular carcinoma,Granular corneal dystrophy type I
9609,Lymphoid interstitial pneumonia,Pituitary gigantism
9610,systemic sclerosis,interstitial cystitis
9611,Granulomatosis with polyangiitis,Sandhoff disease
9612,Idiopathic steroid-sensitive nephrotic syndrome,Immunoglobulin A vasculitis
9613,Autosomal recessive spastic paraplegia type 43,Adult-onset foveomacular vitelliform dystrophy
9614,Transgrediens et progrediens palmoplantar keratoderma,Pure mitochondrial myopathy
9615,Herpes simplex virus stromal keratitis,Male infertility with teratozoospermia due to single gene mutation
9616,Severe early-childhood-onset retinal dystrophy,Mutilating palmoplantar keratoderma with periorificial keratotic plaques
9617,Self-improving collodion baby,Pituitary gigantism
9618,Beta-thalassemia major,Moderate hemophilia B
9619,Thymic carcinoma,Squamous cell carcinoma of the anal canal
9620,Adult-onset multiple mitochondrial DNA deletion syndrome due to DGUOK deficiency,Granulomatous slack skin
9621,allergic bronchopulmonary aspergillosis,plasma cell myeloma
9622,MALT lymphoma,Rigid spine syndrome
9623,Amyotrophic lateral sclerosis,Gaucher disease
9624,Vitamin B12-responsive methylmalonic acidemia,Isolated aniridia
9625,Vocal cord and pharyngeal distal myopathy,Adult-onset foveomacular vitelliform dystrophy
9626,Polyneuropathy associated with IgM monoclonal gammopathy with anti-MAG,systemic lupus erythematosus
9627,Lymphoid interstitial pneumonia,Charcot-Marie-Tooth disease type 4D
9628,Anoctamin-5-related limb-girdle muscular dystrophy R12,GRFoma
9629,plasma cell myeloma,Tay-Sachs disease
9630,Iminoglycinuria,Adult-onset foveomacular vitelliform dystrophy
9631,Congenital stationary night blindness,Focal palmoplantar and gingival keratoderma
9632,autoimmune thrombocytopenic purpura,glioblastoma
9633,Vogt-Koyanagi-Harada disease,Idiopathic uveal effusion syndrome
9634,Cystic fibrosis,Moderate hemophilia B
9635,Stargardt disease,Idiopathic acute eosinophilic pneumonia
9636,Isolated agammaglobulinemia,Adult-onset foveomacular vitelliform dystrophy
9637,Primary Sjgren syndrome,glycogen storage disease II
9638,Mantle cell lymphoma,Bothnia retinal dystrophy
9639,Combined oxidative phosphorylation defect type 13,Granulomatous slack skin
9640,Pleural mesothelioma,Neuroendocrine tumor of the colon
9641,Autosomal dominant Charcot-Marie-Tooth disease type 2W,Granular corneal dystrophy type II
9642,Idiopathic/heritable pulmonary arterial hypertension,Autosomal dominant polycystic kidney disease
9643,X-linked endothelial corneal dystrophy,Pediatric hepatocellular carcinoma
9644,Severe congenital nemaline myopathy,Adult-onset foveomacular vitelliform dystrophy
9645,Uveal melanoma,Idiopathic/heritable pulmonary arterial hypertension
9646,Cholangiocarcinoma,"Classic Hodgkin lymphoma, mixed cellularity type"
9647,Leukoencephalopathy-palmoplantar keratoderma syndrome,Epithelial recurrent erosion dystrophy
9648,Fibrous dysplasia of bone,Rheumatoid factor-negative polyarticular juvenile idiopathic arthritis
9649,sarcoidosis,Idiopathic uveal effusion syndrome
9650,Mitochondrial myopathy with reversible cytochrome C oxidase deficiency,PANDAS
9651,Autosomal dominant polycystic kidney disease,X-linked adrenoleukodystrophy
9652,Glucagonoma,Charcot-Marie-Tooth disease type 1F
9653,\xc3\x85land Islands eye disease,Anoctamin-5-related limb-girdle muscular dystrophy R12
9654,Nephroblastoma,Papilloma of choroid plexus
9655,"Primary dystonia, DYT21 type",Late-onset retinal degeneration
9656,Bothnia retinal dystrophy,Autosomal dominant Charcot-Marie-Tooth disease type 2E
9657,Stargardt disease,Charcot-Marie-Tooth disease type 1A
9658,Pentasomy X,Mitochondrial myopathy with reversible cytochrome C oxidase deficiency
9659,Ichthyosis-prematurity syndrome,Functioning gonadotropic adenoma
9660,PPoma,Acromegaly
9661,"Primary dystonia, DYT27 type",Mantle cell lymphoma
9662,Fibrous dysplasia of bone,Systemic-onset juvenile idiopathic arthritis
9663,Chronic inflammatory demyelinating polyneuropathy,eosinophilic granulomatosis with polyangiitis
9664,Squamous cell carcinoma of the anal canal,Primary peritoneal carcinoma
9665,Somatomammotropinoma,"Primary dystonia, DYT4 type"
9666,Hemidystonia-hemiatrophy syndrome,Adult-onset foveomacular vitelliform dystrophy
9667,"Multiple epiphyseal dysplasia, Al-Gazali type",Adult-onset foveomacular vitelliform dystrophy
9668,Familial drusen,Glucagonoma
9669,Congenital hereditary endothelial dystrophy type II,Insulinoma
9670,Asbestos intoxication,Lattice corneal dystrophy type I
9671,Gray platelet syndrome,Lymphoid interstitial pneumonia
9672,Herpes simplex virus stromal keratitis,Autosomal dominant Charcot-Marie-Tooth disease type 2Z
9673,Adult-onset foveomacular vitelliform dystrophy,Spinocerebellar ataxia type 25
9674,Acute interstitial pneumonia,Charcot-Marie-Tooth disease type 1A
9675,Congenital hereditary endothelial dystrophy type II,Cold agglutinin disease
9676,meningioma,Gorlin syndrome
9677,Cystic fibrosis,Adult acute respiratory distress syndrome
9678,neuroblastoma,aspergillosis
9679,sarcoidosis,Gaucher disease
9680,hemophilia A,Bleeding disorder in hemophilia A carriers
9681,Adenocarcinoma of the esophagus,Subcutaneous panniculitis-like T-cell lymphoma
9682,Paraparetic variant of Guillain-Barr\xc3\xa9 syndrome,Best vitelliform macular dystrophy
9683,Neurotrophic keratopathy,Neonatal intrahepatic cholestasis due to citrin deficiency
9684,Von Willebrand disease,Von Willebrand disease type 2A
9685,interstitial lung disease 2,Pleural mesothelioma
9686,"Classic Hodgkin lymphoma, nodular sclerosis type",Subcutaneous panniculitis-like T-cell lymphoma
9687,interstitial lung disease 2,follicular lymphoma
9688,Gray platelet syndrome,Acute interstitial pneumonia
9689,Systemic mastocytosis with associated hematologic neoplasm,Aggressive systemic mastocytosis
9690,Desmoplastic small round cell tumor,Bronchial neuroendocrine tumor
9691,sarcoidosis,Lymphoid interstitial pneumonia
9692,Complex regional pain syndrome,Rett syndrome
9693,Proximal spinal muscular atrophy,Proximal spinal muscular atrophy type 3
9694,Relapsing polychondritis,Adult-onset myasthenia gravis
9695,microscopic polyangiitis,metachromatic leukodystrophy
9696,Uveal melanoma,Hereditary pheochromocytoma-paraganglioma
9697,essential thrombocythemia,AL amyloidosis
9698,Respiratory bronchiolitis-interstitial lung disease syndrome,Charcot-Marie-Tooth disease type 1F
9699,plasma cell myeloma,follicular lymphoma
9700,Myxoid/round cell liposarcoma,Thymic neuroendocrine tumor
9701,Chronic inflammatory demyelinating polyneuropathy,Polyarteritis nodosa
9702,Polyneuropathy associated with IgM monoclonal gammopathy with anti-MAG,Myasthenia gravis
9703,Herpes simplex virus stromal keratitis,Distal anoctaminopathy
9704,Burkitt lymphoma,Gray platelet syndrome
9705,Herpes simplex virus stromal keratitis,Cold agglutinin disease
9706,Somatomammotropinoma,Adult-onset foveomacular vitelliform dystrophy
9707,Lethal infantile mitochondrial myopathy,Infant acute respiratory distress syndrome
9708,Neurotrophic keratopathy,Adult-onset multiple mitochondrial DNA deletion syndrome due to DGUOK deficiency
9709,fragile X syndrome,Angelman syndrome
9710,Duchenne muscular dystrophy,Giant cell arteritis
9711,Gray platelet syndrome,Charcot-Marie-Tooth disease type 1B
9712,graft versus host disease,Papilloma of choroid plexus
9713,Epithelial recurrent erosion dystrophy,Ichthyosis-prematurity syndrome
9714,Paris-Trousseau thrombocytopenia,Best vitelliform macular dystrophy
9715,Best vitelliform macular dystrophy,Cranio-cervical dystonia with laryngeal and upper-limb involvement
9716,Autosomal recessive spastic paraplegia type 43,MALT lymphoma
9717,interstitial lung disease 2,polymyositis
9718,systemic lupus erythematosus,Choroideremia
9719,Adrenomyeloneuropathy,Chronic inflammatory demyelinating polyneuropathy
9720,"chronic myelogenous leukemia, BCR-ABL1 positive",Aggressive systemic mastocytosis
9721,MALT lymphoma,Charcot-Marie-Tooth disease type 4B2
9722,Gray platelet syndrome,Huriez syndrome
9723,Early-onset generalized limb-onset dystonia,Gray platelet syndrome
9724,Severe early-childhood-onset retinal dystrophy,Huriez syndrome
9725,Epithelial recurrent erosion dystrophy,Autosomal dominant Charcot-Marie-Tooth disease type 2K
9726,Idiopathic/heritable pulmonary arterial hypertension,Acute lung injury
9727,Bullous pemphigoid,polymyositis
9728,Medullary thyroid carcinoma,Adult-onset foveomacular vitelliform dystrophy
9729,Pure mitochondrial myopathy,Paris-Trousseau thrombocytopenia
9730,Neuroendocrine tumor of the colon,Cutaneous neuroendocrine carcinoma
9731,neuroblastoma,graft versus host disease
9732,Autosomal dominant centronuclear myopathy,Immune thrombocytopenia
9733,Non-epidermolytic palmoplantar keratoderma,Somatomammotropinoma
9734,gastrointestinal stromal tumor,Hereditary pheochromocytoma-paraganglioma
9735,Zollinger-Ellison syndrome,Bothnia retinal dystrophy
9736,hemophilia A,mantle cell lymphoma
9737,DNAJB6-related limb-girdle muscular dystrophy D1,Retinitis punctata albescens
9738,Pseudomyxoma peritonei,interstitial lung disease 2
9739,glioblastoma,Giant cell glioblastoma
9740,Primary biliary cholangitis,Familial adenomatous polyposis
9741,glioblastoma,Cholangiocarcinoma
9742,thymoma,Adenocarcinoma of the esophagus
9743,Squamous cell carcinoma of the esophagus,Primary peritoneal carcinoma
9744,Familial benign copper deficiency,MALT lymphoma
9745,Polyneuropathy associated with IgM monoclonal gammopathy with anti-MAG,Primary biliary cholangitis
9746,Pituitary gigantism,"Primary dystonia, DYT4 type"
9747,sarcoidosis,Pouchitis
9748,Hereditary hyperferritinemia-cataract syndrome,Somatomammotropinoma
9749,Autosomal dominant centronuclear myopathy,GRFoma
9750,"Autosomal dominant focal dystonia, DYT25 type",Bothnia retinal dystrophy
9751,systemic sclerosis,Undifferentiated pleomorphic sarcoma
9752,Cystic fibrosis,Severe hemophilia A
9753,tuberous sclerosis,Castleman disease
9754,"46,XY disorder of sex development due to 17-beta-hydroxysteroid dehydrogenase 3 deficiency",Adult-onset foveomacular vitelliform dystrophy
9755,autoimmune thrombocytopenic purpura,Multifocal motor neuropathy
9756,Autosomal dominant spastic paraplegia type 37,MALT lymphoma
9757,Autosomal dominant centronuclear myopathy,Infant acute respiratory distress syndrome
9758,Adult-onset multiple mitochondrial DNA deletion syndrome due to DGUOK deficiency,Mutilating palmoplantar keratoderma with periorificial keratotic plaques
9759,Duchenne muscular dystrophy,Gamma-sarcoglycan-related limb-girdle muscular dystrophy R5
9760,Isolated polycystic liver disease,Classic Hodgkin lymphoma
9761,Acquired idiopathic sideroblastic anemia,mantle cell lymphoma
9762,systemic lupus erythematosus,Primary biliary cholangitis
9763,Rhabdoid tumor,Glucagonoma
9764,Polyneuropathy associated with IgM monoclonal gammopathy with anti-MAG,Primary Sjgren syndrome
9765,Complex regional pain syndrome,interstitial cystitis
9766,X-linked endothelial corneal dystrophy,Male infertility with azoospermia or oligozoospermia due to single gene mutation
9767,mantle cell lymphoma,Squamous cell carcinoma of the esophagus
9768,Gray platelet syndrome,Granulomatous slack skin
9769,Adenocarcinoma of the esophagus,Giant cell arteritis
9770,Osteosarcoma,Dermatofibrosarcoma protuberans
9771,Chronic inflammatory demyelinating polyneuropathy,Pediatric systemic lupus erythematosus
9772,Trisomy 4p,Lethal infantile mitochondrial myopathy
9773,sarcoidosis,Ebola hemorrhagic fever
9774,Oromandibular dystonia,Pituitary gigantism
9775,Von Willebrand disease type 1,Von Willebrand disease type 2B
9776,Pure mitochondrial myopathy,Nodular lymphocyte predominant Hodgkin lymphoma
9777,3-hydroxy-3-methylglutaric aciduria,MALT lymphoma
9778,Pleural mesothelioma,Squamous cell carcinoma of the anal canal
9779,Immune thrombocytopenia,Pituitary gigantism
9780,Hereditary late-onset Parkinson disease,Pure autonomic failure
9781,Congenital hereditary endothelial dystrophy type II,Huriez syndrome
9782,Thymoma type B,Undifferentiated pleomorphic sarcoma
9783,Congenital hereditary endothelial dystrophy type II,Chronic pneumonitis of infancy
9784,Chronic pneumonitis of infancy,Autosomal dominant Charcot-Marie-Tooth disease type 2E
9785,Severe hemophilia A,Isolated aniridia
9786,Papilloma of choroid plexus,Glucagonoma
9787,acquired polycythemia vera,Castleman disease
9788,Idiopathic pulmonary fibrosis,Lattice corneal dystrophy type I
9789,Undifferentiated pleomorphic sarcoma,Cholangiocarcinoma
9790,Enthesitis-related juvenile idiopathic arthritis,Rheumatoid factor-positive polyarticular juvenile idiopathic arthritis
9791,2q31.1 microdeletion syndrome,Mitochondrial myopathy with reversible cytochrome C oxidase deficiency
9792,Keratosis palmaris et plantaris-clinodactyly syndrome,Thiel-Behnke corneal dystrophy
9793,Desmoplastic small round cell tumor,Dermatofibrosarcoma protuberans
9794,Cold agglutinin disease,"Autoimmune hemolytic anemia, warm type"
9795,Atypical hemolytic uremic syndrome,Pediatric systemic lupus erythematosus
9796,Neurotrophic keratopathy,KLHL9-related early-onset distal myopathy
9797,Mitochondrial myopathy with reversible cytochrome C oxidase deficiency,PFAPA syndrome
9798,Pure mitochondrial myopathy,"Primary dystonia, DYT17 type"
9799,Retinitis punctata albescens,Charcot-Marie-Tooth disease type 4D
9800,Hemangioblastoma,Adrenocortical carcinoma
9801,Rett syndrome,Huntington disease
9802,"Primary dystonia, DYT27 type",Thiel-Behnke corneal dystrophy
9803,Chronic pneumonitis of infancy,Fuchs endothelial corneal dystrophy
9804,Systemic polyarteritis nodosa,microscopic polyangiitis
9805,Osteosarcoma,Gliosarcoma
9806,Acute interstitial pneumonia,Oligocone trichromacy
9808,systemic sclerosis,Immunoglobulin A vasculitis
9809,Desmoplastic small round cell tumor,Pleural mesothelioma
9810,Relapsing polychondritis,Genetic steroid-resistant nephrotic syndrome
9811,Fibrous dysplasia of bone,Polyarteritis nodosa
9812,Pineoblastoma,Medulloblastoma
9813,Amyotrophic lateral sclerosis,Cystic fibrosis
9814,sarcoidosis,Medulloblastoma
9815,Paraparetic variant of Guillain-Barr\xc3\xa9 syndrome,MALT lymphoma
9816,Macular corneal dystrophy,Charcot-Marie-Tooth disease type 1F
9817,Polyneuropathy associated with IgM monoclonal gammopathy with anti-MAG,microscopic polyangiitis
9818,Isolated polycystic liver disease,Neurofibromatosis type 1
9819,Pure mitochondrial myopathy,Prolactinoma
9820,interstitial lung disease 2,Hereditary angioedema with C1Inh deficiency
9821,Idiopathic/heritable pulmonary arterial hypertension,Immunoglobulin A vasculitis
9822,Tetrasomy 18p,Lethal infantile mitochondrial myopathy
9823,X-linked endothelial corneal dystrophy,Dystonia-aphonia syndrome
9824,Immunoglobulin A vasculitis,polymyositis
9825,Somatomammotropinoma,Distal myopathy with posterior leg and anterior hand involvement
9826,Pauci-immune glomerulonephritis,Adult-onset foveomacular vitelliform dystrophy
9827,Congenital hereditary endothelial dystrophy type II,Gray platelet syndrome
9828,MALT lymphoma,Spinocerebellar ataxia type 27
9829,Mendelian susceptibility to mycobacterial diseases due to complete IL12RB1 deficiency,Granular corneal dystrophy type II
9830,GRFoma,Glucagonoma
9831,Epithelial recurrent erosion dystrophy,Cryptogenic organizing pneumonia
9832,aspergillosis,Autoimmune hepatitis
9833,Thymic carcinoma,Malignant peritoneal mesothelioma
9834,Neuroendocrine tumor of stomach,Thymic neuroendocrine tumor
9835,Severe hemophilia B,hemophilia A
9836,Neurotrophic keratopathy,GRFoma
9837,Anoctamin-5-related limb-girdle muscular dystrophy R12,MALT lymphoma
9838,metachromatic leukodystrophy,Castleman disease
9839,osteogenesis imperfecta,Krabbe disease
9840,Autosomal dominant centronuclear myopathy,TSH-secreting pituitary adenoma
9841,glioblastoma,Hereditary breast and/or ovarian cancer syndrome
9842,Somatomammotropinoma,"Primary dystonia, DYT17 type"
9843,"Metachromatic leukodystrophy, late infantile form",metachromatic leukodystrophy
9844,glioblastoma,Hereditary pheochromocytoma-paraganglioma
9845,Retinitis pigmentosa,MALT lymphoma
9846,Gray platelet syndrome,Pediatric hepatocellular carcinoma
9847,Burkitt lymphoma,Genetic steroid-resistant nephrotic syndrome
9848,Leukoencephalopathy-palmoplantar keratoderma syndrome,Macular corneal dystrophy
9849,Bernard-Soulier syndrome,Asbestos intoxication
9850,Transgrediens et progrediens palmoplantar keratoderma,Macular corneal dystrophy
9851,Anaplastic thyroid carcinoma,Neuroendocrine tumor of the rectum
9852,MALT lymphoma,X-linked spastic paraplegia type 16
9853,Neutrophil immunodeficiency syndrome,Best vitelliform macular dystrophy
9854,Xp21 deletion syndrome,MALT lymphoma
9855,Primary myelofibrosis,MALT lymphoma
9856,Congenital myopathy with myasthenic-like onset,Adult-onset foveomacular vitelliform dystrophy
9857,Chronic inflammatory demyelinating polyneuropathy,graft versus host disease
9858,Multiple myeloma,Adult-onset foveomacular vitelliform dystrophy
9859,Follicular lymphoma,Autosomal dominant Charcot-Marie-Tooth disease type 2E
9860,glioblastoma,paroxysmal nocturnal hemoglobinuria
9861,Adult-onset foveomacular vitelliform dystrophy,Autosomal recessive spastic paraplegia type 25
9862,Mitochondrial myopathy with reversible cytochrome C oxidase deficiency,Idiopathic pulmonary hemosiderosis
9863,Hemihyperplasia-multiple lipomatosis syndrome,Squamous cell carcinoma of the esophagus
9864,Asbestos intoxication,Combined oxidative phosphorylation defect type 13
9865,Stargardt disease,Autosomal dominant Charcot-Marie-Tooth disease type 2A2
9866,Myxoid/round cell liposarcoma,Squamous cell carcinoma of the anal canal
9867,"Primary dystonia, DYT17 type",X-linked endothelial corneal dystrophy
9868,Evans syndrome,Mitochondrial myopathy with reversible cytochrome C oxidase deficiency
9870,Acute graft versus host disease,Chronic graft versus host disease
9871,Mixed-type autoimmune hemolytic anemia,Giant cell arteritis
9872,Infant acute respiratory distress syndrome,Granular corneal dystrophy type II
9873,Chronic beryllium disease,Autosomal dominant Charcot-Marie-Tooth disease type 2W
9874,neuroblastoma,"Autoimmune hemolytic anemia, warm type"
9875,glioblastoma,Sporadic pheochromocytoma/secreting paraganglioma
9876,Epithelial recurrent erosion dystrophy,"Adult-onset cervical dystonia, DYT23 type"
9877,Severe hemophilia B,Vitamin B12-responsive methylmalonic acidemia
9878,Best vitelliform macular dystrophy,Hereditary painful callosities
9879,Lethal infantile mitochondrial myopathy,Oligocone trichromacy
9880,Adenocarcinoma of the esophagus,polymyositis
9881,Palmoplantar keratoderma-spastic paralysis syndrome,Follicular lymphoma
9882,Neuroendocrine tumor of anal canal,Bronchial neuroendocrine tumor
9883,Lethal infantile mitochondrial myopathy,Thiel-Behnke corneal dystrophy
9884,Waldenstrom macroglobulinemia,Papilloma of choroid plexus
9885,Bullous pemphigoid,microscopic polyangiitis
9886,neuroblastoma,Well-differentiated liposarcoma
9887,Mitochondrial myopathy with reversible cytochrome C oxidase deficiency,Pediatric hepatocellular carcinoma
9888,Pleural mesothelioma,Nephroblastoma
9889,glioblastoma,Genetic steroid-resistant nephrotic syndrome
9890,Lymphoid interstitial pneumonia,Charcot-Marie-Tooth disease type 1A
9891,Severe hemophilia B,Becker muscular dystrophy
9892,Thymoma type B,Squamous cell carcinoma of the esophagus
9893,Cold agglutinin disease,Autosomal dominant Charcot-Marie-Tooth disease type 2K
9894,Malignant peritoneal mesothelioma,Bronchial neuroendocrine tumor
9895,Severe hemophilia B,Bleeding disorder in hemophilia A carriers
9896,X-linked endothelial corneal dystrophy,MALT lymphoma
9897,Common variable immunodeficiency,Birdshot chorioretinopathy
9898,Familial Mediterranean fever,Idiopathic/heritable pulmonary arterial hypertension
9899,Papilloma of choroid plexus,AL amyloidosis
9900,Pituitary gigantism,"Primary dystonia, DYT6 type"
9901,Pineoblastoma,Rhabdoid tumor
9902,Lynch syndrome,Adenocarcinoma of the esophagus
9903,Autosomal dominant Charcot-Marie-Tooth disease type 2W,GRFoma
9904,Osteosarcoma,neuroblastoma
9905,Gray platelet syndrome,DNAJB6-related limb-girdle muscular dystrophy D1
9906,glioblastoma,Squamous cell carcinoma of the esophagus
9907,Familial drusen,Charcot-Marie-Tooth disease type 1A
9908,Insulinoma,Granular corneal dystrophy type II
9909,sarcoidosis,interstitial cystitis
9910,glioblastoma,Huntington disease
9911,Primary myelofibrosis,gastrointestinal stromal tumor
9912,Ependymoma,metachromatic leukodystrophy
9913,Alopecia-epilepsy-pyorrhea-intellectual disability syndrome,Adult-onset foveomacular vitelliform dystrophy
9914,"Primary dystonia, DYT17 type",Severe early-childhood-onset retinal dystrophy
9915,Epithelial recurrent erosion dystrophy,Pediatric hepatocellular carcinoma
9916,Male infertility with azoospermia or oligozoospermia due to single gene mutation,Mantle cell lymphoma
9917,Bullous pemphigoid,acquired polycythemia vera
9918,polymyositis,Behet disease
9919,Insulinoma,Adult-onset foveomacular vitelliform dystrophy
9920,Lethal infantile mitochondrial myopathy,Monosomy 9q22.3
9921,Primary biliary cholangitis,"Autoimmune hemolytic anemia, warm type"
9922,Evans syndrome,Adult-onset foveomacular vitelliform dystrophy
9923,Palmoplantar keratoderma-spastic paralysis syndrome,Granular corneal dystrophy type I
9924,Infant acute respiratory distress syndrome,Bothnia retinal dystrophy
9925,Mild hemophilia A,Hemophilia B
9926,Paroxysmal cold hemoglobinuria,Fuchs endothelial corneal dystrophy
9927,Idiopathic pulmonary fibrosis,Autosomal dominant Charcot-Marie-Tooth disease type 2K
9928,Leber congenital amaurosis,Granulomatosis with polyangiitis
9929,fragile X syndrome,coccidioidomycosis
9930,interstitial lung disease 2,Gorlin syndrome
9931,Lethal infantile mitochondrial myopathy,Charcot-Marie-Tooth disease type 1A
9932,Refractory anemia with excess blasts type 1,"Autosomal recessive generalized dystrophic epidermolysis bullosa, severe form"
9933,Lethal infantile mitochondrial myopathy,Nodular lymphocyte predominant Hodgkin lymphoma
9934,Congenital stationary night blindness,TRAPPC11-related limb-girdle muscular dystrophy R18
9935,Huriez syndrome,Macular corneal dystrophy
9936,Evans syndrome,Best vitelliform macular dystrophy
9937,Late-onset retinal degeneration,DNAJB6-related limb-girdle muscular dystrophy D1
9938,Familial drusen,"Primary dystonia, DYT13 type"
9939,Paris-Trousseau thrombocytopenia,Follicular lymphoma
9940,graft versus host disease,Familial adenomatous polyposis
9941,microscopic polyangiitis,Castleman disease
9942,Neurotrophic keratopathy,Autosomal dominant Charcot-Marie-Tooth disease type 2Z
9943,\xc3\x85land Islands eye disease,Classic mycosis fungoides
9944,Neurotrophic keratopathy,Autosomal dominant Charcot-Marie-Tooth disease type 2F
9945,Autosomal dominant centronuclear myopathy,Best vitelliform macular dystrophy
9946,X-linked endothelial corneal dystrophy,Ichthyosis-prematurity syndrome
9947,Acquired purpura fulminans,Adult-onset foveomacular vitelliform dystrophy
9948,Stargardt disease,Autosomal dominant Charcot-Marie-Tooth disease type 2Y
9949,Best vitelliform macular dystrophy,Autosomal dominant spastic paraplegia type 41
9950,Chronic beryllium disease,Autosomal dominant Charcot-Marie-Tooth disease type 2A2
9951,Gray platelet syndrome,Mal de Meleda
9952,Bernard-Soulier syndrome,Pituitary gigantism
9953,ATTRV122I amyloidosis,AL amyloidosis
9954,Autosomal dominant Charcot-Marie-Tooth disease type 2Y,Late-onset retinal degeneration
9955,Cryptogenic organizing pneumonia,Late-onset retinal degeneration
9956,Kaposi\'s sarcoma,Medulloblastoma
9957,Congenital hereditary endothelial dystrophy type II,KRT1-related diffuse nonepidermolytic keratoderma
9958,Severe early-childhood-onset retinal dystrophy,Mantle cell lymphoma
9959,Monosomy 18p,Classic mycosis fungoides
9960,Acute graft versus host disease,Idiopathic panuveitis
9961,Tubular aggregate myopathy,MALT lymphoma
9962,Immunoglobulin A vasculitis,MALT lymphoma
9963,Subependymoma,Lethal infantile mitochondrial myopathy
9964,DNAJB6-related limb-girdle muscular dystrophy D1,Functioning gonadotropic adenoma
9965,Best vitelliform macular dystrophy,Respiratory bronchiolitis-interstitial lung disease syndrome
9966,Best vitelliform macular dystrophy,Male infertility with teratozoospermia due to single gene mutation
9967,Lower motor neuron syndrome with late-adult onset,MALT lymphoma
9968,\xc3\x85land Islands eye disease,"Adult-onset cervical dystonia, DYT23 type"
9969,Follicular lymphoma,Acetazolamide-responsive myotonia
9970,Foveal hypoplasia-presenile cataract syndrome,Lethal infantile mitochondrial myopathy
9971,Antisynthetase syndrome,Adult-onset foveomacular vitelliform dystrophy
9972,Primary biliary cholangitis,Genetic steroid-resistant nephrotic syndrome
9973,Ependymoma,Squamous cell carcinoma of the esophagus
9974,Rhabdoid tumor,Cutaneous neuroendocrine carcinoma
9975,Late-onset retinal degeneration,TSH-secreting pituitary adenoma
9976,Epidermolytic palmoplantar keratoderma,Follicular lymphoma
9977,Myelodysplastic syndrome associated with isolated del(5q) chromosome abnormality,MALT lymphoma
9978,neuroblastoma,Pediatric hepatocellular carcinoma
9979,Amyotrophic lateral sclerosis,Aicardi-Goutires syndrome
9980,tuberous sclerosis,Bronchial neuroendocrine tumor
9981,Trisomy 8q,Mitochondrial myopathy with reversible cytochrome C oxidase deficiency
9982,Acral self-healing collodion baby,Follicular lymphoma
9983,Primary systemic amyloidosis,follicular lymphoma
9984,Male infertility with azoospermia or oligozoospermia due to single gene mutation,Lattice corneal dystrophy type I
9985,Monosomy 18p,Granulomatous slack skin
9986,Beta-thalassemia major,Primary myelofibrosis
9987,Congenital stationary night blindness,Glioblastoma
9988,"Autoimmune hemolytic anemia, warm type",Genetic steroid-resistant nephrotic syndrome
9989,Myxoid/round cell liposarcoma,Klatskin tumor
9990,Acute interstitial pneumonia,Autosomal dominant Charcot-Marie-Tooth disease type 2K
9991,Cystic fibrosis,Prader-Willi syndrome
9992,Immune thrombocytopenia,Autosomal dominant Charcot-Marie-Tooth disease type 2F
9993,Mitochondrial myopathy with reversible cytochrome C oxidase deficiency,Distal monosomy 10q
9994,autoimmune thrombocytopenic purpura,interstitial lung disease 2
9995,Autosomal dominant Charcot-Marie-Tooth disease type 2W,Functioning gonadotropic adenoma
9996,Focal palmoplantar and gingival keratoderma,DNAJB6-related limb-girdle muscular dystrophy D1
9997,Adenocarcinoma of the esophagus,Papilloma of choroid plexus
9998,Schnitzler syndrome,Polyarteritis nodosa
9999,Congenital hereditary endothelial dystrophy type II,"Primary dystonia, DYT13 type"
10000,Stargardt disease,Mendelian susceptibility to mycobacterial diseases due to partial IRF8 deficiency
10001,\xc3\x85land Islands eye disease,Oromandibular dystonia
10002,Harlequin ichthyosis,Somatomammotropinoma
10003,Autosomal recessive spastic paraplegia type 70,MALT lymphoma
10004,microscopic polyangiitis,Mucous membrane pemphigoid
10005,Familial Mediterranean fever,Rheumatoid factor-positive polyarticular juvenile idiopathic arthritis
10006,Infantile convulsions and choreoathetosis,Malignant migrating focal seizures of infancy
10007,Beta-thalassemia,systemic lupus erythematosus
10008,neuroblastoma,systemic lupus erythematosus
10009,X-linked endothelial corneal dystrophy,Charcot-Marie-Tooth disease type 4D
10010,Undifferentiated pleomorphic sarcoma,Pleural mesothelioma
10011,Male infertility with azoospermia or oligozoospermia due to single gene mutation,Macular corneal dystrophy
10012,plasma cell myeloma,Gorlin syndrome
10013,Mitochondrial myopathy with reversible cytochrome C oxidase deficiency,Idiopathic hypereosinophilic syndrome
10014,Lynch syndrome,plasma cell myeloma
10015,Pyoderma gangrenosum,Juvenile dermatomyositis
10016,Familial drusen,Ichthyosis-prematurity syndrome
10017,essential thrombocythemia,Beta-thalassemia
10018,Asbestos intoxication,Mutilating palmoplantar keratoderma with periorificial keratotic plaques
10019,TRAPPC11-related limb-girdle muscular dystrophy R18,Granular corneal dystrophy type I
10020,graft versus host disease,Acute promyelocytic leukemia
10021,Mitochondrial myopathy with reversible cytochrome C oxidase deficiency,Kasabach-Merritt syndrome
10022,Ependymoma,Juvenile dermatomyositis
10023,Amyotrophic lateral sclerosis,Spinal cord injury
10024,Mitochondrial myopathy with reversible cytochrome C oxidase deficiency,Charcot-Marie-Tooth disease type 1F
10025,VIPoma,Charcot-Marie-Tooth disease type 4B2
10026,Zollinger-Ellison syndrome,Charcot-Marie-Tooth disease type 1A
10027,Lethal infantile mitochondrial myopathy,PFAPA syndrome
10028,Severe early-childhood-onset retinal dystrophy,Autosomal dominant Charcot-Marie-Tooth disease type 2E
10029,Somatomammotropinoma,Thiel-Behnke corneal dystrophy
10030,Asbestos intoxication,Anoctamin-5-related limb-girdle muscular dystrophy R12
10031,Idiopathic/heritable pulmonary arterial hypertension,Fibrous dysplasia of bone
10032,Osteogenesis imperfecta type 1,Acquired aneurysmal subarachnoid hemorrhage
10033,Leukoencephalopathy-palmoplantar keratoderma syndrome,Oligocone trichromacy
10034,polymyositis,Castleman disease
10035,Alpha-thalassemia,Dietary iron overload disease
10036,Isolated succinate-CoQ reductase deficiency,Adult-onset foveomacular vitelliform dystrophy
10037,Mitochondrial myopathy with reversible cytochrome C oxidase deficiency,Heparin-induced thrombocytopenia
10038,MALT lymphoma,Charcot-Marie-Tooth disease type 4C
10039,Somatostatinoma,Thymic neuroendocrine tumor
10040,"chronic myelogenous leukemia, BCR-ABL1 positive",hemophilia A
10041,Congenital ichthyosis-microcephalus-tetraplegia syndrome,Best vitelliform macular dystrophy
10042,DNAJB6-related limb-girdle muscular dystrophy D1,Acquired von Willebrand syndrome
10043,Thymic carcinoma,mantle cell lymphoma
10044,hemophilia A,Castleman disease
10045,Muckle-Wells syndrome,CINCA syndrome
10046,Chronic myeloid leukemia,Adult-onset foveomacular vitelliform dystrophy
10047,Follicular lymphoma,Ichthyosis-prematurity syndrome
10048,Pediatric systemic lupus erythematosus,Pemphigus vulgaris
10049,Lymphoid interstitial pneumonia,DNAJB6-related limb-girdle muscular dystrophy D1
10050,Duchenne muscular dystrophy,Chronic graft versus host disease
10051,TRAPPC11-related limb-girdle muscular dystrophy R18,X-linked severe congenital neutropenia
10052,Lethal infantile mitochondrial myopathy,Lymphoid interstitial pneumonia
10053,allergic bronchopulmonary aspergillosis,Bronchopulmonary dysplasia
10054,progressive supranuclear palsy,multiple system atrophy
10055,Crigler-Najjar syndrome type 2,Citrullinemia type I
10056,"Classic Hodgkin lymphoma, lymphocyte-depleted type",Szary syndrome
10057,Adult-onset foveomacular vitelliform dystrophy,Atypical teratoid rhabdoid tumor
10058,GM1 gangliosidosis,mantle cell lymphoma
10059,3-methylglutaconic aciduria type 1,Adult-onset foveomacular vitelliform dystrophy
10060,hemophilia A,systemic sclerosis
10061,Congenital stationary night blindness,Functioning gonadotropic adenoma
10062,Adult-onset foveomacular vitelliform dystrophy,Charcot-Marie-Tooth disease type 4D
10063,Isolated polycystic liver disease,Familial adenomatous polyposis
10064,microscopic polyangiitis,Atypical hemolytic uremic syndrome
10065,Asbestos intoxication,Adult-onset multiple mitochondrial DNA deletion syndrome due to DGUOK deficiency
10066,Benign familial neonatal-infantile seizures,Generalized epilepsy with febrile seizures-plus
10067,Waldenstrom macroglobulinemia,Pleural mesothelioma
10068,PPoma,Medulloblastoma
10069,Bethlem myopathy,Mantle cell lymphoma
10070,Lennox-Gastaut syndrome,Rett syndrome
10071,Isolated polycystic liver disease,Acromegaly
10072,Proteus syndrome,Bannayan-Riley-Ruvalcaba syndrome
10073,Severe combined immunodeficiency due to DCLRE1C deficiency,Lethal infantile mitochondrial myopathy
10074,Primary myelofibrosis,hemophilia A
10075,Loeffler endocarditis,Adult-onset foveomacular vitelliform dystrophy
10076,Hereditary elliptocytosis,Adult-onset foveomacular vitelliform dystrophy
10077,follicular lymphoma,Castleman disease
10078,gastrointestinal stromal tumor,Neuroendocrine tumor of the rectum
10080,interstitial lung disease 2,gastrointestinal stromal tumor
10081,autoimmune thrombocytopenic purpura,Mixed-type autoimmune hemolytic anemia
10082,Chronic graft versus host disease,Bronchial neuroendocrine tumor
10083,glioblastoma,Herpes simplex virus encephalitis
10084,Neuroendocrine neoplasm of appendix,Bronchial neuroendocrine tumor
10085,DNAJB6-related limb-girdle muscular dystrophy D1,Addison disease
10086,Congenital hereditary endothelial dystrophy type II,Male infertility with teratozoospermia due to single gene mutation
10087,Autosomal dominant Charcot-Marie-Tooth disease type 2Z,Granular corneal dystrophy type I
10089,Combined oxidative phosphorylation defect type 13,Macular corneal dystrophy
10090,Chronic pneumonitis of infancy,Charcot-Marie-Tooth disease type 4G
10091,polymyositis,Herpes simplex virus encephalitis
10092,X-linked endothelial corneal dystrophy,Mal de Meleda
10093,Autosomal dominant limb-girdle muscular dystrophy type 1A,Adult-onset foveomacular vitelliform dystrophy
10094,Neurotrophic keratopathy,Charcot-Marie-Tooth disease type 1A
10095,Follicular lymphoma,"Late-onset distal myopathy, Markesbery-Griggs type"
10096,Late-onset retinal degeneration,"Primary dystonia, DYT13 type"
10097,Von Hippel-Lindau disease,Undifferentiated pleomorphic sarcoma
10098,Pure mitochondrial myopathy,4q21 microdeletion syndrome
10099,Congenital ichthyosis-microcephalus-tetraplegia syndrome,Lethal infantile mitochondrial myopathy
10100,autoimmune thrombocytopenic purpura,Addison disease
10101,Immunoglobulin A vasculitis,graft versus host disease
10102,Amyotrophic lateral sclerosis,Inclusion body myositis
10103,Pituitary gigantism,Lattice corneal dystrophy type I
10104,Familial pancreatic carcinoma,Idiopathic/heritable pulmonary arterial hypertension
10105,Uveal melanoma,Indolent systemic mastocytosis
10106,Pituitary gigantism,Granular corneal dystrophy type II
10107,Cholangiocarcinoma,Central neurocytoma
10108,Megalencephaly-capillary malformation-polymicrogyria syndrome,Squamous cell carcinoma of the esophagus
10109,Pure mitochondrial myopathy,17q23.1q23.2 microdeletion syndrome
10110,Idiopathic steroid-sensitive nephrotic syndrome,Pediatric systemic lupus erythematosus
10111,Infant acute respiratory distress syndrome,Charcot-Marie-Tooth disease type 4A
10112,Solitary fibrous tumor,Hereditary pheochromocytoma-paraganglioma
10113,plasma cell myeloma,Anaplastic thyroid carcinoma
10114,Leber congenital amaurosis,mantle cell lymphoma
10115,Gray platelet syndrome,Glucagonoma
10116,Undifferentiated pleomorphic sarcoma,Medulloblastoma
10117,Autosomal dominant severe congenital neutropenia,Pure mitochondrial myopathy
10118,Acute graft versus host disease,Secondary short bowel syndrome
10119,Fuchs endothelial corneal dystrophy,Charcot-Marie-Tooth disease type 1F
10120,Idiopathic/heritable pulmonary arterial hypertension,systemic lupus erythematosus
10121,Best vitelliform macular dystrophy,"Autosomal dominant generalized epidermolysis bullosa simplex, intermediate form"
10122,Mal de Meleda,Bothnia retinal dystrophy
10123,intermediate uveitis,Cholangiocarcinoma
10124,Pituitary gigantism,"Autosomal dominant optic atrophy, classic form"
10125,"chronic myelogenous leukemia, BCR-ABL1 positive",Full NF2-related schwannomatosis
10126,Medulloblastoma,Nephroblastoma
10127,Noonan syndrome,Non-acquired isolated growth hormone deficiency
10128,Adult-onset foveomacular vitelliform dystrophy,Gestational choriocarcinoma
10129,"Classic Hodgkin lymphoma, nodular sclerosis type",Primary peritoneal carcinoma
10130,systemic sclerosis,Papilloma of choroid plexus
10131,Glycogen storage disease due to hepatic glycogen synthase deficiency,MALT lymphoma
10132,Autosomal recessive spastic paraplegia type 32,MALT lymphoma
10133,Familial pseudohyperkalemia,Adult-onset foveomacular vitelliform dystrophy
10134,Schnitzler syndrome,Idiopathic panuveitis
10135,"Distal myopathy, Welander type",Adult-onset foveomacular vitelliform dystrophy
10136,Peripheral primitive neuroectodermal tumor,Dedifferentiated liposarcoma
10137,multiple system atrophy,Pure autonomic failure
10138,essential thrombocythemia,Dedifferentiated liposarcoma
10139,Myasthenia gravis,polymyositis
10140,Acute interstitial pneumonia,Bothnia retinal dystrophy
10141,Anoctamin-5-related limb-girdle muscular dystrophy R12,Granular corneal dystrophy type II
10142,Cerebellar hypoplasia-tapetoretinal degeneration syndrome,Lethal infantile mitochondrial myopathy
10143,Huriez syndrome,Granular corneal dystrophy type I
10144,Cystic fibrosis,Autosomal dominant polycystic kidney disease
10145,Gray platelet syndrome,"Primary dystonia, DYT13 type"
10146,Herpes simplex virus stromal keratitis,"Hereditary motor and sensory neuropathy, Okinawa type"
10147,Undifferentiated pleomorphic sarcoma,follicular lymphoma
10148,MALT lymphoma,"Autosomal dominant optic atrophy, classic form"
10149,Neuroendocrine tumor of the colon,Neuroendocrine tumor of the rectum
10150,Bullous pemphigoid,Pemphigus foliaceus
10151,Adult-onset multiple mitochondrial DNA deletion syndrome due to DGUOK deficiency,Functioning gonadotropic adenoma
10152,liposarcoma,follicular lymphoma
10153,Congenital stationary night blindness,"Primary dystonia, DYT17 type"
10154,Autosomal recessive cerebellar ataxia due to CWF19L1 deficiency,Adult-onset foveomacular vitelliform dystrophy
10156,GRFoma,Bronchial neuroendocrine tumor
10157,Interatrial communication,Portosinusoidal vascular disease
10158,Chronic pneumonitis of infancy,Granular corneal dystrophy type I
10159,Uveal melanoma,Gliosarcoma
10160,Drug-induced autoimmune hemolytic anemia,Chronic inflammatory demyelinating polyneuropathy
10161,Immune thrombocytopenia,Granulomatous slack skin
10162,Amyotrophic lateral sclerosis,aspergillosis
10163,Hereditary sensory and autonomic neuropathy due to TECPR2 mutation,Adult-onset foveomacular vitelliform dystrophy
10164,Complex regional pain syndrome,Complex regional pain syndrome type 2
10165,Granulomatosis with polyangiitis,mantle cell lymphoma
10166,DNAJB6-related limb-girdle muscular dystrophy D1,TSH-secreting pituitary adenoma
10167,Szary syndrome,AL amyloidosis
10168,Lethal infantile mitochondrial myopathy,Acute promyelocytic leukemia
10169,liposarcoma,"chronic myelogenous leukemia, BCR-ABL1 positive"
10170,Carcinoid syndrome,Neuroendocrine tumor of the rectum
10171,Autosomal dominant centronuclear myopathy,Somatostatinoma
10172,Lethal infantile mitochondrial myopathy,Fetal and neonatal alloimmune thrombocytopenia
10173,gastrointestinal stromal tumor,mantle cell lymphoma
10174,Bothnia retinal dystrophy,Insulinoma
10175,Idiopathic acute eosinophilic pneumonia,Charcot-Marie-Tooth disease type 4A
10176,Immunoglobulin A vasculitis,Giant cell arteritis
10177,plasma cell myeloma,Adult acute respiratory distress syndrome
10178,Congenital ichthyosis-microcephalus-tetraplegia syndrome,DNAJB6-related limb-girdle muscular dystrophy D1
10179,Mitochondrial myopathy with reversible cytochrome C oxidase deficiency,Distal monosomy 12q
10180,Best vitelliform macular dystrophy,"Autoimmune hemolytic anemia, warm type"
10181,Vogt-Koyanagi-Harada disease,polymyositis
10182,Primary effusion lymphoma,"Autoimmune hemolytic anemia, warm type"
10183,Gray platelet syndrome,Oromandibular dystonia
10184,Autosomal dominant optic atrophy plus syndrome,Mantle cell lymphoma
10185,Adenocarcinoma of the esophagus,Szary syndrome
10186,Best vitelliform macular dystrophy,Lymphoid interstitial pneumonia
10187,Acute interstitial pneumonia,Alport syndrome
10188,Bernard-Soulier syndrome,Congenital hereditary endothelial dystrophy type II
10189,DNAJB6-related limb-girdle muscular dystrophy D1,PFAPA syndrome
10190,Primary Sjgren syndrome,Chronic pneumonitis of infancy
10191,Solar urticaria,Pemphigus vulgaris
10192,Pleomorphic liposarcoma,Pleural mesothelioma
10193,Paris-Trousseau thrombocytopenia,Glioblastoma
10194,Tetrasomy 9p,Mitochondrial myopathy with reversible cytochrome C oxidase deficiency
10195,Symptomatic form of muscular dystrophy of Duchenne and Becker in female carriers,Adult-onset foveomacular vitelliform dystrophy
10196,Congenital muscular dystrophy-infantile cataract-hypogonadism syndrome,Pituitary gigantism
10197,Mitochondrial myopathy with reversible cytochrome C oxidase deficiency,Fibular hemimelia
10198,Chronic beryllium disease,Congenital hereditary endothelial dystrophy type II
10199,Meconium aspiration syndrome,Complete atrioventricular septal defect
10200,Peripheral primitive neuroectodermal tumor,Rhabdoid tumor
10201,glioblastoma,Familial pancreatic carcinoma
10202,Uveal melanoma,Myxoid/round cell liposarcoma
10203,"chronic myelogenous leukemia, BCR-ABL1 positive",MALT lymphoma
10204,Idiopathic pulmonary fibrosis,Charcot-Marie-Tooth disease type 1A
10206,Solitary fibrous tumor,plasma cell myeloma
10207,Waldenstrom macroglobulinemia,Granulomatosis with polyangiitis
10208,Severe hemophilia A,Moderate hemophilia A
10209,Congenital ichthyosis-microcephalus-tetraplegia syndrome,Insulinoma
10210,Amyotrophic lateral sclerosis,Wilson disease
10211,"chronic myelogenous leukemia, BCR-ABL1 positive",Primary Sjgren syndrome
10212,systemic sclerosis,Gaucher disease
10213,acquired polycythemia vera,systemic lupus erythematosus
10214,Congenital stationary night blindness,"Primary dystonia, DYT27 type"
10215,PPoma,Autosomal dominant Charcot-Marie-Tooth disease type 2A2
10216,X-linked endothelial corneal dystrophy,Cold agglutinin disease
10217,Congenital bile acid synthesis defect type 3,Adult-onset foveomacular vitelliform dystrophy
10218,graft versus host disease,Medulloblastoma
10219,Best vitelliform macular dystrophy,Autosomal recessive Charcot-Marie-Tooth disease with hoarseness
10220,Macular corneal dystrophy,Charcot-Marie-Tooth disease type 1A
10221,Medium chain acyl-CoA dehydrogenase deficiency,Adult-onset foveomacular vitelliform dystrophy
10222,Solar urticaria,Multifocal motor neuropathy
10223,sarcoidosis,Castleman disease
10224,Moderate hemophilia A,Isolated aniridia
10225,KRT1-related diffuse nonepidermolytic keratoderma,Pituitary gigantism
10226,Carnitine palmitoyl transferase 1A deficiency,MALT lymphoma
10227,Male infertility with azoospermia or oligozoospermia due to single gene mutation,Oligocone trichromacy
10228,Epithelial recurrent erosion dystrophy,Cranio-cervical dystonia with laryngeal and upper-limb involvement
10229,Thymic carcinoma,Klatskin tumor
10230,"Primary dystonia, DYT17 type",Follicular lymphoma
10231,Idiopathic acute eosinophilic pneumonia,Autosomal dominant Charcot-Marie-Tooth disease type 2K
10232,"Classic Hodgkin lymphoma, lymphocyte-depleted type",Klatskin tumor
10233,mantle cell lymphoma,Bronchial neuroendocrine tumor
10234,Bullous pemphigoid,mantle cell lymphoma
10235,Hemihyperplasia-multiple lipomatosis syndrome,Proteus-like syndrome
10236,Squamous cell carcinoma of the anal canal,Gray platelet syndrome
10237,Mutilating palmoplantar keratoderma with periorificial keratotic plaques,Pediatric hepatocellular carcinoma
10238,Pleural mesothelioma,"Classic Hodgkin lymphoma, nodular sclerosis type"
10239,Somatomammotropinoma,Charcot-Marie-Tooth disease type 4G
10240,Mendelian susceptibility to mycobacterial diseases due to partial IRF8 deficiency,Retinitis punctata albescens
10241,Pure mitochondrial myopathy,Charcot-Marie-Tooth disease type 4C
10242,Rhabdoid tumor,Adult-onset foveomacular vitelliform dystrophy
10243,liposarcoma,Adrenocortical carcinoma
10244,Pseudomyxoma peritonei,Prader-Willi syndrome
10245,Paris-Trousseau thrombocytopenia,Acute interstitial pneumonia
10246,"Autoimmune hemolytic anemia, warm type",Immune-mediated thrombotic thrombocytopenic purpura
10247,TRAPPC11-related limb-girdle muscular dystrophy R18,Pediatric hepatocellular carcinoma
10248,plasma cell myeloma,Krabbe disease
10249,Spastic ataxia-corneal dystrophy syndrome,MALT lymphoma
10250,Amyotrophic lateral sclerosis,Lennox-Gastaut syndrome
10251,interstitial lung disease 2,Isolated polycystic liver disease
10252,interstitial lung disease 2,Solar urticaria
10253,essential thrombocythemia,Refractory anemia with excess blasts
10254,Ichthyosis-prematurity syndrome,Somatostatinoma
10255,systemic lupus erythematosus,Opsoclonus-myoclonus syndrome
10256,liposarcoma,Granulomatosis with polyangiitis
10257,Ependymoma,Vogt-Koyanagi-Harada disease
10258,1q41q42 microdeletion syndrome,Pure mitochondrial myopathy
10259,\xc3\x85land Islands eye disease,Immune thrombocytopenia
10260,Mitochondrial myopathy with reversible cytochrome C oxidase deficiency,19p13.12 microdeletion syndrome
10261,Neurotrophic keratopathy,TRAPPC11-related limb-girdle muscular dystrophy R18
10262,Bothnia retinal dystrophy,Autosomal dominant Charcot-Marie-Tooth disease type 2A2
10263,Gray platelet syndrome,Thiel-Behnke corneal dystrophy
10264,"chronic myelogenous leukemia, BCR-ABL1 positive",Refractory anemia with excess blasts
10265,Best vitelliform macular dystrophy,"Primary dystonia, DYT6 type"
10266,Somatomammotropinoma,Autosomal dominant Charcot-Marie-Tooth disease type 2F
10267,systemic sclerosis,systemic lupus erythematosus
10268,acquired polycythemia vera,Central retinal vein occlusion
10269,Castleman disease,Autoimmune hepatitis
10270,Pure mitochondrial myopathy,Ileal neuroendocrine tumor
10271,Amyotrophic lateral sclerosis,intermediate uveitis
10272,sarcoidosis,Chronic graft versus host disease
10273,Chronic beryllium disease,Charcot-Marie-Tooth disease type 4C
10274,Autosomal recessive spastic paraplegia type 62,Adult-onset foveomacular vitelliform dystrophy
10275,"Primary dystonia, DYT21 type",Macular corneal dystrophy
10276,Gray platelet syndrome,Addison disease
10277,Infantile-onset generalized dyskinesia with orofacial involvement,Adult-onset foveomacular vitelliform dystrophy
10278,Mendelian susceptibility to mycobacterial diseases due to partial IRF8 deficiency,Pituitary gigantism
10279,Cystic fibrosis,Gaucher disease
10281,Atopic keratoconjunctivitis,Pure mitochondrial myopathy
10282,Vocal cord and pharyngeal distal myopathy,Mantle cell lymphoma
10283,Adult-onset distal myopathy due to VCP mutation,Follicular lymphoma
10284,Herpes simplex virus stromal keratitis,Autosomal dominant Charcot-Marie-Tooth disease type 2F
10285,MELAS,Mitochondrial DNA-associated Leigh syndrome
10286,Desmoplastic small round cell tumor,mantle cell lymphoma
10287,Multiple endocrine neoplasia type 4,Adult-onset foveomacular vitelliform dystrophy
10288,Focal palmoplantar and gingival keratoderma,Gray platelet syndrome
10289,Self-improving collodion baby,MALT lymphoma
10290,Uveal melanoma,Neurofibromatosis type 1
10291,Autosomal recessive spastic paraplegia type 57,MALT lymphoma
10292,Osteosarcoma,Classic Hodgkin lymphoma
10293,Asbestos intoxication,Macular corneal dystrophy
10294,Neurotrophic keratopathy,Huriez syndrome
10295,Tremor-nystagmus-duodenal ulcer syndrome,Adult-onset foveomacular vitelliform dystrophy
10296,TRAPPC11-related limb-girdle muscular dystrophy R18,Idiopathic acute eosinophilic pneumonia
10297,Male infertility with azoospermia or oligozoospermia due to single gene mutation,Gray platelet syndrome
10298,Congenital stationary night blindness,DNA2-related mitochondrial DNA deletion syndrome
10299,essential thrombocythemia,mantle cell lymphoma
10300,GRFoma,Acromegaly
10301,DNAJB6-related limb-girdle muscular dystrophy D1,Subcutaneous panniculitis-like T-cell lymphoma
10302,Idiopathic acute eosinophilic pneumonia,Glucagonoma
10303,Familial Mediterranean fever,Giant cell arteritis
10304,Lethal infantile mitochondrial myopathy,Fibular hemimelia
10305,Thiel-Behnke corneal dystrophy,Charcot-Marie-Tooth disease type 1F
10306,Mitochondrial myopathy with reversible cytochrome C oxidase deficiency,Congenital hereditary endothelial dystrophy type II
10307,Gray platelet syndrome,PANDAS
10308,Idiopathic acute eosinophilic pneumonia,Rh deficiency syndrome
10309,Drug-induced autoimmune hemolytic anemia,interstitial lung disease 2
10310,gastrointestinal stromal tumor,Anaplastic thyroid carcinoma
10311,Idiopathic steroid-sensitive nephrotic syndrome,Mixed-type autoimmune hemolytic anemia
10312,Paris-Trousseau thrombocytopenia,Mutilating palmoplantar keratoderma with periorificial keratotic plaques
10313,Lennox-Gastaut syndrome,childhood absence epilepsy
10314,X-linked endothelial corneal dystrophy,Insulinoma
10315,Idiopathic steroid-sensitive nephrotic syndrome,Refractory anemia with excess blasts
10316,"chronic myelogenous leukemia, BCR-ABL1 positive",Sandhoff disease
10317,Autosomal dominant Charcot-Marie-Tooth disease type 2Y,Granular corneal dystrophy type II
10318,Atypical hemolytic uremic syndrome,Granulomatosis with polyangiitis
10319,DNA2-related mitochondrial DNA deletion syndrome,PPoma
10320,Cystic fibrosis,gastrointestinal stromal tumor
10321,Classic mycosis fungoides,Osteosarcoma
10322,Chronic beryllium disease,Fuchs endothelial corneal dystrophy
10323,dermatomyositis,paroxysmal nocturnal hemoglobinuria
10324,neuroblastoma,Opsoclonus-myoclonus syndrome
10325,paroxysmal nocturnal hemoglobinuria,MALT lymphoma
10326,interstitial lung disease 2,Desmoplastic small round cell tumor
10327,Severe combined immunodeficiency due to complete RAG1/2 deficiency,Gray platelet syndrome
10328,Pediatric hepatocellular carcinoma,Adenocarcinoma of the esophagus
10329,Mucous membrane pemphigoid,systemic lupus erythematosus
10330,glioblastoma,Uveal melanoma
10331,Cushing disease,Bronchial neuroendocrine tumor
10332,Anaplastic thyroid carcinoma,Pleural mesothelioma
10333,Pure mitochondrial myopathy,TSH-secreting pituitary adenoma
10334,Functioning gonadotropic adenoma,Autosomal dominant Charcot-Marie-Tooth disease type 2E
10335,neuroblastoma,paroxysmal nocturnal hemoglobinuria
10336,T-B+ severe combined immunodeficiency due to JAK3 deficiency,Adult-onset foveomacular vitelliform dystrophy
10337,Herpes simplex virus stromal keratitis,Insulinoma
10338,Eisenmenger syndrome,Idiopathic pulmonary arterial hypertension
10339,Anoctamin-5-related limb-girdle muscular dystrophy R12,Paroxysmal cold hemoglobinuria
10340,Primary myelofibrosis,Szary syndrome
10341,Ornithine transcarbamylase deficiency,Crigler-Najjar syndrome type 2
10342,neuroblastoma,Idiopathic/heritable pulmonary arterial hypertension
10343,"chronic myelogenous leukemia, BCR-ABL1 positive","tenosynovial giant cell tumor, diffuse type"
10344,Rhabdoid tumor,Squamous cell carcinoma of the esophagus
10345,Autosomal dominant centronuclear myopathy,MALT lymphoma
10346,TSH-secreting pituitary adenoma,Charcot-Marie-Tooth disease type 4A
10347,gastrointestinal stromal tumor,Pleural mesothelioma
10348,Acute disseminated encephalomyelitis with anti-MOG antibodies,Juvenile myasthenia gravis
10349,Familial drusen,Granulomatous slack skin
10350,Idiopathic acute eosinophilic pneumonia,"Hereditary palmoplantar keratoderma, Gamborg-Nielsen type"
10351,Malignant peritoneal mesothelioma,Squamous cell carcinoma of the esophagus
10352,Glucagonoma,Charcot-Marie-Tooth disease type 1B
10353,Neurotrophic keratopathy,Glucagonoma
10354,Duchenne muscular dystrophy,Idiopathic pulmonary arterial hypertension
10355,Tay-Sachs disease,AL amyloidosis
10356,Craniopharyngioma,gastrointestinal stromal tumor
10357,GM1 gangliosidosis,metachromatic leukodystrophy
10358,Lethal infantile mitochondrial myopathy,Waldenstr\xc3\xb6m macroglobulinemia
10359,Huntington disease,Classic congenital adrenal hyperplasia due to 21-hydroxylase deficiency
10360,Familial Mediterranean fever,CINCA syndrome
10361,Autosomal dominant Charcot-Marie-Tooth disease type 2Y,Familial drusen
10362,osteogenesis imperfecta,Osteogenesis imperfecta type 1
10363,Kaposi\'s sarcoma,AL amyloidosis
10364,Somatomammotropinoma,Autosomal dominant Charcot-Marie-Tooth disease type 2K
10365,Lymphoid interstitial pneumonia,Retinitis punctata albescens
10366,Pure mitochondrial myopathy,Mixed-type autoimmune hemolytic anemia
10367,plasma cell myeloma,Adenocarcinoma of the esophagus
10368,Lethal infantile mitochondrial myopathy,Bothnia retinal dystrophy
10369,sarcoidosis,Squamous cell carcinoma of the esophagus
10370,Late-onset retinal degeneration,Lymphoid interstitial pneumonia
10371,Retinitis pigmentosa,Optic pathway glioma
10372,Classic mycosis fungoides,Desmoplastic small round cell tumor
10373,Herpes simplex virus stromal keratitis,Acute interstitial pneumonia
10374,TSH-secreting pituitary adenoma,Thiel-Behnke corneal dystrophy
10375,"Autoimmune hemolytic anemia, warm type",MALT lymphoma
10376,Duchenne muscular dystrophy,Isolated aniridia
10377,Lethal infantile mitochondrial myopathy,Idiopathic pulmonary hemosiderosis
10378,Ependymoma,follicular lymphoma
10379,autoimmune thrombocytopenic purpura,Cholangiocarcinoma
10380,"Primary dystonia, DYT21 type",Fuchs endothelial corneal dystrophy
10381,Adult-onset multiple mitochondrial DNA deletion syndrome due to DGUOK deficiency,Pediatric hepatocellular carcinoma
10382,Idiopathic steroid-sensitive nephrotic syndrome,Relapsing polychondritis
10383,Heparin-induced thrombocytopenia,Adult-onset foveomacular vitelliform dystrophy
10384,Osteosarcoma,Idiopathic uveal effusion syndrome
10385,Lamellar ichthyosis,Adult-onset foveomacular vitelliform dystrophy
10386,interstitial lung disease 2,acquired polycythemia vera
10387,"Autosomal dominant focal dystonia, DYT25 type",Mantle cell lymphoma
10388,Central retinal vein occlusion,Aggressive systemic mastocytosis
10389,DNA2-related mitochondrial DNA deletion syndrome,Gray platelet syndrome
10390,Ependymoma,Papilloma of choroid plexus
10391,Tubular aggregate myopathy,Somatomammotropinoma
10392,Epithelial recurrent erosion dystrophy,KRT1-related diffuse nonepidermolytic keratoderma
10393,Bothnia retinal dystrophy,GRFoma
10394,"Primary dystonia, DYT17 type",MALT lymphoma
10395,Neurofibromatosis type 1,Bronchial neuroendocrine tumor
10396,Duchenne muscular dystrophy,Adult acute respiratory distress syndrome
10397,Acute myelomonocytic leukemia,Acute lung injury
10398,interstitial lung disease 2,Respiratory bronchiolitis-interstitial lung disease syndrome
10399,Stargardt disease,Oromandibular dystonia
10400,Isolated polycystic liver disease,graft versus host disease
10401,Transgrediens et progrediens palmoplantar keratoderma,Bothnia retinal dystrophy
10402,Asbestos intoxication,Best vitelliform macular dystrophy
10403,Pure mitochondrial myopathy,Ophthalmomandibulomelic dysplasia
10404,Amyotrophic lateral sclerosis,acquired polycythemia vera
10405,Adult-onset Still disease,CINCA syndrome
10406,Bullous pemphigoid,"Autoimmune hemolytic anemia, warm type"
10407,Neuroendocrine tumor of stomach,Chronic graft versus host disease
10408,microscopic polyangiitis,acquired polycythemia vera
10409,Anoctamin-5-related limb-girdle muscular dystrophy R12,Granular corneal dystrophy type I
10410,Pure mitochondrial myopathy,Idiopathic acute eosinophilic pneumonia
10411,Spinocerebellar ataxia type 38,MALT lymphoma
10412,DNAJB6-related limb-girdle muscular dystrophy D1,Pituitary gigantism
10413,autoimmune thrombocytopenic purpura,Idiopathic steroid-sensitive nephrotic syndrome
10414,TRAPPC11-related limb-girdle muscular dystrophy R18,Acute interstitial pneumonia
10416,Sporadic pheochromocytoma/secreting paraganglioma,Hereditary pheochromocytoma-paraganglioma
10417,Atopic keratoconjunctivitis,Mitochondrial myopathy with reversible cytochrome C oxidase deficiency
10418,Pure mitochondrial myopathy,Acute panmyelosis with myelofibrosis
10419,Anaplastic thyroid carcinoma,Primary peritoneal carcinoma
10420,osteogenesis imperfecta,graft versus host disease
10421,Cystic fibrosis,Autoimmune hepatitis
10422,neuroblastoma,Wiskott-Aldrich syndrome
10423,Myasthenia gravis,Tay-Sachs disease
10424,graft versus host disease,Idiopathic uveal effusion syndrome
10425,Somatomammotropinoma,Self-improving collodion baby
10426,Cold agglutinin disease,Bothnia retinal dystrophy
10427,TRAPPC11-related limb-girdle muscular dystrophy R18,Male infertility with teratozoospermia due to single gene mutation
