d1_disease_id,d1_disease_label,d2_disease_id,d2_disease_label,unique_key
ORPHA_137599,Herpes simplex virus stromal keratitis,ORPHA_95717,Idiopathic congenital hypothyroidism,ORPHA_95717__ORPHA_137599
ORPHA_137599,Herpes simplex virus stromal keratitis,ORPHA_90673,Hypothyroidism due to TSH receptor mutations,ORPHA_90673__ORPHA_137599
ORPHA_226313,Congenital hypothyroidism due to maternal intake of antithyroid drugs,ORPHA_1243,Best vitelliform macular dystrophy,ORPHA_1243__ORPHA_226313
ORPHA_254857,Lethal infantile mitochondrial myopathy,ORPHA_228240,Elastoderma,ORPHA_228240__ORPHA_254857
ORPHA_495,Transgrediens et progrediens palmoplantar keratoderma,ORPHA_254857,Lethal infantile mitochondrial myopathy,ORPHA_495__ORPHA_254857
ORPHA_2200,Focal palmoplantar and gingival keratoderma,ORPHA_254857,Lethal infantile mitochondrial myopathy,ORPHA_2200__ORPHA_254857
ORPHA_254857,Lethal infantile mitochondrial myopathy,ORPHA_86919,Keratosis palmaris et plantaris-clinodactyly syndrome,ORPHA_86919__ORPHA_254857
ORPHA_1243,Best vitelliform macular dystrophy,ORPHA_90673,Hypothyroidism due to TSH receptor mutations,ORPHA_1243__ORPHA_90673
ORPHA_1243,Best vitelliform macular dystrophy,ORPHA_95717,Idiopathic congenital hypothyroidism,ORPHA_1243__ORPHA_95717
ORPHA_254857,Lethal infantile mitochondrial myopathy,ORPHA_91348,Functioning gonadotropic adenoma,ORPHA_91348__ORPHA_254857
ORPHA_254857,Lethal infantile mitochondrial myopathy,ORPHA_314769,Somatomammotropinoma,ORPHA_254857__ORPHA_314769
ORPHA_137596,Neurotrophic keratopathy,ORPHA_95717,Idiopathic congenital hypothyroidism,ORPHA_95717__ORPHA_137596
ORPHA_254857,Lethal infantile mitochondrial myopathy,ORPHA_86923,"Hereditary palmoplantar keratoderma, Gamborg-Nielsen type",ORPHA_86923__ORPHA_254857
ORPHA_163934,Atopic keratoconjunctivitis,ORPHA_254857,Lethal infantile mitochondrial myopathy,ORPHA_163934__ORPHA_254857
ORPHA_254857,Lethal infantile mitochondrial myopathy,ORPHA_659,Mutilating palmoplantar keratoderma with periorificial keratotic plaques,ORPHA_659__ORPHA_254857
ORPHA_99725,Pituitary gigantism,ORPHA_98963,Granular corneal dystrophy type II,ORPHA_98963__ORPHA_99725
ORPHA_137599,Herpes simplex virus stromal keratitis,ORPHA_99725,Pituitary gigantism,ORPHA_99725__ORPHA_137599
ORPHA_75376,Familial drusen,ORPHA_99725,Pituitary gigantism,ORPHA_75376__ORPHA_99725
ORPHA_254857,Lethal infantile mitochondrial myopathy,ORPHA_384,Huriez syndrome,ORPHA_384__ORPHA_254857
ORPHA_2337,Non-epidermolytic palmoplantar keratoderma,ORPHA_254857,Lethal infantile mitochondrial myopathy,ORPHA_2337__ORPHA_254857
ORPHA_2334,Autosomal dominant keratitis,ORPHA_99725,Pituitary gigantism,ORPHA_2334__ORPHA_99725
ORPHA_254857,Lethal infantile mitochondrial myopathy,ORPHA_99725,Pituitary gigantism,ORPHA_99725__ORPHA_254857
ORPHA_2199,Epidermolytic palmoplantar keratoderma,ORPHA_254857,Lethal infantile mitochondrial myopathy,ORPHA_2199__ORPHA_254857
ORPHA_137596,Neurotrophic keratopathy,ORPHA_75840,"Congenital muscular dystrophy, Ullrich type",ORPHA_75840__ORPHA_137596
ORPHA_254857,Lethal infantile mitochondrial myopathy,ORPHA_530838,KRT1-related diffuse nonepidermolytic keratoderma,ORPHA_254857__ORPHA_530838
ORPHA_254857,Lethal infantile mitochondrial myopathy,ORPHA_2536,Microcornea-glaucoma-absent frontal sinuses syndrome,ORPHA_2536__ORPHA_254857
ORPHA_137596,Neurotrophic keratopathy,ORPHA_90673,Hypothyroidism due to TSH receptor mutations,ORPHA_90673__ORPHA_137596
ORPHA_178333,\xc3\x85land Islands eye disease,ORPHA_99725,Pituitary gigantism,ORPHA_99725__ORPHA_178333
ORPHA_75376,Familial drusen,ORPHA_86918,Diffuse palmoplantar keratoderma-acrocyanosis syndrome,ORPHA_75376__ORPHA_86918
ORPHA_2032,Idiopathic pulmonary fibrosis,ORPHA_99725,Pituitary gigantism,ORPHA_2032__ORPHA_99725
ORPHA_137599,Herpes simplex virus stromal keratitis,ORPHA_75840,"Congenital muscular dystrophy, Ullrich type",ORPHA_75840__ORPHA_137599
ORPHA_99725,Pituitary gigantism,ORPHA_98960,Thiel-Behnke corneal dystrophy,ORPHA_98960__ORPHA_99725
ORPHA_1671,Split cord malformation type I,ORPHA_254857,Lethal infantile mitochondrial myopathy,ORPHA_1671__ORPHA_254857
ORPHA_1243,Best vitelliform macular dystrophy,ORPHA_95715,Congenital hypothyroidism due to transplacental passage of TSH-binding inhibitory antibodies,ORPHA_1243__ORPHA_95715
ORPHA_364055,Severe early-childhood-onset retinal dystrophy,ORPHA_99725,Pituitary gigantism,ORPHA_99725__ORPHA_364055
ORPHA_86918,Diffuse palmoplantar keratoderma-acrocyanosis syndrome,ORPHA_85128,Bothnia retinal dystrophy,ORPHA_85128__ORPHA_86918
ORPHA_254857,Lethal infantile mitochondrial myopathy,ORPHA_86918,Diffuse palmoplantar keratoderma-acrocyanosis syndrome,ORPHA_86918__ORPHA_254857
ORPHA_1243,Best vitelliform macular dystrophy,ORPHA_401815,Autosomal recessive spastic paraplegia type 66,ORPHA_1243__ORPHA_401815
ORPHA_85128,Bothnia retinal dystrophy,ORPHA_99725,Pituitary gigantism,ORPHA_85128__ORPHA_99725
ORPHA_293621,X-linked endothelial corneal dystrophy,ORPHA_99725,Pituitary gigantism,ORPHA_99725__ORPHA_293621
ORPHA_827,Stargardt disease,ORPHA_99725,Pituitary gigantism,ORPHA_827__ORPHA_99725
ORPHA_137599,Herpes simplex virus stromal keratitis,ORPHA_399086,Finnish upper limb-onset distal myopathy,ORPHA_137599__ORPHA_399086
ORPHA_1243,Best vitelliform macular dystrophy,ORPHA_75840,"Congenital muscular dystrophy, Ullrich type",ORPHA_1243__ORPHA_75840
ORPHA_75376,Familial drusen,ORPHA_99948,Charcot-Marie-Tooth disease type 4A,ORPHA_75376__ORPHA_99948
ORPHA_314769,Somatomammotropinoma,ORPHA_370997,Muscle-eye-brain disease with bilateral multicystic leucodystrophy,ORPHA_314769__ORPHA_370997
ORPHA_935,Short-limb skeletal dysplasia with severe combined immunodeficiency,ORPHA_1243,Best vitelliform macular dystrophy,ORPHA_935__ORPHA_1243
ORPHA_95717,Idiopathic congenital hypothyroidism,ORPHA_99000,Adult-onset foveomacular vitelliform dystrophy,ORPHA_95717__ORPHA_99000
ORPHA_420485,Cranio-cervical dystonia with laryngeal and upper-limb involvement,ORPHA_99725,Pituitary gigantism,ORPHA_99725__ORPHA_420485
ORPHA_1243,Best vitelliform macular dystrophy,ORPHA_99725,Pituitary gigantism,ORPHA_1243__ORPHA_99725
ORPHA_52427,Retinitis punctata albescens,ORPHA_99725,Pituitary gigantism,ORPHA_52427__ORPHA_99725
ORPHA_67042,Late-onset retinal degeneration,ORPHA_99725,Pituitary gigantism,ORPHA_67042__ORPHA_99725
ORPHA_67042,Late-onset retinal degeneration,ORPHA_86918,Diffuse palmoplantar keratoderma-acrocyanosis syndrome,ORPHA_67042__ORPHA_86918
ORPHA_2032,Idiopathic pulmonary fibrosis,ORPHA_75376,Familial drusen,ORPHA_2032__ORPHA_75376
ORPHA_254857,Lethal infantile mitochondrial myopathy,ORPHA_87503,Mal de Meleda,ORPHA_87503__ORPHA_254857
ORPHA_215,Congenital stationary night blindness,ORPHA_99725,Pituitary gigantism,ORPHA_215__ORPHA_99725
ORPHA_137599,Herpes simplex virus stromal keratitis,ORPHA_26792,Short chain acyl-CoA dehydrogenase deficiency,ORPHA_26792__ORPHA_137599
ORPHA_1243,Best vitelliform macular dystrophy,ORPHA_320355,Autosomal dominant spastic paraplegia type 41,ORPHA_1243__ORPHA_320355
ORPHA_1243,Best vitelliform macular dystrophy,ORPHA_86918,Diffuse palmoplantar keratoderma-acrocyanosis syndrome,ORPHA_1243__ORPHA_86918
ORPHA_1243,Best vitelliform macular dystrophy,ORPHA_399086,Finnish upper limb-onset distal myopathy,ORPHA_1243__ORPHA_399086
ORPHA_370997,Muscle-eye-brain disease with bilateral multicystic leucodystrophy,ORPHA_99725,Pituitary gigantism,ORPHA_99725__ORPHA_370997
ORPHA_79127,Respiratory bronchiolitis-interstitial lung disease syndrome,ORPHA_85128,Bothnia retinal dystrophy,ORPHA_79127__ORPHA_85128
ORPHA_91495,Persistent hyperplastic primary vitreous,ORPHA_99725,Pituitary gigantism,ORPHA_91495__ORPHA_99725
ORPHA_99725,Pituitary gigantism,ORPHA_98974,Fuchs endothelial corneal dystrophy,ORPHA_98974__ORPHA_99725
ORPHA_254857,Lethal infantile mitochondrial myopathy,ORPHA_93322,Tibial hemimelia,ORPHA_93322__ORPHA_254857
ORPHA_53372,Hereditary geniospasm,ORPHA_99000,Adult-onset foveomacular vitelliform dystrophy,ORPHA_53372__ORPHA_99000
ORPHA_1243,Best vitelliform macular dystrophy,ORPHA_101005,Autosomal recessive spastic paraplegia type 25,ORPHA_1243__ORPHA_101005
ORPHA_827,Stargardt disease,ORPHA_254857,Lethal infantile mitochondrial myopathy,ORPHA_827__ORPHA_254857
ORPHA_1243,Best vitelliform macular dystrophy,ORPHA_401805,Autosomal recessive spastic paraplegia type 63,ORPHA_1243__ORPHA_401805
ORPHA_79127,Respiratory bronchiolitis-interstitial lung disease syndrome,ORPHA_75376,Familial drusen,ORPHA_75376__ORPHA_79127
ORPHA_254857,Lethal infantile mitochondrial myopathy,ORPHA_93320,Ulnar hemimelia,ORPHA_93320__ORPHA_254857
ORPHA_2032,Idiopathic pulmonary fibrosis,ORPHA_75378,Oligocone trichromacy,ORPHA_2032__ORPHA_75378
ORPHA_85128,Bothnia retinal dystrophy,ORPHA_99953,Charcot-Marie-Tooth disease type 4G,ORPHA_85128__ORPHA_99953
ORPHA_52427,Retinitis punctata albescens,ORPHA_86918,Diffuse palmoplantar keratoderma-acrocyanosis syndrome,ORPHA_52427__ORPHA_86918
ORPHA_1243,Best vitelliform macular dystrophy,ORPHA_99953,Charcot-Marie-Tooth disease type 4G,ORPHA_1243__ORPHA_99953
ORPHA_399081,KLHL9-related early-onset distal myopathy,ORPHA_99725,Pituitary gigantism,ORPHA_99725__ORPHA_399081
ORPHA_206549,Anoctamin-5-related limb-girdle muscular dystrophy R12,ORPHA_75376,Familial drusen,ORPHA_75376__ORPHA_206549
ORPHA_254857,Lethal infantile mitochondrial myopathy,ORPHA_399808,Male infertility with teratozoospermia due to single gene mutation,ORPHA_254857__ORPHA_399808
ORPHA_91359,Chronic pneumonitis of infancy,ORPHA_99725,Pituitary gigantism,ORPHA_91359__ORPHA_99725
ORPHA_293603,Congenital hereditary endothelial dystrophy type II,ORPHA_99725,Pituitary gigantism,ORPHA_99725__ORPHA_293603
ORPHA_254857,Lethal infantile mitochondrial myopathy,ORPHA_2584,Classic mycosis fungoides,ORPHA_2584__ORPHA_254857
ORPHA_75376,Familial drusen,ORPHA_99953,Charcot-Marie-Tooth disease type 4G,ORPHA_75376__ORPHA_99953
ORPHA_75376,Familial drusen,ORPHA_101081,Charcot-Marie-Tooth disease type 1A,ORPHA_75376__ORPHA_101081
ORPHA_99725,Pituitary gigantism,ORPHA_99944,Autosomal dominant Charcot-Marie-Tooth disease type 2K,ORPHA_99725__ORPHA_99944
ORPHA_91359,Chronic pneumonitis of infancy,ORPHA_85128,Bothnia retinal dystrophy,ORPHA_85128__ORPHA_91359
ORPHA_206549,Anoctamin-5-related limb-girdle muscular dystrophy R12,ORPHA_98963,Granular corneal dystrophy type II,ORPHA_98963__ORPHA_206549
ORPHA_254857,Lethal infantile mitochondrial myopathy,ORPHA_2741,Ophthalmomandibulomelic dysplasia,ORPHA_2741__ORPHA_254857
ORPHA_75376,Familial drusen,ORPHA_99950,Charcot-Marie-Tooth disease type 4D,ORPHA_75376__ORPHA_99950
ORPHA_827,Stargardt disease,ORPHA_99953,Charcot-Marie-Tooth disease type 4G,ORPHA_827__ORPHA_99953
ORPHA_319552,Mendelian susceptibility to mycobacterial diseases due to complete IL12RB1 deficiency,ORPHA_75376,Familial drusen,ORPHA_75376__ORPHA_319552
ORPHA_1643,Xp22.3 microdeletion syndrome,ORPHA_254857,Lethal infantile mitochondrial myopathy,ORPHA_1643__ORPHA_254857
ORPHA_276183,Spinocerebellar ataxia type 32,ORPHA_99000,Adult-onset foveomacular vitelliform dystrophy,ORPHA_99000__ORPHA_276183
ORPHA_75840,"Congenital muscular dystrophy, Ullrich type",ORPHA_52417,MALT lymphoma,ORPHA_52417__ORPHA_75840
ORPHA_293603,Congenital hereditary endothelial dystrophy type II,ORPHA_99953,Charcot-Marie-Tooth disease type 4G,ORPHA_99953__ORPHA_293603
ORPHA_2826,Spastic paraplegia-precocious puberty syndrome,ORPHA_99000,Adult-onset foveomacular vitelliform dystrophy,ORPHA_2826__ORPHA_99000
ORPHA_935,Short-limb skeletal dysplasia with severe combined immunodeficiency,ORPHA_254854,Pure mitochondrial myopathy,ORPHA_935__ORPHA_254854
ORPHA_251623,Pituicytoma,ORPHA_88621,Ichthyosis-prematurity syndrome,ORPHA_88621__ORPHA_251623
ORPHA_52427,Retinitis punctata albescens,ORPHA_86919,Keratosis palmaris et plantaris-clinodactyly syndrome,ORPHA_52427__ORPHA_86919
ORPHA_137596,Neurotrophic keratopathy,ORPHA_99725,Pituitary gigantism,ORPHA_99725__ORPHA_137596
ORPHA_724,Idiopathic acute eosinophilic pneumonia,ORPHA_85128,Bothnia retinal dystrophy,ORPHA_724__ORPHA_85128
ORPHA_1716,Distal trisomy 18q,ORPHA_254857,Lethal infantile mitochondrial myopathy,ORPHA_1716__ORPHA_254857
ORPHA_364055,Severe early-childhood-onset retinal dystrophy,ORPHA_86923,"Hereditary palmoplantar keratoderma, Gamborg-Nielsen type",ORPHA_86923__ORPHA_364055
ORPHA_75376,Familial drusen,ORPHA_91359,Chronic pneumonitis of infancy,ORPHA_75376__ORPHA_91359
ORPHA_97282,VIPoma,ORPHA_98963,Granular corneal dystrophy type II,ORPHA_97282__ORPHA_98963
ORPHA_88643,Obesity-colitis-hypothyroidism-cardiac hypertrophy-developmental delay syndrome,ORPHA_99000,Adult-onset foveomacular vitelliform dystrophy,ORPHA_88643__ORPHA_99000
ORPHA_67042,Late-onset retinal degeneration,ORPHA_86919,Keratosis palmaris et plantaris-clinodactyly syndrome,ORPHA_67042__ORPHA_86919
ORPHA_935,Short-limb skeletal dysplasia with severe combined immunodeficiency,ORPHA_99000,Adult-onset foveomacular vitelliform dystrophy,ORPHA_935__ORPHA_99000
ORPHA_254857,Lethal infantile mitochondrial myopathy,ORPHA_424019,Squamous cell carcinoma of the anal canal,ORPHA_254857__ORPHA_424019
ORPHA_2032,Idiopathic pulmonary fibrosis,ORPHA_85128,Bothnia retinal dystrophy,ORPHA_2032__ORPHA_85128
ORPHA_137599,Herpes simplex virus stromal keratitis,ORPHA_251623,Pituicytoma,ORPHA_137599__ORPHA_251623
ORPHA_178333,\xc3\x85land Islands eye disease,ORPHA_206549,Anoctamin-5-related limb-girdle muscular dystrophy R12,ORPHA_178333__ORPHA_206549
ORPHA_169189,Autosomal dominant centronuclear myopathy,ORPHA_99725,Pituitary gigantism,ORPHA_99725__ORPHA_169189
ORPHA_827,Stargardt disease,ORPHA_91359,Chronic pneumonitis of infancy,ORPHA_827__ORPHA_91359
ORPHA_99725,Pituitary gigantism,ORPHA_98964,Lattice corneal dystrophy type I,ORPHA_98964__ORPHA_99725
ORPHA_1243,Best vitelliform macular dystrophy,ORPHA_100988,Autosomal dominant spastic paraplegia type 6,ORPHA_1243__ORPHA_100988
ORPHA_228240,Elastoderma,ORPHA_369840,TRAPPC11-related limb-girdle muscular dystrophy R18,ORPHA_228240__ORPHA_369840
ORPHA_314769,Somatomammotropinoma,ORPHA_75376,Familial drusen,ORPHA_75376__ORPHA_314769
ORPHA_724,Idiopathic acute eosinophilic pneumonia,ORPHA_75376,Familial drusen,ORPHA_724__ORPHA_75376
ORPHA_827,Stargardt disease,ORPHA_86918,Diffuse palmoplantar keratoderma-acrocyanosis syndrome,ORPHA_827__ORPHA_86918
ORPHA_52427,Retinitis punctata albescens,ORPHA_86923,"Hereditary palmoplantar keratoderma, Gamborg-Nielsen type",ORPHA_52427__ORPHA_86923
ORPHA_88621,Ichthyosis-prematurity syndrome,ORPHA_91348,Functioning gonadotropic adenoma,ORPHA_88621__ORPHA_91348
ORPHA_97282,VIPoma,ORPHA_98960,Thiel-Behnke corneal dystrophy,ORPHA_97282__ORPHA_98960
ORPHA_724,Idiopathic acute eosinophilic pneumonia,ORPHA_99725,Pituitary gigantism,ORPHA_724__ORPHA_99725
ORPHA_251623,Pituicytoma,ORPHA_254857,Lethal infantile mitochondrial myopathy,ORPHA_251623__ORPHA_254857
ORPHA_137599,Herpes simplex virus stromal keratitis,ORPHA_99953,Charcot-Marie-Tooth disease type 4G,ORPHA_99953__ORPHA_137599
ORPHA_206549,Anoctamin-5-related limb-girdle muscular dystrophy R12,ORPHA_91348,Functioning gonadotropic adenoma,ORPHA_91348__ORPHA_206549
ORPHA_97278,PPoma,ORPHA_99950,Charcot-Marie-Tooth disease type 4D,ORPHA_97278__ORPHA_99950
ORPHA_97283,Somatostatinoma,ORPHA_98960,Thiel-Behnke corneal dystrophy,ORPHA_97283__ORPHA_98960
ORPHA_215,Congenital stationary night blindness,ORPHA_86918,Diffuse palmoplantar keratoderma-acrocyanosis syndrome,ORPHA_215__ORPHA_86918
ORPHA_86923,"Hereditary palmoplantar keratoderma, Gamborg-Nielsen type",ORPHA_85128,Bothnia retinal dystrophy,ORPHA_85128__ORPHA_86923
ORPHA_724,Idiopathic acute eosinophilic pneumonia,ORPHA_91348,Functioning gonadotropic adenoma,ORPHA_724__ORPHA_91348
ORPHA_1243,Best vitelliform macular dystrophy,ORPHA_95232,Lissencephaly due to LIS1 mutation,ORPHA_1243__ORPHA_95232
ORPHA_75376,Familial drusen,ORPHA_86923,"Hereditary palmoplantar keratoderma, Gamborg-Nielsen type",ORPHA_75376__ORPHA_86923
ORPHA_319514,Combined oxidative phosphorylation defect type 13,ORPHA_33111,Granulomatous slack skin,ORPHA_33111__ORPHA_319514
ORPHA_75840,"Congenital muscular dystrophy, Ullrich type",ORPHA_52416,Mantle cell lymphoma,ORPHA_52416__ORPHA_75840
ORPHA_1243,Best vitelliform macular dystrophy,ORPHA_101003,Autosomal recessive spastic paraplegia type 23,ORPHA_1243__ORPHA_101003
ORPHA_935,Short-limb skeletal dysplasia with severe combined immunodeficiency,ORPHA_34516,DNAJB6-related limb-girdle muscular dystrophy D1,ORPHA_935__ORPHA_34516
ORPHA_86919,Keratosis palmaris et plantaris-clinodactyly syndrome,ORPHA_85128,Bothnia retinal dystrophy,ORPHA_85128__ORPHA_86919
ORPHA_251623,Pituicytoma,ORPHA_85128,Bothnia retinal dystrophy,ORPHA_85128__ORPHA_251623
ORPHA_75376,Familial drusen,ORPHA_86919,Keratosis palmaris et plantaris-clinodactyly syndrome,ORPHA_75376__ORPHA_86919
ORPHA_67042,Late-onset retinal degeneration,ORPHA_86923,"Hereditary palmoplantar keratoderma, Gamborg-Nielsen type",ORPHA_67042__ORPHA_86923
ORPHA_251623,Pituicytoma,ORPHA_75376,Familial drusen,ORPHA_75376__ORPHA_251623
ORPHA_79126,Acute interstitial pneumonia,ORPHA_99725,Pituitary gigantism,ORPHA_79126__ORPHA_99725
ORPHA_95715,Congenital hypothyroidism due to transplacental passage of TSH-binding inhibitory antibodies,ORPHA_99000,Adult-onset foveomacular vitelliform dystrophy,ORPHA_95715__ORPHA_99000
ORPHA_97240,Zebra body myopathy,ORPHA_99725,Pituitary gigantism,ORPHA_97240__ORPHA_99725
ORPHA_79127,Respiratory bronchiolitis-interstitial lung disease syndrome,ORPHA_99725,Pituitary gigantism,ORPHA_79127__ORPHA_99725
ORPHA_1243,Best vitelliform macular dystrophy,ORPHA_101008,Autosomal recessive spastic paraplegia type 28,ORPHA_1243__ORPHA_101008
ORPHA_171863,Autosomal dominant spastic paraplegia type 42,ORPHA_1243,Best vitelliform macular dystrophy,ORPHA_1243__ORPHA_171863
ORPHA_319552,Mendelian susceptibility to mycobacterial diseases due to complete IL12RB1 deficiency,ORPHA_98960,Thiel-Behnke corneal dystrophy,ORPHA_98960__ORPHA_319552
ORPHA_1143,Neurogenic arthrogryposis multiplex congenita,ORPHA_1243,Best vitelliform macular dystrophy,ORPHA_1143__ORPHA_1243
ORPHA_171622,Autosomal recessive spastic paraplegia type 32,ORPHA_1243,Best vitelliform macular dystrophy,ORPHA_1243__ORPHA_171622
ORPHA_139480,Autosomal recessive spastic paraplegia type 39,ORPHA_99000,Adult-onset foveomacular vitelliform dystrophy,ORPHA_99000__ORPHA_139480
ORPHA_254864,Mitochondrial myopathy with reversible cytochrome C oxidase deficiency,ORPHA_93322,Tibial hemimelia,ORPHA_93322__ORPHA_254864
ORPHA_171607,X-linked spastic paraplegia type 34,ORPHA_1243,Best vitelliform macular dystrophy,ORPHA_1243__ORPHA_171607
ORPHA_254857,Lethal infantile mitochondrial myopathy,ORPHA_70476,Vernal keratoconjunctivitis,ORPHA_70476__ORPHA_254857
ORPHA_1243,Best vitelliform macular dystrophy,ORPHA_100995,Autosomal recessive spastic paraplegia type 14,ORPHA_1243__ORPHA_100995
ORPHA_724,Idiopathic acute eosinophilic pneumonia,ORPHA_86919,Keratosis palmaris et plantaris-clinodactyly syndrome,ORPHA_724__ORPHA_86919
ORPHA_1243,Best vitelliform macular dystrophy,ORPHA_99950,Charcot-Marie-Tooth disease type 4D,ORPHA_1243__ORPHA_99950
ORPHA_1302,Cryptogenic organizing pneumonia,ORPHA_85128,Bothnia retinal dystrophy,ORPHA_1302__ORPHA_85128
ORPHA_75376,Familial drusen,ORPHA_99944,Autosomal dominant Charcot-Marie-Tooth disease type 2K,ORPHA_75376__ORPHA_99944
ORPHA_293621,X-linked endothelial corneal dystrophy,ORPHA_33111,Granulomatous slack skin,ORPHA_33111__ORPHA_293621
ORPHA_171617,Autosomal dominant spastic paraplegia type 38,ORPHA_1243,Best vitelliform macular dystrophy,ORPHA_1243__ORPHA_171617
ORPHA_401815,Autosomal recessive spastic paraplegia type 66,ORPHA_99000,Adult-onset foveomacular vitelliform dystrophy,ORPHA_99000__ORPHA_401815
ORPHA_293381,Epithelial recurrent erosion dystrophy,ORPHA_99725,Pituitary gigantism,ORPHA_99725__ORPHA_293381
ORPHA_827,Stargardt disease,ORPHA_724,Idiopathic acute eosinophilic pneumonia,ORPHA_724__ORPHA_827
ORPHA_137599,Herpes simplex virus stromal keratitis,ORPHA_99944,Autosomal dominant Charcot-Marie-Tooth disease type 2K,ORPHA_99944__ORPHA_137599
ORPHA_747,Autoimmune pulmonary alveolar proteinosis,ORPHA_1243,Best vitelliform macular dystrophy,ORPHA_747__ORPHA_1243
ORPHA_178333,\xc3\x85land Islands eye disease,ORPHA_254857,Lethal infantile mitochondrial myopathy,ORPHA_178333__ORPHA_254857
ORPHA_178333,\xc3\x85land Islands eye disease,ORPHA_91359,Chronic pneumonitis of infancy,ORPHA_91359__ORPHA_178333
ORPHA_827,Stargardt disease,ORPHA_79127,Respiratory bronchiolitis-interstitial lung disease syndrome,ORPHA_827__ORPHA_79127
ORPHA_293603,Congenital hereditary endothelial dystrophy type II,ORPHA_724,Idiopathic acute eosinophilic pneumonia,ORPHA_724__ORPHA_293603
ORPHA_75376,Familial drusen,ORPHA_90035,Paroxysmal cold hemoglobinuria,ORPHA_75376__ORPHA_90035
ORPHA_1243,Best vitelliform macular dystrophy,ORPHA_86919,Keratosis palmaris et plantaris-clinodactyly syndrome,ORPHA_1243__ORPHA_86919
ORPHA_1752,Trisomy 8q,ORPHA_254857,Lethal infantile mitochondrial myopathy,ORPHA_1752__ORPHA_254857
ORPHA_1243,Best vitelliform macular dystrophy,ORPHA_320365,Autosomal dominant spastic paraplegia type 36,ORPHA_1243__ORPHA_320365
ORPHA_97278,PPoma,ORPHA_99944,Autosomal dominant Charcot-Marie-Tooth disease type 2K,ORPHA_97278__ORPHA_99944
ORPHA_1580,Distal monosomy 10p,ORPHA_254857,Lethal infantile mitochondrial myopathy,ORPHA_1580__ORPHA_254857
ORPHA_215,Congenital stationary night blindness,ORPHA_2032,Idiopathic pulmonary fibrosis,ORPHA_215__ORPHA_2032
ORPHA_254857,Lethal infantile mitochondrial myopathy,ORPHA_913,Zollinger-Ellison syndrome,ORPHA_913__ORPHA_254857
ORPHA_99725,Pituitary gigantism,ORPHA_101082,Charcot-Marie-Tooth disease type 1B,ORPHA_99725__ORPHA_101082
ORPHA_827,Stargardt disease,ORPHA_33402,Pediatric hepatocellular carcinoma,ORPHA_827__ORPHA_33402
ORPHA_254857,Lethal infantile mitochondrial myopathy,ORPHA_424016,Adenocarcinoma of the anal canal,ORPHA_254857__ORPHA_424016
ORPHA_1243,Best vitelliform macular dystrophy,ORPHA_79127,Respiratory bronchiolitis-interstitial lung disease syndrome,ORPHA_1243__ORPHA_79127
ORPHA_2199,Epidermolytic palmoplantar keratoderma,ORPHA_67042,Late-onset retinal degeneration,ORPHA_2199__ORPHA_67042
ORPHA_2199,Epidermolytic palmoplantar keratoderma,ORPHA_75376,Familial drusen,ORPHA_2199__ORPHA_75376
ORPHA_91359,Chronic pneumonitis of infancy,ORPHA_98963,Granular corneal dystrophy type II,ORPHA_91359__ORPHA_98963
ORPHA_293603,Congenital hereditary endothelial dystrophy type II,ORPHA_91359,Chronic pneumonitis of infancy,ORPHA_91359__ORPHA_293603
ORPHA_52427,Retinitis punctata albescens,ORPHA_91359,Chronic pneumonitis of infancy,ORPHA_52427__ORPHA_91359
ORPHA_2032,Idiopathic pulmonary fibrosis,ORPHA_67042,Late-onset retinal degeneration,ORPHA_2032__ORPHA_67042
ORPHA_2826,Spastic paraplegia-precocious puberty syndrome,ORPHA_52417,MALT lymphoma,ORPHA_2826__ORPHA_52417
ORPHA_545,Follicular lymphoma,ORPHA_75840,"Congenital muscular dystrophy, Ullrich type",ORPHA_545__ORPHA_75840
ORPHA_1243,Best vitelliform macular dystrophy,ORPHA_444099,Autosomal dominant spastic paraplegia type 73,ORPHA_1243__ORPHA_444099
ORPHA_913,Zollinger-Ellison syndrome,ORPHA_98960,Thiel-Behnke corneal dystrophy,ORPHA_913__ORPHA_98960
ORPHA_97278,PPoma,ORPHA_98963,Granular corneal dystrophy type II,ORPHA_97278__ORPHA_98963
ORPHA_2032,Idiopathic pulmonary fibrosis,ORPHA_52427,Retinitis punctata albescens,ORPHA_2032__ORPHA_52427
ORPHA_97283,Somatostatinoma,ORPHA_99953,Charcot-Marie-Tooth disease type 4G,ORPHA_97283__ORPHA_99953
ORPHA_79127,Respiratory bronchiolitis-interstitial lung disease syndrome,ORPHA_52427,Retinitis punctata albescens,ORPHA_52427__ORPHA_79127
ORPHA_319552,Mendelian susceptibility to mycobacterial diseases due to complete IL12RB1 deficiency,ORPHA_99725,Pituitary gigantism,ORPHA_99725__ORPHA_319552
ORPHA_178333,\xc3\x85land Islands eye disease,ORPHA_99948,Charcot-Marie-Tooth disease type 4A,ORPHA_99948__ORPHA_178333
ORPHA_1243,Best vitelliform macular dystrophy,ORPHA_99948,Charcot-Marie-Tooth disease type 4A,ORPHA_1243__ORPHA_99948
ORPHA_231445,Paraparetic variant of Guillain-Barr\xc3\xa9 syndrome,ORPHA_1243,Best vitelliform macular dystrophy,ORPHA_1243__ORPHA_231445
ORPHA_1243,Best vitelliform macular dystrophy,ORPHA_401840,Autosomal recessive spastic paraplegia type 71,ORPHA_1243__ORPHA_401840
ORPHA_178333,\xc3\x85land Islands eye disease,ORPHA_724,Idiopathic acute eosinophilic pneumonia,ORPHA_724__ORPHA_178333
ORPHA_1598,Monosomy 18p,ORPHA_2032,Idiopathic pulmonary fibrosis,ORPHA_1598__ORPHA_2032
ORPHA_364055,Severe early-childhood-onset retinal dystrophy,ORPHA_33111,Granulomatous slack skin,ORPHA_33111__ORPHA_364055
ORPHA_2201,Palmoplantar keratoderma-spastic paralysis syndrome,ORPHA_75376,Familial drusen,ORPHA_2201__ORPHA_75376
ORPHA_1738,Trisomy 4p,ORPHA_254857,Lethal infantile mitochondrial myopathy,ORPHA_1738__ORPHA_254857
ORPHA_70587,Infant acute respiratory distress syndrome,ORPHA_75376,Familial drusen,ORPHA_70587__ORPHA_75376
ORPHA_75378,Oligocone trichromacy,ORPHA_99725,Pituitary gigantism,ORPHA_75378__ORPHA_99725
ORPHA_2199,Epidermolytic palmoplantar keratoderma,ORPHA_364055,Severe early-childhood-onset retinal dystrophy,ORPHA_2199__ORPHA_364055
ORPHA_85128,Bothnia retinal dystrophy,ORPHA_99950,Charcot-Marie-Tooth disease type 4D,ORPHA_85128__ORPHA_99950
ORPHA_99657,"Primary dystonia, DYT2 type",ORPHA_99725,Pituitary gigantism,ORPHA_99657__ORPHA_99725
ORPHA_70593,Immunodeficiency due to selective anti-polysaccharide antibody deficiency,ORPHA_99000,Adult-onset foveomacular vitelliform dystrophy,ORPHA_70593__ORPHA_99000
ORPHA_206549,Anoctamin-5-related limb-girdle muscular dystrophy R12,ORPHA_293621,X-linked endothelial corneal dystrophy,ORPHA_206549__ORPHA_293621
ORPHA_178333,\xc3\x85land Islands eye disease,ORPHA_99944,Autosomal dominant Charcot-Marie-Tooth disease type 2K,ORPHA_99944__ORPHA_178333
ORPHA_33402,Pediatric hepatocellular carcinoma,ORPHA_98963,Granular corneal dystrophy type II,ORPHA_33402__ORPHA_98963
ORPHA_1243,Best vitelliform macular dystrophy,ORPHA_496689,Kyphoscoliosis-lateral tongue atrophy-hereditary spastic paraplegia syndrome,ORPHA_1243__ORPHA_496689
ORPHA_178333,\xc3\x85land Islands eye disease,ORPHA_101081,Charcot-Marie-Tooth disease type 1A,ORPHA_101081__ORPHA_178333
ORPHA_1243,Best vitelliform macular dystrophy,ORPHA_101097,Autosomal recessive Charcot-Marie-Tooth disease with hoarseness,ORPHA_1243__ORPHA_101097
ORPHA_137599,Herpes simplex virus stromal keratitis,ORPHA_399103,Distal nebulin myopathy,ORPHA_137599__ORPHA_399103
ORPHA_329466,"Autosomal dominant focal dystonia, DYT25 type",ORPHA_99725,Pituitary gigantism,ORPHA_99725__ORPHA_329466
ORPHA_2271,Congenital ichthyosis-microcephalus-tetraplegia syndrome,ORPHA_75376,Familial drusen,ORPHA_2271__ORPHA_75376
ORPHA_254857,Lethal infantile mitochondrial myopathy,ORPHA_91495,Persistent hyperplastic primary vitreous,ORPHA_91495__ORPHA_254857
ORPHA_486,Autosomal dominant severe congenital neutropenia,ORPHA_254857,Lethal infantile mitochondrial myopathy,ORPHA_486__ORPHA_254857
ORPHA_913,Zollinger-Ellison syndrome,ORPHA_98963,Granular corneal dystrophy type II,ORPHA_913__ORPHA_98963
ORPHA_97283,Somatostatinoma,ORPHA_99950,Charcot-Marie-Tooth disease type 4D,ORPHA_97283__ORPHA_99950
ORPHA_139536,Distal hereditary motor neuropathy type 5,ORPHA_52417,MALT lymphoma,ORPHA_52417__ORPHA_139536
ORPHA_364055,Severe early-childhood-onset retinal dystrophy,ORPHA_86919,Keratosis palmaris et plantaris-clinodactyly syndrome,ORPHA_86919__ORPHA_364055
ORPHA_254864,Mitochondrial myopathy with reversible cytochrome C oxidase deficiency,ORPHA_93321,Radial hemimelia,ORPHA_93321__ORPHA_254864
ORPHA_33111,Granulomatous slack skin,ORPHA_99949,Charcot-Marie-Tooth disease type 4C,ORPHA_33111__ORPHA_99949
ORPHA_2271,Congenital ichthyosis-microcephalus-tetraplegia syndrome,ORPHA_1243,Best vitelliform macular dystrophy,ORPHA_1243__ORPHA_2271
ORPHA_139480,Autosomal recessive spastic paraplegia type 39,ORPHA_52417,MALT lymphoma,ORPHA_52417__ORPHA_139480
ORPHA_913,Zollinger-Ellison syndrome,ORPHA_75378,Oligocone trichromacy,ORPHA_913__ORPHA_75378
ORPHA_178333,\xc3\x85land Islands eye disease,ORPHA_79127,Respiratory bronchiolitis-interstitial lung disease syndrome,ORPHA_79127__ORPHA_178333
ORPHA_254857,Lethal infantile mitochondrial myopathy,ORPHA_261344,Trisomy 1q,ORPHA_254857__ORPHA_261344
ORPHA_603,"Distal myopathy, Welander type",ORPHA_99725,Pituitary gigantism,ORPHA_603__ORPHA_99725
ORPHA_827,Stargardt disease,ORPHA_206549,Anoctamin-5-related limb-girdle muscular dystrophy R12,ORPHA_827__ORPHA_206549
ORPHA_1302,Cryptogenic organizing pneumonia,ORPHA_75376,Familial drusen,ORPHA_1302__ORPHA_75376
ORPHA_1243,Best vitelliform macular dystrophy,ORPHA_100994,Autosomal dominant spastic paraplegia type 13,ORPHA_1243__ORPHA_100994
ORPHA_254857,Lethal infantile mitochondrial myopathy,ORPHA_98963,Granular corneal dystrophy type II,ORPHA_98963__ORPHA_254857
ORPHA_2337,Non-epidermolytic palmoplantar keratoderma,ORPHA_254854,Pure mitochondrial myopathy,ORPHA_2337__ORPHA_254854
ORPHA_2199,Epidermolytic palmoplantar keratoderma,ORPHA_85128,Bothnia retinal dystrophy,ORPHA_2199__ORPHA_85128
ORPHA_178333,\xc3\x85land Islands eye disease,ORPHA_86918,Diffuse palmoplantar keratoderma-acrocyanosis syndrome,ORPHA_86918__ORPHA_178333
ORPHA_1243,Best vitelliform macular dystrophy,ORPHA_101081,Charcot-Marie-Tooth disease type 1A,ORPHA_1243__ORPHA_101081
ORPHA_137599,Herpes simplex virus stromal keratitis,ORPHA_329478,Adult-onset distal myopathy due to VCP mutation,ORPHA_137599__ORPHA_329478
ORPHA_1243,Best vitelliform macular dystrophy,ORPHA_35078,T-B+ severe combined immunodeficiency due to JAK3 deficiency,ORPHA_1243__ORPHA_35078
ORPHA_913,Zollinger-Ellison syndrome,ORPHA_99950,Charcot-Marie-Tooth disease type 4D,ORPHA_913__ORPHA_99950
ORPHA_137599,Herpes simplex virus stromal keratitis,ORPHA_99950,Charcot-Marie-Tooth disease type 4D,ORPHA_99950__ORPHA_137599
ORPHA_137599,Herpes simplex virus stromal keratitis,ORPHA_603,"Distal myopathy, Welander type",ORPHA_603__ORPHA_137599
ORPHA_827,Stargardt disease,ORPHA_99950,Charcot-Marie-Tooth disease type 4D,ORPHA_827__ORPHA_99950
ORPHA_488333,Autosomal dominant Charcot-Marie-Tooth disease type 2W,ORPHA_85128,Bothnia retinal dystrophy,ORPHA_85128__ORPHA_488333
ORPHA_254864,Mitochondrial myopathy with reversible cytochrome C oxidase deficiency,ORPHA_86923,"Hereditary palmoplantar keratoderma, Gamborg-Nielsen type",ORPHA_86923__ORPHA_254864
ORPHA_75840,"Congenital muscular dystrophy, Ullrich type",ORPHA_99000,Adult-onset foveomacular vitelliform dystrophy,ORPHA_75840__ORPHA_99000
ORPHA_52417,MALT lymphoma,ORPHA_88643,Obesity-colitis-hypothyroidism-cardiac hypertrophy-developmental delay syndrome,ORPHA_52417__ORPHA_88643
ORPHA_293621,X-linked endothelial corneal dystrophy,ORPHA_97282,VIPoma,ORPHA_97282__ORPHA_293621
ORPHA_254864,Mitochondrial myopathy with reversible cytochrome C oxidase deficiency,ORPHA_228240,Elastoderma,ORPHA_228240__ORPHA_254864
ORPHA_86919,Keratosis palmaris et plantaris-clinodactyly syndrome,ORPHA_99725,Pituitary gigantism,ORPHA_86919__ORPHA_99725
ORPHA_1243,Best vitelliform macular dystrophy,ORPHA_91359,Chronic pneumonitis of infancy,ORPHA_1243__ORPHA_91359
ORPHA_163934,Atopic keratoconjunctivitis,ORPHA_34516,DNAJB6-related limb-girdle muscular dystrophy D1,ORPHA_34516__ORPHA_163934
ORPHA_254857,Lethal infantile mitochondrial myopathy,ORPHA_293381,Epithelial recurrent erosion dystrophy,ORPHA_254857__ORPHA_293381
ORPHA_1243,Best vitelliform macular dystrophy,ORPHA_86923,"Hereditary palmoplantar keratoderma, Gamborg-Nielsen type",ORPHA_1243__ORPHA_86923
ORPHA_399096,Distal anoctaminopathy,ORPHA_99725,Pituitary gigantism,ORPHA_99725__ORPHA_399096
ORPHA_724,Idiopathic acute eosinophilic pneumonia,ORPHA_98960,Thiel-Behnke corneal dystrophy,ORPHA_724__ORPHA_98960
ORPHA_369840,TRAPPC11-related limb-girdle muscular dystrophy R18,ORPHA_86923,"Hereditary palmoplantar keratoderma, Gamborg-Nielsen type",ORPHA_86923__ORPHA_369840
ORPHA_827,Stargardt disease,ORPHA_99948,Charcot-Marie-Tooth disease type 4A,ORPHA_827__ORPHA_99948
ORPHA_67042,Late-onset retinal degeneration,ORPHA_99950,Charcot-Marie-Tooth disease type 4D,ORPHA_67042__ORPHA_99950
ORPHA_1084,Isolated lissencephaly type 1 without known genetic defects,ORPHA_1243,Best vitelliform macular dystrophy,ORPHA_1084__ORPHA_1243
ORPHA_1243,Best vitelliform macular dystrophy,ORPHA_70593,Immunodeficiency due to selective anti-polysaccharide antibody deficiency,ORPHA_1243__ORPHA_70593
ORPHA_1243,Best vitelliform macular dystrophy,ORPHA_2032,Idiopathic pulmonary fibrosis,ORPHA_1243__ORPHA_2032
ORPHA_169189,Autosomal dominant centronuclear myopathy,ORPHA_91348,Functioning gonadotropic adenoma,ORPHA_91348__ORPHA_169189
ORPHA_91348,Functioning gonadotropic adenoma,ORPHA_99944,Autosomal dominant Charcot-Marie-Tooth disease type 2K,ORPHA_91348__ORPHA_99944
ORPHA_1243,Best vitelliform macular dystrophy,ORPHA_100999,Autosomal dominant spastic paraplegia type 19,ORPHA_1243__ORPHA_100999
ORPHA_97283,Somatostatinoma,ORPHA_98963,Granular corneal dystrophy type II,ORPHA_97283__ORPHA_98963
ORPHA_33111,Granulomatous slack skin,ORPHA_98963,Granular corneal dystrophy type II,ORPHA_33111__ORPHA_98963
ORPHA_319514,Combined oxidative phosphorylation defect type 13,ORPHA_659,Mutilating palmoplantar keratoderma with periorificial keratotic plaques,ORPHA_659__ORPHA_319514
ORPHA_724,Idiopathic acute eosinophilic pneumonia,ORPHA_52427,Retinitis punctata albescens,ORPHA_724__ORPHA_52427
ORPHA_251623,Pituicytoma,ORPHA_293621,X-linked endothelial corneal dystrophy,ORPHA_251623__ORPHA_293621
ORPHA_91348,Functioning gonadotropic adenoma,ORPHA_85128,Bothnia retinal dystrophy,ORPHA_85128__ORPHA_91348
ORPHA_724,Idiopathic acute eosinophilic pneumonia,ORPHA_98974,Fuchs endothelial corneal dystrophy,ORPHA_724__ORPHA_98974
ORPHA_2271,Congenital ichthyosis-microcephalus-tetraplegia syndrome,ORPHA_364055,Severe early-childhood-onset retinal dystrophy,ORPHA_2271__ORPHA_364055
ORPHA_51208,Formiminoglutamic aciduria,ORPHA_99000,Adult-onset foveomacular vitelliform dystrophy,ORPHA_51208__ORPHA_99000
ORPHA_137599,Herpes simplex virus stromal keratitis,ORPHA_71275,Rh deficiency syndrome,ORPHA_71275__ORPHA_137599
ORPHA_251623,Pituicytoma,ORPHA_724,Idiopathic acute eosinophilic pneumonia,ORPHA_724__ORPHA_251623
ORPHA_178333,\xc3\x85land Islands eye disease,ORPHA_101085,Charcot-Marie-Tooth disease type 1F,ORPHA_101085__ORPHA_178333
ORPHA_137596,Neurotrophic keratopathy,ORPHA_71275,Rh deficiency syndrome,ORPHA_71275__ORPHA_137596
ORPHA_281127,Acral self-healing collodion baby,ORPHA_99725,Pituitary gigantism,ORPHA_99725__ORPHA_281127
ORPHA_99725,Pituitary gigantism,ORPHA_101081,Charcot-Marie-Tooth disease type 1A,ORPHA_99725__ORPHA_101081
ORPHA_293621,X-linked endothelial corneal dystrophy,ORPHA_99944,Autosomal dominant Charcot-Marie-Tooth disease type 2K,ORPHA_99944__ORPHA_293621
ORPHA_1243,Best vitelliform macular dystrophy,ORPHA_101009,Autosomal dominant spastic paraplegia type 29,ORPHA_1243__ORPHA_101009
ORPHA_52427,Retinitis punctata albescens,ORPHA_99953,Charcot-Marie-Tooth disease type 4G,ORPHA_52427__ORPHA_99953
ORPHA_254857,Lethal infantile mitochondrial myopathy,ORPHA_97278,PPoma,ORPHA_97278__ORPHA_254857
ORPHA_370103,"Primary dystonia, DYT17 type",ORPHA_293621,X-linked endothelial corneal dystrophy,ORPHA_293621__ORPHA_370103
ORPHA_97278,PPoma,ORPHA_98960,Thiel-Behnke corneal dystrophy,ORPHA_97278__ORPHA_98960
ORPHA_91359,Chronic pneumonitis of infancy,ORPHA_98960,Thiel-Behnke corneal dystrophy,ORPHA_91359__ORPHA_98960
ORPHA_2271,Congenital ichthyosis-microcephalus-tetraplegia syndrome,ORPHA_85128,Bothnia retinal dystrophy,ORPHA_2271__ORPHA_85128
ORPHA_1243,Best vitelliform macular dystrophy,ORPHA_99944,Autosomal dominant Charcot-Marie-Tooth disease type 2K,ORPHA_1243__ORPHA_99944
ORPHA_67036,Autosomal dominant optic atrophy and cataract,ORPHA_99725,Pituitary gigantism,ORPHA_67036__ORPHA_99725
ORPHA_254857,Lethal infantile mitochondrial myopathy,ORPHA_33111,Granulomatous slack skin,ORPHA_33111__ORPHA_254857
ORPHA_254854,Pure mitochondrial myopathy,ORPHA_86923,"Hereditary palmoplantar keratoderma, Gamborg-Nielsen type",ORPHA_86923__ORPHA_254854
ORPHA_2199,Epidermolytic palmoplantar keratoderma,ORPHA_52427,Retinitis punctata albescens,ORPHA_2199__ORPHA_52427
ORPHA_79127,Respiratory bronchiolitis-interstitial lung disease syndrome,ORPHA_75378,Oligocone trichromacy,ORPHA_75378__ORPHA_79127
ORPHA_2200,Focal palmoplantar and gingival keratoderma,ORPHA_67042,Late-onset retinal degeneration,ORPHA_2200__ORPHA_67042
ORPHA_97278,PPoma,ORPHA_99953,Charcot-Marie-Tooth disease type 4G,ORPHA_97278__ORPHA_99953
ORPHA_827,Stargardt disease,ORPHA_101081,Charcot-Marie-Tooth disease type 1A,ORPHA_827__ORPHA_101081
ORPHA_137599,Herpes simplex virus stromal keratitis,ORPHA_97240,Zebra body myopathy,ORPHA_97240__ORPHA_137599
ORPHA_254857,Lethal infantile mitochondrial myopathy,ORPHA_293603,Congenital hereditary endothelial dystrophy type II,ORPHA_254857__ORPHA_293603
ORPHA_34516,DNAJB6-related limb-girdle muscular dystrophy D1,ORPHA_86923,"Hereditary palmoplantar keratoderma, Gamborg-Nielsen type",ORPHA_34516__ORPHA_86923
ORPHA_137596,Neurotrophic keratopathy,ORPHA_26792,Short chain acyl-CoA dehydrogenase deficiency,ORPHA_26792__ORPHA_137596
ORPHA_254864,Mitochondrial myopathy with reversible cytochrome C oxidase deficiency,ORPHA_86919,Keratosis palmaris et plantaris-clinodactyly syndrome,ORPHA_86919__ORPHA_254864
ORPHA_293621,X-linked endothelial corneal dystrophy,ORPHA_91348,Functioning gonadotropic adenoma,ORPHA_91348__ORPHA_293621
ORPHA_827,Stargardt disease,ORPHA_1302,Cryptogenic organizing pneumonia,ORPHA_827__ORPHA_1302
ORPHA_399808,Male infertility with teratozoospermia due to single gene mutation,ORPHA_75376,Familial drusen,ORPHA_75376__ORPHA_399808
ORPHA_206549,Anoctamin-5-related limb-girdle muscular dystrophy R12,ORPHA_364055,Severe early-childhood-onset retinal dystrophy,ORPHA_206549__ORPHA_364055
ORPHA_215,Congenital stationary night blindness,ORPHA_79127,Respiratory bronchiolitis-interstitial lung disease syndrome,ORPHA_215__ORPHA_79127
ORPHA_319552,Mendelian susceptibility to mycobacterial diseases due to complete IL12RB1 deficiency,ORPHA_293621,X-linked endothelial corneal dystrophy,ORPHA_293621__ORPHA_319552
ORPHA_215,Congenital stationary night blindness,ORPHA_91359,Chronic pneumonitis of infancy,ORPHA_215__ORPHA_91359
ORPHA_97283,Somatostatinoma,ORPHA_99948,Charcot-Marie-Tooth disease type 4A,ORPHA_97283__ORPHA_99948
ORPHA_399086,Finnish upper limb-onset distal myopathy,ORPHA_99000,Adult-onset foveomacular vitelliform dystrophy,ORPHA_99000__ORPHA_399086
ORPHA_1243,Best vitelliform macular dystrophy,ORPHA_71275,Rh deficiency syndrome,ORPHA_1243__ORPHA_71275
ORPHA_137599,Herpes simplex virus stromal keratitis,ORPHA_482601,Adenylosuccinate synthetase-like 1-related distal myopathy,ORPHA_137599__ORPHA_482601
ORPHA_215,Congenital stationary night blindness,ORPHA_251623,Pituicytoma,ORPHA_215__ORPHA_251623
ORPHA_420492,"Adult-onset cervical dystonia, DYT23 type",ORPHA_99725,Pituitary gigantism,ORPHA_99725__ORPHA_420492
ORPHA_364055,Severe early-childhood-onset retinal dystrophy,ORPHA_97278,PPoma,ORPHA_97278__ORPHA_364055
ORPHA_97282,VIPoma,ORPHA_98964,Lattice corneal dystrophy type I,ORPHA_97282__ORPHA_98964
ORPHA_33111,Granulomatous slack skin,ORPHA_101082,Charcot-Marie-Tooth disease type 1B,ORPHA_33111__ORPHA_101082
ORPHA_293621,X-linked endothelial corneal dystrophy,ORPHA_2032,Idiopathic pulmonary fibrosis,ORPHA_2032__ORPHA_293621
ORPHA_659,Mutilating palmoplantar keratoderma with periorificial keratotic plaques,ORPHA_75376,Familial drusen,ORPHA_659__ORPHA_75376
ORPHA_86919,Keratosis palmaris et plantaris-clinodactyly syndrome,ORPHA_98962,Granular corneal dystrophy type I,ORPHA_86919__ORPHA_98962
ORPHA_137599,Herpes simplex virus stromal keratitis,ORPHA_314769,Somatomammotropinoma,ORPHA_137599__ORPHA_314769
ORPHA_178333,\xc3\x85land Islands eye disease,ORPHA_319552,Mendelian susceptibility to mycobacterial diseases due to complete IL12RB1 deficiency,ORPHA_178333__ORPHA_319552
ORPHA_3002,Immune thrombocytopenia,ORPHA_99949,Charcot-Marie-Tooth disease type 4C,ORPHA_3002__ORPHA_99949
ORPHA_91359,Chronic pneumonitis of infancy,ORPHA_98974,Fuchs endothelial corneal dystrophy,ORPHA_91359__ORPHA_98974
ORPHA_178333,\xc3\x85land Islands eye disease,ORPHA_251623,Pituicytoma,ORPHA_178333__ORPHA_251623
ORPHA_75376,Familial drusen,ORPHA_99940,Autosomal dominant Charcot-Marie-Tooth disease type 2F,ORPHA_75376__ORPHA_99940
ORPHA_1377,Cataract-microcornea syndrome,ORPHA_254857,Lethal infantile mitochondrial myopathy,ORPHA_1377__ORPHA_254857
ORPHA_913,Zollinger-Ellison syndrome,ORPHA_364055,Severe early-childhood-onset retinal dystrophy,ORPHA_913__ORPHA_364055
ORPHA_97278,PPoma,ORPHA_99948,Charcot-Marie-Tooth disease type 4A,ORPHA_97278__ORPHA_99948
ORPHA_97283,Somatostatinoma,ORPHA_99944,Autosomal dominant Charcot-Marie-Tooth disease type 2K,ORPHA_97283__ORPHA_99944
ORPHA_215,Congenital stationary night blindness,ORPHA_101081,Charcot-Marie-Tooth disease type 1A,ORPHA_215__ORPHA_101081
ORPHA_70587,Infant acute respiratory distress syndrome,ORPHA_85128,Bothnia retinal dystrophy,ORPHA_70587__ORPHA_85128
ORPHA_721,Gray platelet syndrome,ORPHA_86919,Keratosis palmaris et plantaris-clinodactyly syndrome,ORPHA_721__ORPHA_86919
ORPHA_1243,Best vitelliform macular dystrophy,ORPHA_482601,Adenylosuccinate synthetase-like 1-related distal myopathy,ORPHA_1243__ORPHA_482601
ORPHA_137599,Herpes simplex virus stromal keratitis,ORPHA_254857,Lethal infantile mitochondrial myopathy,ORPHA_137599__ORPHA_254857
ORPHA_251623,Pituicytoma,ORPHA_98963,Granular corneal dystrophy type II,ORPHA_98963__ORPHA_251623
ORPHA_827,Stargardt disease,ORPHA_2032,Idiopathic pulmonary fibrosis,ORPHA_827__ORPHA_2032
ORPHA_251076,8p23.1 duplication syndrome,ORPHA_254854,Pure mitochondrial myopathy,ORPHA_251076__ORPHA_254854
ORPHA_42062,Iminoglycinuria,ORPHA_52417,MALT lymphoma,ORPHA_42062__ORPHA_52417
ORPHA_178333,\xc3\x85land Islands eye disease,ORPHA_97278,PPoma,ORPHA_97278__ORPHA_178333
ORPHA_85128,Bothnia retinal dystrophy,ORPHA_101081,Charcot-Marie-Tooth disease type 1A,ORPHA_85128__ORPHA_101081
ORPHA_254857,Lethal infantile mitochondrial myopathy,ORPHA_98962,Granular corneal dystrophy type I,ORPHA_98962__ORPHA_254857
ORPHA_67047,3-methylglutaconic aciduria type 3,ORPHA_99725,Pituitary gigantism,ORPHA_67047__ORPHA_99725
ORPHA_178333,\xc3\x85land Islands eye disease,ORPHA_33402,Pediatric hepatocellular carcinoma,ORPHA_33402__ORPHA_178333
ORPHA_364055,Severe early-childhood-onset retinal dystrophy,ORPHA_99953,Charcot-Marie-Tooth disease type 4G,ORPHA_99953__ORPHA_364055
ORPHA_364055,Severe early-childhood-onset retinal dystrophy,ORPHA_97282,VIPoma,ORPHA_97282__ORPHA_364055
ORPHA_1243,Best vitelliform macular dystrophy,ORPHA_101007,Autosomal recessive spastic paraplegia type 27,ORPHA_1243__ORPHA_101007
ORPHA_209004,Axonal polyneuropathy associated with IgG/IgM/IgA monoclonal gammopathy,ORPHA_99000,Adult-onset foveomacular vitelliform dystrophy,ORPHA_99000__ORPHA_209004
ORPHA_178333,\xc3\x85land Islands eye disease,ORPHA_2032,Idiopathic pulmonary fibrosis,ORPHA_2032__ORPHA_178333
ORPHA_79128,Lymphoid interstitial pneumonia,ORPHA_99725,Pituitary gigantism,ORPHA_79128__ORPHA_99725
ORPHA_79126,Acute interstitial pneumonia,ORPHA_85128,Bothnia retinal dystrophy,ORPHA_79126__ORPHA_85128
ORPHA_79126,Acute interstitial pneumonia,ORPHA_75376,Familial drusen,ORPHA_75376__ORPHA_79126
ORPHA_97261,GRFoma,ORPHA_98963,Granular corneal dystrophy type II,ORPHA_97261__ORPHA_98963
ORPHA_1300,Autosomal dominant popliteal pterygium syndrome,ORPHA_99000,Adult-onset foveomacular vitelliform dystrophy,ORPHA_1300__ORPHA_99000
ORPHA_52417,MALT lymphoma,ORPHA_99944,Autosomal dominant Charcot-Marie-Tooth disease type 2K,ORPHA_52417__ORPHA_99944
ORPHA_215,Congenital stationary night blindness,ORPHA_86923,"Hereditary palmoplantar keratoderma, Gamborg-Nielsen type",ORPHA_215__ORPHA_86923
ORPHA_75376,Familial drusen,ORPHA_91348,Functioning gonadotropic adenoma,ORPHA_75376__ORPHA_91348
ORPHA_99000,Adult-onset foveomacular vitelliform dystrophy,ORPHA_100995,Autosomal recessive spastic paraplegia type 14,ORPHA_99000__ORPHA_100995
ORPHA_329478,Adult-onset distal myopathy due to VCP mutation,ORPHA_1243,Best vitelliform macular dystrophy,ORPHA_1243__ORPHA_329478
ORPHA_52417,MALT lymphoma,ORPHA_86919,Keratosis palmaris et plantaris-clinodactyly syndrome,ORPHA_52417__ORPHA_86919
ORPHA_2200,Focal palmoplantar and gingival keratoderma,ORPHA_85128,Bothnia retinal dystrophy,ORPHA_2200__ORPHA_85128
ORPHA_2200,Focal palmoplantar and gingival keratoderma,ORPHA_364055,Severe early-childhood-onset retinal dystrophy,ORPHA_2200__ORPHA_364055
ORPHA_275,Severe combined immunodeficiency due to DCLRE1C deficiency,ORPHA_1243,Best vitelliform macular dystrophy,ORPHA_275__ORPHA_1243
ORPHA_293621,X-linked endothelial corneal dystrophy,ORPHA_99953,Charcot-Marie-Tooth disease type 4G,ORPHA_99953__ORPHA_293621
ORPHA_251623,Pituicytoma,ORPHA_659,Mutilating palmoplantar keratoderma with periorificial keratotic plaques,ORPHA_659__ORPHA_251623
ORPHA_319552,Mendelian susceptibility to mycobacterial diseases due to complete IL12RB1 deficiency,ORPHA_98963,Granular corneal dystrophy type II,ORPHA_98963__ORPHA_319552
ORPHA_34516,DNAJB6-related limb-girdle muscular dystrophy D1,ORPHA_99725,Pituitary gigantism,ORPHA_34516__ORPHA_99725
ORPHA_1671,Split cord malformation type I,ORPHA_254854,Pure mitochondrial myopathy,ORPHA_1671__ORPHA_254854
ORPHA_293381,Epithelial recurrent erosion dystrophy,ORPHA_97282,VIPoma,ORPHA_97282__ORPHA_293381
ORPHA_137599,Herpes simplex virus stromal keratitis,ORPHA_99940,Autosomal dominant Charcot-Marie-Tooth disease type 2F,ORPHA_99940__ORPHA_137599
ORPHA_2302,Asbestos intoxication,ORPHA_75376,Familial drusen,ORPHA_2302__ORPHA_75376
ORPHA_171622,Autosomal recessive spastic paraplegia type 32,ORPHA_52417,MALT lymphoma,ORPHA_52417__ORPHA_171622
ORPHA_75376,Familial drusen,ORPHA_97278,PPoma,ORPHA_75376__ORPHA_97278
ORPHA_91359,Chronic pneumonitis of infancy,ORPHA_98962,Granular corneal dystrophy type I,ORPHA_91359__ORPHA_98962
ORPHA_137599,Herpes simplex virus stromal keratitis,ORPHA_101081,Charcot-Marie-Tooth disease type 1A,ORPHA_101081__ORPHA_137599
ORPHA_169154,T-B+ severe combined immunodeficiency due to IL-7Ralpha deficiency,ORPHA_254857,Lethal infantile mitochondrial myopathy,ORPHA_169154__ORPHA_254857
ORPHA_215,Congenital stationary night blindness,ORPHA_206549,Anoctamin-5-related limb-girdle muscular dystrophy R12,ORPHA_215__ORPHA_206549
ORPHA_293621,X-linked endothelial corneal dystrophy,ORPHA_97278,PPoma,ORPHA_97278__ORPHA_293621
ORPHA_488333,Autosomal dominant Charcot-Marie-Tooth disease type 2W,ORPHA_75376,Familial drusen,ORPHA_75376__ORPHA_488333
ORPHA_254857,Lethal infantile mitochondrial myopathy,ORPHA_1243,Best vitelliform macular dystrophy,ORPHA_1243__ORPHA_254857
ORPHA_364055,Severe early-childhood-onset retinal dystrophy,ORPHA_724,Idiopathic acute eosinophilic pneumonia,ORPHA_724__ORPHA_364055
ORPHA_254857,Lethal infantile mitochondrial myopathy,ORPHA_91349,Non-functioning pituitary adenoma,ORPHA_91349__ORPHA_254857
ORPHA_178333,\xc3\x85land Islands eye disease,ORPHA_1302,Cryptogenic organizing pneumonia,ORPHA_1302__ORPHA_178333
ORPHA_254857,Lethal infantile mitochondrial myopathy,ORPHA_2965,Prolactinoma,ORPHA_2965__ORPHA_254857
ORPHA_254857,Lethal infantile mitochondrial myopathy,ORPHA_226313,Congenital hypothyroidism due to maternal intake of antithyroid drugs,ORPHA_226313__ORPHA_254857
ORPHA_254857,Lethal infantile mitochondrial myopathy,ORPHA_261250,16q24.3 microdeletion syndrome,ORPHA_254857__ORPHA_261250
ORPHA_137596,Neurotrophic keratopathy,ORPHA_399103,Distal nebulin myopathy,ORPHA_137596__ORPHA_399103
ORPHA_206549,Anoctamin-5-related limb-girdle muscular dystrophy R12,ORPHA_85128,Bothnia retinal dystrophy,ORPHA_85128__ORPHA_206549
ORPHA_75376,Familial drusen,ORPHA_33402,Pediatric hepatocellular carcinoma,ORPHA_33402__ORPHA_75376
ORPHA_827,Stargardt disease,ORPHA_90035,Paroxysmal cold hemoglobinuria,ORPHA_827__ORPHA_90035
ORPHA_3115,Roussy-L\xc3\xa9vy syndrome,ORPHA_99725,Pituitary gigantism,ORPHA_3115__ORPHA_99725
ORPHA_75840,"Congenital muscular dystrophy, Ullrich type",ORPHA_99725,Pituitary gigantism,ORPHA_75840__ORPHA_99725
ORPHA_98962,Granular corneal dystrophy type I,ORPHA_99953,Charcot-Marie-Tooth disease type 4G,ORPHA_98962__ORPHA_99953
ORPHA_171612,Autosomal dominant spastic paraplegia type 37,ORPHA_1243,Best vitelliform macular dystrophy,ORPHA_1243__ORPHA_171612
ORPHA_319552,Mendelian susceptibility to mycobacterial diseases due to complete IL12RB1 deficiency,ORPHA_293381,Epithelial recurrent erosion dystrophy,ORPHA_293381__ORPHA_319552
ORPHA_364055,Severe early-childhood-onset retinal dystrophy,ORPHA_33402,Pediatric hepatocellular carcinoma,ORPHA_33402__ORPHA_364055
ORPHA_215,Congenital stationary night blindness,ORPHA_86919,Keratosis palmaris et plantaris-clinodactyly syndrome,ORPHA_215__ORPHA_86919
ORPHA_254857,Lethal infantile mitochondrial myopathy,ORPHA_95715,Congenital hypothyroidism due to transplacental passage of TSH-binding inhibitory antibodies,ORPHA_95715__ORPHA_254857
ORPHA_495,Transgrediens et progrediens palmoplantar keratoderma,ORPHA_369840,TRAPPC11-related limb-girdle muscular dystrophy R18,ORPHA_495__ORPHA_369840
ORPHA_364055,Severe early-childhood-onset retinal dystrophy,ORPHA_530838,KRT1-related diffuse nonepidermolytic keratoderma,ORPHA_364055__ORPHA_530838
ORPHA_913,Zollinger-Ellison syndrome,ORPHA_293603,Congenital hereditary endothelial dystrophy type II,ORPHA_913__ORPHA_293603
ORPHA_254857,Lethal infantile mitochondrial myopathy,ORPHA_399805,Male infertility with azoospermia or oligozoospermia due to single gene mutation,ORPHA_254857__ORPHA_399805
ORPHA_97280,Glucagonoma,ORPHA_99944,Autosomal dominant Charcot-Marie-Tooth disease type 2K,ORPHA_97280__ORPHA_99944
ORPHA_1243,Best vitelliform macular dystrophy,ORPHA_319552,Mendelian susceptibility to mycobacterial diseases due to complete IL12RB1 deficiency,ORPHA_1243__ORPHA_319552
ORPHA_1243,Best vitelliform macular dystrophy,ORPHA_399081,KLHL9-related early-onset distal myopathy,ORPHA_1243__ORPHA_399081
ORPHA_91348,Functioning gonadotropic adenoma,ORPHA_99953,Charcot-Marie-Tooth disease type 4G,ORPHA_91348__ORPHA_99953
ORPHA_137596,Neurotrophic keratopathy,ORPHA_399086,Finnish upper limb-onset distal myopathy,ORPHA_137596__ORPHA_399086
ORPHA_314769,Somatomammotropinoma,ORPHA_98963,Granular corneal dystrophy type II,ORPHA_98963__ORPHA_314769
ORPHA_215,Congenital stationary night blindness,ORPHA_319552,Mendelian susceptibility to mycobacterial diseases due to complete IL12RB1 deficiency,ORPHA_215__ORPHA_319552
ORPHA_320370,Autosomal recessive spastic paraplegia type 43,ORPHA_99000,Adult-onset foveomacular vitelliform dystrophy,ORPHA_99000__ORPHA_320370
ORPHA_75376,Familial drusen,ORPHA_87503,Mal de Meleda,ORPHA_75376__ORPHA_87503
ORPHA_52417,MALT lymphoma,ORPHA_101008,Autosomal recessive spastic paraplegia type 28,ORPHA_52417__ORPHA_101008
ORPHA_215,Congenital stationary night blindness,ORPHA_70587,Infant acute respiratory distress syndrome,ORPHA_215__ORPHA_70587
ORPHA_75378,Oligocone trichromacy,ORPHA_86919,Keratosis palmaris et plantaris-clinodactyly syndrome,ORPHA_75378__ORPHA_86919
ORPHA_98963,Granular corneal dystrophy type II,ORPHA_99944,Autosomal dominant Charcot-Marie-Tooth disease type 2K,ORPHA_98963__ORPHA_99944
ORPHA_495,Transgrediens et progrediens palmoplantar keratoderma,ORPHA_34516,DNAJB6-related limb-girdle muscular dystrophy D1,ORPHA_495__ORPHA_34516
ORPHA_99725,Pituitary gigantism,ORPHA_99950,Charcot-Marie-Tooth disease type 4D,ORPHA_99725__ORPHA_99950
ORPHA_215,Congenital stationary night blindness,ORPHA_2200,Focal palmoplantar and gingival keratoderma,ORPHA_215__ORPHA_2200
ORPHA_163934,Atopic keratoconjunctivitis,ORPHA_254864,Mitochondrial myopathy with reversible cytochrome C oxidase deficiency,ORPHA_163934__ORPHA_254864
ORPHA_99725,Pituitary gigantism,ORPHA_99940,Autosomal dominant Charcot-Marie-Tooth disease type 2F,ORPHA_99725__ORPHA_99940
ORPHA_86918,Diffuse palmoplantar keratoderma-acrocyanosis syndrome,ORPHA_99000,Adult-onset foveomacular vitelliform dystrophy,ORPHA_86918__ORPHA_99000
ORPHA_319600,Mendelian susceptibility to mycobacterial diseases due to partial IRF8 deficiency,ORPHA_75376,Familial drusen,ORPHA_75376__ORPHA_319600
ORPHA_1243,Best vitelliform macular dystrophy,ORPHA_100985,Autosomal dominant spastic paraplegia type 4,ORPHA_1243__ORPHA_100985
ORPHA_178333,\xc3\x85land Islands eye disease,ORPHA_435387,Autosomal dominant Charcot-Marie-Tooth disease type 2Y,ORPHA_178333__ORPHA_435387
ORPHA_724,Idiopathic acute eosinophilic pneumonia,ORPHA_67047,3-methylglutaconic aciduria type 3,ORPHA_724__ORPHA_67047
ORPHA_293621,X-linked endothelial corneal dystrophy,ORPHA_86918,Diffuse palmoplantar keratoderma-acrocyanosis syndrome,ORPHA_86918__ORPHA_293621
ORPHA_79126,Acute interstitial pneumonia,ORPHA_52427,Retinitis punctata albescens,ORPHA_52427__ORPHA_79126
ORPHA_495,Transgrediens et progrediens palmoplantar keratoderma,ORPHA_52427,Retinitis punctata albescens,ORPHA_495__ORPHA_52427
ORPHA_2200,Focal palmoplantar and gingival keratoderma,ORPHA_34516,DNAJB6-related limb-girdle muscular dystrophy D1,ORPHA_2200__ORPHA_34516
ORPHA_254857,Lethal infantile mitochondrial myopathy,ORPHA_97280,Glucagonoma,ORPHA_97280__ORPHA_254857
ORPHA_364055,Severe early-childhood-onset retinal dystrophy,ORPHA_97283,Somatostatinoma,ORPHA_97283__ORPHA_364055
ORPHA_464440,"Primary dystonia, DYT27 type",ORPHA_99725,Pituitary gigantism,ORPHA_99725__ORPHA_464440
ORPHA_2201,Palmoplantar keratoderma-spastic paralysis syndrome,ORPHA_1243,Best vitelliform macular dystrophy,ORPHA_1243__ORPHA_2201
ORPHA_85128,Bothnia retinal dystrophy,ORPHA_99940,Autosomal dominant Charcot-Marie-Tooth disease type 2F,ORPHA_85128__ORPHA_99940
ORPHA_90035,Paroxysmal cold hemoglobinuria,ORPHA_85128,Bothnia retinal dystrophy,ORPHA_85128__ORPHA_90035
ORPHA_33111,Granulomatous slack skin,ORPHA_101085,Charcot-Marie-Tooth disease type 1F,ORPHA_33111__ORPHA_101085
ORPHA_456328,X-linked myotubular myopathy-abnormal genitalia syndrome,ORPHA_99000,Adult-onset foveomacular vitelliform dystrophy,ORPHA_99000__ORPHA_456328
ORPHA_133,Chronic beryllium disease,ORPHA_75376,Familial drusen,ORPHA_133__ORPHA_75376
ORPHA_71275,Rh deficiency syndrome,ORPHA_99000,Adult-onset foveomacular vitelliform dystrophy,ORPHA_71275__ORPHA_99000
ORPHA_206549,Anoctamin-5-related limb-girdle muscular dystrophy R12,ORPHA_67042,Late-onset retinal degeneration,ORPHA_67042__ORPHA_206549
ORPHA_99725,Pituitary gigantism,ORPHA_98962,Granular corneal dystrophy type I,ORPHA_98962__ORPHA_99725
ORPHA_401815,Autosomal recessive spastic paraplegia type 66,ORPHA_52417,MALT lymphoma,ORPHA_52417__ORPHA_401815
ORPHA_178333,\xc3\x85land Islands eye disease,ORPHA_97282,VIPoma,ORPHA_97282__ORPHA_178333
ORPHA_52417,MALT lymphoma,ORPHA_86918,Diffuse palmoplantar keratoderma-acrocyanosis syndrome,ORPHA_52417__ORPHA_86918
ORPHA_724,Idiopathic acute eosinophilic pneumonia,ORPHA_98963,Granular corneal dystrophy type II,ORPHA_724__ORPHA_98963
ORPHA_99000,Adult-onset foveomacular vitelliform dystrophy,ORPHA_99928,Placental site trophoblastic tumor,ORPHA_99000__ORPHA_99928
ORPHA_2271,Congenital ichthyosis-microcephalus-tetraplegia syndrome,ORPHA_913,Zollinger-Ellison syndrome,ORPHA_913__ORPHA_2271
ORPHA_52427,Retinitis punctata albescens,ORPHA_99948,Charcot-Marie-Tooth disease type 4A,ORPHA_52427__ORPHA_99948
ORPHA_293603,Congenital hereditary endothelial dystrophy type II,ORPHA_101081,Charcot-Marie-Tooth disease type 1A,ORPHA_101081__ORPHA_293603
ORPHA_827,Stargardt disease,ORPHA_97278,PPoma,ORPHA_827__ORPHA_97278
ORPHA_99000,Adult-onset foveomacular vitelliform dystrophy,ORPHA_101008,Autosomal recessive spastic paraplegia type 28,ORPHA_99000__ORPHA_101008
ORPHA_2032,Idiopathic pulmonary fibrosis,ORPHA_101081,Charcot-Marie-Tooth disease type 1A,ORPHA_2032__ORPHA_101081
ORPHA_67042,Late-onset retinal degeneration,ORPHA_91359,Chronic pneumonitis of infancy,ORPHA_67042__ORPHA_91359
ORPHA_364055,Severe early-childhood-onset retinal dystrophy,ORPHA_659,Mutilating palmoplantar keratoderma with periorificial keratotic plaques,ORPHA_659__ORPHA_364055
ORPHA_1243,Best vitelliform macular dystrophy,ORPHA_34516,DNAJB6-related limb-girdle muscular dystrophy D1,ORPHA_1243__ORPHA_34516
ORPHA_721,Gray platelet syndrome,ORPHA_98963,Granular corneal dystrophy type II,ORPHA_721__ORPHA_98963
ORPHA_1243,Best vitelliform macular dystrophy,ORPHA_101085,Charcot-Marie-Tooth disease type 1F,ORPHA_1243__ORPHA_101085
ORPHA_137599,Herpes simplex virus stromal keratitis,ORPHA_99939,Autosomal dominant Charcot-Marie-Tooth disease type 2E,ORPHA_99939__ORPHA_137599
ORPHA_721,Gray platelet syndrome,ORPHA_86923,"Hereditary palmoplantar keratoderma, Gamborg-Nielsen type",ORPHA_721__ORPHA_86923
ORPHA_99725,Pituitary gigantism,ORPHA_98806,"Primary dystonia, DYT6 type",ORPHA_98806__ORPHA_99725
ORPHA_2334,Autosomal dominant keratitis,ORPHA_314769,Somatomammotropinoma,ORPHA_2334__ORPHA_314769
ORPHA_99000,Adult-onset foveomacular vitelliform dystrophy,ORPHA_99953,Charcot-Marie-Tooth disease type 4G,ORPHA_99000__ORPHA_99953
ORPHA_1243,Best vitelliform macular dystrophy,ORPHA_724,Idiopathic acute eosinophilic pneumonia,ORPHA_724__ORPHA_1243
ORPHA_399086,Finnish upper limb-onset distal myopathy,ORPHA_99725,Pituitary gigantism,ORPHA_99725__ORPHA_399086
ORPHA_1243,Best vitelliform macular dystrophy,ORPHA_100993,Autosomal dominant spastic paraplegia type 12,ORPHA_1243__ORPHA_100993
ORPHA_721,Gray platelet syndrome,ORPHA_99949,Charcot-Marie-Tooth disease type 4C,ORPHA_721__ORPHA_99949
ORPHA_1243,Best vitelliform macular dystrophy,ORPHA_99939,Autosomal dominant Charcot-Marie-Tooth disease type 2E,ORPHA_1243__ORPHA_99939
ORPHA_99725,Pituitary gigantism,ORPHA_101097,Autosomal recessive Charcot-Marie-Tooth disease with hoarseness,ORPHA_99725__ORPHA_101097
ORPHA_935,Short-limb skeletal dysplasia with severe combined immunodeficiency,ORPHA_254864,Mitochondrial myopathy with reversible cytochrome C oxidase deficiency,ORPHA_935__ORPHA_254864
ORPHA_827,Stargardt disease,ORPHA_70587,Infant acute respiratory distress syndrome,ORPHA_827__ORPHA_70587
ORPHA_254857,Lethal infantile mitochondrial myopathy,ORPHA_86884,Subcutaneous panniculitis-like T-cell lymphoma,ORPHA_86884__ORPHA_254857
ORPHA_42062,Iminoglycinuria,ORPHA_99000,Adult-onset foveomacular vitelliform dystrophy,ORPHA_42062__ORPHA_99000
ORPHA_293603,Congenital hereditary endothelial dystrophy type II,ORPHA_86918,Diffuse palmoplantar keratoderma-acrocyanosis syndrome,ORPHA_86918__ORPHA_293603
ORPHA_319552,Mendelian susceptibility to mycobacterial diseases due to complete IL12RB1 deficiency,ORPHA_85128,Bothnia retinal dystrophy,ORPHA_85128__ORPHA_319552
ORPHA_293621,X-linked endothelial corneal dystrophy,ORPHA_91359,Chronic pneumonitis of infancy,ORPHA_91359__ORPHA_293621
ORPHA_293621,X-linked endothelial corneal dystrophy,ORPHA_79127,Respiratory bronchiolitis-interstitial lung disease syndrome,ORPHA_79127__ORPHA_293621
ORPHA_85128,Bothnia retinal dystrophy,ORPHA_99944,Autosomal dominant Charcot-Marie-Tooth disease type 2K,ORPHA_85128__ORPHA_99944
ORPHA_293603,Congenital hereditary endothelial dystrophy type II,ORPHA_33111,Granulomatous slack skin,ORPHA_33111__ORPHA_293603
ORPHA_267,Calpain-3-related limb-girdle muscular dystrophy R1,ORPHA_52417,MALT lymphoma,ORPHA_267__ORPHA_52417
ORPHA_1243,Best vitelliform macular dystrophy,ORPHA_401780,Autosomal recessive spastic paraplegia type 61,ORPHA_1243__ORPHA_401780
ORPHA_724,Idiopathic acute eosinophilic pneumonia,ORPHA_67042,Late-onset retinal degeneration,ORPHA_724__ORPHA_67042
ORPHA_314769,Somatomammotropinoma,ORPHA_85128,Bothnia retinal dystrophy,ORPHA_85128__ORPHA_314769
ORPHA_97280,Glucagonoma,ORPHA_101082,Charcot-Marie-Tooth disease type 1B,ORPHA_97280__ORPHA_101082
ORPHA_2148,Lissencephaly type 1 due to doublecortin gene mutation,ORPHA_1243,Best vitelliform macular dystrophy,ORPHA_1243__ORPHA_2148
ORPHA_320370,Autosomal recessive spastic paraplegia type 43,ORPHA_52417,MALT lymphoma,ORPHA_52417__ORPHA_320370
ORPHA_79127,Respiratory bronchiolitis-interstitial lung disease syndrome,ORPHA_98963,Granular corneal dystrophy type II,ORPHA_79127__ORPHA_98963
ORPHA_75376,Familial drusen,ORPHA_34516,DNAJB6-related limb-girdle muscular dystrophy D1,ORPHA_34516__ORPHA_75376
ORPHA_320355,Autosomal dominant spastic paraplegia type 41,ORPHA_99000,Adult-onset foveomacular vitelliform dystrophy,ORPHA_99000__ORPHA_320355
ORPHA_79127,Respiratory bronchiolitis-interstitial lung disease syndrome,ORPHA_98962,Granular corneal dystrophy type I,ORPHA_79127__ORPHA_98962
ORPHA_33111,Granulomatous slack skin,ORPHA_99950,Charcot-Marie-Tooth disease type 4D,ORPHA_33111__ORPHA_99950
ORPHA_254854,Pure mitochondrial myopathy,ORPHA_261344,Trisomy 1q,ORPHA_254854__ORPHA_261344
ORPHA_99725,Pituitary gigantism,ORPHA_99000,Adult-onset foveomacular vitelliform dystrophy,ORPHA_99000__ORPHA_99725
ORPHA_530838,KRT1-related diffuse nonepidermolytic keratoderma,ORPHA_52427,Retinitis punctata albescens,ORPHA_52427__ORPHA_530838
ORPHA_530838,KRT1-related diffuse nonepidermolytic keratoderma,ORPHA_85128,Bothnia retinal dystrophy,ORPHA_85128__ORPHA_530838
ORPHA_1621,3q13 microdeletion syndrome,ORPHA_254857,Lethal infantile mitochondrial myopathy,ORPHA_1621__ORPHA_254857
ORPHA_435387,Autosomal dominant Charcot-Marie-Tooth disease type 2Y,ORPHA_75376,Familial drusen,ORPHA_75376__ORPHA_435387
ORPHA_137599,Herpes simplex virus stromal keratitis,ORPHA_98912,"Late-onset distal myopathy, Markesbery-Griggs type",ORPHA_98912__ORPHA_137599
ORPHA_137599,Herpes simplex virus stromal keratitis,ORPHA_913,Zollinger-Ellison syndrome,ORPHA_913__ORPHA_137599
ORPHA_67042,Late-onset retinal degeneration,ORPHA_98806,"Primary dystonia, DYT6 type",ORPHA_67042__ORPHA_98806
ORPHA_33111,Granulomatous slack skin,ORPHA_98960,Thiel-Behnke corneal dystrophy,ORPHA_33111__ORPHA_98960
ORPHA_254854,Pure mitochondrial myopathy,ORPHA_33111,Granulomatous slack skin,ORPHA_33111__ORPHA_254854
ORPHA_435387,Autosomal dominant Charcot-Marie-Tooth disease type 2Y,ORPHA_99725,Pituitary gigantism,ORPHA_99725__ORPHA_435387
ORPHA_75376,Familial drusen,ORPHA_99939,Autosomal dominant Charcot-Marie-Tooth disease type 2E,ORPHA_75376__ORPHA_99939
ORPHA_99000,Adult-onset foveomacular vitelliform dystrophy,ORPHA_100988,Autosomal dominant spastic paraplegia type 6,ORPHA_99000__ORPHA_100988
ORPHA_215,Congenital stationary night blindness,ORPHA_97278,PPoma,ORPHA_215__ORPHA_97278
ORPHA_329314,Adult-onset multiple mitochondrial DNA deletion syndrome due to DGUOK deficiency,ORPHA_2032,Idiopathic pulmonary fibrosis,ORPHA_2032__ORPHA_329314
ORPHA_87503,Mal de Meleda,ORPHA_85128,Bothnia retinal dystrophy,ORPHA_85128__ORPHA_87503
ORPHA_137599,Herpes simplex virus stromal keratitis,ORPHA_42,Medium chain acyl-CoA dehydrogenase deficiency,ORPHA_42__ORPHA_137599
ORPHA_364055,Severe early-childhood-onset retinal dystrophy,ORPHA_79127,Respiratory bronchiolitis-interstitial lung disease syndrome,ORPHA_79127__ORPHA_364055
ORPHA_293381,Epithelial recurrent erosion dystrophy,ORPHA_91348,Functioning gonadotropic adenoma,ORPHA_91348__ORPHA_293381
ORPHA_3002,Immune thrombocytopenia,ORPHA_101081,Charcot-Marie-Tooth disease type 1A,ORPHA_3002__ORPHA_101081
ORPHA_98974,Fuchs endothelial corneal dystrophy,ORPHA_99953,Charcot-Marie-Tooth disease type 4G,ORPHA_98974__ORPHA_99953
ORPHA_178333,\xc3\x85land Islands eye disease,ORPHA_913,Zollinger-Ellison syndrome,ORPHA_913__ORPHA_178333
ORPHA_724,Idiopathic acute eosinophilic pneumonia,ORPHA_91495,Persistent hyperplastic primary vitreous,ORPHA_724__ORPHA_91495
ORPHA_79127,Respiratory bronchiolitis-interstitial lung disease syndrome,ORPHA_98974,Fuchs endothelial corneal dystrophy,ORPHA_79127__ORPHA_98974
ORPHA_1145,Infantile-onset X-linked spinal muscular atrophy,ORPHA_99000,Adult-onset foveomacular vitelliform dystrophy,ORPHA_1145__ORPHA_99000
ORPHA_137599,Herpes simplex virus stromal keratitis,ORPHA_399081,KLHL9-related early-onset distal myopathy,ORPHA_137599__ORPHA_399081
ORPHA_1302,Cryptogenic organizing pneumonia,ORPHA_52427,Retinitis punctata albescens,ORPHA_1302__ORPHA_52427
ORPHA_99000,Adult-onset foveomacular vitelliform dystrophy,ORPHA_100989,Autosomal dominant spastic paraplegia type 8,ORPHA_99000__ORPHA_100989
ORPHA_293603,Congenital hereditary endothelial dystrophy type II,ORPHA_99950,Charcot-Marie-Tooth disease type 4D,ORPHA_99950__ORPHA_293603
ORPHA_1243,Best vitelliform macular dystrophy,ORPHA_86843,Acute panmyelosis with myelofibrosis,ORPHA_1243__ORPHA_86843
ORPHA_85128,Bothnia retinal dystrophy,ORPHA_99939,Autosomal dominant Charcot-Marie-Tooth disease type 2E,ORPHA_85128__ORPHA_99939
ORPHA_215,Congenital stationary night blindness,ORPHA_91348,Functioning gonadotropic adenoma,ORPHA_215__ORPHA_91348
ORPHA_178333,\xc3\x85land Islands eye disease,ORPHA_34516,DNAJB6-related limb-girdle muscular dystrophy D1,ORPHA_34516__ORPHA_178333
ORPHA_319514,Combined oxidative phosphorylation defect type 13,ORPHA_314769,Somatomammotropinoma,ORPHA_314769__ORPHA_319514
ORPHA_52417,MALT lymphoma,ORPHA_95232,Lissencephaly due to LIS1 mutation,ORPHA_52417__ORPHA_95232
ORPHA_399805,Male infertility with azoospermia or oligozoospermia due to single gene mutation,ORPHA_75376,Familial drusen,ORPHA_75376__ORPHA_399805
ORPHA_827,Stargardt disease,ORPHA_251623,Pituicytoma,ORPHA_827__ORPHA_251623
ORPHA_98963,Granular corneal dystrophy type II,ORPHA_99953,Charcot-Marie-Tooth disease type 4G,ORPHA_98963__ORPHA_99953
ORPHA_206549,Anoctamin-5-related limb-girdle muscular dystrophy R12,ORPHA_293603,Congenital hereditary endothelial dystrophy type II,ORPHA_206549__ORPHA_293603
ORPHA_364055,Severe early-childhood-onset retinal dystrophy,ORPHA_488333,Autosomal dominant Charcot-Marie-Tooth disease type 2W,ORPHA_364055__ORPHA_488333
ORPHA_1243,Best vitelliform macular dystrophy,ORPHA_99931,Idiopathic pulmonary hemosiderosis,ORPHA_1243__ORPHA_99931
ORPHA_1243,Best vitelliform macular dystrophy,ORPHA_26792,Short chain acyl-CoA dehydrogenase deficiency,ORPHA_1243__ORPHA_26792
ORPHA_254864,Mitochondrial myopathy with reversible cytochrome C oxidase deficiency,ORPHA_98963,Granular corneal dystrophy type II,ORPHA_98963__ORPHA_254864
ORPHA_137596,Neurotrophic keratopathy,ORPHA_97240,Zebra body myopathy,ORPHA_97240__ORPHA_137596
ORPHA_91348,Functioning gonadotropic adenoma,ORPHA_98974,Fuchs endothelial corneal dystrophy,ORPHA_91348__ORPHA_98974
ORPHA_215,Congenital stationary night blindness,ORPHA_2199,Epidermolytic palmoplantar keratoderma,ORPHA_215__ORPHA_2199
ORPHA_215,Congenital stationary night blindness,ORPHA_724,Idiopathic acute eosinophilic pneumonia,ORPHA_215__ORPHA_724
ORPHA_401805,Autosomal recessive spastic paraplegia type 63,ORPHA_52417,MALT lymphoma,ORPHA_52417__ORPHA_401805
ORPHA_254854,Pure mitochondrial myopathy,ORPHA_228240,Elastoderma,ORPHA_228240__ORPHA_254854
ORPHA_1598,Monosomy 18p,ORPHA_33111,Granulomatous slack skin,ORPHA_1598__ORPHA_33111
ORPHA_33111,Granulomatous slack skin,ORPHA_99956,Charcot-Marie-Tooth disease type 4B2,ORPHA_33111__ORPHA_99956
ORPHA_79128,Lymphoid interstitial pneumonia,ORPHA_75376,Familial drusen,ORPHA_75376__ORPHA_79128
ORPHA_137599,Herpes simplex virus stromal keratitis,ORPHA_2593,Tubular aggregate myopathy,ORPHA_2593__ORPHA_137599
ORPHA_206549,Anoctamin-5-related limb-girdle muscular dystrophy R12,ORPHA_98960,Thiel-Behnke corneal dystrophy,ORPHA_98960__ORPHA_206549
ORPHA_85128,Bothnia retinal dystrophy,ORPHA_97282,VIPoma,ORPHA_85128__ORPHA_97282
ORPHA_75378,Oligocone trichromacy,ORPHA_91359,Chronic pneumonitis of infancy,ORPHA_75378__ORPHA_91359
ORPHA_52417,MALT lymphoma,ORPHA_98902,Amish nemaline myopathy,ORPHA_52417__ORPHA_98902
ORPHA_364055,Severe early-childhood-onset retinal dystrophy,ORPHA_99950,Charcot-Marie-Tooth disease type 4D,ORPHA_99950__ORPHA_364055
ORPHA_408,Isolated glycerol kinase deficiency,ORPHA_52417,MALT lymphoma,ORPHA_408__ORPHA_52417
ORPHA_254857,Lethal infantile mitochondrial myopathy,ORPHA_85128,Bothnia retinal dystrophy,ORPHA_85128__ORPHA_254857
ORPHA_364055,Severe early-childhood-onset retinal dystrophy,ORPHA_101081,Charcot-Marie-Tooth disease type 1A,ORPHA_101081__ORPHA_364055
ORPHA_85128,Bothnia retinal dystrophy,ORPHA_97278,PPoma,ORPHA_85128__ORPHA_97278
ORPHA_99725,Pituitary gigantism,ORPHA_99948,Charcot-Marie-Tooth disease type 4A,ORPHA_99725__ORPHA_99948
ORPHA_293381,Epithelial recurrent erosion dystrophy,ORPHA_724,Idiopathic acute eosinophilic pneumonia,ORPHA_724__ORPHA_293381
ORPHA_1243,Best vitelliform macular dystrophy,ORPHA_85138,Addison disease,ORPHA_1243__ORPHA_85138
ORPHA_33402,Pediatric hepatocellular carcinoma,ORPHA_52427,Retinitis punctata albescens,ORPHA_33402__ORPHA_52427
ORPHA_33111,Granulomatous slack skin,ORPHA_99953,Charcot-Marie-Tooth disease type 4G,ORPHA_33111__ORPHA_99953
ORPHA_98963,Granular corneal dystrophy type II,ORPHA_101085,Charcot-Marie-Tooth disease type 1F,ORPHA_98963__ORPHA_101085
ORPHA_293381,Epithelial recurrent erosion dystrophy,ORPHA_97283,Somatostatinoma,ORPHA_97283__ORPHA_293381
ORPHA_171622,Autosomal recessive spastic paraplegia type 32,ORPHA_99000,Adult-onset foveomacular vitelliform dystrophy,ORPHA_99000__ORPHA_171622
ORPHA_97278,PPoma,ORPHA_101082,Charcot-Marie-Tooth disease type 1B,ORPHA_97278__ORPHA_101082
ORPHA_3307,Tetrasomy 18p,ORPHA_254857,Lethal infantile mitochondrial myopathy,ORPHA_3307__ORPHA_254857
ORPHA_319514,Combined oxidative phosphorylation defect type 13,ORPHA_721,Gray platelet syndrome,ORPHA_721__ORPHA_319514
ORPHA_486815,Congenital muscular dystrophy-respiratory failure-skin abnormalities-joint hyperlaxity syndrome,ORPHA_99000,Adult-onset foveomacular vitelliform dystrophy,ORPHA_99000__ORPHA_486815
ORPHA_827,Stargardt disease,ORPHA_319552,Mendelian susceptibility to mycobacterial diseases due to complete IL12RB1 deficiency,ORPHA_827__ORPHA_319552
ORPHA_1598,Monosomy 18p,ORPHA_52416,Mantle cell lymphoma,ORPHA_1598__ORPHA_52416
ORPHA_34516,DNAJB6-related limb-girdle muscular dystrophy D1,ORPHA_91348,Functioning gonadotropic adenoma,ORPHA_34516__ORPHA_91348
ORPHA_275,Severe combined immunodeficiency due to DCLRE1C deficiency,ORPHA_254857,Lethal infantile mitochondrial myopathy,ORPHA_275__ORPHA_254857
ORPHA_137599,Herpes simplex virus stromal keratitis,ORPHA_306734,"Primary dystonia, DYT21 type",ORPHA_137599__ORPHA_306734
ORPHA_827,Stargardt disease,ORPHA_254864,Mitochondrial myopathy with reversible cytochrome C oxidase deficiency,ORPHA_827__ORPHA_254864
ORPHA_254857,Lethal infantile mitochondrial myopathy,ORPHA_3162,S\xc3\xa9zary syndrome,ORPHA_3162__ORPHA_254857
ORPHA_137599,Herpes simplex virus stromal keratitis,ORPHA_370103,"Primary dystonia, DYT17 type",ORPHA_137599__ORPHA_370103
ORPHA_435387,Autosomal dominant Charcot-Marie-Tooth disease type 2Y,ORPHA_85128,Bothnia retinal dystrophy,ORPHA_85128__ORPHA_435387
ORPHA_486,Autosomal dominant severe congenital neutropenia,ORPHA_1243,Best vitelliform macular dystrophy,ORPHA_486__ORPHA_1243
ORPHA_137599,Herpes simplex virus stromal keratitis,ORPHA_329466,"Autosomal dominant focal dystonia, DYT25 type",ORPHA_137599__ORPHA_329466
ORPHA_319552,Mendelian susceptibility to mycobacterial diseases due to complete IL12RB1 deficiency,ORPHA_52427,Retinitis punctata albescens,ORPHA_52427__ORPHA_319552
ORPHA_545,Follicular lymphoma,ORPHA_67047,3-methylglutaconic aciduria type 3,ORPHA_545__ORPHA_67047
ORPHA_178333,\xc3\x85land Islands eye disease,ORPHA_99940,Autosomal dominant Charcot-Marie-Tooth disease type 2F,ORPHA_99940__ORPHA_178333
ORPHA_86918,Diffuse palmoplantar keratoderma-acrocyanosis syndrome,ORPHA_98963,Granular corneal dystrophy type II,ORPHA_86918__ORPHA_98963
ORPHA_364055,Severe early-childhood-onset retinal dystrophy,ORPHA_1302,Cryptogenic organizing pneumonia,ORPHA_1302__ORPHA_364055
ORPHA_97280,Glucagonoma,ORPHA_98963,Granular corneal dystrophy type II,ORPHA_97280__ORPHA_98963
ORPHA_75378,Oligocone trichromacy,ORPHA_97278,PPoma,ORPHA_75378__ORPHA_97278
ORPHA_827,Stargardt disease,ORPHA_97282,VIPoma,ORPHA_827__ORPHA_97282
ORPHA_137596,Neurotrophic keratopathy,ORPHA_370997,Muscle-eye-brain disease with bilateral multicystic leucodystrophy,ORPHA_137596__ORPHA_370997
ORPHA_1243,Best vitelliform macular dystrophy,ORPHA_435387,Autosomal dominant Charcot-Marie-Tooth disease type 2Y,ORPHA_1243__ORPHA_435387
ORPHA_827,Stargardt disease,ORPHA_33111,Granulomatous slack skin,ORPHA_827__ORPHA_33111
ORPHA_97282,VIPoma,ORPHA_98974,Fuchs endothelial corneal dystrophy,ORPHA_97282__ORPHA_98974
ORPHA_1598,Monosomy 18p,ORPHA_33402,Pediatric hepatocellular carcinoma,ORPHA_1598__ORPHA_33402
ORPHA_401840,Autosomal recessive spastic paraplegia type 71,ORPHA_99000,Adult-onset foveomacular vitelliform dystrophy,ORPHA_99000__ORPHA_401840
ORPHA_2199,Epidermolytic palmoplantar keratoderma,ORPHA_1243,Best vitelliform macular dystrophy,ORPHA_1243__ORPHA_2199
ORPHA_1243,Best vitelliform macular dystrophy,ORPHA_1302,Cryptogenic organizing pneumonia,ORPHA_1243__ORPHA_1302
ORPHA_75376,Familial drusen,ORPHA_33111,Granulomatous slack skin,ORPHA_33111__ORPHA_75376
ORPHA_86919,Keratosis palmaris et plantaris-clinodactyly syndrome,ORPHA_99000,Adult-onset foveomacular vitelliform dystrophy,ORPHA_86919__ORPHA_99000
ORPHA_251643,Myxopapillary ependymoma,ORPHA_254857,Lethal infantile mitochondrial myopathy,ORPHA_251643__ORPHA_254857
ORPHA_2200,Focal palmoplantar and gingival keratoderma,ORPHA_254854,Pure mitochondrial myopathy,ORPHA_2200__ORPHA_254854
ORPHA_254854,Pure mitochondrial myopathy,ORPHA_91348,Functioning gonadotropic adenoma,ORPHA_91348__ORPHA_254854
ORPHA_33402,Pediatric hepatocellular carcinoma,ORPHA_85128,Bothnia retinal dystrophy,ORPHA_33402__ORPHA_85128
ORPHA_659,Mutilating palmoplantar keratoderma with periorificial keratotic plaques,ORPHA_91348,Functioning gonadotropic adenoma,ORPHA_659__ORPHA_91348
ORPHA_724,Idiopathic acute eosinophilic pneumonia,ORPHA_98962,Granular corneal dystrophy type I,ORPHA_724__ORPHA_98962
ORPHA_2386,Leukoencephalopathy-palmoplantar keratoderma syndrome,ORPHA_85128,Bothnia retinal dystrophy,ORPHA_2386__ORPHA_85128
ORPHA_370103,"Primary dystonia, DYT17 type",ORPHA_293603,Congenital hereditary endothelial dystrophy type II,ORPHA_293603__ORPHA_370103
ORPHA_97280,Glucagonoma,ORPHA_99950,Charcot-Marie-Tooth disease type 4D,ORPHA_97280__ORPHA_99950
ORPHA_206549,Anoctamin-5-related limb-girdle muscular dystrophy R12,ORPHA_293381,Epithelial recurrent erosion dystrophy,ORPHA_206549__ORPHA_293381
ORPHA_75376,Familial drusen,ORPHA_99947,Autosomal dominant Charcot-Marie-Tooth disease type 2A2,ORPHA_75376__ORPHA_99947
ORPHA_319552,Mendelian susceptibility to mycobacterial diseases due to complete IL12RB1 deficiency,ORPHA_98962,Granular corneal dystrophy type I,ORPHA_98962__ORPHA_319552
ORPHA_399103,Distal nebulin myopathy,ORPHA_724,Idiopathic acute eosinophilic pneumonia,ORPHA_724__ORPHA_399103
ORPHA_91359,Chronic pneumonitis of infancy,ORPHA_101081,Charcot-Marie-Tooth disease type 1A,ORPHA_91359__ORPHA_101081
ORPHA_33402,Pediatric hepatocellular carcinoma,ORPHA_98960,Thiel-Behnke corneal dystrophy,ORPHA_33402__ORPHA_98960
ORPHA_35078,T-B+ severe combined immunodeficiency due to JAK3 deficiency,ORPHA_99000,Adult-onset foveomacular vitelliform dystrophy,ORPHA_35078__ORPHA_99000
ORPHA_364055,Severe early-childhood-onset retinal dystrophy,ORPHA_87503,Mal de Meleda,ORPHA_87503__ORPHA_364055
ORPHA_254864,Mitochondrial myopathy with reversible cytochrome C oxidase deficiency,ORPHA_98960,Thiel-Behnke corneal dystrophy,ORPHA_98960__ORPHA_254864
ORPHA_1243,Best vitelliform macular dystrophy,ORPHA_100078,Ileal neuroendocrine tumor,ORPHA_1243__ORPHA_100078
ORPHA_293381,Epithelial recurrent erosion dystrophy,ORPHA_33402,Pediatric hepatocellular carcinoma,ORPHA_33402__ORPHA_293381
ORPHA_1636,Distal monosomy 7q36,ORPHA_254857,Lethal infantile mitochondrial myopathy,ORPHA_1636__ORPHA_254857
ORPHA_827,Stargardt disease,ORPHA_2302,Asbestos intoxication,ORPHA_827__ORPHA_2302
ORPHA_137599,Herpes simplex virus stromal keratitis,ORPHA_435387,Autosomal dominant Charcot-Marie-Tooth disease type 2Y,ORPHA_137599__ORPHA_435387
ORPHA_1216,Autosomal dominant congenital benign spinal muscular atrophy,ORPHA_99000,Adult-onset foveomacular vitelliform dystrophy,ORPHA_1216__ORPHA_99000
ORPHA_659,Mutilating palmoplantar keratoderma with periorificial keratotic plaques,ORPHA_99953,Charcot-Marie-Tooth disease type 4G,ORPHA_659__ORPHA_99953
ORPHA_827,Stargardt disease,ORPHA_79126,Acute interstitial pneumonia,ORPHA_827__ORPHA_79126
ORPHA_293621,X-linked endothelial corneal dystrophy,ORPHA_724,Idiopathic acute eosinophilic pneumonia,ORPHA_724__ORPHA_293621
ORPHA_2200,Focal palmoplantar and gingival keratoderma,ORPHA_52427,Retinitis punctata albescens,ORPHA_2200__ORPHA_52427
ORPHA_399808,Male infertility with teratozoospermia due to single gene mutation,ORPHA_85128,Bothnia retinal dystrophy,ORPHA_85128__ORPHA_399808
ORPHA_70587,Infant acute respiratory distress syndrome,ORPHA_98963,Granular corneal dystrophy type II,ORPHA_70587__ORPHA_98963
ORPHA_293603,Congenital hereditary endothelial dystrophy type II,ORPHA_97282,VIPoma,ORPHA_97282__ORPHA_293603
ORPHA_659,Mutilating palmoplantar keratoderma with periorificial keratotic plaques,ORPHA_99944,Autosomal dominant Charcot-Marie-Tooth disease type 2K,ORPHA_659__ORPHA_99944
ORPHA_435387,Autosomal dominant Charcot-Marie-Tooth disease type 2Y,ORPHA_33111,Granulomatous slack skin,ORPHA_33111__ORPHA_435387
ORPHA_3002,Immune thrombocytopenia,ORPHA_99953,Charcot-Marie-Tooth disease type 4G,ORPHA_3002__ORPHA_99953
ORPHA_364055,Severe early-childhood-onset retinal dystrophy,ORPHA_91359,Chronic pneumonitis of infancy,ORPHA_91359__ORPHA_364055
ORPHA_75378,Oligocone trichromacy,ORPHA_86918,Diffuse palmoplantar keratoderma-acrocyanosis syndrome,ORPHA_75378__ORPHA_86918
ORPHA_254857,Lethal infantile mitochondrial myopathy,ORPHA_98960,Thiel-Behnke corneal dystrophy,ORPHA_98960__ORPHA_254857
ORPHA_370103,"Primary dystonia, DYT17 type",ORPHA_98963,Granular corneal dystrophy type II,ORPHA_98963__ORPHA_370103
ORPHA_215,Congenital stationary night blindness,ORPHA_99953,Charcot-Marie-Tooth disease type 4G,ORPHA_215__ORPHA_99953
ORPHA_85128,Bothnia retinal dystrophy,ORPHA_101085,Charcot-Marie-Tooth disease type 1F,ORPHA_85128__ORPHA_101085
ORPHA_91348,Functioning gonadotropic adenoma,ORPHA_98964,Lattice corneal dystrophy type I,ORPHA_91348__ORPHA_98964
ORPHA_215,Congenital stationary night blindness,ORPHA_1302,Cryptogenic organizing pneumonia,ORPHA_215__ORPHA_1302
ORPHA_1243,Best vitelliform macular dystrophy,ORPHA_90035,Paroxysmal cold hemoglobinuria,ORPHA_1243__ORPHA_90035
ORPHA_52416,Mantle cell lymphoma,ORPHA_86918,Diffuse palmoplantar keratoderma-acrocyanosis syndrome,ORPHA_52416__ORPHA_86918
ORPHA_370103,"Primary dystonia, DYT17 type",ORPHA_75376,Familial drusen,ORPHA_75376__ORPHA_370103
ORPHA_827,Stargardt disease,ORPHA_2199,Epidermolytic palmoplantar keratoderma,ORPHA_827__ORPHA_2199
ORPHA_482601,Adenylosuccinate synthetase-like 1-related distal myopathy,ORPHA_99725,Pituitary gigantism,ORPHA_99725__ORPHA_482601
ORPHA_251623,Pituicytoma,ORPHA_67042,Late-onset retinal degeneration,ORPHA_67042__ORPHA_251623
ORPHA_913,Zollinger-Ellison syndrome,ORPHA_293621,X-linked endothelial corneal dystrophy,ORPHA_913__ORPHA_293621
ORPHA_33111,Granulomatous slack skin,ORPHA_99940,Autosomal dominant Charcot-Marie-Tooth disease type 2F,ORPHA_33111__ORPHA_99940
ORPHA_2386,Leukoencephalopathy-palmoplantar keratoderma syndrome,ORPHA_75376,Familial drusen,ORPHA_2386__ORPHA_75376
ORPHA_2386,Leukoencephalopathy-palmoplantar keratoderma syndrome,ORPHA_721,Gray platelet syndrome,ORPHA_721__ORPHA_2386
ORPHA_67042,Late-onset retinal degeneration,ORPHA_99948,Charcot-Marie-Tooth disease type 4A,ORPHA_67042__ORPHA_99948
ORPHA_33402,Pediatric hepatocellular carcinoma,ORPHA_98964,Lattice corneal dystrophy type I,ORPHA_33402__ORPHA_98964
ORPHA_137599,Herpes simplex virus stromal keratitis,ORPHA_86918,Diffuse palmoplantar keratoderma-acrocyanosis syndrome,ORPHA_86918__ORPHA_137599
ORPHA_215,Congenital stationary night blindness,ORPHA_2201,Palmoplantar keratoderma-spastic paralysis syndrome,ORPHA_215__ORPHA_2201
ORPHA_97280,Glucagonoma,ORPHA_99953,Charcot-Marie-Tooth disease type 4G,ORPHA_97280__ORPHA_99953
ORPHA_228240,Elastoderma,ORPHA_34516,DNAJB6-related limb-girdle muscular dystrophy D1,ORPHA_34516__ORPHA_228240
ORPHA_913,Zollinger-Ellison syndrome,ORPHA_99948,Charcot-Marie-Tooth disease type 4A,ORPHA_913__ORPHA_99948
ORPHA_70587,Infant acute respiratory distress syndrome,ORPHA_52427,Retinitis punctata albescens,ORPHA_52427__ORPHA_70587
ORPHA_314769,Somatomammotropinoma,ORPHA_293603,Congenital hereditary endothelial dystrophy type II,ORPHA_293603__ORPHA_314769
ORPHA_2032,Idiopathic pulmonary fibrosis,ORPHA_101082,Charcot-Marie-Tooth disease type 1B,ORPHA_2032__ORPHA_101082
ORPHA_178333,\xc3\x85land Islands eye disease,ORPHA_314769,Somatomammotropinoma,ORPHA_178333__ORPHA_314769
ORPHA_97261,GRFoma,ORPHA_99944,Autosomal dominant Charcot-Marie-Tooth disease type 2K,ORPHA_97261__ORPHA_99944
ORPHA_435387,Autosomal dominant Charcot-Marie-Tooth disease type 2Y,ORPHA_721,Gray platelet syndrome,ORPHA_721__ORPHA_435387
ORPHA_1243,Best vitelliform macular dystrophy,ORPHA_101001,Autosomal recessive spastic paraplegia type 21,ORPHA_1243__ORPHA_101001
ORPHA_85128,Bothnia retinal dystrophy,ORPHA_97283,Somatostatinoma,ORPHA_85128__ORPHA_97283
ORPHA_306550,FADD-related immunodeficiency,ORPHA_99000,Adult-onset foveomacular vitelliform dystrophy,ORPHA_99000__ORPHA_306550
ORPHA_33111,Granulomatous slack skin,ORPHA_99948,Charcot-Marie-Tooth disease type 4A,ORPHA_33111__ORPHA_99948
ORPHA_370997,Muscle-eye-brain disease with bilateral multicystic leucodystrophy,ORPHA_724,Idiopathic acute eosinophilic pneumonia,ORPHA_724__ORPHA_370997
ORPHA_435387,Autosomal dominant Charcot-Marie-Tooth disease type 2Y,ORPHA_67042,Late-onset retinal degeneration,ORPHA_67042__ORPHA_435387
ORPHA_1243,Best vitelliform macular dystrophy,ORPHA_324442,Autosomal recessive axonal neuropathy with neuromyotonia,ORPHA_1243__ORPHA_324442
ORPHA_913,Zollinger-Ellison syndrome,ORPHA_98962,Granular corneal dystrophy type I,ORPHA_913__ORPHA_98962
ORPHA_1243,Best vitelliform macular dystrophy,ORPHA_79126,Acute interstitial pneumonia,ORPHA_1243__ORPHA_79126
ORPHA_1695,Non-distal trisomy 10q,ORPHA_254857,Lethal infantile mitochondrial myopathy,ORPHA_1695__ORPHA_254857
ORPHA_827,Stargardt disease,ORPHA_86923,"Hereditary palmoplantar keratoderma, Gamborg-Nielsen type",ORPHA_827__ORPHA_86923
ORPHA_293621,X-linked endothelial corneal dystrophy,ORPHA_97283,Somatostatinoma,ORPHA_97283__ORPHA_293621
ORPHA_2302,Asbestos intoxication,ORPHA_99725,Pituitary gigantism,ORPHA_2302__ORPHA_99725
ORPHA_86919,Keratosis palmaris et plantaris-clinodactyly syndrome,ORPHA_98960,Thiel-Behnke corneal dystrophy,ORPHA_86919__ORPHA_98960
ORPHA_2334,Autosomal dominant keratitis,ORPHA_724,Idiopathic acute eosinophilic pneumonia,ORPHA_724__ORPHA_2334
ORPHA_97278,PPoma,ORPHA_98964,Lattice corneal dystrophy type I,ORPHA_97278__ORPHA_98964
ORPHA_137599,Herpes simplex virus stromal keratitis,ORPHA_97282,VIPoma,ORPHA_97282__ORPHA_137599
ORPHA_52427,Retinitis punctata albescens,ORPHA_99950,Charcot-Marie-Tooth disease type 4D,ORPHA_52427__ORPHA_99950
ORPHA_724,Idiopathic acute eosinophilic pneumonia,ORPHA_86918,Diffuse palmoplantar keratoderma-acrocyanosis syndrome,ORPHA_724__ORPHA_86918
ORPHA_75376,Familial drusen,ORPHA_98806,"Primary dystonia, DYT6 type",ORPHA_75376__ORPHA_98806
ORPHA_324442,Autosomal recessive axonal neuropathy with neuromyotonia,ORPHA_99725,Pituitary gigantism,ORPHA_99725__ORPHA_324442
ORPHA_293621,X-linked endothelial corneal dystrophy,ORPHA_101081,Charcot-Marie-Tooth disease type 1A,ORPHA_101081__ORPHA_293621
ORPHA_545,Follicular lymphoma,ORPHA_99944,Autosomal dominant Charcot-Marie-Tooth disease type 2K,ORPHA_545__ORPHA_99944
ORPHA_97283,Somatostatinoma,ORPHA_98964,Lattice corneal dystrophy type I,ORPHA_97283__ORPHA_98964
ORPHA_137599,Herpes simplex virus stromal keratitis,ORPHA_399808,Male infertility with teratozoospermia due to single gene mutation,ORPHA_137599__ORPHA_399808
ORPHA_88621,Ichthyosis-prematurity syndrome,ORPHA_99725,Pituitary gigantism,ORPHA_88621__ORPHA_99725
ORPHA_254857,Lethal infantile mitochondrial myopathy,ORPHA_209959,Phacoanaphylactic uveitis,ORPHA_209959__ORPHA_254857
ORPHA_95428,COG8-CDG,ORPHA_99000,Adult-onset foveomacular vitelliform dystrophy,ORPHA_95428__ORPHA_99000
ORPHA_827,Stargardt disease,ORPHA_370103,"Primary dystonia, DYT17 type",ORPHA_827__ORPHA_370103
ORPHA_2271,Congenital ichthyosis-microcephalus-tetraplegia syndrome,ORPHA_98963,Granular corneal dystrophy type II,ORPHA_2271__ORPHA_98963
ORPHA_99000,Adult-onset foveomacular vitelliform dystrophy,ORPHA_99879,Familial isolated hyperparathyroidism,ORPHA_99000__ORPHA_99879
ORPHA_1145,Infantile-onset X-linked spinal muscular atrophy,ORPHA_52417,MALT lymphoma,ORPHA_1145__ORPHA_52417
ORPHA_913,Zollinger-Ellison syndrome,ORPHA_99953,Charcot-Marie-Tooth disease type 4G,ORPHA_913__ORPHA_99953
ORPHA_97283,Somatostatinoma,ORPHA_98974,Fuchs endothelial corneal dystrophy,ORPHA_97283__ORPHA_98974
ORPHA_137599,Herpes simplex virus stromal keratitis,ORPHA_724,Idiopathic acute eosinophilic pneumonia,ORPHA_724__ORPHA_137599
ORPHA_364055,Severe early-childhood-onset retinal dystrophy,ORPHA_99944,Autosomal dominant Charcot-Marie-Tooth disease type 2K,ORPHA_99944__ORPHA_364055
ORPHA_2302,Asbestos intoxication,ORPHA_52427,Retinitis punctata albescens,ORPHA_2302__ORPHA_52427
ORPHA_370103,"Primary dystonia, DYT17 type",ORPHA_98974,Fuchs endothelial corneal dystrophy,ORPHA_98974__ORPHA_370103
ORPHA_293603,Congenital hereditary endothelial dystrophy type II,ORPHA_97278,PPoma,ORPHA_97278__ORPHA_293603
ORPHA_461,Recessive X-linked ichthyosis,ORPHA_52417,MALT lymphoma,ORPHA_461__ORPHA_52417
ORPHA_827,Stargardt disease,ORPHA_93958,Oromandibular dystonia,ORPHA_827__ORPHA_93958
ORPHA_1715,Trisomy 18p,ORPHA_254857,Lethal infantile mitochondrial myopathy,ORPHA_1715__ORPHA_254857
ORPHA_2334,Autosomal dominant keratitis,ORPHA_254857,Lethal infantile mitochondrial myopathy,ORPHA_2334__ORPHA_254857
ORPHA_70587,Infant acute respiratory distress syndrome,ORPHA_75378,Oligocone trichromacy,ORPHA_70587__ORPHA_75378
ORPHA_435387,Autosomal dominant Charcot-Marie-Tooth disease type 2Y,ORPHA_97278,PPoma,ORPHA_97278__ORPHA_435387
ORPHA_913,Zollinger-Ellison syndrome,ORPHA_98964,Lattice corneal dystrophy type I,ORPHA_913__ORPHA_98964
ORPHA_178333,\xc3\x85land Islands eye disease,ORPHA_70587,Infant acute respiratory distress syndrome,ORPHA_70587__ORPHA_178333
ORPHA_364055,Severe early-childhood-onset retinal dystrophy,ORPHA_91348,Functioning gonadotropic adenoma,ORPHA_91348__ORPHA_364055
ORPHA_659,Mutilating palmoplantar keratoderma with periorificial keratotic plaques,ORPHA_101082,Charcot-Marie-Tooth disease type 1B,ORPHA_659__ORPHA_101082
ORPHA_254854,Pure mitochondrial myopathy,ORPHA_264450,Trisomy 8p,ORPHA_254854__ORPHA_264450
ORPHA_97282,VIPoma,ORPHA_99950,Charcot-Marie-Tooth disease type 4D,ORPHA_97282__ORPHA_99950
ORPHA_401805,Autosomal recessive spastic paraplegia type 63,ORPHA_99000,Adult-onset foveomacular vitelliform dystrophy,ORPHA_99000__ORPHA_401805
ORPHA_254857,Lethal infantile mitochondrial myopathy,ORPHA_96149,Distal monosomy 12q,ORPHA_96149__ORPHA_254857
ORPHA_52417,MALT lymphoma,ORPHA_100999,Autosomal dominant spastic paraplegia type 19,ORPHA_52417__ORPHA_100999
ORPHA_97261,GRFoma,ORPHA_98960,Thiel-Behnke corneal dystrophy,ORPHA_97261__ORPHA_98960
ORPHA_827,Stargardt disease,ORPHA_99940,Autosomal dominant Charcot-Marie-Tooth disease type 2F,ORPHA_827__ORPHA_99940
ORPHA_206549,Anoctamin-5-related limb-girdle muscular dystrophy R12,ORPHA_99725,Pituitary gigantism,ORPHA_99725__ORPHA_206549
ORPHA_1875,Congenital muscular dystrophy-infantile cataract-hypogonadism syndrome,ORPHA_724,Idiopathic acute eosinophilic pneumonia,ORPHA_724__ORPHA_1875
ORPHA_1243,Best vitelliform macular dystrophy,ORPHA_70587,Infant acute respiratory distress syndrome,ORPHA_1243__ORPHA_70587
ORPHA_293603,Congenital hereditary endothelial dystrophy type II,ORPHA_70587,Infant acute respiratory distress syndrome,ORPHA_70587__ORPHA_293603
ORPHA_319199,Autosomal recessive spastic paraplegia type 53,ORPHA_99000,Adult-onset foveomacular vitelliform dystrophy,ORPHA_99000__ORPHA_319199
ORPHA_254857,Lethal infantile mitochondrial myopathy,ORPHA_67042,Late-onset retinal degeneration,ORPHA_67042__ORPHA_254857
ORPHA_293621,X-linked endothelial corneal dystrophy,ORPHA_33402,Pediatric hepatocellular carcinoma,ORPHA_33402__ORPHA_293621
ORPHA_1243,Best vitelliform macular dystrophy,ORPHA_401835,Autosomal recessive spastic paraplegia type 70,ORPHA_1243__ORPHA_401835
ORPHA_180229,Polyembryoma,ORPHA_254857,Lethal infantile mitochondrial myopathy,ORPHA_180229__ORPHA_254857
ORPHA_254857,Lethal infantile mitochondrial myopathy,ORPHA_261483,Xq27.3q28 duplication syndrome,ORPHA_254857__ORPHA_261483
ORPHA_70587,Infant acute respiratory distress syndrome,ORPHA_101081,Charcot-Marie-Tooth disease type 1A,ORPHA_70587__ORPHA_101081
ORPHA_721,Gray platelet syndrome,ORPHA_101085,Charcot-Marie-Tooth disease type 1F,ORPHA_721__ORPHA_101085
ORPHA_314769,Somatomammotropinoma,ORPHA_98960,Thiel-Behnke corneal dystrophy,ORPHA_98960__ORPHA_314769
ORPHA_1243,Best vitelliform macular dystrophy,ORPHA_370103,"Primary dystonia, DYT17 type",ORPHA_1243__ORPHA_370103
ORPHA_2302,Asbestos intoxication,ORPHA_1243,Best vitelliform macular dystrophy,ORPHA_1243__ORPHA_2302
ORPHA_34516,DNAJB6-related limb-girdle muscular dystrophy D1,ORPHA_90050,Retinopathy of prematurity,ORPHA_34516__ORPHA_90050
ORPHA_34516,DNAJB6-related limb-girdle muscular dystrophy D1,ORPHA_91495,Persistent hyperplastic primary vitreous,ORPHA_34516__ORPHA_91495
ORPHA_97278,PPoma,ORPHA_99940,Autosomal dominant Charcot-Marie-Tooth disease type 2F,ORPHA_97278__ORPHA_99940
ORPHA_319552,Mendelian susceptibility to mycobacterial diseases due to complete IL12RB1 deficiency,ORPHA_34516,DNAJB6-related limb-girdle muscular dystrophy D1,ORPHA_34516__ORPHA_319552
ORPHA_1243,Best vitelliform macular dystrophy,ORPHA_659,Mutilating palmoplantar keratoderma with periorificial keratotic plaques,ORPHA_659__ORPHA_1243
ORPHA_254854,Pure mitochondrial myopathy,ORPHA_276422,10q22.3q23.3 microduplication syndrome,ORPHA_254854__ORPHA_276422
ORPHA_2200,Focal palmoplantar and gingival keratoderma,ORPHA_254864,Mitochondrial myopathy with reversible cytochrome C oxidase deficiency,ORPHA_2200__ORPHA_254864
ORPHA_369840,TRAPPC11-related limb-girdle muscular dystrophy R18,ORPHA_99725,Pituitary gigantism,ORPHA_99725__ORPHA_369840
ORPHA_254857,Lethal infantile mitochondrial myopathy,ORPHA_97261,GRFoma,ORPHA_97261__ORPHA_254857
ORPHA_329466,"Autosomal dominant focal dystonia, DYT25 type",ORPHA_98963,Granular corneal dystrophy type II,ORPHA_98963__ORPHA_329466
ORPHA_178333,\xc3\x85land Islands eye disease,ORPHA_86923,"Hereditary palmoplantar keratoderma, Gamborg-Nielsen type",ORPHA_86923__ORPHA_178333
ORPHA_211017,Spinocerebellar ataxia type 30,ORPHA_52417,MALT lymphoma,ORPHA_52417__ORPHA_211017
ORPHA_254857,Lethal infantile mitochondrial myopathy,ORPHA_98974,Fuchs endothelial corneal dystrophy,ORPHA_98974__ORPHA_254857
ORPHA_1302,Cryptogenic organizing pneumonia,ORPHA_98974,Fuchs endothelial corneal dystrophy,ORPHA_1302__ORPHA_98974
ORPHA_370997,Muscle-eye-brain disease with bilateral multicystic leucodystrophy,ORPHA_52417,MALT lymphoma,ORPHA_52417__ORPHA_370997
ORPHA_98974,Fuchs endothelial corneal dystrophy,ORPHA_98806,"Primary dystonia, DYT6 type",ORPHA_98806__ORPHA_98974
ORPHA_52417,MALT lymphoma,ORPHA_100994,Autosomal dominant spastic paraplegia type 13,ORPHA_52417__ORPHA_100994
ORPHA_1243,Best vitelliform macular dystrophy,ORPHA_399103,Distal nebulin myopathy,ORPHA_1243__ORPHA_399103
ORPHA_215,Congenital stationary night blindness,ORPHA_314769,Somatomammotropinoma,ORPHA_215__ORPHA_314769
ORPHA_370997,Muscle-eye-brain disease with bilateral multicystic leucodystrophy,ORPHA_52416,Mantle cell lymphoma,ORPHA_52416__ORPHA_370997
ORPHA_293603,Congenital hereditary endothelial dystrophy type II,ORPHA_79127,Respiratory bronchiolitis-interstitial lung disease syndrome,ORPHA_79127__ORPHA_293603
ORPHA_913,Zollinger-Ellison syndrome,ORPHA_75376,Familial drusen,ORPHA_913__ORPHA_75376
ORPHA_293381,Epithelial recurrent erosion dystrophy,ORPHA_2032,Idiopathic pulmonary fibrosis,ORPHA_2032__ORPHA_293381
ORPHA_67042,Late-onset retinal degeneration,ORPHA_97278,PPoma,ORPHA_67042__ORPHA_97278
ORPHA_399808,Male infertility with teratozoospermia due to single gene mutation,ORPHA_98963,Granular corneal dystrophy type II,ORPHA_98963__ORPHA_399808
ORPHA_91348,Functioning gonadotropic adenoma,ORPHA_101082,Charcot-Marie-Tooth disease type 1B,ORPHA_91348__ORPHA_101082
ORPHA_827,Stargardt disease,ORPHA_101085,Charcot-Marie-Tooth disease type 1F,ORPHA_827__ORPHA_101085
ORPHA_52427,Retinitis punctata albescens,ORPHA_87503,Mal de Meleda,ORPHA_52427__ORPHA_87503
ORPHA_178333,\xc3\x85land Islands eye disease,ORPHA_2199,Epidermolytic palmoplantar keratoderma,ORPHA_2199__ORPHA_178333
ORPHA_163934,Atopic keratoconjunctivitis,ORPHA_254854,Pure mitochondrial myopathy,ORPHA_163934__ORPHA_254854
ORPHA_488333,Autosomal dominant Charcot-Marie-Tooth disease type 2W,ORPHA_67042,Late-onset retinal degeneration,ORPHA_67042__ORPHA_488333
ORPHA_1598,Monosomy 18p,ORPHA_724,Idiopathic acute eosinophilic pneumonia,ORPHA_724__ORPHA_1598
ORPHA_827,Stargardt disease,ORPHA_2201,Palmoplantar keratoderma-spastic paralysis syndrome,ORPHA_827__ORPHA_2201
ORPHA_52427,Retinitis punctata albescens,ORPHA_91348,Functioning gonadotropic adenoma,ORPHA_52427__ORPHA_91348
ORPHA_635,Neuroblastoma,ORPHA_1243,Best vitelliform macular dystrophy,ORPHA_635__ORPHA_1243
ORPHA_254857,Lethal infantile mitochondrial myopathy,ORPHA_52427,Retinitis punctata albescens,ORPHA_52427__ORPHA_254857
ORPHA_206549,Anoctamin-5-related limb-girdle muscular dystrophy R12,ORPHA_75378,Oligocone trichromacy,ORPHA_75378__ORPHA_206549
ORPHA_2032,Idiopathic pulmonary fibrosis,ORPHA_98974,Fuchs endothelial corneal dystrophy,ORPHA_2032__ORPHA_98974
ORPHA_254857,Lethal infantile mitochondrial myopathy,ORPHA_261112,Monosomy 9p,ORPHA_254857__ORPHA_261112
ORPHA_97278,PPoma,ORPHA_98974,Fuchs endothelial corneal dystrophy,ORPHA_97278__ORPHA_98974
ORPHA_97278,PPoma,ORPHA_99956,Charcot-Marie-Tooth disease type 4B2,ORPHA_97278__ORPHA_99956
ORPHA_2200,Focal palmoplantar and gingival keratoderma,ORPHA_369840,TRAPPC11-related limb-girdle muscular dystrophy R18,ORPHA_2200__ORPHA_369840
ORPHA_1302,Cryptogenic organizing pneumonia,ORPHA_98964,Lattice corneal dystrophy type I,ORPHA_1302__ORPHA_98964
ORPHA_1302,Cryptogenic organizing pneumonia,ORPHA_98962,Granular corneal dystrophy type I,ORPHA_1302__ORPHA_98962
ORPHA_399086,Finnish upper limb-onset distal myopathy,ORPHA_52417,MALT lymphoma,ORPHA_52417__ORPHA_399086
ORPHA_91359,Chronic pneumonitis of infancy,ORPHA_99950,Charcot-Marie-Tooth disease type 4D,ORPHA_91359__ORPHA_99950
ORPHA_178333,\xc3\x85land Islands eye disease,ORPHA_97283,Somatostatinoma,ORPHA_97283__ORPHA_178333
ORPHA_827,Stargardt disease,ORPHA_101082,Charcot-Marie-Tooth disease type 1B,ORPHA_827__ORPHA_101082
ORPHA_34516,DNAJB6-related limb-girdle muscular dystrophy D1,ORPHA_86919,Keratosis palmaris et plantaris-clinodactyly syndrome,ORPHA_34516__ORPHA_86919
ORPHA_314769,Somatomammotropinoma,ORPHA_67047,3-methylglutaconic aciduria type 3,ORPHA_67047__ORPHA_314769
ORPHA_254857,Lethal infantile mitochondrial myopathy,ORPHA_228399,8q12 microduplication syndrome,ORPHA_228399__ORPHA_254857
ORPHA_435387,Autosomal dominant Charcot-Marie-Tooth disease type 2Y,ORPHA_97283,Somatostatinoma,ORPHA_97283__ORPHA_435387
ORPHA_79126,Acute interstitial pneumonia,ORPHA_101085,Charcot-Marie-Tooth disease type 1F,ORPHA_79126__ORPHA_101085
ORPHA_293621,X-linked endothelial corneal dystrophy,ORPHA_34516,DNAJB6-related limb-girdle muscular dystrophy D1,ORPHA_34516__ORPHA_293621
ORPHA_86918,Diffuse palmoplantar keratoderma-acrocyanosis syndrome,ORPHA_99725,Pituitary gigantism,ORPHA_86918__ORPHA_99725
ORPHA_724,Idiopathic acute eosinophilic pneumonia,ORPHA_86923,"Hereditary palmoplantar keratoderma, Gamborg-Nielsen type",ORPHA_724__ORPHA_86923
ORPHA_495,Transgrediens et progrediens palmoplantar keratoderma,ORPHA_254854,Pure mitochondrial myopathy,ORPHA_495__ORPHA_254854
ORPHA_178333,\xc3\x85land Islands eye disease,ORPHA_101082,Charcot-Marie-Tooth disease type 1B,ORPHA_101082__ORPHA_178333
ORPHA_91348,Functioning gonadotropic adenoma,ORPHA_98969,Macular corneal dystrophy,ORPHA_91348__ORPHA_98969
ORPHA_183675,Recurrent infections associated with rare immunoglobulin isotypes deficiency,ORPHA_1243,Best vitelliform macular dystrophy,ORPHA_1243__ORPHA_183675
ORPHA_2201,Palmoplantar keratoderma-spastic paralysis syndrome,ORPHA_52427,Retinitis punctata albescens,ORPHA_2201__ORPHA_52427
ORPHA_319514,Combined oxidative phosphorylation defect type 13,ORPHA_99725,Pituitary gigantism,ORPHA_99725__ORPHA_319514
ORPHA_1243,Best vitelliform macular dystrophy,ORPHA_600,Vocal cord and pharyngeal distal myopathy,ORPHA_600__ORPHA_1243
ORPHA_293603,Congenital hereditary endothelial dystrophy type II,ORPHA_99940,Autosomal dominant Charcot-Marie-Tooth disease type 2F,ORPHA_99940__ORPHA_293603
ORPHA_86919,Keratosis palmaris et plantaris-clinodactyly syndrome,ORPHA_98963,Granular corneal dystrophy type II,ORPHA_86919__ORPHA_98963
ORPHA_251623,Pituicytoma,ORPHA_52427,Retinitis punctata albescens,ORPHA_52427__ORPHA_251623
ORPHA_90117,"Hereditary motor and sensory neuropathy, Okinawa type",ORPHA_99725,Pituitary gigantism,ORPHA_90117__ORPHA_99725
ORPHA_827,Stargardt disease,ORPHA_86919,Keratosis palmaris et plantaris-clinodactyly syndrome,ORPHA_827__ORPHA_86919
ORPHA_329314,Adult-onset multiple mitochondrial DNA deletion syndrome due to DGUOK deficiency,ORPHA_33111,Granulomatous slack skin,ORPHA_33111__ORPHA_329314
ORPHA_293621,X-linked endothelial corneal dystrophy,ORPHA_99950,Charcot-Marie-Tooth disease type 4D,ORPHA_99950__ORPHA_293621
ORPHA_79126,Acute interstitial pneumonia,ORPHA_75378,Oligocone trichromacy,ORPHA_75378__ORPHA_79126
ORPHA_2200,Focal palmoplantar and gingival keratoderma,ORPHA_1243,Best vitelliform macular dystrophy,ORPHA_1243__ORPHA_2200
ORPHA_254854,Pure mitochondrial myopathy,ORPHA_261265,17q12 microdeletion syndrome,ORPHA_254854__ORPHA_261265
ORPHA_254864,Mitochondrial myopathy with reversible cytochrome C oxidase deficiency,ORPHA_91348,Functioning gonadotropic adenoma,ORPHA_91348__ORPHA_254864
ORPHA_2337,Non-epidermolytic palmoplantar keratoderma,ORPHA_254864,Mitochondrial myopathy with reversible cytochrome C oxidase deficiency,ORPHA_2337__ORPHA_254864
ORPHA_171607,X-linked spastic paraplegia type 34,ORPHA_99000,Adult-onset foveomacular vitelliform dystrophy,ORPHA_99000__ORPHA_171607
ORPHA_370103,"Primary dystonia, DYT17 type",ORPHA_67042,Late-onset retinal degeneration,ORPHA_67042__ORPHA_370103
ORPHA_1597,Distal monosomy 17q,ORPHA_254857,Lethal infantile mitochondrial myopathy,ORPHA_1597__ORPHA_254857
ORPHA_52417,MALT lymphoma,ORPHA_513436,Autosomal recessive spastic paraplegia type 78,ORPHA_52417__ORPHA_513436
ORPHA_2199,Epidermolytic palmoplantar keratoderma,ORPHA_75378,Oligocone trichromacy,ORPHA_2199__ORPHA_75378
ORPHA_254854,Pure mitochondrial myopathy,ORPHA_99725,Pituitary gigantism,ORPHA_99725__ORPHA_254854
ORPHA_33111,Granulomatous slack skin,ORPHA_101081,Charcot-Marie-Tooth disease type 1A,ORPHA_33111__ORPHA_101081
ORPHA_171617,Autosomal dominant spastic paraplegia type 38,ORPHA_99000,Adult-onset foveomacular vitelliform dystrophy,ORPHA_99000__ORPHA_171617
ORPHA_67042,Late-onset retinal degeneration,ORPHA_530838,KRT1-related diffuse nonepidermolytic keratoderma,ORPHA_67042__ORPHA_530838
ORPHA_2386,Leukoencephalopathy-palmoplantar keratoderma syndrome,ORPHA_545,Follicular lymphoma,ORPHA_545__ORPHA_2386
ORPHA_215,Congenital stationary night blindness,ORPHA_99950,Charcot-Marie-Tooth disease type 4D,ORPHA_215__ORPHA_99950
ORPHA_247598,Neonatal intrahepatic cholestasis due to citrin deficiency,ORPHA_314769,Somatomammotropinoma,ORPHA_247598__ORPHA_314769
ORPHA_319552,Mendelian susceptibility to mycobacterial diseases due to complete IL12RB1 deficiency,ORPHA_98974,Fuchs endothelial corneal dystrophy,ORPHA_98974__ORPHA_319552
ORPHA_139426,Perioral myoclonia with absences,ORPHA_99000,Adult-onset foveomacular vitelliform dystrophy,ORPHA_99000__ORPHA_139426
ORPHA_97280,Glucagonoma,ORPHA_99948,Charcot-Marie-Tooth disease type 4A,ORPHA_97280__ORPHA_99948
ORPHA_1752,Trisomy 8q,ORPHA_254854,Pure mitochondrial myopathy,ORPHA_1752__ORPHA_254854
ORPHA_254857,Lethal infantile mitochondrial myopathy,ORPHA_91347,TSH-secreting pituitary adenoma,ORPHA_91347__ORPHA_254857
ORPHA_254857,Lethal infantile mitochondrial myopathy,ORPHA_75382,Oguchi disease,ORPHA_75382__ORPHA_254857
ORPHA_399081,KLHL9-related early-onset distal myopathy,ORPHA_52417,MALT lymphoma,ORPHA_52417__ORPHA_399081
ORPHA_98963,Granular corneal dystrophy type II,ORPHA_101081,Charcot-Marie-Tooth disease type 1A,ORPHA_98963__ORPHA_101081
ORPHA_2386,Leukoencephalopathy-palmoplantar keratoderma syndrome,ORPHA_1243,Best vitelliform macular dystrophy,ORPHA_1243__ORPHA_2386
ORPHA_329314,Adult-onset multiple mitochondrial DNA deletion syndrome due to DGUOK deficiency,ORPHA_70587,Infant acute respiratory distress syndrome,ORPHA_70587__ORPHA_329314
ORPHA_659,Mutilating palmoplantar keratoderma with periorificial keratotic plaques,ORPHA_101081,Charcot-Marie-Tooth disease type 1A,ORPHA_659__ORPHA_101081
ORPHA_1598,Monosomy 18p,ORPHA_254857,Lethal infantile mitochondrial myopathy,ORPHA_1598__ORPHA_254857
ORPHA_293381,Epithelial recurrent erosion dystrophy,ORPHA_79127,Respiratory bronchiolitis-interstitial lung disease syndrome,ORPHA_79127__ORPHA_293381
ORPHA_254854,Pure mitochondrial myopathy,ORPHA_96097,Distal trisomy 5q,ORPHA_96097__ORPHA_254854
ORPHA_319552,Mendelian susceptibility to mycobacterial diseases due to complete IL12RB1 deficiency,ORPHA_75378,Oligocone trichromacy,ORPHA_75378__ORPHA_319552
ORPHA_215,Congenital stationary night blindness,ORPHA_90035,Paroxysmal cold hemoglobinuria,ORPHA_215__ORPHA_90035
ORPHA_2032,Idiopathic pulmonary fibrosis,ORPHA_99950,Charcot-Marie-Tooth disease type 4D,ORPHA_2032__ORPHA_99950
ORPHA_495,Transgrediens et progrediens palmoplantar keratoderma,ORPHA_85128,Bothnia retinal dystrophy,ORPHA_495__ORPHA_85128
ORPHA_3325,Heparin-induced thrombocytopenia,ORPHA_369840,TRAPPC11-related limb-girdle muscular dystrophy R18,ORPHA_3325__ORPHA_369840
ORPHA_2032,Idiopathic pulmonary fibrosis,ORPHA_98960,Thiel-Behnke corneal dystrophy,ORPHA_2032__ORPHA_98960
ORPHA_98974,Fuchs endothelial corneal dystrophy,ORPHA_99950,Charcot-Marie-Tooth disease type 4D,ORPHA_98974__ORPHA_99950
ORPHA_86918,Diffuse palmoplantar keratoderma-acrocyanosis syndrome,ORPHA_98960,Thiel-Behnke corneal dystrophy,ORPHA_86918__ORPHA_98960
ORPHA_169154,T-B+ severe combined immunodeficiency due to IL-7Ralpha deficiency,ORPHA_1243,Best vitelliform macular dystrophy,ORPHA_1243__ORPHA_169154
ORPHA_2032,Idiopathic pulmonary fibrosis,ORPHA_99949,Charcot-Marie-Tooth disease type 4C,ORPHA_2032__ORPHA_99949
ORPHA_2334,Autosomal dominant keratitis,ORPHA_34516,DNAJB6-related limb-girdle muscular dystrophy D1,ORPHA_2334__ORPHA_34516
ORPHA_171863,Autosomal dominant spastic paraplegia type 42,ORPHA_99000,Adult-onset foveomacular vitelliform dystrophy,ORPHA_99000__ORPHA_171863
ORPHA_98974,Fuchs endothelial corneal dystrophy,ORPHA_99944,Autosomal dominant Charcot-Marie-Tooth disease type 2K,ORPHA_98974__ORPHA_99944
ORPHA_399103,Distal nebulin myopathy,ORPHA_99725,Pituitary gigantism,ORPHA_99725__ORPHA_399103
ORPHA_254857,Lethal infantile mitochondrial myopathy,ORPHA_75376,Familial drusen,ORPHA_75376__ORPHA_254857
ORPHA_2199,Epidermolytic palmoplantar keratoderma,ORPHA_98974,Fuchs endothelial corneal dystrophy,ORPHA_2199__ORPHA_98974
ORPHA_970,Hereditary sensory and autonomic neuropathy type 2,ORPHA_99000,Adult-onset foveomacular vitelliform dystrophy,ORPHA_970__ORPHA_99000
ORPHA_1243,Best vitelliform macular dystrophy,ORPHA_98806,"Primary dystonia, DYT6 type",ORPHA_1243__ORPHA_98806
ORPHA_2199,Epidermolytic palmoplantar keratoderma,ORPHA_724,Idiopathic acute eosinophilic pneumonia,ORPHA_724__ORPHA_2199
ORPHA_329466,"Autosomal dominant focal dystonia, DYT25 type",ORPHA_545,Follicular lymphoma,ORPHA_545__ORPHA_329466
ORPHA_2032,Idiopathic pulmonary fibrosis,ORPHA_99944,Autosomal dominant Charcot-Marie-Tooth disease type 2K,ORPHA_2032__ORPHA_99944
ORPHA_34516,DNAJB6-related limb-girdle muscular dystrophy D1,ORPHA_85128,Bothnia retinal dystrophy,ORPHA_34516__ORPHA_85128
ORPHA_67042,Late-onset retinal degeneration,ORPHA_91348,Functioning gonadotropic adenoma,ORPHA_67042__ORPHA_91348
ORPHA_364055,Severe early-childhood-onset retinal dystrophy,ORPHA_97261,GRFoma,ORPHA_97261__ORPHA_364055
ORPHA_208513,Spinocerebellar ataxia type 29,ORPHA_52417,MALT lymphoma,ORPHA_52417__ORPHA_208513
ORPHA_137599,Herpes simplex virus stromal keratitis,ORPHA_97283,Somatostatinoma,ORPHA_97283__ORPHA_137599
ORPHA_3325,Heparin-induced thrombocytopenia,ORPHA_34516,DNAJB6-related limb-girdle muscular dystrophy D1,ORPHA_3325__ORPHA_34516
ORPHA_137596,Neurotrophic keratopathy,ORPHA_254857,Lethal infantile mitochondrial myopathy,ORPHA_137596__ORPHA_254857
ORPHA_364055,Severe early-childhood-onset retinal dystrophy,ORPHA_2032,Idiopathic pulmonary fibrosis,ORPHA_2032__ORPHA_364055
ORPHA_67042,Late-onset retinal degeneration,ORPHA_34516,DNAJB6-related limb-girdle muscular dystrophy D1,ORPHA_34516__ORPHA_67042
ORPHA_293603,Congenital hereditary endothelial dystrophy type II,ORPHA_33402,Pediatric hepatocellular carcinoma,ORPHA_33402__ORPHA_293603
ORPHA_137599,Herpes simplex virus stromal keratitis,ORPHA_99948,Charcot-Marie-Tooth disease type 4A,ORPHA_99948__ORPHA_137599
ORPHA_314769,Somatomammotropinoma,ORPHA_2032,Idiopathic pulmonary fibrosis,ORPHA_2032__ORPHA_314769
ORPHA_364055,Severe early-childhood-onset retinal dystrophy,ORPHA_97280,Glucagonoma,ORPHA_97280__ORPHA_364055
ORPHA_293621,X-linked endothelial corneal dystrophy,ORPHA_98806,"Primary dystonia, DYT6 type",ORPHA_98806__ORPHA_293621
ORPHA_52427,Retinitis punctata albescens,ORPHA_101081,Charcot-Marie-Tooth disease type 1A,ORPHA_52427__ORPHA_101081
ORPHA_2271,Congenital ichthyosis-microcephalus-tetraplegia syndrome,ORPHA_91348,Functioning gonadotropic adenoma,ORPHA_2271__ORPHA_91348
ORPHA_137599,Herpes simplex virus stromal keratitis,ORPHA_319552,Mendelian susceptibility to mycobacterial diseases due to complete IL12RB1 deficiency,ORPHA_137599__ORPHA_319552
ORPHA_320365,Autosomal dominant spastic paraplegia type 36,ORPHA_52417,MALT lymphoma,ORPHA_52417__ORPHA_320365
ORPHA_99000,Adult-onset foveomacular vitelliform dystrophy,ORPHA_98806,"Primary dystonia, DYT6 type",ORPHA_98806__ORPHA_99000
ORPHA_139536,Distal hereditary motor neuropathy type 5,ORPHA_99000,Adult-onset foveomacular vitelliform dystrophy,ORPHA_99000__ORPHA_139536
ORPHA_52416,Mantle cell lymphoma,ORPHA_99944,Autosomal dominant Charcot-Marie-Tooth disease type 2K,ORPHA_52416__ORPHA_99944
ORPHA_293621,X-linked endothelial corneal dystrophy,ORPHA_1302,Cryptogenic organizing pneumonia,ORPHA_1302__ORPHA_293621
ORPHA_913,Zollinger-Ellison syndrome,ORPHA_98974,Fuchs endothelial corneal dystrophy,ORPHA_913__ORPHA_98974
ORPHA_501,Lafora disease,ORPHA_1243,Best vitelliform macular dystrophy,ORPHA_501__ORPHA_1243
ORPHA_33111,Granulomatous slack skin,ORPHA_99939,Autosomal dominant Charcot-Marie-Tooth disease type 2E,ORPHA_33111__ORPHA_99939
ORPHA_1243,Best vitelliform macular dystrophy,ORPHA_33111,Granulomatous slack skin,ORPHA_1243__ORPHA_33111
ORPHA_67042,Late-onset retinal degeneration,ORPHA_99944,Autosomal dominant Charcot-Marie-Tooth disease type 2K,ORPHA_67042__ORPHA_99944
ORPHA_314769,Somatomammotropinoma,ORPHA_67048,3-methylglutaconic aciduria type 4,ORPHA_67048__ORPHA_314769
ORPHA_293603,Congenital hereditary endothelial dystrophy type II,ORPHA_2032,Idiopathic pulmonary fibrosis,ORPHA_2032__ORPHA_293603
ORPHA_3115,Roussy-L\xc3\xa9vy syndrome,ORPHA_724,Idiopathic acute eosinophilic pneumonia,ORPHA_724__ORPHA_3115
ORPHA_314769,Somatomammotropinoma,ORPHA_420485,Cranio-cervical dystonia with laryngeal and upper-limb involvement,ORPHA_314769__ORPHA_420485
ORPHA_2032,Idiopathic pulmonary fibrosis,ORPHA_101085,Charcot-Marie-Tooth disease type 1F,ORPHA_2032__ORPHA_101085
ORPHA_79126,Acute interstitial pneumonia,ORPHA_101081,Charcot-Marie-Tooth disease type 1A,ORPHA_79126__ORPHA_101081
ORPHA_1243,Best vitelliform macular dystrophy,ORPHA_401795,Autosomal recessive spastic paraplegia type 59,ORPHA_1243__ORPHA_401795
ORPHA_70587,Infant acute respiratory distress syndrome,ORPHA_99950,Charcot-Marie-Tooth disease type 4D,ORPHA_70587__ORPHA_99950
ORPHA_254864,Mitochondrial myopathy with reversible cytochrome C oxidase deficiency,ORPHA_268810,Posterior meningocele,ORPHA_254864__ORPHA_268810
ORPHA_464440,"Primary dystonia, DYT27 type",ORPHA_545,Follicular lymphoma,ORPHA_545__ORPHA_464440
ORPHA_2199,Epidermolytic palmoplantar keratoderma,ORPHA_293621,X-linked endothelial corneal dystrophy,ORPHA_2199__ORPHA_293621
ORPHA_133,Chronic beryllium disease,ORPHA_85128,Bothnia retinal dystrophy,ORPHA_133__ORPHA_85128
ORPHA_293621,X-linked endothelial corneal dystrophy,ORPHA_97280,Glucagonoma,ORPHA_97280__ORPHA_293621
ORPHA_1243,Best vitelliform macular dystrophy,ORPHA_90036,Mixed-type autoimmune hemolytic anemia,ORPHA_1243__ORPHA_90036
ORPHA_169154,T-B+ severe combined immunodeficiency due to IL-7Ralpha deficiency,ORPHA_34516,DNAJB6-related limb-girdle muscular dystrophy D1,ORPHA_34516__ORPHA_169154
ORPHA_827,Stargardt disease,ORPHA_274,Bernard-Soulier syndrome,ORPHA_274__ORPHA_827
ORPHA_1580,Distal monosomy 10p,ORPHA_254854,Pure mitochondrial myopathy,ORPHA_1580__ORPHA_254854
ORPHA_97261,GRFoma,ORPHA_99953,Charcot-Marie-Tooth disease type 4G,ORPHA_97261__ORPHA_99953
ORPHA_3115,Roussy-L\xc3\xa9vy syndrome,ORPHA_1243,Best vitelliform macular dystrophy,ORPHA_1243__ORPHA_3115
ORPHA_293603,Congenital hereditary endothelial dystrophy type II,ORPHA_659,Mutilating palmoplantar keratoderma with periorificial keratotic plaques,ORPHA_659__ORPHA_293603
ORPHA_2032,Idiopathic pulmonary fibrosis,ORPHA_98963,Granular corneal dystrophy type II,ORPHA_2032__ORPHA_98963
ORPHA_137599,Herpes simplex virus stromal keratitis,ORPHA_86923,"Hereditary palmoplantar keratoderma, Gamborg-Nielsen type",ORPHA_86923__ORPHA_137599
ORPHA_2199,Epidermolytic palmoplantar keratoderma,ORPHA_98963,Granular corneal dystrophy type II,ORPHA_2199__ORPHA_98963
ORPHA_79148,Elastosis perforans serpiginosa,ORPHA_34516,DNAJB6-related limb-girdle muscular dystrophy D1,ORPHA_34516__ORPHA_79148
ORPHA_293381,Epithelial recurrent erosion dystrophy,ORPHA_399808,Male infertility with teratozoospermia due to single gene mutation,ORPHA_293381__ORPHA_399808
ORPHA_1243,Best vitelliform macular dystrophy,ORPHA_424019,Squamous cell carcinoma of the anal canal,ORPHA_1243__ORPHA_424019
ORPHA_52417,MALT lymphoma,ORPHA_101085,Charcot-Marie-Tooth disease type 1F,ORPHA_52417__ORPHA_101085
ORPHA_59135,Laing early-onset distal myopathy,ORPHA_52417,MALT lymphoma,ORPHA_52417__ORPHA_59135
ORPHA_319514,Combined oxidative phosphorylation defect type 13,ORPHA_91348,Functioning gonadotropic adenoma,ORPHA_91348__ORPHA_319514
ORPHA_178333,\xc3\x85land Islands eye disease,ORPHA_90035,Paroxysmal cold hemoglobinuria,ORPHA_90035__ORPHA_178333
ORPHA_329466,"Autosomal dominant focal dystonia, DYT25 type",ORPHA_293603,Congenital hereditary endothelial dystrophy type II,ORPHA_293603__ORPHA_329466
ORPHA_75376,Familial drusen,ORPHA_101085,Charcot-Marie-Tooth disease type 1F,ORPHA_75376__ORPHA_101085
ORPHA_281127,Acral self-healing collodion baby,ORPHA_99000,Adult-onset foveomacular vitelliform dystrophy,ORPHA_99000__ORPHA_281127
ORPHA_293603,Congenital hereditary endothelial dystrophy type II,ORPHA_93958,Oromandibular dystonia,ORPHA_93958__ORPHA_293603
ORPHA_420485,Cranio-cervical dystonia with laryngeal and upper-limb involvement,ORPHA_98974,Fuchs endothelial corneal dystrophy,ORPHA_98974__ORPHA_420485
ORPHA_1243,Best vitelliform macular dystrophy,ORPHA_90033,"Autoimmune hemolytic anemia, warm type",ORPHA_1243__ORPHA_90033
ORPHA_97282,VIPoma,ORPHA_99944,Autosomal dominant Charcot-Marie-Tooth disease type 2K,ORPHA_97282__ORPHA_99944
ORPHA_1598,Monosomy 18p,ORPHA_79127,Respiratory bronchiolitis-interstitial lung disease syndrome,ORPHA_1598__ORPHA_79127
ORPHA_913,Zollinger-Ellison syndrome,ORPHA_293381,Epithelial recurrent erosion dystrophy,ORPHA_913__ORPHA_293381
ORPHA_178333,\xc3\x85land Islands eye disease,ORPHA_98806,"Primary dystonia, DYT6 type",ORPHA_98806__ORPHA_178333
ORPHA_306734,"Primary dystonia, DYT21 type",ORPHA_67042,Late-onset retinal degeneration,ORPHA_67042__ORPHA_306734
ORPHA_97261,GRFoma,ORPHA_99950,Charcot-Marie-Tooth disease type 4D,ORPHA_97261__ORPHA_99950
ORPHA_3002,Immune thrombocytopenia,ORPHA_99725,Pituitary gigantism,ORPHA_3002__ORPHA_99725
ORPHA_314769,Somatomammotropinoma,ORPHA_52427,Retinitis punctata albescens,ORPHA_52427__ORPHA_314769
ORPHA_364055,Severe early-childhood-onset retinal dystrophy,ORPHA_90035,Paroxysmal cold hemoglobinuria,ORPHA_90035__ORPHA_364055
ORPHA_659,Mutilating palmoplantar keratoderma with periorificial keratotic plaques,ORPHA_98960,Thiel-Behnke corneal dystrophy,ORPHA_659__ORPHA_98960
ORPHA_721,Gray platelet syndrome,ORPHA_99948,Charcot-Marie-Tooth disease type 4A,ORPHA_721__ORPHA_99948
ORPHA_659,Mutilating palmoplantar keratoderma with periorificial keratotic plaques,ORPHA_99940,Autosomal dominant Charcot-Marie-Tooth disease type 2F,ORPHA_659__ORPHA_99940
ORPHA_254857,Lethal infantile mitochondrial myopathy,ORPHA_96129,Distal monosomy 19p13.3,ORPHA_96129__ORPHA_254857
ORPHA_600,Vocal cord and pharyngeal distal myopathy,ORPHA_99725,Pituitary gigantism,ORPHA_600__ORPHA_99725
ORPHA_399103,Distal nebulin myopathy,ORPHA_52416,Mantle cell lymphoma,ORPHA_52416__ORPHA_399103
ORPHA_137599,Herpes simplex virus stromal keratitis,ORPHA_420492,"Adult-onset cervical dystonia, DYT23 type",ORPHA_137599__ORPHA_420492
ORPHA_99000,Adult-onset foveomacular vitelliform dystrophy,ORPHA_100994,Autosomal dominant spastic paraplegia type 13,ORPHA_99000__ORPHA_100994
ORPHA_2218,Cervical hypertrichosis-peripheral neuropathy syndrome,ORPHA_99000,Adult-onset foveomacular vitelliform dystrophy,ORPHA_2218__ORPHA_99000
ORPHA_3115,Roussy-L\xc3\xa9vy syndrome,ORPHA_52417,MALT lymphoma,ORPHA_3115__ORPHA_52417
ORPHA_1243,Best vitelliform macular dystrophy,ORPHA_369840,TRAPPC11-related limb-girdle muscular dystrophy R18,ORPHA_1243__ORPHA_369840
ORPHA_289157,Hypocalcemic vitamin D-dependent rickets,ORPHA_99000,Adult-onset foveomacular vitelliform dystrophy,ORPHA_99000__ORPHA_289157
ORPHA_721,Gray platelet syndrome,ORPHA_101081,Charcot-Marie-Tooth disease type 1A,ORPHA_721__ORPHA_101081
ORPHA_52427,Retinitis punctata albescens,ORPHA_90035,Paroxysmal cold hemoglobinuria,ORPHA_52427__ORPHA_90035
ORPHA_827,Stargardt disease,ORPHA_319600,Mendelian susceptibility to mycobacterial diseases due to partial IRF8 deficiency,ORPHA_827__ORPHA_319600
ORPHA_1243,Best vitelliform macular dystrophy,ORPHA_97240,Zebra body myopathy,ORPHA_1243__ORPHA_97240
ORPHA_1598,Monosomy 18p,ORPHA_79126,Acute interstitial pneumonia,ORPHA_1598__ORPHA_79126
ORPHA_2271,Congenital ichthyosis-microcephalus-tetraplegia syndrome,ORPHA_293621,X-linked endothelial corneal dystrophy,ORPHA_2271__ORPHA_293621
ORPHA_67042,Late-onset retinal degeneration,ORPHA_99940,Autosomal dominant Charcot-Marie-Tooth disease type 2F,ORPHA_67042__ORPHA_99940
ORPHA_133,Chronic beryllium disease,ORPHA_99725,Pituitary gigantism,ORPHA_133__ORPHA_99725
ORPHA_293603,Congenital hereditary endothelial dystrophy type II,ORPHA_420485,Cranio-cervical dystonia with laryngeal and upper-limb involvement,ORPHA_293603__ORPHA_420485
ORPHA_75378,Oligocone trichromacy,ORPHA_33111,Granulomatous slack skin,ORPHA_33111__ORPHA_75378
ORPHA_91359,Chronic pneumonitis of infancy,ORPHA_101082,Charcot-Marie-Tooth disease type 1B,ORPHA_91359__ORPHA_101082
ORPHA_254854,Pure mitochondrial myopathy,ORPHA_86919,Keratosis palmaris et plantaris-clinodactyly syndrome,ORPHA_86919__ORPHA_254854
ORPHA_52417,MALT lymphoma,ORPHA_100989,Autosomal dominant spastic paraplegia type 8,ORPHA_52417__ORPHA_100989
ORPHA_2593,Tubular aggregate myopathy,ORPHA_1243,Best vitelliform macular dystrophy,ORPHA_1243__ORPHA_2593
ORPHA_75378,Oligocone trichromacy,ORPHA_86923,"Hereditary palmoplantar keratoderma, Gamborg-Nielsen type",ORPHA_75378__ORPHA_86923
ORPHA_329466,"Autosomal dominant focal dystonia, DYT25 type",ORPHA_293621,X-linked endothelial corneal dystrophy,ORPHA_293621__ORPHA_329466
ORPHA_827,Stargardt disease,ORPHA_435387,Autosomal dominant Charcot-Marie-Tooth disease type 2Y,ORPHA_827__ORPHA_435387
ORPHA_721,Gray platelet syndrome,ORPHA_86918,Diffuse palmoplantar keratoderma-acrocyanosis syndrome,ORPHA_721__ORPHA_86918
ORPHA_98974,Fuchs endothelial corneal dystrophy,ORPHA_101081,Charcot-Marie-Tooth disease type 1A,ORPHA_98974__ORPHA_101081
ORPHA_1302,Cryptogenic organizing pneumonia,ORPHA_67042,Late-onset retinal degeneration,ORPHA_1302__ORPHA_67042
ORPHA_34516,DNAJB6-related limb-girdle muscular dystrophy D1,ORPHA_98963,Granular corneal dystrophy type II,ORPHA_34516__ORPHA_98963
ORPHA_2032,Idiopathic pulmonary fibrosis,ORPHA_435387,Autosomal dominant Charcot-Marie-Tooth disease type 2Y,ORPHA_2032__ORPHA_435387
ORPHA_314769,Somatomammotropinoma,ORPHA_293621,X-linked endothelial corneal dystrophy,ORPHA_293621__ORPHA_314769
ORPHA_52417,MALT lymphoma,ORPHA_98771,Spinocerebellar ataxia type 18,ORPHA_52417__ORPHA_98771
ORPHA_970,Hereditary sensory and autonomic neuropathy type 2,ORPHA_52417,MALT lymphoma,ORPHA_970__ORPHA_52417
ORPHA_34516,DNAJB6-related limb-girdle muscular dystrophy D1,ORPHA_86884,Subcutaneous panniculitis-like T-cell lymphoma,ORPHA_34516__ORPHA_86884
ORPHA_401785,Autosomal recessive spastic paraplegia type 62,ORPHA_99000,Adult-onset foveomacular vitelliform dystrophy,ORPHA_99000__ORPHA_401785
ORPHA_99725,Pituitary gigantism,ORPHA_98807,"Primary dystonia, DYT13 type",ORPHA_98807__ORPHA_99725
ORPHA_254864,Mitochondrial myopathy with reversible cytochrome C oxidase deficiency,ORPHA_261344,Trisomy 1q,ORPHA_254864__ORPHA_261344
ORPHA_610,Bethlem myopathy,ORPHA_1243,Best vitelliform macular dystrophy,ORPHA_610__ORPHA_1243
ORPHA_1243,Best vitelliform macular dystrophy,ORPHA_314769,Somatomammotropinoma,ORPHA_1243__ORPHA_314769
ORPHA_293603,Congenital hereditary endothelial dystrophy type II,ORPHA_98806,"Primary dystonia, DYT6 type",ORPHA_98806__ORPHA_293603
ORPHA_79126,Acute interstitial pneumonia,ORPHA_99950,Charcot-Marie-Tooth disease type 4D,ORPHA_79126__ORPHA_99950
ORPHA_2334,Autosomal dominant keratitis,ORPHA_254864,Mitochondrial myopathy with reversible cytochrome C oxidase deficiency,ORPHA_2334__ORPHA_254864
ORPHA_254857,Lethal infantile mitochondrial myopathy,ORPHA_261211,16p11.2p12.2 microdeletion syndrome,ORPHA_254857__ORPHA_261211
ORPHA_293621,X-linked endothelial corneal dystrophy,ORPHA_99657,"Primary dystonia, DYT2 type",ORPHA_99657__ORPHA_293621
ORPHA_178333,\xc3\x85land Islands eye disease,ORPHA_99939,Autosomal dominant Charcot-Marie-Tooth disease type 2E,ORPHA_99939__ORPHA_178333
ORPHA_1598,Monosomy 18p,ORPHA_97282,VIPoma,ORPHA_1598__ORPHA_97282
ORPHA_274,Bernard-Soulier syndrome,ORPHA_98963,Granular corneal dystrophy type II,ORPHA_274__ORPHA_98963
ORPHA_178333,\xc3\x85land Islands eye disease,ORPHA_33111,Granulomatous slack skin,ORPHA_33111__ORPHA_178333
ORPHA_254857,Lethal infantile mitochondrial myopathy,ORPHA_96097,Distal trisomy 5q,ORPHA_96097__ORPHA_254857
ORPHA_79127,Respiratory bronchiolitis-interstitial lung disease syndrome,ORPHA_101081,Charcot-Marie-Tooth disease type 1A,ORPHA_79127__ORPHA_101081
ORPHA_98963,Granular corneal dystrophy type II,ORPHA_99950,Charcot-Marie-Tooth disease type 4D,ORPHA_98963__ORPHA_99950
ORPHA_137596,Neurotrophic keratopathy,ORPHA_603,"Distal myopathy, Welander type",ORPHA_603__ORPHA_137596
ORPHA_91348,Functioning gonadotropic adenoma,ORPHA_99950,Charcot-Marie-Tooth disease type 4D,ORPHA_91348__ORPHA_99950
ORPHA_137599,Herpes simplex virus stromal keratitis,ORPHA_2386,Leukoencephalopathy-palmoplantar keratoderma syndrome,ORPHA_2386__ORPHA_137599
ORPHA_399103,Distal nebulin myopathy,ORPHA_52417,MALT lymphoma,ORPHA_52417__ORPHA_399103
ORPHA_913,Zollinger-Ellison syndrome,ORPHA_99940,Autosomal dominant Charcot-Marie-Tooth disease type 2F,ORPHA_913__ORPHA_99940
ORPHA_827,Stargardt disease,ORPHA_412217,Dystonia-aphonia syndrome,ORPHA_827__ORPHA_412217
ORPHA_91359,Chronic pneumonitis of infancy,ORPHA_98964,Lattice corneal dystrophy type I,ORPHA_91359__ORPHA_98964
ORPHA_215,Congenital stationary night blindness,ORPHA_254857,Lethal infantile mitochondrial myopathy,ORPHA_215__ORPHA_254857
ORPHA_137599,Herpes simplex virus stromal keratitis,ORPHA_34516,DNAJB6-related limb-girdle muscular dystrophy D1,ORPHA_34516__ORPHA_137599
ORPHA_401795,Autosomal recessive spastic paraplegia type 59,ORPHA_52417,MALT lymphoma,ORPHA_52417__ORPHA_401795
ORPHA_1243,Best vitelliform macular dystrophy,ORPHA_86788,X-linked severe congenital neutropenia,ORPHA_1243__ORPHA_86788
ORPHA_3002,Immune thrombocytopenia,ORPHA_75378,Oligocone trichromacy,ORPHA_3002__ORPHA_75378
ORPHA_293603,Congenital hereditary endothelial dystrophy type II,ORPHA_98805,"Primary dystonia, DYT4 type",ORPHA_98805__ORPHA_293603
ORPHA_254854,Pure mitochondrial myopathy,ORPHA_35078,T-B+ severe combined immunodeficiency due to JAK3 deficiency,ORPHA_35078__ORPHA_254854
ORPHA_137599,Herpes simplex virus stromal keratitis,ORPHA_98806,"Primary dystonia, DYT6 type",ORPHA_98806__ORPHA_137599
ORPHA_254854,Pure mitochondrial myopathy,ORPHA_90023,Primary immunodeficiency syndrome due to LAMTOR2 deficiency,ORPHA_90023__ORPHA_254854
ORPHA_137596,Neurotrophic keratopathy,ORPHA_91348,Functioning gonadotropic adenoma,ORPHA_91348__ORPHA_137596
ORPHA_6,3-methylcrotonyl-CoA carboxylase deficiency,ORPHA_99000,Adult-onset foveomacular vitelliform dystrophy,ORPHA_6__ORPHA_99000
ORPHA_2253,Foveal hypoplasia-presenile cataract syndrome,ORPHA_99725,Pituitary gigantism,ORPHA_2253__ORPHA_99725
ORPHA_455,Superficial epidermolytic ichthyosis,ORPHA_1243,Best vitelliform macular dystrophy,ORPHA_455__ORPHA_1243
ORPHA_97283,Somatostatinoma,ORPHA_101082,Charcot-Marie-Tooth disease type 1B,ORPHA_97283__ORPHA_101082
ORPHA_1574,Retinal degeneration-nanophthalmos-glaucoma syndrome,ORPHA_254857,Lethal infantile mitochondrial myopathy,ORPHA_1574__ORPHA_254857
ORPHA_267,Calpain-3-related limb-girdle muscular dystrophy R1,ORPHA_99000,Adult-onset foveomacular vitelliform dystrophy,ORPHA_267__ORPHA_99000
ORPHA_97283,Somatostatinoma,ORPHA_99940,Autosomal dominant Charcot-Marie-Tooth disease type 2F,ORPHA_97283__ORPHA_99940
ORPHA_137599,Herpes simplex virus stromal keratitis,ORPHA_254864,Mitochondrial myopathy with reversible cytochrome C oxidase deficiency,ORPHA_137599__ORPHA_254864
ORPHA_641,Multifocal motor neuropathy,ORPHA_99000,Adult-onset foveomacular vitelliform dystrophy,ORPHA_641__ORPHA_99000
ORPHA_206549,Anoctamin-5-related limb-girdle muscular dystrophy R12,ORPHA_98974,Fuchs endothelial corneal dystrophy,ORPHA_98974__ORPHA_206549
ORPHA_206549,Anoctamin-5-related limb-girdle muscular dystrophy R12,ORPHA_98962,Granular corneal dystrophy type I,ORPHA_98962__ORPHA_206549
ORPHA_293621,X-linked endothelial corneal dystrophy,ORPHA_70587,Infant acute respiratory distress syndrome,ORPHA_70587__ORPHA_293621
ORPHA_2271,Congenital ichthyosis-microcephalus-tetraplegia syndrome,ORPHA_254857,Lethal infantile mitochondrial myopathy,ORPHA_2271__ORPHA_254857
ORPHA_97244,Rigid spine syndrome,ORPHA_99000,Adult-onset foveomacular vitelliform dystrophy,ORPHA_97244__ORPHA_99000
ORPHA_99725,Pituitary gigantism,ORPHA_99939,Autosomal dominant Charcot-Marie-Tooth disease type 2E,ORPHA_99725__ORPHA_99939
ORPHA_254857,Lethal infantile mitochondrial myopathy,ORPHA_254346,19p13.12 microdeletion syndrome,ORPHA_254346__ORPHA_254857
ORPHA_215,Congenital stationary night blindness,ORPHA_370103,"Primary dystonia, DYT17 type",ORPHA_215__ORPHA_370103
ORPHA_724,Idiopathic acute eosinophilic pneumonia,ORPHA_98964,Lattice corneal dystrophy type I,ORPHA_724__ORPHA_98964
ORPHA_52417,MALT lymphoma,ORPHA_101007,Autosomal recessive spastic paraplegia type 27,ORPHA_52417__ORPHA_101007
ORPHA_293603,Congenital hereditary endothelial dystrophy type II,ORPHA_101085,Charcot-Marie-Tooth disease type 1F,ORPHA_101085__ORPHA_293603
ORPHA_306734,"Primary dystonia, DYT21 type",ORPHA_545,Follicular lymphoma,ORPHA_545__ORPHA_306734
ORPHA_1243,Best vitelliform macular dystrophy,ORPHA_97278,PPoma,ORPHA_1243__ORPHA_97278
ORPHA_215,Congenital stationary night blindness,ORPHA_79126,Acute interstitial pneumonia,ORPHA_215__ORPHA_79126
ORPHA_52427,Retinitis punctata albescens,ORPHA_97282,VIPoma,ORPHA_52427__ORPHA_97282
ORPHA_352470,DNA2-related mitochondrial DNA deletion syndrome,ORPHA_99725,Pituitary gigantism,ORPHA_99725__ORPHA_352470
ORPHA_420485,Cranio-cervical dystonia with laryngeal and upper-limb involvement,ORPHA_67042,Late-onset retinal degeneration,ORPHA_67042__ORPHA_420485
ORPHA_52417,MALT lymphoma,ORPHA_86923,"Hereditary palmoplantar keratoderma, Gamborg-Nielsen type",ORPHA_52417__ORPHA_86923
ORPHA_495,Transgrediens et progrediens palmoplantar keratoderma,ORPHA_364055,Severe early-childhood-onset retinal dystrophy,ORPHA_495__ORPHA_364055
ORPHA_320365,Autosomal dominant spastic paraplegia type 36,ORPHA_99000,Adult-onset foveomacular vitelliform dystrophy,ORPHA_99000__ORPHA_320365
ORPHA_293621,X-linked endothelial corneal dystrophy,ORPHA_306734,"Primary dystonia, DYT21 type",ORPHA_293621__ORPHA_306734
ORPHA_98963,Granular corneal dystrophy type II,ORPHA_98806,"Primary dystonia, DYT6 type",ORPHA_98806__ORPHA_98963
ORPHA_1243,Best vitelliform macular dystrophy,ORPHA_63273,Distal myopathy with posterior leg and anterior hand involvement,ORPHA_1243__ORPHA_63273
ORPHA_306669,Hemiparkinsonism-hemiatrophy syndrome,ORPHA_99000,Adult-onset foveomacular vitelliform dystrophy,ORPHA_99000__ORPHA_306669
ORPHA_99000,Adult-onset foveomacular vitelliform dystrophy,ORPHA_100999,Autosomal dominant spastic paraplegia type 19,ORPHA_99000__ORPHA_100999
ORPHA_70587,Infant acute respiratory distress syndrome,ORPHA_99949,Charcot-Marie-Tooth disease type 4C,ORPHA_70587__ORPHA_99949
ORPHA_2386,Leukoencephalopathy-palmoplantar keratoderma syndrome,ORPHA_52417,MALT lymphoma,ORPHA_2386__ORPHA_52417
ORPHA_137599,Herpes simplex virus stromal keratitis,ORPHA_464440,"Primary dystonia, DYT27 type",ORPHA_137599__ORPHA_464440
ORPHA_169189,Autosomal dominant centronuclear myopathy,ORPHA_1243,Best vitelliform macular dystrophy,ORPHA_1243__ORPHA_169189
ORPHA_75378,Oligocone trichromacy,ORPHA_97283,Somatostatinoma,ORPHA_75378__ORPHA_97283
ORPHA_319552,Mendelian susceptibility to mycobacterial diseases due to complete IL12RB1 deficiency,ORPHA_364055,Severe early-childhood-onset retinal dystrophy,ORPHA_319552__ORPHA_364055
ORPHA_352470,DNA2-related mitochondrial DNA deletion syndrome,ORPHA_75376,Familial drusen,ORPHA_75376__ORPHA_352470
ORPHA_64752,Hereditary sensory and autonomic neuropathy type 5,ORPHA_52417,MALT lymphoma,ORPHA_52417__ORPHA_64752
ORPHA_306734,"Primary dystonia, DYT21 type",ORPHA_98974,Fuchs endothelial corneal dystrophy,ORPHA_98974__ORPHA_306734
ORPHA_319600,Mendelian susceptibility to mycobacterial diseases due to partial IRF8 deficiency,ORPHA_52427,Retinitis punctata albescens,ORPHA_52427__ORPHA_319600
ORPHA_137599,Herpes simplex virus stromal keratitis,ORPHA_600,Vocal cord and pharyngeal distal myopathy,ORPHA_600__ORPHA_137599
ORPHA_137599,Herpes simplex virus stromal keratitis,ORPHA_33402,Pediatric hepatocellular carcinoma,ORPHA_33402__ORPHA_137599
ORPHA_79126,Acute interstitial pneumonia,ORPHA_99944,Autosomal dominant Charcot-Marie-Tooth disease type 2K,ORPHA_79126__ORPHA_99944
ORPHA_320385,Hereditary sensory and autonomic neuropathy due to TECPR2 mutation,ORPHA_99000,Adult-onset foveomacular vitelliform dystrophy,ORPHA_99000__ORPHA_320385
ORPHA_827,Stargardt disease,ORPHA_169189,Autosomal dominant centronuclear myopathy,ORPHA_827__ORPHA_169189
ORPHA_293603,Congenital hereditary endothelial dystrophy type II,ORPHA_1302,Cryptogenic organizing pneumonia,ORPHA_1302__ORPHA_293603
ORPHA_75376,Familial drusen,ORPHA_97280,Glucagonoma,ORPHA_75376__ORPHA_97280
ORPHA_254854,Pure mitochondrial myopathy,ORPHA_276413,10q22.3q23.3 microdeletion syndrome,ORPHA_254854__ORPHA_276413
ORPHA_827,Stargardt disease,ORPHA_98806,"Primary dystonia, DYT6 type",ORPHA_827__ORPHA_98806
ORPHA_169189,Autosomal dominant centronuclear myopathy,ORPHA_659,Mutilating palmoplantar keratoderma with periorificial keratotic plaques,ORPHA_659__ORPHA_169189
ORPHA_85128,Bothnia retinal dystrophy,ORPHA_99947,Autosomal dominant Charcot-Marie-Tooth disease type 2A2,ORPHA_85128__ORPHA_99947
ORPHA_1243,Best vitelliform macular dystrophy,ORPHA_83471,Thymic aplasia,ORPHA_1243__ORPHA_83471
ORPHA_254864,Mitochondrial myopathy with reversible cytochrome C oxidase deficiency,ORPHA_2741,Ophthalmomandibulomelic dysplasia,ORPHA_2741__ORPHA_254864
ORPHA_98962,Granular corneal dystrophy type I,ORPHA_99950,Charcot-Marie-Tooth disease type 4D,ORPHA_98962__ORPHA_99950
ORPHA_293381,Epithelial recurrent erosion dystrophy,ORPHA_721,Gray platelet syndrome,ORPHA_721__ORPHA_293381
ORPHA_464440,"Primary dystonia, DYT27 type",ORPHA_659,Mutilating palmoplantar keratoderma with periorificial keratotic plaques,ORPHA_659__ORPHA_464440
ORPHA_137596,Neurotrophic keratopathy,ORPHA_2593,Tubular aggregate myopathy,ORPHA_2593__ORPHA_137596
ORPHA_1143,Neurogenic arthrogryposis multiplex congenita,ORPHA_99000,Adult-onset foveomacular vitelliform dystrophy,ORPHA_1143__ORPHA_99000
ORPHA_369840,TRAPPC11-related limb-girdle muscular dystrophy R18,ORPHA_91348,Functioning gonadotropic adenoma,ORPHA_91348__ORPHA_369840
ORPHA_99657,"Primary dystonia, DYT2 type",ORPHA_98974,Fuchs endothelial corneal dystrophy,ORPHA_98974__ORPHA_99657
ORPHA_659,Mutilating palmoplantar keratoderma with periorificial keratotic plaques,ORPHA_99939,Autosomal dominant Charcot-Marie-Tooth disease type 2E,ORPHA_659__ORPHA_99939
ORPHA_52417,MALT lymphoma,ORPHA_100988,Autosomal dominant spastic paraplegia type 6,ORPHA_52417__ORPHA_100988
ORPHA_254857,Lethal infantile mitochondrial myopathy,ORPHA_261304,Paternal 20q13.2q13.3 microdeletion syndrome,ORPHA_254857__ORPHA_261304
ORPHA_329466,"Autosomal dominant focal dystonia, DYT25 type",ORPHA_98974,Fuchs endothelial corneal dystrophy,ORPHA_98974__ORPHA_329466
ORPHA_199244,Nelson syndrome,ORPHA_254864,Mitochondrial myopathy with reversible cytochrome C oxidase deficiency,ORPHA_199244__ORPHA_254864
ORPHA_79126,Acute interstitial pneumonia,ORPHA_99956,Charcot-Marie-Tooth disease type 4B2,ORPHA_79126__ORPHA_99956
ORPHA_98960,Thiel-Behnke corneal dystrophy,ORPHA_99944,Autosomal dominant Charcot-Marie-Tooth disease type 2K,ORPHA_98960__ORPHA_99944
ORPHA_52417,MALT lymphoma,ORPHA_97240,Zebra body myopathy,ORPHA_52417__ORPHA_97240
ORPHA_99000,Adult-onset foveomacular vitelliform dystrophy,ORPHA_99925,Invasive mole,ORPHA_99000__ORPHA_99925
ORPHA_320406,Spastic paraplegia-optic atrophy-neuropathy syndrome,ORPHA_52417,MALT lymphoma,ORPHA_52417__ORPHA_320406
ORPHA_97283,Somatostatinoma,ORPHA_101085,Charcot-Marie-Tooth disease type 1F,ORPHA_97283__ORPHA_101085
ORPHA_364055,Severe early-childhood-onset retinal dystrophy,ORPHA_70587,Infant acute respiratory distress syndrome,ORPHA_70587__ORPHA_364055
ORPHA_1598,Monosomy 18p,ORPHA_913,Zollinger-Ellison syndrome,ORPHA_913__ORPHA_1598
ORPHA_724,Idiopathic acute eosinophilic pneumonia,ORPHA_99944,Autosomal dominant Charcot-Marie-Tooth disease type 2K,ORPHA_724__ORPHA_99944
ORPHA_99000,Adult-onset foveomacular vitelliform dystrophy,ORPHA_101004,Autosomal recessive spastic paraplegia type 24,ORPHA_99000__ORPHA_101004
ORPHA_209959,Phacoanaphylactic uveitis,ORPHA_34516,DNAJB6-related limb-girdle muscular dystrophy D1,ORPHA_34516__ORPHA_209959
ORPHA_2821,Spastic paraplegia-neuropathy-poikiloderma syndrome,ORPHA_52417,MALT lymphoma,ORPHA_2821__ORPHA_52417
ORPHA_137599,Herpes simplex virus stromal keratitis,ORPHA_370997,Muscle-eye-brain disease with bilateral multicystic leucodystrophy,ORPHA_137599__ORPHA_370997
ORPHA_482601,Adenylosuccinate synthetase-like 1-related distal myopathy,ORPHA_99000,Adult-onset foveomacular vitelliform dystrophy,ORPHA_99000__ORPHA_482601
ORPHA_496689,Kyphoscoliosis-lateral tongue atrophy-hereditary spastic paraplegia syndrome,ORPHA_99000,Adult-onset foveomacular vitelliform dystrophy,ORPHA_99000__ORPHA_496689
ORPHA_254864,Mitochondrial myopathy with reversible cytochrome C oxidase deficiency,ORPHA_293381,Epithelial recurrent erosion dystrophy,ORPHA_254864__ORPHA_293381
ORPHA_399081,KLHL9-related early-onset distal myopathy,ORPHA_724,Idiopathic acute eosinophilic pneumonia,ORPHA_724__ORPHA_399081
ORPHA_1959,Evans syndrome,ORPHA_1243,Best vitelliform macular dystrophy,ORPHA_1243__ORPHA_1959
ORPHA_827,Stargardt disease,ORPHA_314769,Somatomammotropinoma,ORPHA_827__ORPHA_314769
ORPHA_2271,Congenital ichthyosis-microcephalus-tetraplegia syndrome,ORPHA_79127,Respiratory bronchiolitis-interstitial lung disease syndrome,ORPHA_2271__ORPHA_79127
ORPHA_254857,Lethal infantile mitochondrial myopathy,ORPHA_319552,Mendelian susceptibility to mycobacterial diseases due to complete IL12RB1 deficiency,ORPHA_254857__ORPHA_319552
ORPHA_251623,Pituicytoma,ORPHA_98974,Fuchs endothelial corneal dystrophy,ORPHA_98974__ORPHA_251623
ORPHA_254857,Lethal infantile mitochondrial myopathy,ORPHA_86788,X-linked severe congenital neutropenia,ORPHA_86788__ORPHA_254857
ORPHA_93311,Multiple epiphyseal dysplasia type 5,ORPHA_99000,Adult-onset foveomacular vitelliform dystrophy,ORPHA_93311__ORPHA_99000
ORPHA_137599,Herpes simplex virus stromal keratitis,ORPHA_1302,Cryptogenic organizing pneumonia,ORPHA_1302__ORPHA_137599
ORPHA_137599,Herpes simplex virus stromal keratitis,ORPHA_324442,Autosomal recessive axonal neuropathy with neuromyotonia,ORPHA_137599__ORPHA_324442
ORPHA_423275,Spinocerebellar ataxia type 40,ORPHA_52417,MALT lymphoma,ORPHA_52417__ORPHA_423275
ORPHA_293603,Congenital hereditary endothelial dystrophy type II,ORPHA_420492,"Adult-onset cervical dystonia, DYT23 type",ORPHA_293603__ORPHA_420492
ORPHA_420485,Cranio-cervical dystonia with laryngeal and upper-limb involvement,ORPHA_99000,Adult-onset foveomacular vitelliform dystrophy,ORPHA_99000__ORPHA_420485
ORPHA_352470,DNA2-related mitochondrial DNA deletion syndrome,ORPHA_721,Gray platelet syndrome,ORPHA_721__ORPHA_352470
ORPHA_254857,Lethal infantile mitochondrial myopathy,ORPHA_77301,Monosomy 9q22.3,ORPHA_77301__ORPHA_254857
ORPHA_314769,Somatomammotropinoma,ORPHA_67042,Late-onset retinal degeneration,ORPHA_67042__ORPHA_314769
ORPHA_1243,Best vitelliform macular dystrophy,ORPHA_79400,Localized epidermolysis bullosa simplex,ORPHA_1243__ORPHA_79400
ORPHA_97278,PPoma,ORPHA_99949,Charcot-Marie-Tooth disease type 4C,ORPHA_97278__ORPHA_99949
ORPHA_721,Gray platelet syndrome,ORPHA_98962,Granular corneal dystrophy type I,ORPHA_721__ORPHA_98962
ORPHA_97261,GRFoma,ORPHA_101082,Charcot-Marie-Tooth disease type 1B,ORPHA_97261__ORPHA_101082
ORPHA_99000,Adult-onset foveomacular vitelliform dystrophy,ORPHA_101081,Charcot-Marie-Tooth disease type 1A,ORPHA_99000__ORPHA_101081
ORPHA_3002,Immune thrombocytopenia,ORPHA_98963,Granular corneal dystrophy type II,ORPHA_3002__ORPHA_98963
ORPHA_97282,VIPoma,ORPHA_98962,Granular corneal dystrophy type I,ORPHA_97282__ORPHA_98962
ORPHA_329466,"Autosomal dominant focal dystonia, DYT25 type",ORPHA_98960,Thiel-Behnke corneal dystrophy,ORPHA_98960__ORPHA_329466
ORPHA_293381,Epithelial recurrent erosion dystrophy,ORPHA_97278,PPoma,ORPHA_97278__ORPHA_293381
ORPHA_399805,Male infertility with azoospermia or oligozoospermia due to single gene mutation,ORPHA_85128,Bothnia retinal dystrophy,ORPHA_85128__ORPHA_399805
ORPHA_370103,"Primary dystonia, DYT17 type",ORPHA_85128,Bothnia retinal dystrophy,ORPHA_85128__ORPHA_370103
ORPHA_137596,Neurotrophic keratopathy,ORPHA_724,Idiopathic acute eosinophilic pneumonia,ORPHA_724__ORPHA_137596
ORPHA_597,Central core disease,ORPHA_99000,Adult-onset foveomacular vitelliform dystrophy,ORPHA_597__ORPHA_99000
ORPHA_545,Follicular lymphoma,ORPHA_101085,Charcot-Marie-Tooth disease type 1F,ORPHA_545__ORPHA_101085
ORPHA_86923,"Hereditary palmoplantar keratoderma, Gamborg-Nielsen type",ORPHA_98960,Thiel-Behnke corneal dystrophy,ORPHA_86923__ORPHA_98960
ORPHA_209981,IRIDA syndrome,ORPHA_99000,Adult-onset foveomacular vitelliform dystrophy,ORPHA_99000__ORPHA_209981
ORPHA_99000,Adult-onset foveomacular vitelliform dystrophy,ORPHA_101005,Autosomal recessive spastic paraplegia type 25,ORPHA_99000__ORPHA_101005
ORPHA_545,Follicular lymphoma,ORPHA_99950,Charcot-Marie-Tooth disease type 4D,ORPHA_545__ORPHA_99950
ORPHA_163934,Atopic keratoconjunctivitis,ORPHA_369840,TRAPPC11-related limb-girdle muscular dystrophy R18,ORPHA_163934__ORPHA_369840
ORPHA_274,Bernard-Soulier syndrome,ORPHA_75376,Familial drusen,ORPHA_274__ORPHA_75376
ORPHA_1243,Best vitelliform macular dystrophy,ORPHA_447757,Autosomal dominant spastic paraplegia type 9B,ORPHA_1243__ORPHA_447757
ORPHA_169189,Autosomal dominant centronuclear myopathy,ORPHA_75376,Familial drusen,ORPHA_75376__ORPHA_169189
ORPHA_293603,Congenital hereditary endothelial dystrophy type II,ORPHA_412217,Dystonia-aphonia syndrome,ORPHA_293603__ORPHA_412217
ORPHA_724,Idiopathic acute eosinophilic pneumonia,ORPHA_99950,Charcot-Marie-Tooth disease type 4D,ORPHA_724__ORPHA_99950
ORPHA_1243,Best vitelliform macular dystrophy,ORPHA_530838,KRT1-related diffuse nonepidermolytic keratoderma,ORPHA_1243__ORPHA_530838
ORPHA_721,Gray platelet syndrome,ORPHA_99944,Autosomal dominant Charcot-Marie-Tooth disease type 2K,ORPHA_721__ORPHA_99944
ORPHA_293603,Congenital hereditary endothelial dystrophy type II,ORPHA_306734,"Primary dystonia, DYT21 type",ORPHA_293603__ORPHA_306734
ORPHA_913,Zollinger-Ellison syndrome,ORPHA_435387,Autosomal dominant Charcot-Marie-Tooth disease type 2Y,ORPHA_913__ORPHA_435387
ORPHA_913,Zollinger-Ellison syndrome,ORPHA_67042,Late-onset retinal degeneration,ORPHA_913__ORPHA_67042
ORPHA_215,Congenital stationary night blindness,ORPHA_530838,KRT1-related diffuse nonepidermolytic keratoderma,ORPHA_215__ORPHA_530838
ORPHA_1243,Best vitelliform macular dystrophy,ORPHA_399096,Distal anoctaminopathy,ORPHA_1243__ORPHA_399096
ORPHA_254857,Lethal infantile mitochondrial myopathy,ORPHA_88621,Ichthyosis-prematurity syndrome,ORPHA_88621__ORPHA_254857
ORPHA_2584,Classic mycosis fungoides,ORPHA_99950,Charcot-Marie-Tooth disease type 4D,ORPHA_2584__ORPHA_99950
ORPHA_495,Transgrediens et progrediens palmoplantar keratoderma,ORPHA_67042,Late-onset retinal degeneration,ORPHA_495__ORPHA_67042
ORPHA_67042,Late-onset retinal degeneration,ORPHA_90035,Paroxysmal cold hemoglobinuria,ORPHA_67042__ORPHA_90035
ORPHA_137599,Herpes simplex virus stromal keratitis,ORPHA_2032,Idiopathic pulmonary fibrosis,ORPHA_2032__ORPHA_137599
ORPHA_444099,Autosomal dominant spastic paraplegia type 73,ORPHA_52417,MALT lymphoma,ORPHA_52417__ORPHA_444099
ORPHA_603,"Distal myopathy, Welander type",ORPHA_52417,MALT lymphoma,ORPHA_603__ORPHA_52417
ORPHA_215,Congenital stationary night blindness,ORPHA_2271,Congenital ichthyosis-microcephalus-tetraplegia syndrome,ORPHA_215__ORPHA_2271
ORPHA_913,Zollinger-Ellison syndrome,ORPHA_101082,Charcot-Marie-Tooth disease type 1B,ORPHA_913__ORPHA_101082
ORPHA_99657,"Primary dystonia, DYT2 type",ORPHA_98963,Granular corneal dystrophy type II,ORPHA_98963__ORPHA_99657
ORPHA_293621,X-linked endothelial corneal dystrophy,ORPHA_86923,"Hereditary palmoplantar keratoderma, Gamborg-Nielsen type",ORPHA_86923__ORPHA_293621
ORPHA_293381,Epithelial recurrent erosion dystrophy,ORPHA_1302,Cryptogenic organizing pneumonia,ORPHA_1302__ORPHA_293381
ORPHA_2200,Focal palmoplantar and gingival keratoderma,ORPHA_724,Idiopathic acute eosinophilic pneumonia,ORPHA_724__ORPHA_2200
ORPHA_98962,Granular corneal dystrophy type I,ORPHA_99944,Autosomal dominant Charcot-Marie-Tooth disease type 2K,ORPHA_98962__ORPHA_99944
ORPHA_97278,PPoma,ORPHA_99939,Autosomal dominant Charcot-Marie-Tooth disease type 2E,ORPHA_97278__ORPHA_99939
ORPHA_215,Congenital stationary night blindness,ORPHA_99944,Autosomal dominant Charcot-Marie-Tooth disease type 2K,ORPHA_215__ORPHA_99944
ORPHA_1243,Best vitelliform macular dystrophy,ORPHA_101011,Autosomal dominant spastic paraplegia type 31,ORPHA_1243__ORPHA_101011
ORPHA_137599,Herpes simplex virus stromal keratitis,ORPHA_98908,Neutral lipid storage myopathy,ORPHA_98908__ORPHA_137599
ORPHA_178333,\xc3\x85land Islands eye disease,ORPHA_306734,"Primary dystonia, DYT21 type",ORPHA_178333__ORPHA_306734
ORPHA_401780,Autosomal recessive spastic paraplegia type 61,ORPHA_52417,MALT lymphoma,ORPHA_52417__ORPHA_401780
ORPHA_86918,Diffuse palmoplantar keratoderma-acrocyanosis syndrome,ORPHA_98962,Granular corneal dystrophy type I,ORPHA_86918__ORPHA_98962
ORPHA_254857,Lethal infantile mitochondrial myopathy,ORPHA_98964,Lattice corneal dystrophy type I,ORPHA_98964__ORPHA_254857
ORPHA_495,Transgrediens et progrediens palmoplantar keratoderma,ORPHA_75376,Familial drusen,ORPHA_495__ORPHA_75376
ORPHA_2199,Epidermolytic palmoplantar keratoderma,ORPHA_52417,MALT lymphoma,ORPHA_2199__ORPHA_52417
ORPHA_254857,Lethal infantile mitochondrial myopathy,ORPHA_3379,Distal trisomy 17q,ORPHA_3379__ORPHA_254857
ORPHA_2302,Asbestos intoxication,ORPHA_67042,Late-onset retinal degeneration,ORPHA_2302__ORPHA_67042
ORPHA_281201,Keratosis linearis-ichthyosis congenita-sclerosing keratoderma syndrome,ORPHA_52417,MALT lymphoma,ORPHA_52417__ORPHA_281201
ORPHA_2032,Idiopathic pulmonary fibrosis,ORPHA_99948,Charcot-Marie-Tooth disease type 4A,ORPHA_2032__ORPHA_99948
ORPHA_137599,Herpes simplex virus stromal keratitis,ORPHA_91359,Chronic pneumonitis of infancy,ORPHA_91359__ORPHA_137599
ORPHA_276,T-B+ severe combined immunodeficiency due to gamma chain deficiency,ORPHA_1243,Best vitelliform macular dystrophy,ORPHA_276__ORPHA_1243
ORPHA_99000,Adult-onset foveomacular vitelliform dystrophy,ORPHA_100998,Autosomal dominant spastic paraplegia type 17,ORPHA_99000__ORPHA_100998
ORPHA_1243,Best vitelliform macular dystrophy,ORPHA_90023,Primary immunodeficiency syndrome due to LAMTOR2 deficiency,ORPHA_1243__ORPHA_90023
ORPHA_2337,Non-epidermolytic palmoplantar keratoderma,ORPHA_98963,Granular corneal dystrophy type II,ORPHA_2337__ORPHA_98963
ORPHA_364055,Severe early-childhood-onset retinal dystrophy,ORPHA_56425,Cold agglutinin disease,ORPHA_56425__ORPHA_364055
ORPHA_1574,Retinal degeneration-nanophthalmos-glaucoma syndrome,ORPHA_254864,Mitochondrial myopathy with reversible cytochrome C oxidase deficiency,ORPHA_1574__ORPHA_254864
ORPHA_52417,MALT lymphoma,ORPHA_99950,Charcot-Marie-Tooth disease type 4D,ORPHA_52417__ORPHA_99950
ORPHA_97283,Somatostatinoma,ORPHA_101081,Charcot-Marie-Tooth disease type 1A,ORPHA_97283__ORPHA_101081
ORPHA_171433,Intermediate nemaline myopathy,ORPHA_52417,MALT lymphoma,ORPHA_52417__ORPHA_171433
ORPHA_178333,\xc3\x85land Islands eye disease,ORPHA_399808,Male infertility with teratozoospermia due to single gene mutation,ORPHA_178333__ORPHA_399808
ORPHA_98974,Fuchs endothelial corneal dystrophy,ORPHA_101085,Charcot-Marie-Tooth disease type 1F,ORPHA_98974__ORPHA_101085
ORPHA_91359,Chronic pneumonitis of infancy,ORPHA_99000,Adult-onset foveomacular vitelliform dystrophy,ORPHA_91359__ORPHA_99000
ORPHA_420485,Cranio-cervical dystonia with laryngeal and upper-limb involvement,ORPHA_98969,Macular corneal dystrophy,ORPHA_98969__ORPHA_420485
ORPHA_251623,Pituicytoma,ORPHA_364055,Severe early-childhood-onset retinal dystrophy,ORPHA_251623__ORPHA_364055
ORPHA_913,Zollinger-Ellison syndrome,ORPHA_85128,Bothnia retinal dystrophy,ORPHA_913__ORPHA_85128
ORPHA_329314,Adult-onset multiple mitochondrial DNA deletion syndrome due to DGUOK deficiency,ORPHA_99725,Pituitary gigantism,ORPHA_99725__ORPHA_329314
ORPHA_178333,\xc3\x85land Islands eye disease,ORPHA_79126,Acute interstitial pneumonia,ORPHA_79126__ORPHA_178333
ORPHA_3202,Dehydrated hereditary stomatocytosis,ORPHA_1243,Best vitelliform macular dystrophy,ORPHA_1243__ORPHA_3202
ORPHA_97261,GRFoma,ORPHA_99948,Charcot-Marie-Tooth disease type 4A,ORPHA_97261__ORPHA_99948
ORPHA_215,Congenital stationary night blindness,ORPHA_99948,Charcot-Marie-Tooth disease type 4A,ORPHA_215__ORPHA_99948
ORPHA_158684,Epidermolysis bullosa simplex with pyloric atresia,ORPHA_1243,Best vitelliform macular dystrophy,ORPHA_1243__ORPHA_158684
ORPHA_2271,Congenital ichthyosis-microcephalus-tetraplegia syndrome,ORPHA_97278,PPoma,ORPHA_2271__ORPHA_97278
ORPHA_226313,Congenital hypothyroidism due to maternal intake of antithyroid drugs,ORPHA_369840,TRAPPC11-related limb-girdle muscular dystrophy R18,ORPHA_226313__ORPHA_369840
ORPHA_827,Stargardt disease,ORPHA_99939,Autosomal dominant Charcot-Marie-Tooth disease type 2E,ORPHA_827__ORPHA_99939
ORPHA_133,Chronic beryllium disease,ORPHA_52427,Retinitis punctata albescens,ORPHA_133__ORPHA_52427
ORPHA_169160,T-B+ severe combined immunodeficiency due to CD3delta/CD3epsilon/CD3zeta,ORPHA_254854,Pure mitochondrial myopathy,ORPHA_169160__ORPHA_254854
ORPHA_52417,MALT lymphoma,ORPHA_99948,Charcot-Marie-Tooth disease type 4A,ORPHA_52417__ORPHA_99948
ORPHA_99000,Adult-onset foveomacular vitelliform dystrophy,ORPHA_100991,Autosomal dominant spastic paraplegia type 10,ORPHA_99000__ORPHA_100991
ORPHA_494526,Infantile-onset generalized dyskinesia with orofacial involvement,ORPHA_99000,Adult-onset foveomacular vitelliform dystrophy,ORPHA_99000__ORPHA_494526
ORPHA_2584,Classic mycosis fungoides,ORPHA_99944,Autosomal dominant Charcot-Marie-Tooth disease type 2K,ORPHA_2584__ORPHA_99944
ORPHA_98811,Paroxysmal exertion-induced dyskinesia,ORPHA_99000,Adult-onset foveomacular vitelliform dystrophy,ORPHA_98811__ORPHA_99000
ORPHA_521406,Dystonia-parkinsonism-hypermanganesemia syndrome,ORPHA_99000,Adult-onset foveomacular vitelliform dystrophy,ORPHA_99000__ORPHA_521406
ORPHA_67042,Late-onset retinal degeneration,ORPHA_79126,Acute interstitial pneumonia,ORPHA_67042__ORPHA_79126
ORPHA_137599,Herpes simplex virus stromal keratitis,ORPHA_420485,Cranio-cervical dystonia with laryngeal and upper-limb involvement,ORPHA_137599__ORPHA_420485
ORPHA_215,Congenital stationary night blindness,ORPHA_33402,Pediatric hepatocellular carcinoma,ORPHA_215__ORPHA_33402
ORPHA_86909,Myoclonic epilepsy of infancy,ORPHA_99000,Adult-onset foveomacular vitelliform dystrophy,ORPHA_86909__ORPHA_99000
ORPHA_293603,Congenital hereditary endothelial dystrophy type II,ORPHA_99948,Charcot-Marie-Tooth disease type 4A,ORPHA_99948__ORPHA_293603
ORPHA_79127,Respiratory bronchiolitis-interstitial lung disease syndrome,ORPHA_98964,Lattice corneal dystrophy type I,ORPHA_79127__ORPHA_98964
ORPHA_329478,Adult-onset distal myopathy due to VCP mutation,ORPHA_99725,Pituitary gigantism,ORPHA_99725__ORPHA_329478
ORPHA_314769,Somatomammotropinoma,ORPHA_98974,Fuchs endothelial corneal dystrophy,ORPHA_98974__ORPHA_314769
ORPHA_293603,Congenital hereditary endothelial dystrophy type II,ORPHA_34516,DNAJB6-related limb-girdle muscular dystrophy D1,ORPHA_34516__ORPHA_293603
ORPHA_2337,Non-epidermolytic palmoplantar keratoderma,ORPHA_75376,Familial drusen,ORPHA_2337__ORPHA_75376
ORPHA_1377,Cataract-microcornea syndrome,ORPHA_254864,Mitochondrial myopathy with reversible cytochrome C oxidase deficiency,ORPHA_1377__ORPHA_254864
ORPHA_545,Follicular lymphoma,ORPHA_75376,Familial drusen,ORPHA_545__ORPHA_75376
ORPHA_329466,"Autosomal dominant focal dystonia, DYT25 type",ORPHA_314769,Somatomammotropinoma,ORPHA_314769__ORPHA_329466
ORPHA_399808,Male infertility with teratozoospermia due to single gene mutation,ORPHA_98964,Lattice corneal dystrophy type I,ORPHA_98964__ORPHA_399808
ORPHA_2337,Non-epidermolytic palmoplantar keratoderma,ORPHA_75378,Oligocone trichromacy,ORPHA_2337__ORPHA_75378
ORPHA_254854,Pure mitochondrial myopathy,ORPHA_261243,16p13.11 microduplication syndrome,ORPHA_254854__ORPHA_261243
ORPHA_1243,Best vitelliform macular dystrophy,ORPHA_79397,Epidermolysis bullosa simplex with mottled pigmentation,ORPHA_1243__ORPHA_79397
ORPHA_963,Acromegaly,ORPHA_319514,Combined oxidative phosphorylation defect type 13,ORPHA_963__ORPHA_319514
ORPHA_3002,Immune thrombocytopenia,ORPHA_99948,Charcot-Marie-Tooth disease type 4A,ORPHA_3002__ORPHA_99948
ORPHA_217253,NMDA receptor encephalitis,ORPHA_1243,Best vitelliform macular dystrophy,ORPHA_1243__ORPHA_217253
ORPHA_495,Transgrediens et progrediens palmoplantar keratoderma,ORPHA_1243,Best vitelliform macular dystrophy,ORPHA_495__ORPHA_1243
ORPHA_3002,Immune thrombocytopenia,ORPHA_352470,DNA2-related mitochondrial DNA deletion syndrome,ORPHA_3002__ORPHA_352470
ORPHA_137599,Herpes simplex virus stromal keratitis,ORPHA_412217,Dystonia-aphonia syndrome,ORPHA_137599__ORPHA_412217
ORPHA_399081,KLHL9-related early-onset distal myopathy,ORPHA_545,Follicular lymphoma,ORPHA_545__ORPHA_399081
ORPHA_137599,Herpes simplex virus stromal keratitis,ORPHA_488333,Autosomal dominant Charcot-Marie-Tooth disease type 2W,ORPHA_137599__ORPHA_488333
ORPHA_1243,Best vitelliform macular dystrophy,ORPHA_420485,Cranio-cervical dystonia with laryngeal and upper-limb involvement,ORPHA_1243__ORPHA_420485
ORPHA_251066,8p11.2 deletion syndrome,ORPHA_254854,Pure mitochondrial myopathy,ORPHA_251066__ORPHA_254854
ORPHA_827,Stargardt disease,ORPHA_2386,Leukoencephalopathy-palmoplantar keratoderma syndrome,ORPHA_827__ORPHA_2386
ORPHA_269,Facioscapulohumeral dystrophy,ORPHA_137599,Herpes simplex virus stromal keratitis,ORPHA_269__ORPHA_137599
ORPHA_52416,Mantle cell lymphoma,ORPHA_86923,"Hereditary palmoplantar keratoderma, Gamborg-Nielsen type",ORPHA_52416__ORPHA_86923
ORPHA_251046,6p22 microdeletion syndrome,ORPHA_254857,Lethal infantile mitochondrial myopathy,ORPHA_251046__ORPHA_254857
ORPHA_86923,"Hereditary palmoplantar keratoderma, Gamborg-Nielsen type",ORPHA_99725,Pituitary gigantism,ORPHA_86923__ORPHA_99725
ORPHA_178333,\xc3\x85land Islands eye disease,ORPHA_530838,KRT1-related diffuse nonepidermolytic keratoderma,ORPHA_178333__ORPHA_530838
ORPHA_1243,Best vitelliform macular dystrophy,ORPHA_97282,VIPoma,ORPHA_1243__ORPHA_97282
ORPHA_3002,Immune thrombocytopenia,ORPHA_99944,Autosomal dominant Charcot-Marie-Tooth disease type 2K,ORPHA_3002__ORPHA_99944
ORPHA_913,Zollinger-Ellison syndrome,ORPHA_52427,Retinitis punctata albescens,ORPHA_913__ORPHA_52427
ORPHA_178333,\xc3\x85land Islands eye disease,ORPHA_370103,"Primary dystonia, DYT17 type",ORPHA_178333__ORPHA_370103
ORPHA_827,Stargardt disease,ORPHA_2271,Congenital ichthyosis-microcephalus-tetraplegia syndrome,ORPHA_827__ORPHA_2271
ORPHA_2271,Congenital ichthyosis-microcephalus-tetraplegia syndrome,ORPHA_724,Idiopathic acute eosinophilic pneumonia,ORPHA_724__ORPHA_2271
ORPHA_1716,Distal trisomy 18q,ORPHA_254854,Pure mitochondrial myopathy,ORPHA_1716__ORPHA_254854
ORPHA_1243,Best vitelliform macular dystrophy,ORPHA_401849,Autosomal spastic paraplegia type 72,ORPHA_1243__ORPHA_401849
ORPHA_1695,Non-distal trisomy 10q,ORPHA_254854,Pure mitochondrial myopathy,ORPHA_1695__ORPHA_254854
ORPHA_420485,Cranio-cervical dystonia with laryngeal and upper-limb involvement,ORPHA_52416,Mantle cell lymphoma,ORPHA_52416__ORPHA_420485
ORPHA_913,Zollinger-Ellison syndrome,ORPHA_99939,Autosomal dominant Charcot-Marie-Tooth disease type 2E,ORPHA_913__ORPHA_99939
ORPHA_659,Mutilating palmoplantar keratoderma with periorificial keratotic plaques,ORPHA_85128,Bothnia retinal dystrophy,ORPHA_659__ORPHA_85128
ORPHA_293621,X-linked endothelial corneal dystrophy,ORPHA_412217,Dystonia-aphonia syndrome,ORPHA_293621__ORPHA_412217
ORPHA_1243,Best vitelliform macular dystrophy,ORPHA_98912,"Late-onset distal myopathy, Markesbery-Griggs type",ORPHA_1243__ORPHA_98912
ORPHA_495,Transgrediens et progrediens palmoplantar keratoderma,ORPHA_254864,Mitochondrial myopathy with reversible cytochrome C oxidase deficiency,ORPHA_495__ORPHA_254864
ORPHA_79127,Respiratory bronchiolitis-interstitial lung disease syndrome,ORPHA_101085,Charcot-Marie-Tooth disease type 1F,ORPHA_79127__ORPHA_101085
ORPHA_913,Zollinger-Ellison syndrome,ORPHA_319514,Combined oxidative phosphorylation defect type 13,ORPHA_913__ORPHA_319514
ORPHA_1875,Congenital muscular dystrophy-infantile cataract-hypogonadism syndrome,ORPHA_545,Follicular lymphoma,ORPHA_545__ORPHA_1875
ORPHA_545,Follicular lymphoma,ORPHA_99657,"Primary dystonia, DYT2 type",ORPHA_545__ORPHA_99657
ORPHA_99000,Adult-onset foveomacular vitelliform dystrophy,ORPHA_101007,Autosomal recessive spastic paraplegia type 27,ORPHA_99000__ORPHA_101007
ORPHA_215,Congenital stationary night blindness,ORPHA_99940,Autosomal dominant Charcot-Marie-Tooth disease type 2F,ORPHA_215__ORPHA_99940
ORPHA_274,Bernard-Soulier syndrome,ORPHA_364055,Severe early-childhood-onset retinal dystrophy,ORPHA_274__ORPHA_364055
ORPHA_293603,Congenital hereditary endothelial dystrophy type II,ORPHA_91348,Functioning gonadotropic adenoma,ORPHA_91348__ORPHA_293603
ORPHA_2302,Asbestos intoxication,ORPHA_215,Congenital stationary night blindness,ORPHA_215__ORPHA_2302
ORPHA_254864,Mitochondrial myopathy with reversible cytochrome C oxidase deficiency,ORPHA_75376,Familial drusen,ORPHA_75376__ORPHA_254864
ORPHA_137599,Herpes simplex virus stromal keratitis,ORPHA_93958,Oromandibular dystonia,ORPHA_93958__ORPHA_137599
ORPHA_401835,Autosomal recessive spastic paraplegia type 70,ORPHA_99000,Adult-onset foveomacular vitelliform dystrophy,ORPHA_99000__ORPHA_401835
ORPHA_635,Neuroblastoma,ORPHA_254857,Lethal infantile mitochondrial myopathy,ORPHA_635__ORPHA_254857
ORPHA_827,Stargardt disease,ORPHA_913,Zollinger-Ellison syndrome,ORPHA_827__ORPHA_913
ORPHA_2386,Leukoencephalopathy-palmoplantar keratoderma syndrome,ORPHA_293603,Congenital hereditary endothelial dystrophy type II,ORPHA_2386__ORPHA_293603
ORPHA_254857,Lethal infantile mitochondrial myopathy,ORPHA_65286,3q29 microdeletion syndrome,ORPHA_65286__ORPHA_254857
ORPHA_178333,\xc3\x85land Islands eye disease,ORPHA_2271,Congenital ichthyosis-microcephalus-tetraplegia syndrome,ORPHA_2271__ORPHA_178333
ORPHA_97280,Glucagonoma,ORPHA_98960,Thiel-Behnke corneal dystrophy,ORPHA_97280__ORPHA_98960
ORPHA_3002,Immune thrombocytopenia,ORPHA_98962,Granular corneal dystrophy type I,ORPHA_3002__ORPHA_98962
ORPHA_137599,Herpes simplex virus stromal keratitis,ORPHA_99736,Acetazolamide-responsive myotonia,ORPHA_99736__ORPHA_137599
ORPHA_137596,Neurotrophic keratopathy,ORPHA_2032,Idiopathic pulmonary fibrosis,ORPHA_2032__ORPHA_137596
ORPHA_2386,Leukoencephalopathy-palmoplantar keratoderma syndrome,ORPHA_724,Idiopathic acute eosinophilic pneumonia,ORPHA_724__ORPHA_2386
ORPHA_137599,Herpes simplex virus stromal keratitis,ORPHA_79127,Respiratory bronchiolitis-interstitial lung disease syndrome,ORPHA_79127__ORPHA_137599
ORPHA_254857,Lethal infantile mitochondrial myopathy,ORPHA_96253,Cushing disease,ORPHA_96253__ORPHA_254857
ORPHA_364055,Severe early-childhood-onset retinal dystrophy,ORPHA_399808,Male infertility with teratozoospermia due to single gene mutation,ORPHA_364055__ORPHA_399808
ORPHA_1243,Best vitelliform macular dystrophy,ORPHA_79141,Hereditary painful callosities,ORPHA_1243__ORPHA_79141
ORPHA_215,Congenital stationary night blindness,ORPHA_659,Mutilating palmoplantar keratoderma with periorificial keratotic plaques,ORPHA_215__ORPHA_659
ORPHA_215,Congenital stationary night blindness,ORPHA_34516,DNAJB6-related limb-girdle muscular dystrophy D1,ORPHA_215__ORPHA_34516
ORPHA_1243,Best vitelliform macular dystrophy,ORPHA_424016,Adenocarcinoma of the anal canal,ORPHA_1243__ORPHA_424016
ORPHA_137599,Herpes simplex virus stromal keratitis,ORPHA_2201,Palmoplantar keratoderma-spastic paralysis syndrome,ORPHA_2201__ORPHA_137599
ORPHA_85128,Bothnia retinal dystrophy,ORPHA_98806,"Primary dystonia, DYT6 type",ORPHA_85128__ORPHA_98806
ORPHA_319552,Mendelian susceptibility to mycobacterial diseases due to complete IL12RB1 deficiency,ORPHA_67042,Late-onset retinal degeneration,ORPHA_67042__ORPHA_319552
ORPHA_545,Follicular lymphoma,ORPHA_85128,Bothnia retinal dystrophy,ORPHA_545__ORPHA_85128
ORPHA_1243,Best vitelliform macular dystrophy,ORPHA_33402,Pediatric hepatocellular carcinoma,ORPHA_1243__ORPHA_33402
ORPHA_67042,Late-onset retinal degeneration,ORPHA_97282,VIPoma,ORPHA_67042__ORPHA_97282
ORPHA_98964,Lattice corneal dystrophy type I,ORPHA_99953,Charcot-Marie-Tooth disease type 4G,ORPHA_98964__ORPHA_99953
ORPHA_721,Gray platelet syndrome,ORPHA_66624,PANDAS,ORPHA_721__ORPHA_66624
ORPHA_86923,"Hereditary palmoplantar keratoderma, Gamborg-Nielsen type",ORPHA_99000,Adult-onset foveomacular vitelliform dystrophy,ORPHA_86923__ORPHA_99000
ORPHA_1243,Best vitelliform macular dystrophy,ORPHA_90044,Familial pseudohyperkalemia,ORPHA_1243__ORPHA_90044
ORPHA_370103,"Primary dystonia, DYT17 type",ORPHA_99725,Pituitary gigantism,ORPHA_99725__ORPHA_370103
ORPHA_254854,Pure mitochondrial myopathy,ORPHA_261102,Distal 7q11.23 microduplication syndrome,ORPHA_254854__ORPHA_261102
ORPHA_90035,Paroxysmal cold hemoglobinuria,ORPHA_99944,Autosomal dominant Charcot-Marie-Tooth disease type 2K,ORPHA_90035__ORPHA_99944
ORPHA_293603,Congenital hereditary endothelial dystrophy type II,ORPHA_86923,"Hereditary palmoplantar keratoderma, Gamborg-Nielsen type",ORPHA_86923__ORPHA_293603
ORPHA_2199,Epidermolytic palmoplantar keratoderma,ORPHA_254864,Mitochondrial myopathy with reversible cytochrome C oxidase deficiency,ORPHA_2199__ORPHA_254864
ORPHA_254864,Mitochondrial myopathy with reversible cytochrome C oxidase deficiency,ORPHA_52427,Retinitis punctata albescens,ORPHA_52427__ORPHA_254864
ORPHA_1243,Best vitelliform macular dystrophy,ORPHA_90117,"Hereditary motor and sensory neuropathy, Okinawa type",ORPHA_1243__ORPHA_90117
ORPHA_3002,Immune thrombocytopenia,ORPHA_99940,Autosomal dominant Charcot-Marie-Tooth disease type 2F,ORPHA_3002__ORPHA_99940
ORPHA_913,Zollinger-Ellison syndrome,ORPHA_101081,Charcot-Marie-Tooth disease type 1A,ORPHA_913__ORPHA_101081
ORPHA_254864,Mitochondrial myopathy with reversible cytochrome C oxidase deficiency,ORPHA_93320,Ulnar hemimelia,ORPHA_93320__ORPHA_254864
ORPHA_137596,Neurotrophic keratopathy,ORPHA_99944,Autosomal dominant Charcot-Marie-Tooth disease type 2K,ORPHA_99944__ORPHA_137596
ORPHA_79126,Acute interstitial pneumonia,ORPHA_98963,Granular corneal dystrophy type II,ORPHA_79126__ORPHA_98963
ORPHA_3115,Roussy-L\xc3\xa9vy syndrome,ORPHA_545,Follicular lymphoma,ORPHA_545__ORPHA_3115
ORPHA_215,Congenital stationary night blindness,ORPHA_495,Transgrediens et progrediens palmoplantar keratoderma,ORPHA_215__ORPHA_495
ORPHA_314769,Somatomammotropinoma,ORPHA_97240,Zebra body myopathy,ORPHA_97240__ORPHA_314769
ORPHA_293621,X-linked endothelial corneal dystrophy,ORPHA_97261,GRFoma,ORPHA_97261__ORPHA_293621
ORPHA_99000,Adult-onset foveomacular vitelliform dystrophy,ORPHA_101039,Female restricted epilepsy with intellectual disability,ORPHA_99000__ORPHA_101039
ORPHA_2302,Asbestos intoxication,ORPHA_293621,X-linked endothelial corneal dystrophy,ORPHA_2302__ORPHA_293621
ORPHA_75378,Oligocone trichromacy,ORPHA_87503,Mal de Meleda,ORPHA_75378__ORPHA_87503
ORPHA_1243,Best vitelliform macular dystrophy,ORPHA_93958,Oromandibular dystonia,ORPHA_1243__ORPHA_93958
ORPHA_34516,DNAJB6-related limb-girdle muscular dystrophy D1,ORPHA_88621,Ichthyosis-prematurity syndrome,ORPHA_34516__ORPHA_88621
ORPHA_659,Mutilating palmoplantar keratoderma with periorificial keratotic plaques,ORPHA_75378,Oligocone trichromacy,ORPHA_659__ORPHA_75378
ORPHA_913,Zollinger-Ellison syndrome,ORPHA_101085,Charcot-Marie-Tooth disease type 1F,ORPHA_913__ORPHA_101085
ORPHA_319552,Mendelian susceptibility to mycobacterial diseases due to complete IL12RB1 deficiency,ORPHA_369840,TRAPPC11-related limb-girdle muscular dystrophy R18,ORPHA_319552__ORPHA_369840
ORPHA_468661,Autosomal recessive spastic paraplegia type 74,ORPHA_52417,MALT lymphoma,ORPHA_52417__ORPHA_468661
ORPHA_88621,Ichthyosis-prematurity syndrome,ORPHA_98960,Thiel-Behnke corneal dystrophy,ORPHA_88621__ORPHA_98960
ORPHA_306741,Hemidystonia-hemiatrophy syndrome,ORPHA_99000,Adult-onset foveomacular vitelliform dystrophy,ORPHA_99000__ORPHA_306741
ORPHA_1243,Best vitelliform macular dystrophy,ORPHA_281090,Syndromic recessive X-linked ichthyosis,ORPHA_1243__ORPHA_281090
ORPHA_408,Isolated glycerol kinase deficiency,ORPHA_99000,Adult-onset foveomacular vitelliform dystrophy,ORPHA_408__ORPHA_99000
ORPHA_90035,Paroxysmal cold hemoglobinuria,ORPHA_99725,Pituitary gigantism,ORPHA_90035__ORPHA_99725
ORPHA_33402,Pediatric hepatocellular carcinoma,ORPHA_99944,Autosomal dominant Charcot-Marie-Tooth disease type 2K,ORPHA_33402__ORPHA_99944
ORPHA_399086,Finnish upper limb-onset distal myopathy,ORPHA_724,Idiopathic acute eosinophilic pneumonia,ORPHA_724__ORPHA_399086
ORPHA_659,Mutilating palmoplantar keratoderma with periorificial keratotic plaques,ORPHA_99950,Charcot-Marie-Tooth disease type 4D,ORPHA_659__ORPHA_99950
ORPHA_293621,X-linked endothelial corneal dystrophy,ORPHA_99940,Autosomal dominant Charcot-Marie-Tooth disease type 2F,ORPHA_99940__ORPHA_293621
ORPHA_545,Follicular lymphoma,ORPHA_75378,Oligocone trichromacy,ORPHA_545__ORPHA_75378
ORPHA_254854,Pure mitochondrial myopathy,ORPHA_97278,PPoma,ORPHA_97278__ORPHA_254854
ORPHA_52417,MALT lymphoma,ORPHA_101010,Autosomal spastic paraplegia type 30,ORPHA_52417__ORPHA_101010
ORPHA_659,Mutilating palmoplantar keratoderma with periorificial keratotic plaques,ORPHA_98963,Granular corneal dystrophy type II,ORPHA_659__ORPHA_98963
ORPHA_545,Follicular lymphoma,ORPHA_98806,"Primary dystonia, DYT6 type",ORPHA_545__ORPHA_98806
ORPHA_399081,KLHL9-related early-onset distal myopathy,ORPHA_99000,Adult-onset foveomacular vitelliform dystrophy,ORPHA_99000__ORPHA_399081
ORPHA_369840,TRAPPC11-related limb-girdle muscular dystrophy R18,ORPHA_79148,Elastosis perforans serpiginosa,ORPHA_79148__ORPHA_369840
ORPHA_99000,Adult-onset foveomacular vitelliform dystrophy,ORPHA_101001,Autosomal recessive spastic paraplegia type 21,ORPHA_99000__ORPHA_101001
ORPHA_52416,Mantle cell lymphoma,ORPHA_98963,Granular corneal dystrophy type II,ORPHA_52416__ORPHA_98963
ORPHA_293621,X-linked endothelial corneal dystrophy,ORPHA_99948,Charcot-Marie-Tooth disease type 4A,ORPHA_99948__ORPHA_293621
ORPHA_401780,Autosomal recessive spastic paraplegia type 61,ORPHA_99000,Adult-onset foveomacular vitelliform dystrophy,ORPHA_99000__ORPHA_401780
ORPHA_254857,Lethal infantile mitochondrial myopathy,ORPHA_86893,Nodular lymphocyte predominant Hodgkin lymphoma,ORPHA_86893__ORPHA_254857
ORPHA_91359,Chronic pneumonitis of infancy,ORPHA_99944,Autosomal dominant Charcot-Marie-Tooth disease type 2K,ORPHA_91359__ORPHA_99944
ORPHA_399808,Male infertility with teratozoospermia due to single gene mutation,ORPHA_52427,Retinitis punctata albescens,ORPHA_52427__ORPHA_399808
ORPHA_364055,Severe early-childhood-onset retinal dystrophy,ORPHA_384,Huriez syndrome,ORPHA_384__ORPHA_364055
ORPHA_314769,Somatomammotropinoma,ORPHA_75378,Oligocone trichromacy,ORPHA_75378__ORPHA_314769
ORPHA_293621,X-linked endothelial corneal dystrophy,ORPHA_530838,KRT1-related diffuse nonepidermolytic keratoderma,ORPHA_293621__ORPHA_530838
ORPHA_137596,Neurotrophic keratopathy,ORPHA_99953,Charcot-Marie-Tooth disease type 4G,ORPHA_99953__ORPHA_137596
ORPHA_137599,Herpes simplex virus stromal keratitis,ORPHA_97261,GRFoma,ORPHA_97261__ORPHA_137599
ORPHA_178333,\xc3\x85land Islands eye disease,ORPHA_2302,Asbestos intoxication,ORPHA_2302__ORPHA_178333
ORPHA_369840,TRAPPC11-related limb-girdle muscular dystrophy R18,ORPHA_530838,KRT1-related diffuse nonepidermolytic keratoderma,ORPHA_369840__ORPHA_530838
ORPHA_293621,X-linked endothelial corneal dystrophy,ORPHA_659,Mutilating palmoplantar keratoderma with periorificial keratotic plaques,ORPHA_659__ORPHA_293621
ORPHA_2334,Autosomal dominant keratitis,ORPHA_659,Mutilating palmoplantar keratoderma with periorificial keratotic plaques,ORPHA_659__ORPHA_2334
ORPHA_2386,Leukoencephalopathy-palmoplantar keratoderma syndrome,ORPHA_364055,Severe early-childhood-onset retinal dystrophy,ORPHA_2386__ORPHA_364055
ORPHA_137596,Neurotrophic keratopathy,ORPHA_91359,Chronic pneumonitis of infancy,ORPHA_91359__ORPHA_137596
ORPHA_352470,DNA2-related mitochondrial DNA deletion syndrome,ORPHA_33111,Granulomatous slack skin,ORPHA_33111__ORPHA_352470
ORPHA_254854,Pure mitochondrial myopathy,ORPHA_96149,Distal monosomy 12q,ORPHA_96149__ORPHA_254854
ORPHA_90035,Paroxysmal cold hemoglobinuria,ORPHA_98974,Fuchs endothelial corneal dystrophy,ORPHA_90035__ORPHA_98974
ORPHA_293381,Epithelial recurrent erosion dystrophy,ORPHA_33111,Granulomatous slack skin,ORPHA_33111__ORPHA_293381
ORPHA_2386,Leukoencephalopathy-palmoplantar keratoderma syndrome,ORPHA_52416,Mantle cell lymphoma,ORPHA_2386__ORPHA_52416
ORPHA_724,Idiopathic acute eosinophilic pneumonia,ORPHA_603,"Distal myopathy, Welander type",ORPHA_603__ORPHA_724
ORPHA_2271,Congenital ichthyosis-microcephalus-tetraplegia syndrome,ORPHA_52416,Mantle cell lymphoma,ORPHA_2271__ORPHA_52416
ORPHA_254857,Lethal infantile mitochondrial myopathy,ORPHA_52417,MALT lymphoma,ORPHA_52417__ORPHA_254857
ORPHA_53351,X-linked dystonia-parkinsonism,ORPHA_99000,Adult-onset foveomacular vitelliform dystrophy,ORPHA_53351__ORPHA_99000
ORPHA_99000,Adult-onset foveomacular vitelliform dystrophy,ORPHA_100985,Autosomal dominant spastic paraplegia type 4,ORPHA_99000__ORPHA_100985
ORPHA_52417,MALT lymphoma,ORPHA_101003,Autosomal recessive spastic paraplegia type 23,ORPHA_52417__ORPHA_101003
ORPHA_75376,Familial drusen,ORPHA_93958,Oromandibular dystonia,ORPHA_75376__ORPHA_93958
ORPHA_331206,Severe combined immunodeficiency due to complete RAG1/2 deficiency,ORPHA_34516,DNAJB6-related limb-girdle muscular dystrophy D1,ORPHA_34516__ORPHA_331206
ORPHA_137599,Herpes simplex virus stromal keratitis,ORPHA_399805,Male infertility with azoospermia or oligozoospermia due to single gene mutation,ORPHA_137599__ORPHA_399805
ORPHA_97283,Somatostatinoma,ORPHA_98962,Granular corneal dystrophy type I,ORPHA_97283__ORPHA_98962
ORPHA_3002,Immune thrombocytopenia,ORPHA_293603,Congenital hereditary endothelial dystrophy type II,ORPHA_3002__ORPHA_293603
ORPHA_97261,GRFoma,ORPHA_98964,Lattice corneal dystrophy type I,ORPHA_97261__ORPHA_98964
ORPHA_254857,Lethal infantile mitochondrial myopathy,ORPHA_543,Burkitt lymphoma,ORPHA_543__ORPHA_254857
ORPHA_721,Gray platelet syndrome,ORPHA_34516,DNAJB6-related limb-girdle muscular dystrophy D1,ORPHA_721__ORPHA_34516
ORPHA_231445,Paraparetic variant of Guillain-Barr\xc3\xa9 syndrome,ORPHA_721,Gray platelet syndrome,ORPHA_721__ORPHA_231445
ORPHA_178333,\xc3\x85land Islands eye disease,ORPHA_97280,Glucagonoma,ORPHA_97280__ORPHA_178333
ORPHA_293381,Epithelial recurrent erosion dystrophy,ORPHA_79128,Lymphoid interstitial pneumonia,ORPHA_79128__ORPHA_293381
ORPHA_137596,Neurotrophic keratopathy,ORPHA_79127,Respiratory bronchiolitis-interstitial lung disease syndrome,ORPHA_79127__ORPHA_137596
ORPHA_293381,Epithelial recurrent erosion dystrophy,ORPHA_99944,Autosomal dominant Charcot-Marie-Tooth disease type 2K,ORPHA_99944__ORPHA_293381
ORPHA_251014,2q31.1 microdeletion syndrome,ORPHA_254857,Lethal infantile mitochondrial myopathy,ORPHA_251014__ORPHA_254857
ORPHA_178333,\xc3\x85land Islands eye disease,ORPHA_488333,Autosomal dominant Charcot-Marie-Tooth disease type 2W,ORPHA_178333__ORPHA_488333
ORPHA_2200,Focal palmoplantar and gingival keratoderma,ORPHA_293603,Congenital hereditary endothelial dystrophy type II,ORPHA_2200__ORPHA_293603
ORPHA_634,Netherton syndrome,ORPHA_1243,Best vitelliform macular dystrophy,ORPHA_634__ORPHA_1243
ORPHA_75376,Familial drusen,ORPHA_88621,Ichthyosis-prematurity syndrome,ORPHA_75376__ORPHA_88621
ORPHA_169154,T-B+ severe combined immunodeficiency due to IL-7Ralpha deficiency,ORPHA_99000,Adult-onset foveomacular vitelliform dystrophy,ORPHA_99000__ORPHA_169154
ORPHA_70587,Infant acute respiratory distress syndrome,ORPHA_98974,Fuchs endothelial corneal dystrophy,ORPHA_70587__ORPHA_98974
ORPHA_171430,Severe congenital nemaline myopathy,ORPHA_99000,Adult-onset foveomacular vitelliform dystrophy,ORPHA_99000__ORPHA_171430
ORPHA_169160,T-B+ severe combined immunodeficiency due to CD3delta/CD3epsilon/CD3zeta,ORPHA_1243,Best vitelliform macular dystrophy,ORPHA_1243__ORPHA_169160
ORPHA_2271,Congenital ichthyosis-microcephalus-tetraplegia syndrome,ORPHA_52427,Retinitis punctata albescens,ORPHA_2271__ORPHA_52427
ORPHA_435387,Autosomal dominant Charcot-Marie-Tooth disease type 2Y,ORPHA_79126,Acute interstitial pneumonia,ORPHA_79126__ORPHA_435387
ORPHA_370103,"Primary dystonia, DYT17 type",ORPHA_98960,Thiel-Behnke corneal dystrophy,ORPHA_98960__ORPHA_370103
ORPHA_2386,Leukoencephalopathy-palmoplantar keratoderma syndrome,ORPHA_98974,Fuchs endothelial corneal dystrophy,ORPHA_2386__ORPHA_98974
ORPHA_293621,X-linked endothelial corneal dystrophy,ORPHA_420485,Cranio-cervical dystonia with laryngeal and upper-limb involvement,ORPHA_293621__ORPHA_420485
ORPHA_482601,Adenylosuccinate synthetase-like 1-related distal myopathy,ORPHA_52417,MALT lymphoma,ORPHA_52417__ORPHA_482601
ORPHA_254854,Pure mitochondrial myopathy,ORPHA_79148,Elastosis perforans serpiginosa,ORPHA_79148__ORPHA_254854
ORPHA_34516,DNAJB6-related limb-girdle muscular dystrophy D1,ORPHA_98974,Fuchs endothelial corneal dystrophy,ORPHA_34516__ORPHA_98974
ORPHA_215,Congenital stationary night blindness,ORPHA_98806,"Primary dystonia, DYT6 type",ORPHA_215__ORPHA_98806
ORPHA_724,Idiopathic acute eosinophilic pneumonia,ORPHA_95717,Idiopathic congenital hypothyroidism,ORPHA_724__ORPHA_95717
ORPHA_827,Stargardt disease,ORPHA_91348,Functioning gonadotropic adenoma,ORPHA_827__ORPHA_91348
ORPHA_254854,Pure mitochondrial myopathy,ORPHA_319552,Mendelian susceptibility to mycobacterial diseases due to complete IL12RB1 deficiency,ORPHA_254854__ORPHA_319552
ORPHA_435387,Autosomal dominant Charcot-Marie-Tooth disease type 2Y,ORPHA_545,Follicular lymphoma,ORPHA_545__ORPHA_435387
ORPHA_93958,Oromandibular dystonia,ORPHA_98963,Granular corneal dystrophy type II,ORPHA_93958__ORPHA_98963
ORPHA_137599,Herpes simplex virus stromal keratitis,ORPHA_90117,"Hereditary motor and sensory neuropathy, Okinawa type",ORPHA_90117__ORPHA_137599
ORPHA_1243,Best vitelliform macular dystrophy,ORPHA_97283,Somatostatinoma,ORPHA_1243__ORPHA_97283
ORPHA_97282,VIPoma,ORPHA_101082,Charcot-Marie-Tooth disease type 1B,ORPHA_97282__ORPHA_101082
ORPHA_137596,Neurotrophic keratopathy,ORPHA_86919,Keratosis palmaris et plantaris-clinodactyly syndrome,ORPHA_86919__ORPHA_137596
ORPHA_79144,Isolated congenital onychodysplasia,ORPHA_99000,Adult-onset foveomacular vitelliform dystrophy,ORPHA_79144__ORPHA_99000
ORPHA_93308,Multiple epiphyseal dysplasia type 1,ORPHA_99000,Adult-onset foveomacular vitelliform dystrophy,ORPHA_93308__ORPHA_99000
ORPHA_2200,Focal palmoplantar and gingival keratoderma,ORPHA_75378,Oligocone trichromacy,ORPHA_2200__ORPHA_75378
ORPHA_33402,Pediatric hepatocellular carcinoma,ORPHA_99953,Charcot-Marie-Tooth disease type 4G,ORPHA_33402__ORPHA_99953
ORPHA_251623,Pituicytoma,ORPHA_254864,Mitochondrial myopathy with reversible cytochrome C oxidase deficiency,ORPHA_251623__ORPHA_254864
ORPHA_163727,"b""Rolandic epilepsy-paroxysmal exercise-induced dystonia-writer's cramp syndrome""",ORPHA_99000,Adult-onset foveomacular vitelliform dystrophy,ORPHA_99000__ORPHA_163727
ORPHA_217012,Spinocerebellar ataxia type 31,ORPHA_52417,MALT lymphoma,ORPHA_52417__ORPHA_217012
ORPHA_33111,Granulomatous slack skin,ORPHA_99947,Autosomal dominant Charcot-Marie-Tooth disease type 2A2,ORPHA_33111__ORPHA_99947
ORPHA_401840,Autosomal recessive spastic paraplegia type 71,ORPHA_52417,MALT lymphoma,ORPHA_52417__ORPHA_401840
ORPHA_2584,Classic mycosis fungoides,ORPHA_101085,Charcot-Marie-Tooth disease type 1F,ORPHA_2584__ORPHA_101085
ORPHA_420485,Cranio-cervical dystonia with laryngeal and upper-limb involvement,ORPHA_659,Mutilating palmoplantar keratoderma with periorificial keratotic plaques,ORPHA_659__ORPHA_420485
ORPHA_97282,VIPoma,ORPHA_99948,Charcot-Marie-Tooth disease type 4A,ORPHA_97282__ORPHA_99948
ORPHA_79127,Respiratory bronchiolitis-interstitial lung disease syndrome,ORPHA_99000,Adult-onset foveomacular vitelliform dystrophy,ORPHA_79127__ORPHA_99000
ORPHA_215,Congenital stationary night blindness,ORPHA_399808,Male infertility with teratozoospermia due to single gene mutation,ORPHA_215__ORPHA_399808
ORPHA_306734,"Primary dystonia, DYT21 type",ORPHA_99000,Adult-onset foveomacular vitelliform dystrophy,ORPHA_99000__ORPHA_306734
ORPHA_597,Central core disease,ORPHA_52417,MALT lymphoma,ORPHA_597__ORPHA_52417
ORPHA_79128,Lymphoid interstitial pneumonia,ORPHA_85128,Bothnia retinal dystrophy,ORPHA_79128__ORPHA_85128
ORPHA_79127,Respiratory bronchiolitis-interstitial lung disease syndrome,ORPHA_99944,Autosomal dominant Charcot-Marie-Tooth disease type 2K,ORPHA_79127__ORPHA_99944
ORPHA_659,Mutilating palmoplantar keratoderma with periorificial keratotic plaques,ORPHA_98974,Fuchs endothelial corneal dystrophy,ORPHA_659__ORPHA_98974
ORPHA_99000,Adult-onset foveomacular vitelliform dystrophy,ORPHA_101097,Autosomal recessive Charcot-Marie-Tooth disease with hoarseness,ORPHA_99000__ORPHA_101097
ORPHA_52417,MALT lymphoma,ORPHA_98761,Spinocerebellar ataxia type 10,ORPHA_52417__ORPHA_98761
ORPHA_85128,Bothnia retinal dystrophy,ORPHA_97280,Glucagonoma,ORPHA_85128__ORPHA_97280
ORPHA_399081,KLHL9-related early-onset distal myopathy,ORPHA_52416,Mantle cell lymphoma,ORPHA_52416__ORPHA_399081
ORPHA_137599,Herpes simplex virus stromal keratitis,ORPHA_63273,Distal myopathy with posterior leg and anterior hand involvement,ORPHA_63273__ORPHA_137599
ORPHA_137599,Herpes simplex virus stromal keratitis,ORPHA_86919,Keratosis palmaris et plantaris-clinodactyly syndrome,ORPHA_86919__ORPHA_137599
ORPHA_2337,Non-epidermolytic palmoplantar keratoderma,ORPHA_364055,Severe early-childhood-onset retinal dystrophy,ORPHA_2337__ORPHA_364055
ORPHA_1302,Cryptogenic organizing pneumonia,ORPHA_99725,Pituitary gigantism,ORPHA_1302__ORPHA_99725
ORPHA_171617,Autosomal dominant spastic paraplegia type 38,ORPHA_52417,MALT lymphoma,ORPHA_52417__ORPHA_171617
ORPHA_171863,Autosomal dominant spastic paraplegia type 42,ORPHA_52417,MALT lymphoma,ORPHA_52417__ORPHA_171863
ORPHA_6,3-methylcrotonyl-CoA carboxylase deficiency,ORPHA_52417,MALT lymphoma,ORPHA_6__ORPHA_52417
ORPHA_86923,"Hereditary palmoplantar keratoderma, Gamborg-Nielsen type",ORPHA_98963,Granular corneal dystrophy type II,ORPHA_86923__ORPHA_98963
ORPHA_721,Gray platelet syndrome,ORPHA_101082,Charcot-Marie-Tooth disease type 1B,ORPHA_721__ORPHA_101082
ORPHA_2200,Focal palmoplantar and gingival keratoderma,ORPHA_98974,Fuchs endothelial corneal dystrophy,ORPHA_2200__ORPHA_98974
ORPHA_33402,Pediatric hepatocellular carcinoma,ORPHA_99950,Charcot-Marie-Tooth disease type 4D,ORPHA_33402__ORPHA_99950
ORPHA_352470,DNA2-related mitochondrial DNA deletion syndrome,ORPHA_98963,Granular corneal dystrophy type II,ORPHA_98963__ORPHA_352470
ORPHA_86841,Myelodysplastic syndrome associated with isolated del(5q) chromosome abnormality,ORPHA_99000,Adult-onset foveomacular vitelliform dystrophy,ORPHA_86841__ORPHA_99000
ORPHA_36899,Myoclonus-dystonia syndrome,ORPHA_99000,Adult-onset foveomacular vitelliform dystrophy,ORPHA_36899__ORPHA_99000
ORPHA_1598,Monosomy 18p,ORPHA_97283,Somatostatinoma,ORPHA_1598__ORPHA_97283
ORPHA_1243,Best vitelliform macular dystrophy,ORPHA_87503,Mal de Meleda,ORPHA_1243__ORPHA_87503
ORPHA_254854,Pure mitochondrial myopathy,ORPHA_261295,20p12.3 microdeletion syndrome,ORPHA_254854__ORPHA_261295
ORPHA_420485,Cranio-cervical dystonia with laryngeal and upper-limb involvement,ORPHA_75376,Familial drusen,ORPHA_75376__ORPHA_420485
ORPHA_254854,Pure mitochondrial myopathy,ORPHA_261250,16q24.3 microdeletion syndrome,ORPHA_254854__ORPHA_261250
ORPHA_254857,Lethal infantile mitochondrial myopathy,ORPHA_264450,Trisomy 8p,ORPHA_254857__ORPHA_264450
ORPHA_254857,Lethal infantile mitochondrial myopathy,ORPHA_318,Acute erythroid leukemia,ORPHA_318__ORPHA_254857
ORPHA_79126,Acute interstitial pneumonia,ORPHA_99953,Charcot-Marie-Tooth disease type 4G,ORPHA_79126__ORPHA_99953
ORPHA_3002,Immune thrombocytopenia,ORPHA_99947,Autosomal dominant Charcot-Marie-Tooth disease type 2A2,ORPHA_3002__ORPHA_99947
ORPHA_86843,Acute panmyelosis with myelofibrosis,ORPHA_99000,Adult-onset foveomacular vitelliform dystrophy,ORPHA_86843__ORPHA_99000
ORPHA_1243,Best vitelliform macular dystrophy,ORPHA_293978,Deficiency in anterior pituitary function-variable immunodeficiency syndrome,ORPHA_1243__ORPHA_293978
ORPHA_99000,Adult-onset foveomacular vitelliform dystrophy,ORPHA_99944,Autosomal dominant Charcot-Marie-Tooth disease type 2K,ORPHA_99000__ORPHA_99944
ORPHA_913,Zollinger-Ellison syndrome,ORPHA_1243,Best vitelliform macular dystrophy,ORPHA_913__ORPHA_1243
ORPHA_254864,Mitochondrial myopathy with reversible cytochrome C oxidase deficiency,ORPHA_293603,Congenital hereditary endothelial dystrophy type II,ORPHA_254864__ORPHA_293603
ORPHA_721,Gray platelet syndrome,ORPHA_95715,Congenital hypothyroidism due to transplacental passage of TSH-binding inhibitory antibodies,ORPHA_721__ORPHA_95715
ORPHA_2032,Idiopathic pulmonary fibrosis,ORPHA_98964,Lattice corneal dystrophy type I,ORPHA_2032__ORPHA_98964
ORPHA_97278,PPoma,ORPHA_101081,Charcot-Marie-Tooth disease type 1A,ORPHA_97278__ORPHA_101081
ORPHA_1243,Best vitelliform macular dystrophy,ORPHA_66624,PANDAS,ORPHA_1243__ORPHA_66624
ORPHA_254864,Mitochondrial myopathy with reversible cytochrome C oxidase deficiency,ORPHA_276413,10q22.3q23.3 microdeletion syndrome,ORPHA_254864__ORPHA_276413
ORPHA_52417,MALT lymphoma,ORPHA_100985,Autosomal dominant spastic paraplegia type 4,ORPHA_52417__ORPHA_100985
ORPHA_254864,Mitochondrial myopathy with reversible cytochrome C oxidase deficiency,ORPHA_1243,Best vitelliform macular dystrophy,ORPHA_1243__ORPHA_254864
ORPHA_226307,Hypothyroidism due to deficient transcription factors involved in pituitary development or function,ORPHA_99000,Adult-onset foveomacular vitelliform dystrophy,ORPHA_99000__ORPHA_226307
ORPHA_293603,Congenital hereditary endothelial dystrophy type II,ORPHA_97283,Somatostatinoma,ORPHA_97283__ORPHA_293603
ORPHA_293621,X-linked endothelial corneal dystrophy,ORPHA_420492,"Adult-onset cervical dystonia, DYT23 type",ORPHA_293621__ORPHA_420492
ORPHA_401800,Autosomal recessive spastic paraplegia type 60,ORPHA_52417,MALT lymphoma,ORPHA_52417__ORPHA_401800
ORPHA_70476,Vernal keratoconjunctivitis,ORPHA_34516,DNAJB6-related limb-girdle muscular dystrophy D1,ORPHA_34516__ORPHA_70476
ORPHA_70587,Infant acute respiratory distress syndrome,ORPHA_99953,Charcot-Marie-Tooth disease type 4G,ORPHA_70587__ORPHA_99953
ORPHA_251038,3q29 microduplication syndrome,ORPHA_254857,Lethal infantile mitochondrial myopathy,ORPHA_251038__ORPHA_254857
ORPHA_412217,Dystonia-aphonia syndrome,ORPHA_85128,Bothnia retinal dystrophy,ORPHA_85128__ORPHA_412217
ORPHA_488333,Autosomal dominant Charcot-Marie-Tooth disease type 2W,ORPHA_52427,Retinitis punctata albescens,ORPHA_52427__ORPHA_488333
ORPHA_137599,Herpes simplex virus stromal keratitis,ORPHA_98805,"Primary dystonia, DYT4 type",ORPHA_98805__ORPHA_137599
ORPHA_67042,Late-onset retinal degeneration,ORPHA_33402,Pediatric hepatocellular carcinoma,ORPHA_33402__ORPHA_67042
ORPHA_251623,Pituicytoma,ORPHA_319514,Combined oxidative phosphorylation defect type 13,ORPHA_251623__ORPHA_319514
ORPHA_178333,\xc3\x85land Islands eye disease,ORPHA_2386,Leukoencephalopathy-palmoplantar keratoderma syndrome,ORPHA_2386__ORPHA_178333
ORPHA_137596,Neurotrophic keratopathy,ORPHA_3202,Dehydrated hereditary stomatocytosis,ORPHA_3202__ORPHA_137596
ORPHA_2032,Idiopathic pulmonary fibrosis,ORPHA_99000,Adult-onset foveomacular vitelliform dystrophy,ORPHA_2032__ORPHA_99000
ORPHA_254854,Pure mitochondrial myopathy,ORPHA_75376,Familial drusen,ORPHA_75376__ORPHA_254854
ORPHA_67042,Late-onset retinal degeneration,ORPHA_99939,Autosomal dominant Charcot-Marie-Tooth disease type 2E,ORPHA_67042__ORPHA_99939
ORPHA_274,Bernard-Soulier syndrome,ORPHA_85128,Bothnia retinal dystrophy,ORPHA_274__ORPHA_85128
ORPHA_254857,Lethal infantile mitochondrial myopathy,ORPHA_545,Follicular lymphoma,ORPHA_545__ORPHA_254857
ORPHA_293603,Congenital hereditary endothelial dystrophy type II,ORPHA_79126,Acute interstitial pneumonia,ORPHA_79126__ORPHA_293603
ORPHA_169189,Autosomal dominant centronuclear myopathy,ORPHA_85128,Bothnia retinal dystrophy,ORPHA_85128__ORPHA_169189
ORPHA_99000,Adult-onset foveomacular vitelliform dystrophy,ORPHA_99950,Charcot-Marie-Tooth disease type 4D,ORPHA_99000__ORPHA_99950
ORPHA_251623,Pituicytoma,ORPHA_1243,Best vitelliform macular dystrophy,ORPHA_1243__ORPHA_251623
ORPHA_52417,MALT lymphoma,ORPHA_101081,Charcot-Marie-Tooth disease type 1A,ORPHA_52417__ORPHA_101081
ORPHA_254857,Lethal infantile mitochondrial myopathy,ORPHA_97282,VIPoma,ORPHA_97282__ORPHA_254857
ORPHA_293381,Epithelial recurrent erosion dystrophy,ORPHA_86918,Diffuse palmoplantar keratoderma-acrocyanosis syndrome,ORPHA_86918__ORPHA_293381
ORPHA_67042,Late-onset retinal degeneration,ORPHA_98805,"Primary dystonia, DYT4 type",ORPHA_67042__ORPHA_98805
ORPHA_97261,GRFoma,ORPHA_98974,Fuchs endothelial corneal dystrophy,ORPHA_97261__ORPHA_98974
ORPHA_34516,DNAJB6-related limb-girdle muscular dystrophy D1,ORPHA_99000,Adult-onset foveomacular vitelliform dystrophy,ORPHA_34516__ORPHA_99000
ORPHA_2386,Leukoencephalopathy-palmoplantar keratoderma syndrome,ORPHA_52427,Retinitis punctata albescens,ORPHA_2386__ORPHA_52427
ORPHA_99725,Pituitary gigantism,ORPHA_101085,Charcot-Marie-Tooth disease type 1F,ORPHA_99725__ORPHA_101085
ORPHA_169189,Autosomal dominant centronuclear myopathy,ORPHA_98963,Granular corneal dystrophy type II,ORPHA_98963__ORPHA_169189
ORPHA_364055,Severe early-childhood-onset retinal dystrophy,ORPHA_99939,Autosomal dominant Charcot-Marie-Tooth disease type 2E,ORPHA_99939__ORPHA_364055
ORPHA_209951,Autosomal recessive spastic paraplegia type 18,ORPHA_99000,Adult-onset foveomacular vitelliform dystrophy,ORPHA_99000__ORPHA_209951
ORPHA_369840,TRAPPC11-related limb-girdle muscular dystrophy R18,ORPHA_86918,Diffuse palmoplantar keratoderma-acrocyanosis syndrome,ORPHA_86918__ORPHA_369840
ORPHA_99725,Pituitary gigantism,ORPHA_99947,Autosomal dominant Charcot-Marie-Tooth disease type 2A2,ORPHA_99725__ORPHA_99947
ORPHA_329466,"Autosomal dominant focal dystonia, DYT25 type",ORPHA_67042,Late-onset retinal degeneration,ORPHA_67042__ORPHA_329466
ORPHA_254857,Lethal infantile mitochondrial myopathy,ORPHA_261290,Trisomy 17p,ORPHA_254857__ORPHA_261290
ORPHA_33111,Granulomatous slack skin,ORPHA_98964,Lattice corneal dystrophy type I,ORPHA_33111__ORPHA_98964
ORPHA_364055,Severe early-childhood-onset retinal dystrophy,ORPHA_435387,Autosomal dominant Charcot-Marie-Tooth disease type 2Y,ORPHA_364055__ORPHA_435387
ORPHA_254857,Lethal infantile mitochondrial myopathy,ORPHA_261311,20q13.33 microdeletion syndrome,ORPHA_254857__ORPHA_261311
ORPHA_2032,Idiopathic pulmonary fibrosis,ORPHA_99953,Charcot-Marie-Tooth disease type 4G,ORPHA_2032__ORPHA_99953
ORPHA_169189,Autosomal dominant centronuclear myopathy,ORPHA_2032,Idiopathic pulmonary fibrosis,ORPHA_2032__ORPHA_169189
ORPHA_52417,MALT lymphoma,ORPHA_98766,Spinocerebellar ataxia type 5,ORPHA_52417__ORPHA_98766
ORPHA_254854,Pure mitochondrial myopathy,ORPHA_97283,Somatostatinoma,ORPHA_97283__ORPHA_254854
ORPHA_320411,Autosomal recessive spastic paraplegia type 56,ORPHA_99000,Adult-onset foveomacular vitelliform dystrophy,ORPHA_99000__ORPHA_320411
ORPHA_827,Stargardt disease,ORPHA_97280,Glucagonoma,ORPHA_827__ORPHA_97280
ORPHA_1243,Best vitelliform macular dystrophy,ORPHA_318,Acute erythroid leukemia,ORPHA_318__ORPHA_1243
ORPHA_137599,Herpes simplex virus stromal keratitis,ORPHA_101082,Charcot-Marie-Tooth disease type 1B,ORPHA_101082__ORPHA_137599
ORPHA_33402,Pediatric hepatocellular carcinoma,ORPHA_98962,Granular corneal dystrophy type I,ORPHA_33402__ORPHA_98962
ORPHA_293381,Epithelial recurrent erosion dystrophy,ORPHA_86919,Keratosis palmaris et plantaris-clinodactyly syndrome,ORPHA_86919__ORPHA_293381
ORPHA_133,Chronic beryllium disease,ORPHA_98960,Thiel-Behnke corneal dystrophy,ORPHA_133__ORPHA_98960
ORPHA_1243,Best vitelliform macular dystrophy,ORPHA_319600,Mendelian susceptibility to mycobacterial diseases due to partial IRF8 deficiency,ORPHA_1243__ORPHA_319600
ORPHA_724,Idiopathic acute eosinophilic pneumonia,ORPHA_79394,Congenital non-bullous ichthyosiform erythroderma,ORPHA_724__ORPHA_79394
ORPHA_420492,"Adult-onset cervical dystonia, DYT23 type",ORPHA_98974,Fuchs endothelial corneal dystrophy,ORPHA_98974__ORPHA_420492
ORPHA_1243,Best vitelliform macular dystrophy,ORPHA_101010,Autosomal spastic paraplegia type 30,ORPHA_1243__ORPHA_101010
ORPHA_137599,Herpes simplex virus stromal keratitis,ORPHA_99949,Charcot-Marie-Tooth disease type 4C,ORPHA_99949__ORPHA_137599
ORPHA_70587,Infant acute respiratory distress syndrome,ORPHA_99948,Charcot-Marie-Tooth disease type 4A,ORPHA_70587__ORPHA_99948
ORPHA_530838,KRT1-related diffuse nonepidermolytic keratoderma,ORPHA_98960,Thiel-Behnke corneal dystrophy,ORPHA_98960__ORPHA_530838
ORPHA_254854,Pure mitochondrial myopathy,ORPHA_228399,8q12 microduplication syndrome,ORPHA_228399__ORPHA_254854
ORPHA_352470,DNA2-related mitochondrial DNA deletion syndrome,ORPHA_97278,PPoma,ORPHA_97278__ORPHA_352470
ORPHA_2337,Non-epidermolytic palmoplantar keratoderma,ORPHA_98960,Thiel-Behnke corneal dystrophy,ORPHA_2337__ORPHA_98960
ORPHA_86923,"Hereditary palmoplantar keratoderma, Gamborg-Nielsen type",ORPHA_98962,Granular corneal dystrophy type I,ORPHA_86923__ORPHA_98962
ORPHA_70587,Infant acute respiratory distress syndrome,ORPHA_101085,Charcot-Marie-Tooth disease type 1F,ORPHA_70587__ORPHA_101085
ORPHA_2199,Epidermolytic palmoplantar keratoderma,ORPHA_293603,Congenital hereditary endothelial dystrophy type II,ORPHA_2199__ORPHA_293603
ORPHA_320355,Autosomal dominant spastic paraplegia type 41,ORPHA_52417,MALT lymphoma,ORPHA_52417__ORPHA_320355
ORPHA_827,Stargardt disease,ORPHA_97261,GRFoma,ORPHA_827__ORPHA_97261
ORPHA_178333,\xc3\x85land Islands eye disease,ORPHA_352470,DNA2-related mitochondrial DNA deletion syndrome,ORPHA_178333__ORPHA_352470
ORPHA_399808,Male infertility with teratozoospermia due to single gene mutation,ORPHA_659,Mutilating palmoplantar keratoderma with periorificial keratotic plaques,ORPHA_659__ORPHA_399808
ORPHA_724,Idiopathic acute eosinophilic pneumonia,ORPHA_67036,Autosomal dominant optic atrophy and cataract,ORPHA_724__ORPHA_67036
ORPHA_254854,Pure mitochondrial myopathy,ORPHA_93322,Tibial hemimelia,ORPHA_93322__ORPHA_254854
ORPHA_329466,"Autosomal dominant focal dystonia, DYT25 type",ORPHA_52416,Mantle cell lymphoma,ORPHA_52416__ORPHA_329466
ORPHA_137596,Neurotrophic keratopathy,ORPHA_329478,Adult-onset distal myopathy due to VCP mutation,ORPHA_137596__ORPHA_329478
ORPHA_3115,Roussy-L\xc3\xa9vy syndrome,ORPHA_99000,Adult-onset foveomacular vitelliform dystrophy,ORPHA_3115__ORPHA_99000
ORPHA_2302,Asbestos intoxication,ORPHA_293603,Congenital hereditary endothelial dystrophy type II,ORPHA_2302__ORPHA_293603
ORPHA_52416,Mantle cell lymphoma,ORPHA_98964,Lattice corneal dystrophy type I,ORPHA_52416__ORPHA_98964
ORPHA_171430,Severe congenital nemaline myopathy,ORPHA_52417,MALT lymphoma,ORPHA_52417__ORPHA_171430
ORPHA_2337,Non-epidermolytic palmoplantar keratoderma,ORPHA_52427,Retinitis punctata albescens,ORPHA_2337__ORPHA_52427
ORPHA_67042,Late-onset retinal degeneration,ORPHA_87503,Mal de Meleda,ORPHA_67042__ORPHA_87503
ORPHA_423275,Spinocerebellar ataxia type 40,ORPHA_99000,Adult-onset foveomacular vitelliform dystrophy,ORPHA_99000__ORPHA_423275
ORPHA_2584,Classic mycosis fungoides,ORPHA_99949,Charcot-Marie-Tooth disease type 4C,ORPHA_2584__ORPHA_99949
ORPHA_42,Medium chain acyl-CoA dehydrogenase deficiency,ORPHA_1243,Best vitelliform macular dystrophy,ORPHA_42__ORPHA_1243
ORPHA_206546,Symptomatic form of muscular dystrophy of Duchenne and Becker in female carriers,ORPHA_99000,Adult-onset foveomacular vitelliform dystrophy,ORPHA_99000__ORPHA_206546
ORPHA_3002,Immune thrombocytopenia,ORPHA_329314,Adult-onset multiple mitochondrial DNA deletion syndrome due to DGUOK deficiency,ORPHA_3002__ORPHA_329314
ORPHA_79127,Respiratory bronchiolitis-interstitial lung disease syndrome,ORPHA_99953,Charcot-Marie-Tooth disease type 4G,ORPHA_79127__ORPHA_99953
ORPHA_827,Stargardt disease,ORPHA_79128,Lymphoid interstitial pneumonia,ORPHA_827__ORPHA_79128
ORPHA_293603,Congenital hereditary endothelial dystrophy type II,ORPHA_99939,Autosomal dominant Charcot-Marie-Tooth disease type 2E,ORPHA_99939__ORPHA_293603
ORPHA_1243,Best vitelliform macular dystrophy,ORPHA_352682,Cobblestone lissencephaly without muscular or ocular involvement,ORPHA_1243__ORPHA_352682
ORPHA_545,Follicular lymphoma,ORPHA_101082,Charcot-Marie-Tooth disease type 1B,ORPHA_545__ORPHA_101082
ORPHA_33111,Granulomatous slack skin,ORPHA_98962,Granular corneal dystrophy type I,ORPHA_33111__ORPHA_98962
ORPHA_254864,Mitochondrial myopathy with reversible cytochrome C oxidase deficiency,ORPHA_98964,Lattice corneal dystrophy type I,ORPHA_98964__ORPHA_254864
ORPHA_52417,MALT lymphoma,ORPHA_99953,Charcot-Marie-Tooth disease type 4G,ORPHA_52417__ORPHA_99953
ORPHA_52417,MALT lymphoma,ORPHA_99940,Autosomal dominant Charcot-Marie-Tooth disease type 2F,ORPHA_52417__ORPHA_99940
ORPHA_293621,X-linked endothelial corneal dystrophy,ORPHA_399808,Male infertility with teratozoospermia due to single gene mutation,ORPHA_293621__ORPHA_399808
ORPHA_254864,Mitochondrial myopathy with reversible cytochrome C oxidase deficiency,ORPHA_85128,Bothnia retinal dystrophy,ORPHA_85128__ORPHA_254864
ORPHA_2386,Leukoencephalopathy-palmoplantar keratoderma syndrome,ORPHA_293621,X-linked endothelial corneal dystrophy,ORPHA_2386__ORPHA_293621
ORPHA_178333,\xc3\x85land Islands eye disease,ORPHA_2200,Focal palmoplantar and gingival keratoderma,ORPHA_2200__ORPHA_178333
ORPHA_1243,Best vitelliform macular dystrophy,ORPHA_79128,Lymphoid interstitial pneumonia,ORPHA_1243__ORPHA_79128
ORPHA_254864,Mitochondrial myopathy with reversible cytochrome C oxidase deficiency,ORPHA_231445,Paraparetic variant of Guillain-Barr\xc3\xa9 syndrome,ORPHA_231445__ORPHA_254864
ORPHA_314769,Somatomammotropinoma,ORPHA_369840,TRAPPC11-related limb-girdle muscular dystrophy R18,ORPHA_314769__ORPHA_369840
ORPHA_3002,Immune thrombocytopenia,ORPHA_364055,Severe early-childhood-onset retinal dystrophy,ORPHA_3002__ORPHA_364055
ORPHA_721,Gray platelet syndrome,ORPHA_99939,Autosomal dominant Charcot-Marie-Tooth disease type 2E,ORPHA_721__ORPHA_99939
ORPHA_2271,Congenital ichthyosis-microcephalus-tetraplegia syndrome,ORPHA_67042,Late-onset retinal degeneration,ORPHA_2271__ORPHA_67042
ORPHA_2201,Palmoplantar keratoderma-spastic paralysis syndrome,ORPHA_721,Gray platelet syndrome,ORPHA_721__ORPHA_2201
ORPHA_75378,Oligocone trichromacy,ORPHA_33402,Pediatric hepatocellular carcinoma,ORPHA_33402__ORPHA_75378
ORPHA_1243,Best vitelliform macular dystrophy,ORPHA_95513,Panhypophysitis,ORPHA_1243__ORPHA_95513
ORPHA_435387,Autosomal dominant Charcot-Marie-Tooth disease type 2Y,ORPHA_99000,Adult-onset foveomacular vitelliform dystrophy,ORPHA_99000__ORPHA_435387
ORPHA_319552,Mendelian susceptibility to mycobacterial diseases due to complete IL12RB1 deficiency,ORPHA_98964,Lattice corneal dystrophy type I,ORPHA_98964__ORPHA_319552
ORPHA_169189,Autosomal dominant centronuclear myopathy,ORPHA_178333,\xc3\x85land Islands eye disease,ORPHA_169189__ORPHA_178333
ORPHA_827,Stargardt disease,ORPHA_488333,Autosomal dominant Charcot-Marie-Tooth disease type 2W,ORPHA_827__ORPHA_488333
ORPHA_95232,Lissencephaly due to LIS1 mutation,ORPHA_99000,Adult-onset foveomacular vitelliform dystrophy,ORPHA_95232__ORPHA_99000
ORPHA_91348,Functioning gonadotropic adenoma,ORPHA_98960,Thiel-Behnke corneal dystrophy,ORPHA_91348__ORPHA_98960
ORPHA_52416,Mantle cell lymphoma,ORPHA_99950,Charcot-Marie-Tooth disease type 4D,ORPHA_52416__ORPHA_99950
ORPHA_67042,Late-onset retinal degeneration,ORPHA_101082,Charcot-Marie-Tooth disease type 1B,ORPHA_67042__ORPHA_101082
ORPHA_364055,Severe early-childhood-onset retinal dystrophy,ORPHA_399805,Male infertility with azoospermia or oligozoospermia due to single gene mutation,ORPHA_364055__ORPHA_399805
ORPHA_84142,Isaacs syndrome,ORPHA_99000,Adult-onset foveomacular vitelliform dystrophy,ORPHA_84142__ORPHA_99000
ORPHA_86919,Keratosis palmaris et plantaris-clinodactyly syndrome,ORPHA_98964,Lattice corneal dystrophy type I,ORPHA_86919__ORPHA_98964
ORPHA_293603,Congenital hereditary endothelial dystrophy type II,ORPHA_97261,GRFoma,ORPHA_97261__ORPHA_293603
ORPHA_401785,Autosomal recessive spastic paraplegia type 62,ORPHA_52417,MALT lymphoma,ORPHA_52417__ORPHA_401785
ORPHA_171881,Cap myopathy,ORPHA_52417,MALT lymphoma,ORPHA_52417__ORPHA_171881
ORPHA_52417,MALT lymphoma,ORPHA_101097,Autosomal recessive Charcot-Marie-Tooth disease with hoarseness,ORPHA_52417__ORPHA_101097
ORPHA_1598,Monosomy 18p,ORPHA_545,Follicular lymphoma,ORPHA_545__ORPHA_1598
ORPHA_1243,Best vitelliform macular dystrophy,ORPHA_79302,Congenital bile acid synthesis defect type 3,ORPHA_1243__ORPHA_79302
ORPHA_99000,Adult-onset foveomacular vitelliform dystrophy,ORPHA_99948,Charcot-Marie-Tooth disease type 4A,ORPHA_99000__ORPHA_99948
ORPHA_1621,3q13 microdeletion syndrome,ORPHA_254854,Pure mitochondrial myopathy,ORPHA_1621__ORPHA_254854
ORPHA_75378,Oligocone trichromacy,ORPHA_97282,VIPoma,ORPHA_75378__ORPHA_97282
ORPHA_91359,Chronic pneumonitis of infancy,ORPHA_99953,Charcot-Marie-Tooth disease type 4G,ORPHA_91359__ORPHA_99953
ORPHA_274,Bernard-Soulier syndrome,ORPHA_293603,Congenital hereditary endothelial dystrophy type II,ORPHA_274__ORPHA_293603
ORPHA_137599,Herpes simplex virus stromal keratitis,ORPHA_99734,Myotonia fluctuans,ORPHA_99734__ORPHA_137599
ORPHA_2271,Congenital ichthyosis-microcephalus-tetraplegia syndrome,ORPHA_98974,Fuchs endothelial corneal dystrophy,ORPHA_2271__ORPHA_98974
ORPHA_215,Congenital stationary night blindness,ORPHA_87503,Mal de Meleda,ORPHA_215__ORPHA_87503
ORPHA_269,Facioscapulohumeral dystrophy,ORPHA_52416,Mantle cell lymphoma,ORPHA_269__ORPHA_52416
ORPHA_33111,Granulomatous slack skin,ORPHA_34516,DNAJB6-related limb-girdle muscular dystrophy D1,ORPHA_33111__ORPHA_34516
ORPHA_254854,Pure mitochondrial myopathy,ORPHA_261236,16p13.11 microdeletion syndrome,ORPHA_254854__ORPHA_261236
ORPHA_314769,Somatomammotropinoma,ORPHA_293381,Epithelial recurrent erosion dystrophy,ORPHA_293381__ORPHA_314769
ORPHA_1243,Best vitelliform macular dystrophy,ORPHA_33355,Reticular dysgenesis,ORPHA_1243__ORPHA_33355
ORPHA_99000,Adult-onset foveomacular vitelliform dystrophy,ORPHA_100993,Autosomal dominant spastic paraplegia type 12,ORPHA_99000__ORPHA_100993
ORPHA_157954,ANE syndrome,ORPHA_99000,Adult-onset foveomacular vitelliform dystrophy,ORPHA_99000__ORPHA_157954
ORPHA_254854,Pure mitochondrial myopathy,ORPHA_3379,Distal trisomy 17q,ORPHA_3379__ORPHA_254854
ORPHA_79126,Acute interstitial pneumonia,ORPHA_98960,Thiel-Behnke corneal dystrophy,ORPHA_79126__ORPHA_98960
ORPHA_215,Congenital stationary night blindness,ORPHA_319600,Mendelian susceptibility to mycobacterial diseases due to partial IRF8 deficiency,ORPHA_215__ORPHA_319600
ORPHA_215,Congenital stationary night blindness,ORPHA_913,Zollinger-Ellison syndrome,ORPHA_215__ORPHA_913
ORPHA_2337,Non-epidermolytic palmoplantar keratoderma,ORPHA_293621,X-linked endothelial corneal dystrophy,ORPHA_2337__ORPHA_293621
ORPHA_137599,Herpes simplex virus stromal keratitis,ORPHA_70587,Infant acute respiratory distress syndrome,ORPHA_70587__ORPHA_137599
ORPHA_254864,Mitochondrial myopathy with reversible cytochrome C oxidase deficiency,ORPHA_98974,Fuchs endothelial corneal dystrophy,ORPHA_98974__ORPHA_254864
ORPHA_85128,Bothnia retinal dystrophy,ORPHA_97261,GRFoma,ORPHA_85128__ORPHA_97261
ORPHA_254864,Mitochondrial myopathy with reversible cytochrome C oxidase deficiency,ORPHA_91495,Persistent hyperplastic primary vitreous,ORPHA_91495__ORPHA_254864
ORPHA_545,Follicular lymphoma,ORPHA_97240,Zebra body myopathy,ORPHA_545__ORPHA_97240
ORPHA_2201,Palmoplantar keratoderma-spastic paralysis syndrome,ORPHA_99000,Adult-onset foveomacular vitelliform dystrophy,ORPHA_2201__ORPHA_99000
ORPHA_206549,Anoctamin-5-related limb-girdle muscular dystrophy R12,ORPHA_98964,Lattice corneal dystrophy type I,ORPHA_98964__ORPHA_206549
ORPHA_228169,Autosomal dominant striatal neurodegeneration,ORPHA_99000,Adult-onset foveomacular vitelliform dystrophy,ORPHA_99000__ORPHA_228169
ORPHA_254864,Mitochondrial myopathy with reversible cytochrome C oxidase deficiency,ORPHA_399808,Male infertility with teratozoospermia due to single gene mutation,ORPHA_254864__ORPHA_399808
ORPHA_52416,Mantle cell lymphoma,ORPHA_99948,Charcot-Marie-Tooth disease type 4A,ORPHA_52416__ORPHA_99948
ORPHA_137596,Neurotrophic keratopathy,ORPHA_370103,"Primary dystonia, DYT17 type",ORPHA_137596__ORPHA_370103
ORPHA_464440,"Primary dystonia, DYT27 type",ORPHA_98969,Macular corneal dystrophy,ORPHA_98969__ORPHA_464440
ORPHA_133,Chronic beryllium disease,ORPHA_1243,Best vitelliform macular dystrophy,ORPHA_133__ORPHA_1243
ORPHA_399805,Male infertility with azoospermia or oligozoospermia due to single gene mutation,ORPHA_67042,Late-onset retinal degeneration,ORPHA_67042__ORPHA_399805
ORPHA_163934,Atopic keratoconjunctivitis,ORPHA_721,Gray platelet syndrome,ORPHA_721__ORPHA_163934
ORPHA_98969,Macular corneal dystrophy,ORPHA_98806,"Primary dystonia, DYT6 type",ORPHA_98806__ORPHA_98969
ORPHA_2584,Classic mycosis fungoides,ORPHA_99948,Charcot-Marie-Tooth disease type 4A,ORPHA_2584__ORPHA_99948
ORPHA_137596,Neurotrophic keratopathy,ORPHA_329466,"Autosomal dominant focal dystonia, DYT25 type",ORPHA_137596__ORPHA_329466
ORPHA_275,Severe combined immunodeficiency due to DCLRE1C deficiency,ORPHA_99000,Adult-onset foveomacular vitelliform dystrophy,ORPHA_275__ORPHA_99000
ORPHA_98960,Thiel-Behnke corneal dystrophy,ORPHA_98806,"Primary dystonia, DYT6 type",ORPHA_98806__ORPHA_98960
ORPHA_2302,Asbestos intoxication,ORPHA_75378,Oligocone trichromacy,ORPHA_2302__ORPHA_75378
ORPHA_183713,Bacterial susceptibility due to TLR signaling pathway deficiency,ORPHA_99000,Adult-onset foveomacular vitelliform dystrophy,ORPHA_99000__ORPHA_183713
ORPHA_52416,Mantle cell lymphoma,ORPHA_98960,Thiel-Behnke corneal dystrophy,ORPHA_52416__ORPHA_98960
ORPHA_137599,Herpes simplex virus stromal keratitis,ORPHA_90044,Familial pseudohyperkalemia,ORPHA_90044__ORPHA_137599
ORPHA_314769,Somatomammotropinoma,ORPHA_91495,Persistent hyperplastic primary vitreous,ORPHA_91495__ORPHA_314769
ORPHA_206549,Anoctamin-5-related limb-girdle muscular dystrophy R12,ORPHA_97278,PPoma,ORPHA_97278__ORPHA_206549
ORPHA_364055,Severe early-childhood-onset retinal dystrophy,ORPHA_545,Follicular lymphoma,ORPHA_545__ORPHA_364055
ORPHA_254857,Lethal infantile mitochondrial myopathy,ORPHA_261243,16p13.11 microduplication syndrome,ORPHA_254857__ORPHA_261243
ORPHA_231632,Ectopic aldosterone-producing tumor,ORPHA_99000,Adult-onset foveomacular vitelliform dystrophy,ORPHA_99000__ORPHA_231632
ORPHA_1598,Monosomy 18p,ORPHA_79128,Lymphoid interstitial pneumonia,ORPHA_1598__ORPHA_79128
ORPHA_420485,Cranio-cervical dystonia with laryngeal and upper-limb involvement,ORPHA_98963,Granular corneal dystrophy type II,ORPHA_98963__ORPHA_420485
ORPHA_2201,Palmoplantar keratoderma-spastic paralysis syndrome,ORPHA_52417,MALT lymphoma,ORPHA_2201__ORPHA_52417
ORPHA_2032,Idiopathic pulmonary fibrosis,ORPHA_99947,Autosomal dominant Charcot-Marie-Tooth disease type 2A2,ORPHA_2032__ORPHA_99947
ORPHA_169189,Autosomal dominant centronuclear myopathy,ORPHA_97278,PPoma,ORPHA_97278__ORPHA_169189
ORPHA_98969,Macular corneal dystrophy,ORPHA_99953,Charcot-Marie-Tooth disease type 4G,ORPHA_98969__ORPHA_99953
ORPHA_724,Idiopathic acute eosinophilic pneumonia,ORPHA_101081,Charcot-Marie-Tooth disease type 1A,ORPHA_724__ORPHA_101081
ORPHA_93958,Oromandibular dystonia,ORPHA_98974,Fuchs endothelial corneal dystrophy,ORPHA_93958__ORPHA_98974
ORPHA_827,Stargardt disease,ORPHA_530838,KRT1-related diffuse nonepidermolytic keratoderma,ORPHA_827__ORPHA_530838
ORPHA_254854,Pure mitochondrial myopathy,ORPHA_424016,Adenocarcinoma of the anal canal,ORPHA_254854__ORPHA_424016
ORPHA_217390,Combined immunodeficiency due to DOCK8 deficiency,ORPHA_99000,Adult-onset foveomacular vitelliform dystrophy,ORPHA_99000__ORPHA_217390
ORPHA_466768,Autosomal dominant Charcot-Marie-Tooth disease type 2Z,ORPHA_33111,Granulomatous slack skin,ORPHA_33111__ORPHA_466768
ORPHA_1243,Best vitelliform macular dystrophy,ORPHA_420492,"Adult-onset cervical dystonia, DYT23 type",ORPHA_1243__ORPHA_420492
ORPHA_97283,Somatostatinoma,ORPHA_99949,Charcot-Marie-Tooth disease type 4C,ORPHA_97283__ORPHA_99949
ORPHA_486,Autosomal dominant severe congenital neutropenia,ORPHA_99000,Adult-onset foveomacular vitelliform dystrophy,ORPHA_486__ORPHA_99000
ORPHA_2302,Asbestos intoxication,ORPHA_98974,Fuchs endothelial corneal dystrophy,ORPHA_2302__ORPHA_98974
ORPHA_251623,Pituicytoma,ORPHA_293603,Congenital hereditary endothelial dystrophy type II,ORPHA_251623__ORPHA_293603
ORPHA_363710,Spinocerebellar ataxia type 37,ORPHA_52417,MALT lymphoma,ORPHA_52417__ORPHA_363710
ORPHA_137596,Neurotrophic keratopathy,ORPHA_482601,Adenylosuccinate synthetase-like 1-related distal myopathy,ORPHA_137596__ORPHA_482601
ORPHA_1598,Monosomy 18p,ORPHA_97278,PPoma,ORPHA_1598__ORPHA_97278
ORPHA_215,Congenital stationary night blindness,ORPHA_97282,VIPoma,ORPHA_215__ORPHA_97282
ORPHA_274,Bernard-Soulier syndrome,ORPHA_215,Congenital stationary night blindness,ORPHA_215__ORPHA_274
ORPHA_486,Autosomal dominant severe congenital neutropenia,ORPHA_254854,Pure mitochondrial myopathy,ORPHA_486__ORPHA_254854
ORPHA_133,Chronic beryllium disease,ORPHA_67042,Late-onset retinal degeneration,ORPHA_133__ORPHA_67042
ORPHA_52417,MALT lymphoma,ORPHA_97244,Rigid spine syndrome,ORPHA_52417__ORPHA_97244
ORPHA_293621,X-linked endothelial corneal dystrophy,ORPHA_101085,Charcot-Marie-Tooth disease type 1F,ORPHA_101085__ORPHA_293621
ORPHA_1243,Best vitelliform macular dystrophy,ORPHA_100986,Autosomal recessive spastic paraplegia type 5A,ORPHA_1243__ORPHA_100986
ORPHA_171607,X-linked spastic paraplegia type 34,ORPHA_52417,MALT lymphoma,ORPHA_52417__ORPHA_171607
ORPHA_88621,Ichthyosis-prematurity syndrome,ORPHA_85128,Bothnia retinal dystrophy,ORPHA_85128__ORPHA_88621
ORPHA_178333,\xc3\x85land Islands eye disease,ORPHA_420492,"Adult-onset cervical dystonia, DYT23 type",ORPHA_178333__ORPHA_420492
ORPHA_306734,"Primary dystonia, DYT21 type",ORPHA_98960,Thiel-Behnke corneal dystrophy,ORPHA_98960__ORPHA_306734
ORPHA_364055,Severe early-childhood-onset retinal dystrophy,ORPHA_52416,Mantle cell lymphoma,ORPHA_52416__ORPHA_364055
ORPHA_79128,Lymphoid interstitial pneumonia,ORPHA_52427,Retinitis punctata albescens,ORPHA_52427__ORPHA_79128
ORPHA_2199,Epidermolytic palmoplantar keratoderma,ORPHA_369840,TRAPPC11-related limb-girdle muscular dystrophy R18,ORPHA_2199__ORPHA_369840
ORPHA_169160,T-B+ severe combined immunodeficiency due to CD3delta/CD3epsilon/CD3zeta,ORPHA_34516,DNAJB6-related limb-girdle muscular dystrophy D1,ORPHA_34516__ORPHA_169160
ORPHA_274,Bernard-Soulier syndrome,ORPHA_98974,Fuchs endothelial corneal dystrophy,ORPHA_274__ORPHA_98974
ORPHA_274,Bernard-Soulier syndrome,ORPHA_67042,Late-onset retinal degeneration,ORPHA_274__ORPHA_67042
ORPHA_721,Gray platelet syndrome,ORPHA_99947,Autosomal dominant Charcot-Marie-Tooth disease type 2A2,ORPHA_721__ORPHA_99947
ORPHA_2821,Spastic paraplegia-neuropathy-poikiloderma syndrome,ORPHA_99000,Adult-onset foveomacular vitelliform dystrophy,ORPHA_2821__ORPHA_99000
ORPHA_33111,Granulomatous slack skin,ORPHA_52427,Retinitis punctata albescens,ORPHA_33111__ORPHA_52427
ORPHA_420492,"Adult-onset cervical dystonia, DYT23 type",ORPHA_52416,Mantle cell lymphoma,ORPHA_52416__ORPHA_420492
ORPHA_97280,Glucagonoma,ORPHA_99940,Autosomal dominant Charcot-Marie-Tooth disease type 2F,ORPHA_97280__ORPHA_99940
ORPHA_52417,MALT lymphoma,ORPHA_98765,Spinocerebellar ataxia type 4,ORPHA_52417__ORPHA_98765
ORPHA_137596,Neurotrophic keratopathy,ORPHA_101085,Charcot-Marie-Tooth disease type 1F,ORPHA_101085__ORPHA_137596
ORPHA_36899,Myoclonus-dystonia syndrome,ORPHA_52417,MALT lymphoma,ORPHA_36899__ORPHA_52417
ORPHA_137599,Herpes simplex virus stromal keratitis,ORPHA_98807,"Primary dystonia, DYT13 type",ORPHA_98807__ORPHA_137599
ORPHA_274,Bernard-Soulier syndrome,ORPHA_98962,Granular corneal dystrophy type I,ORPHA_274__ORPHA_98962
ORPHA_66624,PANDAS,ORPHA_99000,Adult-onset foveomacular vitelliform dystrophy,ORPHA_66624__ORPHA_99000
ORPHA_364055,Severe early-childhood-onset retinal dystrophy,ORPHA_34516,DNAJB6-related limb-girdle muscular dystrophy D1,ORPHA_34516__ORPHA_364055
ORPHA_99657,"Primary dystonia, DYT2 type",ORPHA_99000,Adult-onset foveomacular vitelliform dystrophy,ORPHA_99000__ORPHA_99657
ORPHA_137596,Neurotrophic keratopathy,ORPHA_33111,Granulomatous slack skin,ORPHA_33111__ORPHA_137596
ORPHA_488594,Autosomal recessive spastic paraplegia type 76,ORPHA_52417,MALT lymphoma,ORPHA_52417__ORPHA_488594
ORPHA_488333,Autosomal dominant Charcot-Marie-Tooth disease type 2W,ORPHA_91348,Functioning gonadotropic adenoma,ORPHA_91348__ORPHA_488333
ORPHA_70587,Infant acute respiratory distress syndrome,ORPHA_98960,Thiel-Behnke corneal dystrophy,ORPHA_70587__ORPHA_98960
ORPHA_137599,Herpes simplex virus stromal keratitis,ORPHA_33111,Granulomatous slack skin,ORPHA_33111__ORPHA_137599
ORPHA_137599,Herpes simplex virus stromal keratitis,ORPHA_360,Glioblastoma,ORPHA_360__ORPHA_137599
ORPHA_52417,MALT lymphoma,ORPHA_98764,Spinocerebellar ataxia type 27,ORPHA_52417__ORPHA_98764
ORPHA_254854,Pure mitochondrial myopathy,ORPHA_100078,Ileal neuroendocrine tumor,ORPHA_100078__ORPHA_254854
ORPHA_281201,Keratosis linearis-ichthyosis congenita-sclerosing keratoderma syndrome,ORPHA_99000,Adult-onset foveomacular vitelliform dystrophy,ORPHA_99000__ORPHA_281201
ORPHA_137599,Herpes simplex virus stromal keratitis,ORPHA_3115,Roussy-L\xc3\xa9vy syndrome,ORPHA_3115__ORPHA_137599
ORPHA_79126,Acute interstitial pneumonia,ORPHA_98974,Fuchs endothelial corneal dystrophy,ORPHA_79126__ORPHA_98974
ORPHA_724,Idiopathic acute eosinophilic pneumonia,ORPHA_100976,Bathing suit ichthyosis,ORPHA_724__ORPHA_100976
ORPHA_254857,Lethal infantile mitochondrial myopathy,ORPHA_79127,Respiratory bronchiolitis-interstitial lung disease syndrome,ORPHA_79127__ORPHA_254857
ORPHA_364055,Severe early-childhood-onset retinal dystrophy,ORPHA_721,Gray platelet syndrome,ORPHA_721__ORPHA_364055
ORPHA_251623,Pituicytoma,ORPHA_98969,Macular corneal dystrophy,ORPHA_98969__ORPHA_251623
ORPHA_2584,Classic mycosis fungoides,ORPHA_352470,DNA2-related mitochondrial DNA deletion syndrome,ORPHA_2584__ORPHA_352470
ORPHA_329314,Adult-onset multiple mitochondrial DNA deletion syndrome due to DGUOK deficiency,ORPHA_91359,Chronic pneumonitis of infancy,ORPHA_91359__ORPHA_329314
ORPHA_352470,DNA2-related mitochondrial DNA deletion syndrome,ORPHA_91348,Functioning gonadotropic adenoma,ORPHA_91348__ORPHA_352470
ORPHA_56425,Cold agglutinin disease,ORPHA_75376,Familial drusen,ORPHA_56425__ORPHA_75376
ORPHA_1243,Best vitelliform macular dystrophy,ORPHA_324290,Early-onset Lafora body disease,ORPHA_1243__ORPHA_324290
ORPHA_312,Autosomal dominant epidermolytic ichthyosis,ORPHA_99725,Pituitary gigantism,ORPHA_312__ORPHA_99725
ORPHA_1597,Distal monosomy 17q,ORPHA_254854,Pure mitochondrial myopathy,ORPHA_1597__ORPHA_254854
ORPHA_319514,Combined oxidative phosphorylation defect type 13,ORPHA_97278,PPoma,ORPHA_97278__ORPHA_319514
ORPHA_370997,Muscle-eye-brain disease with bilateral multicystic leucodystrophy,ORPHA_545,Follicular lymphoma,ORPHA_545__ORPHA_370997
ORPHA_360,Glioblastoma,ORPHA_85128,Bothnia retinal dystrophy,ORPHA_360__ORPHA_85128
ORPHA_488650,"Distal myopathy, Tateyama type",ORPHA_99000,Adult-onset foveomacular vitelliform dystrophy,ORPHA_99000__ORPHA_488650
ORPHA_293603,Congenital hereditary endothelial dystrophy type II,ORPHA_98807,"Primary dystonia, DYT13 type",ORPHA_98807__ORPHA_293603
ORPHA_90044,Familial pseudohyperkalemia,ORPHA_99000,Adult-onset foveomacular vitelliform dystrophy,ORPHA_90044__ORPHA_99000
ORPHA_2302,Asbestos intoxication,ORPHA_98963,Granular corneal dystrophy type II,ORPHA_2302__ORPHA_98963
ORPHA_251643,Myxopapillary ependymoma,ORPHA_254864,Mitochondrial myopathy with reversible cytochrome C oxidase deficiency,ORPHA_251643__ORPHA_254864
ORPHA_99000,Adult-onset foveomacular vitelliform dystrophy,ORPHA_98761,Spinocerebellar ataxia type 10,ORPHA_98761__ORPHA_99000
ORPHA_293603,Congenital hereditary endothelial dystrophy type II,ORPHA_530838,KRT1-related diffuse nonepidermolytic keratoderma,ORPHA_293603__ORPHA_530838
ORPHA_52427,Retinitis punctata albescens,ORPHA_97280,Glucagonoma,ORPHA_52427__ORPHA_97280
ORPHA_913,Zollinger-Ellison syndrome,ORPHA_99956,Charcot-Marie-Tooth disease type 4B2,ORPHA_913__ORPHA_99956
ORPHA_141179,Non-involuting congenital hemangioma,ORPHA_99000,Adult-onset foveomacular vitelliform dystrophy,ORPHA_99000__ORPHA_141179
ORPHA_1243,Best vitelliform macular dystrophy,ORPHA_397946,Autosomal spastic paraplegia type 58,ORPHA_1243__ORPHA_397946
ORPHA_306734,"Primary dystonia, DYT21 type",ORPHA_98969,Macular corneal dystrophy,ORPHA_98969__ORPHA_306734
ORPHA_963,Acromegaly,ORPHA_247598,Neonatal intrahepatic cholestasis due to citrin deficiency,ORPHA_963__ORPHA_247598
ORPHA_71275,Rh deficiency syndrome,ORPHA_99725,Pituitary gigantism,ORPHA_71275__ORPHA_99725
ORPHA_1243,Best vitelliform macular dystrophy,ORPHA_79399,"Autosomal dominant generalized epidermolysis bullosa simplex, intermediate form",ORPHA_1243__ORPHA_79399
ORPHA_254854,Pure mitochondrial myopathy,ORPHA_65286,3q29 microdeletion syndrome,ORPHA_65286__ORPHA_254854
ORPHA_496689,Kyphoscoliosis-lateral tongue atrophy-hereditary spastic paraplegia syndrome,ORPHA_52417,MALT lymphoma,ORPHA_52417__ORPHA_496689
ORPHA_1598,Monosomy 18p,ORPHA_1302,Cryptogenic organizing pneumonia,ORPHA_1302__ORPHA_1598
ORPHA_98807,"Primary dystonia, DYT13 type",ORPHA_98974,Fuchs endothelial corneal dystrophy,ORPHA_98807__ORPHA_98974
ORPHA_97280,Glucagonoma,ORPHA_98974,Fuchs endothelial corneal dystrophy,ORPHA_97280__ORPHA_98974
ORPHA_254864,Mitochondrial myopathy with reversible cytochrome C oxidase deficiency,ORPHA_228399,8q12 microduplication syndrome,ORPHA_228399__ORPHA_254864
ORPHA_79128,Lymphoid interstitial pneumonia,ORPHA_99950,Charcot-Marie-Tooth disease type 4D,ORPHA_79128__ORPHA_99950
ORPHA_231154,Combined immunodeficiency due to partial RAG1 deficiency,ORPHA_99000,Adult-onset foveomacular vitelliform dystrophy,ORPHA_99000__ORPHA_231154
ORPHA_464440,"Primary dystonia, DYT27 type",ORPHA_67042,Late-onset retinal degeneration,ORPHA_67042__ORPHA_464440
ORPHA_2201,Palmoplantar keratoderma-spastic paralysis syndrome,ORPHA_98974,Fuchs endothelial corneal dystrophy,ORPHA_2201__ORPHA_98974
ORPHA_137599,Herpes simplex virus stromal keratitis,ORPHA_659,Mutilating palmoplantar keratoderma with periorificial keratotic plaques,ORPHA_659__ORPHA_137599
ORPHA_293603,Congenital hereditary endothelial dystrophy type II,ORPHA_86919,Keratosis palmaris et plantaris-clinodactyly syndrome,ORPHA_86919__ORPHA_293603
ORPHA_86788,X-linked severe congenital neutropenia,ORPHA_99000,Adult-onset foveomacular vitelliform dystrophy,ORPHA_86788__ORPHA_99000
ORPHA_1243,Best vitelliform macular dystrophy,ORPHA_513436,Autosomal recessive spastic paraplegia type 78,ORPHA_1243__ORPHA_513436
ORPHA_169189,Autosomal dominant centronuclear myopathy,ORPHA_52427,Retinitis punctata albescens,ORPHA_52427__ORPHA_169189
ORPHA_399805,Male infertility with azoospermia or oligozoospermia due to single gene mutation,ORPHA_98963,Granular corneal dystrophy type II,ORPHA_98963__ORPHA_399805
ORPHA_721,Gray platelet syndrome,ORPHA_91495,Persistent hyperplastic primary vitreous,ORPHA_721__ORPHA_91495
ORPHA_52427,Retinitis punctata albescens,ORPHA_97283,Somatostatinoma,ORPHA_52427__ORPHA_97283
ORPHA_1243,Best vitelliform macular dystrophy,ORPHA_306734,"Primary dystonia, DYT21 type",ORPHA_1243__ORPHA_306734
ORPHA_329314,Adult-onset multiple mitochondrial DNA deletion syndrome due to DGUOK deficiency,ORPHA_79126,Acute interstitial pneumonia,ORPHA_79126__ORPHA_329314
ORPHA_306734,"Primary dystonia, DYT21 type",ORPHA_52417,MALT lymphoma,ORPHA_52417__ORPHA_306734
ORPHA_2199,Epidermolytic palmoplantar keratoderma,ORPHA_52416,Mantle cell lymphoma,ORPHA_2199__ORPHA_52416
ORPHA_215,Congenital stationary night blindness,ORPHA_399805,Male infertility with azoospermia or oligozoospermia due to single gene mutation,ORPHA_215__ORPHA_399805
ORPHA_97283,Somatostatinoma,ORPHA_99956,Charcot-Marie-Tooth disease type 4B2,ORPHA_97283__ORPHA_99956
ORPHA_52417,MALT lymphoma,ORPHA_99939,Autosomal dominant Charcot-Marie-Tooth disease type 2E,ORPHA_52417__ORPHA_99939
ORPHA_331206,Severe combined immunodeficiency due to complete RAG1/2 deficiency,ORPHA_1243,Best vitelliform macular dystrophy,ORPHA_1243__ORPHA_331206
ORPHA_90035,Paroxysmal cold hemoglobinuria,ORPHA_99950,Charcot-Marie-Tooth disease type 4D,ORPHA_90035__ORPHA_99950
ORPHA_97283,Somatostatinoma,ORPHA_98969,Macular corneal dystrophy,ORPHA_97283__ORPHA_98969
ORPHA_293621,X-linked endothelial corneal dystrophy,ORPHA_435387,Autosomal dominant Charcot-Marie-Tooth disease type 2Y,ORPHA_293621__ORPHA_435387
ORPHA_2271,Congenital ichthyosis-microcephalus-tetraplegia syndrome,ORPHA_2032,Idiopathic pulmonary fibrosis,ORPHA_2032__ORPHA_2271
ORPHA_98902,Amish nemaline myopathy,ORPHA_99000,Adult-onset foveomacular vitelliform dystrophy,ORPHA_98902__ORPHA_99000
ORPHA_178333,\xc3\x85land Islands eye disease,ORPHA_254854,Pure mitochondrial myopathy,ORPHA_178333__ORPHA_254854
ORPHA_293621,X-linked endothelial corneal dystrophy,ORPHA_721,Gray platelet syndrome,ORPHA_721__ORPHA_293621
ORPHA_99657,"Primary dystonia, DYT2 type",ORPHA_98960,Thiel-Behnke corneal dystrophy,ORPHA_98960__ORPHA_99657
ORPHA_215,Congenital stationary night blindness,ORPHA_133,Chronic beryllium disease,ORPHA_133__ORPHA_215
ORPHA_2201,Palmoplantar keratoderma-spastic paralysis syndrome,ORPHA_293621,X-linked endothelial corneal dystrophy,ORPHA_2201__ORPHA_293621
ORPHA_412217,Dystonia-aphonia syndrome,ORPHA_98974,Fuchs endothelial corneal dystrophy,ORPHA_98974__ORPHA_412217
ORPHA_137599,Herpes simplex virus stromal keratitis,ORPHA_99947,Autosomal dominant Charcot-Marie-Tooth disease type 2A2,ORPHA_99947__ORPHA_137599
ORPHA_306734,"Primary dystonia, DYT21 type",ORPHA_75376,Familial drusen,ORPHA_75376__ORPHA_306734
ORPHA_91359,Chronic pneumonitis of infancy,ORPHA_99956,Charcot-Marie-Tooth disease type 4B2,ORPHA_91359__ORPHA_99956
ORPHA_79128,Lymphoid interstitial pneumonia,ORPHA_101085,Charcot-Marie-Tooth disease type 1F,ORPHA_79128__ORPHA_101085
ORPHA_276,T-B+ severe combined immunodeficiency due to gamma chain deficiency,ORPHA_254854,Pure mitochondrial myopathy,ORPHA_276__ORPHA_254854
ORPHA_263534,Acral peeling skin syndrome,ORPHA_99725,Pituitary gigantism,ORPHA_99725__ORPHA_263534
ORPHA_178333,\xc3\x85land Islands eye disease,ORPHA_99657,"Primary dystonia, DYT2 type",ORPHA_99657__ORPHA_178333
ORPHA_217253,NMDA receptor encephalitis,ORPHA_99000,Adult-onset foveomacular vitelliform dystrophy,ORPHA_99000__ORPHA_217253
ORPHA_314769,Somatomammotropinoma,ORPHA_464440,"Primary dystonia, DYT27 type",ORPHA_314769__ORPHA_464440
ORPHA_91359,Chronic pneumonitis of infancy,ORPHA_99939,Autosomal dominant Charcot-Marie-Tooth disease type 2E,ORPHA_91359__ORPHA_99939
ORPHA_545,Follicular lymphoma,ORPHA_98960,Thiel-Behnke corneal dystrophy,ORPHA_545__ORPHA_98960
ORPHA_1243,Best vitelliform macular dystrophy,ORPHA_517,Acute myelomonocytic leukemia,ORPHA_517__ORPHA_1243
ORPHA_3310,Tetrasomy 9p,ORPHA_254854,Pure mitochondrial myopathy,ORPHA_3310__ORPHA_254854
ORPHA_420492,"Adult-onset cervical dystonia, DYT23 type",ORPHA_98963,Granular corneal dystrophy type II,ORPHA_98963__ORPHA_420492
ORPHA_913,Zollinger-Ellison syndrome,ORPHA_98969,Macular corneal dystrophy,ORPHA_913__ORPHA_98969
ORPHA_2302,Asbestos intoxication,ORPHA_98960,Thiel-Behnke corneal dystrophy,ORPHA_2302__ORPHA_98960
ORPHA_1738,Trisomy 4p,ORPHA_254854,Pure mitochondrial myopathy,ORPHA_1738__ORPHA_254854
ORPHA_495,Transgrediens et progrediens palmoplantar keratoderma,ORPHA_721,Gray platelet syndrome,ORPHA_495__ORPHA_721
ORPHA_269,Facioscapulohumeral dystrophy,ORPHA_99725,Pituitary gigantism,ORPHA_269__ORPHA_99725
ORPHA_169189,Autosomal dominant centronuclear myopathy,ORPHA_33111,Granulomatous slack skin,ORPHA_33111__ORPHA_169189
ORPHA_79126,Acute interstitial pneumonia,ORPHA_98962,Granular corneal dystrophy type I,ORPHA_79126__ORPHA_98962
ORPHA_293381,Epithelial recurrent erosion dystrophy,ORPHA_88621,Ichthyosis-prematurity syndrome,ORPHA_88621__ORPHA_293381
ORPHA_724,Idiopathic acute eosinophilic pneumonia,ORPHA_101085,Charcot-Marie-Tooth disease type 1F,ORPHA_724__ORPHA_101085
ORPHA_251623,Pituicytoma,ORPHA_293381,Epithelial recurrent erosion dystrophy,ORPHA_251623__ORPHA_293381
ORPHA_178333,\xc3\x85land Islands eye disease,ORPHA_274,Bernard-Soulier syndrome,ORPHA_274__ORPHA_178333
ORPHA_137599,Herpes simplex virus stromal keratitis,ORPHA_399096,Distal anoctaminopathy,ORPHA_137599__ORPHA_399096
ORPHA_70587,Infant acute respiratory distress syndrome,ORPHA_99956,Charcot-Marie-Tooth disease type 4B2,ORPHA_70587__ORPHA_99956
ORPHA_293381,Epithelial recurrent erosion dystrophy,ORPHA_70587,Infant acute respiratory distress syndrome,ORPHA_70587__ORPHA_293381
ORPHA_1243,Best vitelliform macular dystrophy,ORPHA_99947,Autosomal dominant Charcot-Marie-Tooth disease type 2A2,ORPHA_1243__ORPHA_99947
ORPHA_2200,Focal palmoplantar and gingival keratoderma,ORPHA_98960,Thiel-Behnke corneal dystrophy,ORPHA_2200__ORPHA_98960
ORPHA_545,Follicular lymphoma,ORPHA_99953,Charcot-Marie-Tooth disease type 4G,ORPHA_545__ORPHA_99953
ORPHA_67042,Late-onset retinal degeneration,ORPHA_99657,"Primary dystonia, DYT2 type",ORPHA_67042__ORPHA_99657
ORPHA_215,Congenital stationary night blindness,ORPHA_97280,Glucagonoma,ORPHA_215__ORPHA_97280
ORPHA_33111,Granulomatous slack skin,ORPHA_99000,Adult-onset foveomacular vitelliform dystrophy,ORPHA_33111__ORPHA_99000
ORPHA_251643,Myxopapillary ependymoma,ORPHA_1243,Best vitelliform macular dystrophy,ORPHA_1243__ORPHA_251643
ORPHA_98963,Granular corneal dystrophy type II,ORPHA_99948,Charcot-Marie-Tooth disease type 4A,ORPHA_98963__ORPHA_99948
ORPHA_2200,Focal palmoplantar and gingival keratoderma,ORPHA_98963,Granular corneal dystrophy type II,ORPHA_2200__ORPHA_98963
ORPHA_211017,Spinocerebellar ataxia type 30,ORPHA_99000,Adult-onset foveomacular vitelliform dystrophy,ORPHA_99000__ORPHA_211017
ORPHA_98974,Fuchs endothelial corneal dystrophy,ORPHA_98805,"Primary dystonia, DYT4 type",ORPHA_98805__ORPHA_98974
ORPHA_412217,Dystonia-aphonia syndrome,ORPHA_98963,Granular corneal dystrophy type II,ORPHA_98963__ORPHA_412217
ORPHA_34516,DNAJB6-related limb-girdle muscular dystrophy D1,ORPHA_52427,Retinitis punctata albescens,ORPHA_34516__ORPHA_52427
ORPHA_79127,Respiratory bronchiolitis-interstitial lung disease syndrome,ORPHA_99950,Charcot-Marie-Tooth disease type 4D,ORPHA_79127__ORPHA_99950
ORPHA_1598,Monosomy 18p,ORPHA_133,Chronic beryllium disease,ORPHA_133__ORPHA_1598
ORPHA_1243,Best vitelliform macular dystrophy,ORPHA_98807,"Primary dystonia, DYT13 type",ORPHA_1243__ORPHA_98807
ORPHA_399086,Finnish upper limb-onset distal myopathy,ORPHA_545,Follicular lymphoma,ORPHA_545__ORPHA_399086
ORPHA_91359,Chronic pneumonitis of infancy,ORPHA_99949,Charcot-Marie-Tooth disease type 4C,ORPHA_91359__ORPHA_99949
ORPHA_488333,Autosomal dominant Charcot-Marie-Tooth disease type 2W,ORPHA_91359,Chronic pneumonitis of infancy,ORPHA_91359__ORPHA_488333
ORPHA_306734,"Primary dystonia, DYT21 type",ORPHA_52416,Mantle cell lymphoma,ORPHA_52416__ORPHA_306734
ORPHA_178333,\xc3\x85land Islands eye disease,ORPHA_93958,Oromandibular dystonia,ORPHA_93958__ORPHA_178333
ORPHA_169189,Autosomal dominant centronuclear myopathy,ORPHA_97283,Somatostatinoma,ORPHA_97283__ORPHA_169189
ORPHA_52417,MALT lymphoma,ORPHA_98911,Distal myotilinopathy,ORPHA_52417__ORPHA_98911
ORPHA_435387,Autosomal dominant Charcot-Marie-Tooth disease type 2Y,ORPHA_52417,MALT lymphoma,ORPHA_52417__ORPHA_435387
ORPHA_52427,Retinitis punctata albescens,ORPHA_99940,Autosomal dominant Charcot-Marie-Tooth disease type 2F,ORPHA_52427__ORPHA_99940
ORPHA_178333,\xc3\x85land Islands eye disease,ORPHA_545,Follicular lymphoma,ORPHA_545__ORPHA_178333
ORPHA_314769,Somatomammotropinoma,ORPHA_98964,Lattice corneal dystrophy type I,ORPHA_98964__ORPHA_314769
ORPHA_33111,Granulomatous slack skin,ORPHA_98969,Macular corneal dystrophy,ORPHA_33111__ORPHA_98969
ORPHA_1243,Best vitelliform macular dystrophy,ORPHA_464440,"Primary dystonia, DYT27 type",ORPHA_1243__ORPHA_464440
ORPHA_199244,Nelson syndrome,ORPHA_319514,Combined oxidative phosphorylation defect type 13,ORPHA_199244__ORPHA_319514
ORPHA_254857,Lethal infantile mitochondrial myopathy,ORPHA_99000,Adult-onset foveomacular vitelliform dystrophy,ORPHA_99000__ORPHA_254857
ORPHA_254857,Lethal infantile mitochondrial myopathy,ORPHA_79128,Lymphoid interstitial pneumonia,ORPHA_79128__ORPHA_254857
ORPHA_59135,Laing early-onset distal myopathy,ORPHA_99000,Adult-onset foveomacular vitelliform dystrophy,ORPHA_59135__ORPHA_99000
ORPHA_178333,\xc3\x85land Islands eye disease,ORPHA_52416,Mantle cell lymphoma,ORPHA_52416__ORPHA_178333
ORPHA_827,Stargardt disease,ORPHA_97283,Somatostatinoma,ORPHA_827__ORPHA_97283
ORPHA_254857,Lethal infantile mitochondrial myopathy,ORPHA_179,Birdshot chorioretinopathy,ORPHA_179__ORPHA_254857
ORPHA_139578,Mutilating hereditary sensory neuropathy with spastic paraplegia,ORPHA_99000,Adult-onset foveomacular vitelliform dystrophy,ORPHA_99000__ORPHA_139578
ORPHA_827,Stargardt disease,ORPHA_420485,Cranio-cervical dystonia with laryngeal and upper-limb involvement,ORPHA_827__ORPHA_420485
ORPHA_91348,Functioning gonadotropic adenoma,ORPHA_99939,Autosomal dominant Charcot-Marie-Tooth disease type 2E,ORPHA_91348__ORPHA_99939
ORPHA_827,Stargardt disease,ORPHA_133,Chronic beryllium disease,ORPHA_133__ORPHA_827
ORPHA_90044,Familial pseudohyperkalemia,ORPHA_99725,Pituitary gigantism,ORPHA_90044__ORPHA_99725
ORPHA_293621,X-linked endothelial corneal dystrophy,ORPHA_93958,Oromandibular dystonia,ORPHA_93958__ORPHA_293621
ORPHA_254854,Pure mitochondrial myopathy,ORPHA_2032,Idiopathic pulmonary fibrosis,ORPHA_2032__ORPHA_254854
ORPHA_179,Birdshot chorioretinopathy,ORPHA_34516,DNAJB6-related limb-girdle muscular dystrophy D1,ORPHA_179__ORPHA_34516
ORPHA_530838,KRT1-related diffuse nonepidermolytic keratoderma,ORPHA_99000,Adult-onset foveomacular vitelliform dystrophy,ORPHA_99000__ORPHA_530838
ORPHA_97280,Glucagonoma,ORPHA_101081,Charcot-Marie-Tooth disease type 1A,ORPHA_97280__ORPHA_101081
ORPHA_97278,PPoma,ORPHA_99947,Autosomal dominant Charcot-Marie-Tooth disease type 2A2,ORPHA_97278__ORPHA_99947
ORPHA_545,Follicular lymphoma,ORPHA_98963,Granular corneal dystrophy type II,ORPHA_545__ORPHA_98963
ORPHA_2271,Congenital ichthyosis-microcephalus-tetraplegia syndrome,ORPHA_52417,MALT lymphoma,ORPHA_2271__ORPHA_52417
ORPHA_137596,Neurotrophic keratopathy,ORPHA_314769,Somatomammotropinoma,ORPHA_137596__ORPHA_314769
ORPHA_2584,Classic mycosis fungoides,ORPHA_101082,Charcot-Marie-Tooth disease type 1B,ORPHA_2584__ORPHA_101082
ORPHA_97261,GRFoma,ORPHA_98962,Granular corneal dystrophy type I,ORPHA_97261__ORPHA_98962
ORPHA_99000,Adult-onset foveomacular vitelliform dystrophy,ORPHA_99939,Autosomal dominant Charcot-Marie-Tooth disease type 2E,ORPHA_99000__ORPHA_99939
ORPHA_488333,Autosomal dominant Charcot-Marie-Tooth disease type 2W,ORPHA_99725,Pituitary gigantism,ORPHA_99725__ORPHA_488333
ORPHA_67042,Late-onset retinal degeneration,ORPHA_33111,Granulomatous slack skin,ORPHA_33111__ORPHA_67042
ORPHA_254854,Pure mitochondrial myopathy,ORPHA_1243,Best vitelliform macular dystrophy,ORPHA_1243__ORPHA_254854
ORPHA_137599,Herpes simplex virus stromal keratitis,ORPHA_2200,Focal palmoplantar and gingival keratoderma,ORPHA_2200__ORPHA_137599
ORPHA_2386,Leukoencephalopathy-palmoplantar keratoderma syndrome,ORPHA_98963,Granular corneal dystrophy type II,ORPHA_2386__ORPHA_98963
ORPHA_369840,TRAPPC11-related limb-girdle muscular dystrophy R18,ORPHA_95715,Congenital hypothyroidism due to transplacental passage of TSH-binding inhibitory antibodies,ORPHA_95715__ORPHA_369840
ORPHA_319552,Mendelian susceptibility to mycobacterial diseases due to complete IL12RB1 deficiency,ORPHA_314769,Somatomammotropinoma,ORPHA_314769__ORPHA_319552
ORPHA_34516,DNAJB6-related limb-girdle muscular dystrophy D1,ORPHA_86918,Diffuse palmoplantar keratoderma-acrocyanosis syndrome,ORPHA_34516__ORPHA_86918
ORPHA_88621,Ichthyosis-prematurity syndrome,ORPHA_98962,Granular corneal dystrophy type I,ORPHA_88621__ORPHA_98962
ORPHA_251076,8p23.1 duplication syndrome,ORPHA_254857,Lethal infantile mitochondrial myopathy,ORPHA_251076__ORPHA_254857
ORPHA_724,Idiopathic acute eosinophilic pneumonia,ORPHA_101082,Charcot-Marie-Tooth disease type 1B,ORPHA_724__ORPHA_101082
ORPHA_827,Stargardt disease,ORPHA_98807,"Primary dystonia, DYT13 type",ORPHA_827__ORPHA_98807
ORPHA_254864,Mitochondrial myopathy with reversible cytochrome C oxidase deficiency,ORPHA_179,Birdshot chorioretinopathy,ORPHA_179__ORPHA_254864
ORPHA_364055,Severe early-childhood-onset retinal dystrophy,ORPHA_79126,Acute interstitial pneumonia,ORPHA_79126__ORPHA_364055
ORPHA_94090,Pseudohypoparathyroidism type 2,ORPHA_99000,Adult-onset foveomacular vitelliform dystrophy,ORPHA_94090__ORPHA_99000
ORPHA_97280,Glucagonoma,ORPHA_101085,Charcot-Marie-Tooth disease type 1F,ORPHA_97280__ORPHA_101085
ORPHA_721,Gray platelet syndrome,ORPHA_98960,Thiel-Behnke corneal dystrophy,ORPHA_721__ORPHA_98960
ORPHA_215,Congenital stationary night blindness,ORPHA_99939,Autosomal dominant Charcot-Marie-Tooth disease type 2E,ORPHA_215__ORPHA_99939
ORPHA_352470,DNA2-related mitochondrial DNA deletion syndrome,ORPHA_293621,X-linked endothelial corneal dystrophy,ORPHA_293621__ORPHA_352470
ORPHA_263410,Infantile spasms-psychomotor retardation-progressive brain atrophy-basal ganglia disease syndrome,ORPHA_99000,Adult-onset foveomacular vitelliform dystrophy,ORPHA_99000__ORPHA_263410
ORPHA_3307,Tetrasomy 18p,ORPHA_254854,Pure mitochondrial myopathy,ORPHA_3307__ORPHA_254854
ORPHA_137596,Neurotrophic keratopathy,ORPHA_319552,Mendelian susceptibility to mycobacterial diseases due to complete IL12RB1 deficiency,ORPHA_137596__ORPHA_319552
ORPHA_659,Mutilating palmoplantar keratoderma with periorificial keratotic plaques,ORPHA_98806,"Primary dystonia, DYT6 type",ORPHA_659__ORPHA_98806
ORPHA_70587,Infant acute respiratory distress syndrome,ORPHA_98962,Granular corneal dystrophy type I,ORPHA_70587__ORPHA_98962
ORPHA_545,Follicular lymphoma,ORPHA_482601,Adenylosuccinate synthetase-like 1-related distal myopathy,ORPHA_545__ORPHA_482601
ORPHA_254854,Pure mitochondrial myopathy,ORPHA_331206,Severe combined immunodeficiency due to complete RAG1/2 deficiency,ORPHA_254854__ORPHA_331206
ORPHA_178333,\xc3\x85land Islands eye disease,ORPHA_319514,Combined oxidative phosphorylation defect type 13,ORPHA_178333__ORPHA_319514
ORPHA_98974,Fuchs endothelial corneal dystrophy,ORPHA_99948,Charcot-Marie-Tooth disease type 4A,ORPHA_98974__ORPHA_99948
ORPHA_98963,Granular corneal dystrophy type II,ORPHA_101082,Charcot-Marie-Tooth disease type 1B,ORPHA_98963__ORPHA_101082
ORPHA_827,Stargardt disease,ORPHA_420492,"Adult-onset cervical dystonia, DYT23 type",ORPHA_827__ORPHA_420492
ORPHA_98,Autosomal recessive spastic ataxia of Charlevoix-Saguenay,ORPHA_52417,MALT lymphoma,ORPHA_98__ORPHA_52417
ORPHA_215,Congenital stationary night blindness,ORPHA_79128,Lymphoid interstitial pneumonia,ORPHA_215__ORPHA_79128
ORPHA_137596,Neurotrophic keratopathy,ORPHA_99657,"Primary dystonia, DYT2 type",ORPHA_99657__ORPHA_137596
ORPHA_97240,Zebra body myopathy,ORPHA_99000,Adult-onset foveomacular vitelliform dystrophy,ORPHA_97240__ORPHA_99000
ORPHA_2271,Congenital ichthyosis-microcephalus-tetraplegia syndrome,ORPHA_721,Gray platelet syndrome,ORPHA_721__ORPHA_2271
ORPHA_2200,Focal palmoplantar and gingival keratoderma,ORPHA_293621,X-linked endothelial corneal dystrophy,ORPHA_2200__ORPHA_293621
ORPHA_397946,Autosomal spastic paraplegia type 58,ORPHA_52417,MALT lymphoma,ORPHA_52417__ORPHA_397946
ORPHA_178333,\xc3\x85land Islands eye disease,ORPHA_464440,"Primary dystonia, DYT27 type",ORPHA_178333__ORPHA_464440
ORPHA_464440,"Primary dystonia, DYT27 type",ORPHA_98974,Fuchs endothelial corneal dystrophy,ORPHA_98974__ORPHA_464440
ORPHA_276,T-B+ severe combined immunodeficiency due to gamma chain deficiency,ORPHA_34516,DNAJB6-related limb-girdle muscular dystrophy D1,ORPHA_276__ORPHA_34516
ORPHA_86918,Diffuse palmoplantar keratoderma-acrocyanosis syndrome,ORPHA_98964,Lattice corneal dystrophy type I,ORPHA_86918__ORPHA_98964
ORPHA_2199,Epidermolytic palmoplantar keratoderma,ORPHA_98962,Granular corneal dystrophy type I,ORPHA_2199__ORPHA_98962
ORPHA_254864,Mitochondrial myopathy with reversible cytochrome C oxidase deficiency,ORPHA_364055,Severe early-childhood-onset retinal dystrophy,ORPHA_254864__ORPHA_364055
ORPHA_293381,Epithelial recurrent erosion dystrophy,ORPHA_97261,GRFoma,ORPHA_97261__ORPHA_293381
ORPHA_251636,Ependymoma,ORPHA_1243,Best vitelliform macular dystrophy,ORPHA_1243__ORPHA_251636
ORPHA_97280,Glucagonoma,ORPHA_99939,Autosomal dominant Charcot-Marie-Tooth disease type 2E,ORPHA_97280__ORPHA_99939
ORPHA_369840,TRAPPC11-related limb-girdle muscular dystrophy R18,ORPHA_90023,Primary immunodeficiency syndrome due to LAMTOR2 deficiency,ORPHA_90023__ORPHA_369840
ORPHA_2271,Congenital ichthyosis-microcephalus-tetraplegia syndrome,ORPHA_79126,Acute interstitial pneumonia,ORPHA_2271__ORPHA_79126
ORPHA_827,Stargardt disease,ORPHA_98805,"Primary dystonia, DYT4 type",ORPHA_827__ORPHA_98805
ORPHA_91359,Chronic pneumonitis of infancy,ORPHA_101085,Charcot-Marie-Tooth disease type 1F,ORPHA_91359__ORPHA_101085
ORPHA_530838,KRT1-related diffuse nonepidermolytic keratoderma,ORPHA_99725,Pituitary gigantism,ORPHA_99725__ORPHA_530838
ORPHA_721,Gray platelet syndrome,ORPHA_99956,Charcot-Marie-Tooth disease type 4B2,ORPHA_721__ORPHA_99956
ORPHA_2200,Focal palmoplantar and gingival keratoderma,ORPHA_52417,MALT lymphoma,ORPHA_2200__ORPHA_52417
ORPHA_169189,Autosomal dominant centronuclear myopathy,ORPHA_721,Gray platelet syndrome,ORPHA_721__ORPHA_169189
ORPHA_2337,Non-epidermolytic palmoplantar keratoderma,ORPHA_67042,Late-onset retinal degeneration,ORPHA_2337__ORPHA_67042
ORPHA_827,Stargardt disease,ORPHA_306734,"Primary dystonia, DYT21 type",ORPHA_827__ORPHA_306734
ORPHA_268,Dysferlin-related limb-girdle muscular dystrophy R2,ORPHA_52417,MALT lymphoma,ORPHA_268__ORPHA_52417
ORPHA_1243,Best vitelliform macular dystrophy,ORPHA_99734,Myotonia fluctuans,ORPHA_1243__ORPHA_99734
ORPHA_2199,Epidermolytic palmoplantar keratoderma,ORPHA_721,Gray platelet syndrome,ORPHA_721__ORPHA_2199
ORPHA_464440,"Primary dystonia, DYT27 type",ORPHA_99000,Adult-onset foveomacular vitelliform dystrophy,ORPHA_99000__ORPHA_464440
ORPHA_464440,"Primary dystonia, DYT27 type",ORPHA_98963,Granular corneal dystrophy type II,ORPHA_98963__ORPHA_464440
ORPHA_99000,Adult-onset foveomacular vitelliform dystrophy,ORPHA_98762,Spinocerebellar ataxia type 12,ORPHA_98762__ORPHA_99000
ORPHA_178333,\xc3\x85land Islands eye disease,ORPHA_79128,Lymphoid interstitial pneumonia,ORPHA_79128__ORPHA_178333
ORPHA_3002,Immune thrombocytopenia,ORPHA_435387,Autosomal dominant Charcot-Marie-Tooth disease type 2Y,ORPHA_3002__ORPHA_435387
ORPHA_52416,Mantle cell lymphoma,ORPHA_85128,Bothnia retinal dystrophy,ORPHA_52416__ORPHA_85128
ORPHA_466768,Autosomal dominant Charcot-Marie-Tooth disease type 2Z,ORPHA_97283,Somatostatinoma,ORPHA_97283__ORPHA_466768
ORPHA_169189,Autosomal dominant centronuclear myopathy,ORPHA_314769,Somatomammotropinoma,ORPHA_169189__ORPHA_314769
ORPHA_75378,Oligocone trichromacy,ORPHA_97261,GRFoma,ORPHA_75378__ORPHA_97261
ORPHA_52416,Mantle cell lymphoma,ORPHA_101082,Charcot-Marie-Tooth disease type 1B,ORPHA_52416__ORPHA_101082
ORPHA_2334,Autosomal dominant keratitis,ORPHA_721,Gray platelet syndrome,ORPHA_721__ORPHA_2334
ORPHA_3115,Roussy-L\xc3\xa9vy syndrome,ORPHA_52416,Mantle cell lymphoma,ORPHA_3115__ORPHA_52416
ORPHA_91348,Functioning gonadotropic adenoma,ORPHA_99940,Autosomal dominant Charcot-Marie-Tooth disease type 2F,ORPHA_91348__ORPHA_99940
ORPHA_52417,MALT lymphoma,ORPHA_101005,Autosomal recessive spastic paraplegia type 25,ORPHA_52417__ORPHA_101005
ORPHA_401830,Autosomal recessive spastic paraplegia type 69,ORPHA_52417,MALT lymphoma,ORPHA_52417__ORPHA_401830
ORPHA_1243,Best vitelliform macular dystrophy,ORPHA_79303,Congenital bile acid synthesis defect type 2,ORPHA_1243__ORPHA_79303
ORPHA_488333,Autosomal dominant Charcot-Marie-Tooth disease type 2W,ORPHA_97278,PPoma,ORPHA_97278__ORPHA_488333
ORPHA_466768,Autosomal dominant Charcot-Marie-Tooth disease type 2Z,ORPHA_721,Gray platelet syndrome,ORPHA_721__ORPHA_466768
ORPHA_178464,Hereditary myopathy with early respiratory failure,ORPHA_99000,Adult-onset foveomacular vitelliform dystrophy,ORPHA_99000__ORPHA_178464
ORPHA_52417,MALT lymphoma,ORPHA_521411,Autosomal recessive axonal Charcot-Marie-Tooth disease due to copper metabolism defect,ORPHA_52417__ORPHA_521411
ORPHA_1243,Best vitelliform macular dystrophy,ORPHA_98805,"Primary dystonia, DYT4 type",ORPHA_1243__ORPHA_98805
ORPHA_1084,Isolated lissencephaly type 1 without known genetic defects,ORPHA_99000,Adult-onset foveomacular vitelliform dystrophy,ORPHA_1084__ORPHA_99000
ORPHA_447757,Autosomal dominant spastic paraplegia type 9B,ORPHA_99000,Adult-onset foveomacular vitelliform dystrophy,ORPHA_99000__ORPHA_447757
ORPHA_466768,Autosomal dominant Charcot-Marie-Tooth disease type 2Z,ORPHA_97278,PPoma,ORPHA_97278__ORPHA_466768
ORPHA_98974,Fuchs endothelial corneal dystrophy,ORPHA_99940,Autosomal dominant Charcot-Marie-Tooth disease type 2F,ORPHA_98974__ORPHA_99940
ORPHA_659,Mutilating palmoplantar keratoderma with periorificial keratotic plaques,ORPHA_99657,"Primary dystonia, DYT2 type",ORPHA_659__ORPHA_99657
ORPHA_293381,Epithelial recurrent erosion dystrophy,ORPHA_52416,Mantle cell lymphoma,ORPHA_52416__ORPHA_293381
ORPHA_215,Congenital stationary night blindness,ORPHA_488333,Autosomal dominant Charcot-Marie-Tooth disease type 2W,ORPHA_215__ORPHA_488333
ORPHA_1377,Cataract-microcornea syndrome,ORPHA_254854,Pure mitochondrial myopathy,ORPHA_1377__ORPHA_254854
ORPHA_420485,Cranio-cervical dystonia with laryngeal and upper-limb involvement,ORPHA_98960,Thiel-Behnke corneal dystrophy,ORPHA_98960__ORPHA_420485
ORPHA_79126,Acute interstitial pneumonia,ORPHA_99940,Autosomal dominant Charcot-Marie-Tooth disease type 2F,ORPHA_79126__ORPHA_99940
ORPHA_293603,Congenital hereditary endothelial dystrophy type II,ORPHA_464440,"Primary dystonia, DYT27 type",ORPHA_293603__ORPHA_464440
ORPHA_254854,Pure mitochondrial myopathy,ORPHA_86918,Diffuse palmoplantar keratoderma-acrocyanosis syndrome,ORPHA_86918__ORPHA_254854
ORPHA_431329,Autosomal recessive spastic paraplegia type 57,ORPHA_52417,MALT lymphoma,ORPHA_52417__ORPHA_431329
ORPHA_33111,Granulomatous slack skin,ORPHA_99944,Autosomal dominant Charcot-Marie-Tooth disease type 2K,ORPHA_33111__ORPHA_99944
ORPHA_215,Congenital stationary night blindness,ORPHA_306734,"Primary dystonia, DYT21 type",ORPHA_215__ORPHA_306734
ORPHA_90035,Paroxysmal cold hemoglobinuria,ORPHA_98964,Lattice corneal dystrophy type I,ORPHA_90035__ORPHA_98964
ORPHA_56425,Cold agglutinin disease,ORPHA_85128,Bothnia retinal dystrophy,ORPHA_56425__ORPHA_85128
ORPHA_89838,Autosomal recessive generalized epidermolysis bullosa simplex,ORPHA_99000,Adult-onset foveomacular vitelliform dystrophy,ORPHA_89838__ORPHA_99000
ORPHA_75376,Familial drusen,ORPHA_52416,Mantle cell lymphoma,ORPHA_52416__ORPHA_75376
ORPHA_314769,Somatomammotropinoma,ORPHA_101082,Charcot-Marie-Tooth disease type 1B,ORPHA_101082__ORPHA_314769
ORPHA_98960,Thiel-Behnke corneal dystrophy,ORPHA_99950,Charcot-Marie-Tooth disease type 4D,ORPHA_98960__ORPHA_99950
ORPHA_178333,\xc3\x85land Islands eye disease,ORPHA_412217,Dystonia-aphonia syndrome,ORPHA_178333__ORPHA_412217
ORPHA_99725,Pituitary gigantism,ORPHA_99736,Acetazolamide-responsive myotonia,ORPHA_99725__ORPHA_99736
ORPHA_412217,Dystonia-aphonia syndrome,ORPHA_75376,Familial drusen,ORPHA_75376__ORPHA_412217
ORPHA_254864,Mitochondrial myopathy with reversible cytochrome C oxidase deficiency,ORPHA_75382,Oguchi disease,ORPHA_75382__ORPHA_254864
ORPHA_137596,Neurotrophic keratopathy,ORPHA_90044,Familial pseudohyperkalemia,ORPHA_90044__ORPHA_137596
ORPHA_2032,Idiopathic pulmonary fibrosis,ORPHA_98969,Macular corneal dystrophy,ORPHA_2032__ORPHA_98969
ORPHA_169154,T-B+ severe combined immunodeficiency due to IL-7Ralpha deficiency,ORPHA_369840,TRAPPC11-related limb-girdle muscular dystrophy R18,ORPHA_169154__ORPHA_369840
ORPHA_293381,Epithelial recurrent erosion dystrophy,ORPHA_99950,Charcot-Marie-Tooth disease type 4D,ORPHA_99950__ORPHA_293381
ORPHA_3002,Immune thrombocytopenia,ORPHA_254857,Lethal infantile mitochondrial myopathy,ORPHA_3002__ORPHA_254857
ORPHA_1243,Best vitelliform macular dystrophy,ORPHA_99657,"Primary dystonia, DYT2 type",ORPHA_1243__ORPHA_99657
ORPHA_52417,MALT lymphoma,ORPHA_101009,Autosomal dominant spastic paraplegia type 29,ORPHA_52417__ORPHA_101009
ORPHA_178400,Distal myopathy with anterior tibial onset,ORPHA_99000,Adult-onset foveomacular vitelliform dystrophy,ORPHA_99000__ORPHA_178400
ORPHA_209902,Hypercholesterolemia due to cholesterol 7alpha-hydroxylase deficiency,ORPHA_99000,Adult-onset foveomacular vitelliform dystrophy,ORPHA_99000__ORPHA_209902
ORPHA_2271,Congenital ichthyosis-microcephalus-tetraplegia syndrome,ORPHA_90035,Paroxysmal cold hemoglobinuria,ORPHA_2271__ORPHA_90035
ORPHA_314769,Somatomammotropinoma,ORPHA_399081,KLHL9-related early-onset distal myopathy,ORPHA_314769__ORPHA_399081
ORPHA_228240,Elastoderma,ORPHA_99000,Adult-onset foveomacular vitelliform dystrophy,ORPHA_99000__ORPHA_228240
ORPHA_67048,3-methylglutaconic aciduria type 4,ORPHA_99725,Pituitary gigantism,ORPHA_67048__ORPHA_99725
ORPHA_91359,Chronic pneumonitis of infancy,ORPHA_99948,Charcot-Marie-Tooth disease type 4A,ORPHA_91359__ORPHA_99948
ORPHA_215,Congenital stationary night blindness,ORPHA_101082,Charcot-Marie-Tooth disease type 1B,ORPHA_215__ORPHA_101082
ORPHA_314769,Somatomammotropinoma,ORPHA_99734,Myotonia fluctuans,ORPHA_99734__ORPHA_314769
ORPHA_2584,Classic mycosis fungoides,ORPHA_99939,Autosomal dominant Charcot-Marie-Tooth disease type 2E,ORPHA_2584__ORPHA_99939
ORPHA_99000,Adult-onset foveomacular vitelliform dystrophy,ORPHA_98765,Spinocerebellar ataxia type 4,ORPHA_98765__ORPHA_99000
ORPHA_90035,Paroxysmal cold hemoglobinuria,ORPHA_101085,Charcot-Marie-Tooth disease type 1F,ORPHA_90035__ORPHA_101085
ORPHA_67047,3-methylglutaconic aciduria type 3,ORPHA_52416,Mantle cell lymphoma,ORPHA_52416__ORPHA_67047
ORPHA_3203,Overhydrated hereditary stomatocytosis,ORPHA_1243,Best vitelliform macular dystrophy,ORPHA_1243__ORPHA_3203
ORPHA_91359,Chronic pneumonitis of infancy,ORPHA_98969,Macular corneal dystrophy,ORPHA_91359__ORPHA_98969
ORPHA_331235,Selective IgM deficiency,ORPHA_1243,Best vitelliform macular dystrophy,ORPHA_1243__ORPHA_331235
ORPHA_178333,\xc3\x85land Islands eye disease,ORPHA_56425,Cold agglutinin disease,ORPHA_56425__ORPHA_178333
ORPHA_1875,Congenital muscular dystrophy-infantile cataract-hypogonadism syndrome,ORPHA_99725,Pituitary gigantism,ORPHA_1875__ORPHA_99725
ORPHA_254864,Mitochondrial myopathy with reversible cytochrome C oxidase deficiency,ORPHA_75378,Oligocone trichromacy,ORPHA_75378__ORPHA_254864
ORPHA_178333,\xc3\x85land Islands eye disease,ORPHA_319600,Mendelian susceptibility to mycobacterial diseases due to partial IRF8 deficiency,ORPHA_178333__ORPHA_319600
ORPHA_399808,Male infertility with teratozoospermia due to single gene mutation,ORPHA_34516,DNAJB6-related limb-girdle muscular dystrophy D1,ORPHA_34516__ORPHA_399808
ORPHA_254857,Lethal infantile mitochondrial myopathy,ORPHA_261236,16p13.11 microdeletion syndrome,ORPHA_254857__ORPHA_261236
ORPHA_2148,Lissencephaly type 1 due to doublecortin gene mutation,ORPHA_52417,MALT lymphoma,ORPHA_2148__ORPHA_52417
ORPHA_435387,Autosomal dominant Charcot-Marie-Tooth disease type 2Y,ORPHA_52427,Retinitis punctata albescens,ORPHA_52427__ORPHA_435387
ORPHA_370103,"Primary dystonia, DYT17 type",ORPHA_52417,MALT lymphoma,ORPHA_52417__ORPHA_370103
ORPHA_281122,Self-improving collodion baby,ORPHA_52416,Mantle cell lymphoma,ORPHA_52416__ORPHA_281122
ORPHA_254854,Pure mitochondrial myopathy,ORPHA_913,Zollinger-Ellison syndrome,ORPHA_913__ORPHA_254854
ORPHA_90035,Paroxysmal cold hemoglobinuria,ORPHA_98963,Granular corneal dystrophy type II,ORPHA_90035__ORPHA_98963
ORPHA_1715,Trisomy 18p,ORPHA_254854,Pure mitochondrial myopathy,ORPHA_1715__ORPHA_254854
ORPHA_420492,"Adult-onset cervical dystonia, DYT23 type",ORPHA_99000,Adult-onset foveomacular vitelliform dystrophy,ORPHA_99000__ORPHA_420492
ORPHA_293381,Epithelial recurrent erosion dystrophy,ORPHA_101081,Charcot-Marie-Tooth disease type 1A,ORPHA_101081__ORPHA_293381
ORPHA_79128,Lymphoid interstitial pneumonia,ORPHA_98963,Granular corneal dystrophy type II,ORPHA_79128__ORPHA_98963
ORPHA_137596,Neurotrophic keratopathy,ORPHA_247598,Neonatal intrahepatic cholestasis due to citrin deficiency,ORPHA_137596__ORPHA_247598
ORPHA_827,Stargardt disease,ORPHA_659,Mutilating palmoplantar keratoderma with periorificial keratotic plaques,ORPHA_659__ORPHA_827
ORPHA_721,Gray platelet syndrome,ORPHA_67042,Late-onset retinal degeneration,ORPHA_721__ORPHA_67042
ORPHA_178464,Hereditary myopathy with early respiratory failure,ORPHA_52417,MALT lymphoma,ORPHA_52417__ORPHA_178464
ORPHA_2584,Classic mycosis fungoides,ORPHA_435387,Autosomal dominant Charcot-Marie-Tooth disease type 2Y,ORPHA_2584__ORPHA_435387
ORPHA_293603,Congenital hereditary endothelial dystrophy type II,ORPHA_721,Gray platelet syndrome,ORPHA_721__ORPHA_293603
ORPHA_435387,Autosomal dominant Charcot-Marie-Tooth disease type 2Y,ORPHA_79127,Respiratory bronchiolitis-interstitial lung disease syndrome,ORPHA_79127__ORPHA_435387
ORPHA_2032,Idiopathic pulmonary fibrosis,ORPHA_721,Gray platelet syndrome,ORPHA_721__ORPHA_2032
ORPHA_486,Autosomal dominant severe congenital neutropenia,ORPHA_369840,TRAPPC11-related limb-girdle muscular dystrophy R18,ORPHA_486__ORPHA_369840
ORPHA_97280,Glucagonoma,ORPHA_99949,Charcot-Marie-Tooth disease type 4C,ORPHA_97280__ORPHA_99949
ORPHA_352470,DNA2-related mitochondrial DNA deletion syndrome,ORPHA_2032,Idiopathic pulmonary fibrosis,ORPHA_2032__ORPHA_352470
ORPHA_827,Stargardt disease,ORPHA_369840,TRAPPC11-related limb-girdle muscular dystrophy R18,ORPHA_827__ORPHA_369840
ORPHA_827,Stargardt disease,ORPHA_52416,Mantle cell lymphoma,ORPHA_827__ORPHA_52416
ORPHA_318,Acute erythroid leukemia,ORPHA_34516,DNAJB6-related limb-girdle muscular dystrophy D1,ORPHA_318__ORPHA_34516
ORPHA_384,Huriez syndrome,ORPHA_99725,Pituitary gigantism,ORPHA_384__ORPHA_99725
ORPHA_603,"Distal myopathy, Welander type",ORPHA_99000,Adult-onset foveomacular vitelliform dystrophy,ORPHA_603__ORPHA_99000
ORPHA_254857,Lethal infantile mitochondrial myopathy,ORPHA_517,Acute myelomonocytic leukemia,ORPHA_517__ORPHA_254857
ORPHA_1243,Best vitelliform macular dystrophy,ORPHA_97261,GRFoma,ORPHA_1243__ORPHA_97261
ORPHA_369840,TRAPPC11-related limb-girdle muscular dystrophy R18,ORPHA_659,Mutilating palmoplantar keratoderma with periorificial keratotic plaques,ORPHA_659__ORPHA_369840
ORPHA_1875,Congenital muscular dystrophy-infantile cataract-hypogonadism syndrome,ORPHA_52417,MALT lymphoma,ORPHA_1875__ORPHA_52417
ORPHA_33402,Pediatric hepatocellular carcinoma,ORPHA_98974,Fuchs endothelial corneal dystrophy,ORPHA_33402__ORPHA_98974
ORPHA_215,Congenital stationary night blindness,ORPHA_254864,Mitochondrial myopathy with reversible cytochrome C oxidase deficiency,ORPHA_215__ORPHA_254864
ORPHA_67044,Thrombocytopenia with congenital dyserythropoietic anemia,ORPHA_99000,Adult-onset foveomacular vitelliform dystrophy,ORPHA_67044__ORPHA_99000
ORPHA_721,Gray platelet syndrome,ORPHA_98969,Macular corneal dystrophy,ORPHA_721__ORPHA_98969
ORPHA_314769,Somatomammotropinoma,ORPHA_98806,"Primary dystonia, DYT6 type",ORPHA_98806__ORPHA_314769
ORPHA_1243,Best vitelliform macular dystrophy,ORPHA_98826,Refractory anemia,ORPHA_1243__ORPHA_98826
ORPHA_314769,Somatomammotropinoma,ORPHA_26792,Short chain acyl-CoA dehydrogenase deficiency,ORPHA_26792__ORPHA_314769
ORPHA_293621,X-linked endothelial corneal dystrophy,ORPHA_464440,"Primary dystonia, DYT27 type",ORPHA_293621__ORPHA_464440
ORPHA_2032,Idiopathic pulmonary fibrosis,ORPHA_488333,Autosomal dominant Charcot-Marie-Tooth disease type 2W,ORPHA_2032__ORPHA_488333
ORPHA_79128,Lymphoid interstitial pneumonia,ORPHA_101081,Charcot-Marie-Tooth disease type 1A,ORPHA_79128__ORPHA_101081
ORPHA_98960,Thiel-Behnke corneal dystrophy,ORPHA_101081,Charcot-Marie-Tooth disease type 1A,ORPHA_98960__ORPHA_101081
ORPHA_420485,Cranio-cervical dystonia with laryngeal and upper-limb involvement,ORPHA_85128,Bothnia retinal dystrophy,ORPHA_85128__ORPHA_420485
ORPHA_306734,"Primary dystonia, DYT21 type",ORPHA_659,Mutilating palmoplantar keratoderma with periorificial keratotic plaques,ORPHA_659__ORPHA_306734
ORPHA_329466,"Autosomal dominant focal dystonia, DYT25 type",ORPHA_1243,Best vitelliform macular dystrophy,ORPHA_1243__ORPHA_329466
ORPHA_1243,Best vitelliform macular dystrophy,ORPHA_466768,Autosomal dominant Charcot-Marie-Tooth disease type 2Z,ORPHA_1243__ORPHA_466768
ORPHA_79303,Congenital bile acid synthesis defect type 2,ORPHA_99000,Adult-onset foveomacular vitelliform dystrophy,ORPHA_79303__ORPHA_99000
ORPHA_747,Autoimmune pulmonary alveolar proteinosis,ORPHA_99000,Adult-onset foveomacular vitelliform dystrophy,ORPHA_747__ORPHA_99000
ORPHA_86919,Keratosis palmaris et plantaris-clinodactyly syndrome,ORPHA_98969,Macular corneal dystrophy,ORPHA_86919__ORPHA_98969
ORPHA_610,Bethlem myopathy,ORPHA_137599,Herpes simplex virus stromal keratitis,ORPHA_610__ORPHA_137599
ORPHA_254857,Lethal infantile mitochondrial myopathy,ORPHA_100078,Ileal neuroendocrine tumor,ORPHA_100078__ORPHA_254857
ORPHA_169189,Autosomal dominant centronuclear myopathy,ORPHA_913,Zollinger-Ellison syndrome,ORPHA_913__ORPHA_169189
ORPHA_370103,"Primary dystonia, DYT17 type",ORPHA_545,Follicular lymphoma,ORPHA_545__ORPHA_370103
ORPHA_254857,Lethal infantile mitochondrial myopathy,ORPHA_3309,Tetrasomy 5p,ORPHA_3309__ORPHA_254857
ORPHA_724,Idiopathic acute eosinophilic pneumonia,ORPHA_99939,Autosomal dominant Charcot-Marie-Tooth disease type 2E,ORPHA_724__ORPHA_99939
ORPHA_401800,Autosomal recessive spastic paraplegia type 60,ORPHA_99000,Adult-onset foveomacular vitelliform dystrophy,ORPHA_99000__ORPHA_401800
ORPHA_169189,Autosomal dominant centronuclear myopathy,ORPHA_3002,Immune thrombocytopenia,ORPHA_3002__ORPHA_169189
ORPHA_293603,Congenital hereditary endothelial dystrophy type II,ORPHA_79128,Lymphoid interstitial pneumonia,ORPHA_79128__ORPHA_293603
ORPHA_399808,Male infertility with teratozoospermia due to single gene mutation,ORPHA_98969,Macular corneal dystrophy,ORPHA_98969__ORPHA_399808
ORPHA_3002,Immune thrombocytopenia,ORPHA_101082,Charcot-Marie-Tooth disease type 1B,ORPHA_3002__ORPHA_101082
ORPHA_1598,Monosomy 18p,ORPHA_2302,Asbestos intoxication,ORPHA_1598__ORPHA_2302
ORPHA_293621,X-linked endothelial corneal dystrophy,ORPHA_99939,Autosomal dominant Charcot-Marie-Tooth disease type 2E,ORPHA_99939__ORPHA_293621
ORPHA_724,Idiopathic acute eosinophilic pneumonia,ORPHA_99956,Charcot-Marie-Tooth disease type 4B2,ORPHA_724__ORPHA_99956
ORPHA_314769,Somatomammotropinoma,ORPHA_91359,Chronic pneumonitis of infancy,ORPHA_91359__ORPHA_314769
ORPHA_1215,Autosomal dominant optic atrophy plus syndrome,ORPHA_724,Idiopathic acute eosinophilic pneumonia,ORPHA_724__ORPHA_1215
ORPHA_320391,Autosomal recessive spastic paraplegia type 46,ORPHA_99000,Adult-onset foveomacular vitelliform dystrophy,ORPHA_99000__ORPHA_320391
ORPHA_274,Bernard-Soulier syndrome,ORPHA_91348,Functioning gonadotropic adenoma,ORPHA_274__ORPHA_91348
ORPHA_97282,VIPoma,ORPHA_101081,Charcot-Marie-Tooth disease type 1A,ORPHA_97282__ORPHA_101081
ORPHA_85128,Bothnia retinal dystrophy,ORPHA_98807,"Primary dystonia, DYT13 type",ORPHA_85128__ORPHA_98807
ORPHA_724,Idiopathic acute eosinophilic pneumonia,ORPHA_99953,Charcot-Marie-Tooth disease type 4G,ORPHA_724__ORPHA_99953
ORPHA_91348,Functioning gonadotropic adenoma,ORPHA_101081,Charcot-Marie-Tooth disease type 1A,ORPHA_91348__ORPHA_101081
ORPHA_913,Zollinger-Ellison syndrome,ORPHA_466768,Autosomal dominant Charcot-Marie-Tooth disease type 2Z,ORPHA_913__ORPHA_466768
ORPHA_88621,Ichthyosis-prematurity syndrome,ORPHA_91347,TSH-secreting pituitary adenoma,ORPHA_88621__ORPHA_91347
ORPHA_721,Gray platelet syndrome,ORPHA_98807,"Primary dystonia, DYT13 type",ORPHA_721__ORPHA_98807
ORPHA_274,Bernard-Soulier syndrome,ORPHA_369840,TRAPPC11-related limb-girdle muscular dystrophy R18,ORPHA_274__ORPHA_369840
ORPHA_33355,Reticular dysgenesis,ORPHA_34516,DNAJB6-related limb-girdle muscular dystrophy D1,ORPHA_33355__ORPHA_34516
ORPHA_939,3-hydroxyisobutyric aciduria,ORPHA_52417,MALT lymphoma,ORPHA_939__ORPHA_52417
ORPHA_137599,Herpes simplex virus stromal keratitis,ORPHA_2271,Congenital ichthyosis-microcephalus-tetraplegia syndrome,ORPHA_2271__ORPHA_137599
ORPHA_137596,Neurotrophic keratopathy,ORPHA_306734,"Primary dystonia, DYT21 type",ORPHA_137596__ORPHA_306734
ORPHA_545,Follicular lymphoma,ORPHA_34516,DNAJB6-related limb-girdle muscular dystrophy D1,ORPHA_545__ORPHA_34516
ORPHA_1243,Best vitelliform macular dystrophy,ORPHA_320401,Autosomal recessive spastic paraplegia type 44,ORPHA_1243__ORPHA_320401
ORPHA_435387,Autosomal dominant Charcot-Marie-Tooth disease type 2Y,ORPHA_70587,Infant acute respiratory distress syndrome,ORPHA_70587__ORPHA_435387
ORPHA_178400,Distal myopathy with anterior tibial onset,ORPHA_52417,MALT lymphoma,ORPHA_52417__ORPHA_178400
ORPHA_79126,Acute interstitial pneumonia,ORPHA_101082,Charcot-Marie-Tooth disease type 1B,ORPHA_79126__ORPHA_101082
ORPHA_3002,Immune thrombocytopenia,ORPHA_99939,Autosomal dominant Charcot-Marie-Tooth disease type 2E,ORPHA_3002__ORPHA_99939
ORPHA_137599,Herpes simplex virus stromal keratitis,ORPHA_466768,Autosomal dominant Charcot-Marie-Tooth disease type 2Z,ORPHA_137599__ORPHA_466768
ORPHA_52427,Retinitis punctata albescens,ORPHA_101085,Charcot-Marie-Tooth disease type 1F,ORPHA_52427__ORPHA_101085
ORPHA_52427,Retinitis punctata albescens,ORPHA_88621,Ichthyosis-prematurity syndrome,ORPHA_52427__ORPHA_88621
ORPHA_137596,Neurotrophic keratopathy,ORPHA_34516,DNAJB6-related limb-girdle muscular dystrophy D1,ORPHA_34516__ORPHA_137596
ORPHA_254854,Pure mitochondrial myopathy,ORPHA_254346,19p13.12 microdeletion syndrome,ORPHA_254346__ORPHA_254854
ORPHA_369840,TRAPPC11-related limb-girdle muscular dystrophy R18,ORPHA_75376,Familial drusen,ORPHA_75376__ORPHA_369840
ORPHA_178333,\xc3\x85land Islands eye disease,ORPHA_87503,Mal de Meleda,ORPHA_87503__ORPHA_178333
ORPHA_215,Congenital stationary night blindness,ORPHA_420492,"Adult-onset cervical dystonia, DYT23 type",ORPHA_215__ORPHA_420492
ORPHA_401810,Autosomal recessive spastic paraplegia type 64,ORPHA_99000,Adult-onset foveomacular vitelliform dystrophy,ORPHA_99000__ORPHA_401810
ORPHA_420492,"Adult-onset cervical dystonia, DYT23 type",ORPHA_545,Follicular lymphoma,ORPHA_545__ORPHA_420492
ORPHA_90156,Centrifugal lipodystrophy,ORPHA_99000,Adult-onset foveomacular vitelliform dystrophy,ORPHA_90156__ORPHA_99000
ORPHA_254857,Lethal infantile mitochondrial myopathy,ORPHA_49566,Acquired purpura fulminans,ORPHA_49566__ORPHA_254857
ORPHA_254864,Mitochondrial myopathy with reversible cytochrome C oxidase deficiency,ORPHA_70476,Vernal keratoconjunctivitis,ORPHA_70476__ORPHA_254864
ORPHA_1598,Monosomy 18p,ORPHA_97280,Glucagonoma,ORPHA_1598__ORPHA_97280
ORPHA_215,Congenital stationary night blindness,ORPHA_420485,Cranio-cervical dystonia with laryngeal and upper-limb involvement,ORPHA_215__ORPHA_420485
ORPHA_137596,Neurotrophic keratopathy,ORPHA_98805,"Primary dystonia, DYT4 type",ORPHA_98805__ORPHA_137596
ORPHA_545,Follicular lymphoma,ORPHA_101081,Charcot-Marie-Tooth disease type 1A,ORPHA_545__ORPHA_101081
ORPHA_169189,Autosomal dominant centronuclear myopathy,ORPHA_293621,X-linked endothelial corneal dystrophy,ORPHA_169189__ORPHA_293621
ORPHA_171442,Adult-onset nemaline myopathy,ORPHA_99000,Adult-onset foveomacular vitelliform dystrophy,ORPHA_99000__ORPHA_171442
ORPHA_137599,Herpes simplex virus stromal keratitis,ORPHA_352470,DNA2-related mitochondrial DNA deletion syndrome,ORPHA_137599__ORPHA_352470
ORPHA_319552,Mendelian susceptibility to mycobacterial diseases due to complete IL12RB1 deficiency,ORPHA_99000,Adult-onset foveomacular vitelliform dystrophy,ORPHA_99000__ORPHA_319552
ORPHA_133,Chronic beryllium disease,ORPHA_98974,Fuchs endothelial corneal dystrophy,ORPHA_133__ORPHA_98974
ORPHA_369840,TRAPPC11-related limb-girdle muscular dystrophy R18,ORPHA_86788,X-linked severe congenital neutropenia,ORPHA_86788__ORPHA_369840
ORPHA_488650,"Distal myopathy, Tateyama type",ORPHA_52417,MALT lymphoma,ORPHA_52417__ORPHA_488650
ORPHA_1598,Monosomy 18p,ORPHA_2584,Classic mycosis fungoides,ORPHA_1598__ORPHA_2584
ORPHA_468620,Intellectual disability-epilepsy-extrapyramidal syndrome,ORPHA_99000,Adult-onset foveomacular vitelliform dystrophy,ORPHA_99000__ORPHA_468620
ORPHA_99000,Adult-onset foveomacular vitelliform dystrophy,ORPHA_101085,Charcot-Marie-Tooth disease type 1F,ORPHA_99000__ORPHA_101085
ORPHA_3002,Immune thrombocytopenia,ORPHA_319514,Combined oxidative phosphorylation defect type 13,ORPHA_3002__ORPHA_319514
ORPHA_52417,MALT lymphoma,ORPHA_98762,Spinocerebellar ataxia type 12,ORPHA_52417__ORPHA_98762
ORPHA_215,Congenital stationary night blindness,ORPHA_2386,Leukoencephalopathy-palmoplantar keratoderma syndrome,ORPHA_215__ORPHA_2386
ORPHA_254854,Pure mitochondrial myopathy,ORPHA_98963,Granular corneal dystrophy type II,ORPHA_98963__ORPHA_254854
ORPHA_251623,Pituicytoma,ORPHA_2271,Congenital ichthyosis-microcephalus-tetraplegia syndrome,ORPHA_2271__ORPHA_251623
ORPHA_133,Chronic beryllium disease,ORPHA_364055,Severe early-childhood-onset retinal dystrophy,ORPHA_133__ORPHA_364055
ORPHA_169189,Autosomal dominant centronuclear myopathy,ORPHA_97280,Glucagonoma,ORPHA_97280__ORPHA_169189
ORPHA_52417,MALT lymphoma,ORPHA_100986,Autosomal recessive spastic paraplegia type 5A,ORPHA_52417__ORPHA_100986
ORPHA_274,Bernard-Soulier syndrome,ORPHA_251623,Pituicytoma,ORPHA_274__ORPHA_251623
ORPHA_318,Acute erythroid leukemia,ORPHA_99000,Adult-onset foveomacular vitelliform dystrophy,ORPHA_318__ORPHA_99000
ORPHA_420492,"Adult-onset cervical dystonia, DYT23 type",ORPHA_85128,Bothnia retinal dystrophy,ORPHA_85128__ORPHA_420492
ORPHA_2572,Spastic ataxia-corneal dystrophy syndrome,ORPHA_52417,MALT lymphoma,ORPHA_2572__ORPHA_52417
ORPHA_3002,Immune thrombocytopenia,ORPHA_99956,Charcot-Marie-Tooth disease type 4B2,ORPHA_3002__ORPHA_99956
ORPHA_324442,Autosomal recessive axonal neuropathy with neuromyotonia,ORPHA_99000,Adult-onset foveomacular vitelliform dystrophy,ORPHA_99000__ORPHA_324442
ORPHA_98963,Granular corneal dystrophy type II,ORPHA_98805,"Primary dystonia, DYT4 type",ORPHA_98805__ORPHA_98963
ORPHA_352682,Cobblestone lissencephaly without muscular or ocular involvement,ORPHA_52417,MALT lymphoma,ORPHA_52417__ORPHA_352682
ORPHA_99657,"Primary dystonia, DYT2 type",ORPHA_98969,Macular corneal dystrophy,ORPHA_98969__ORPHA_99657
ORPHA_274,Bernard-Soulier syndrome,ORPHA_99725,Pituitary gigantism,ORPHA_274__ORPHA_99725
ORPHA_157941,Huntington disease-like 1,ORPHA_52417,MALT lymphoma,ORPHA_52417__ORPHA_157941
ORPHA_67042,Late-onset retinal degeneration,ORPHA_97280,Glucagonoma,ORPHA_67042__ORPHA_97280
ORPHA_2201,Palmoplantar keratoderma-spastic paralysis syndrome,ORPHA_724,Idiopathic acute eosinophilic pneumonia,ORPHA_724__ORPHA_2201
ORPHA_293621,X-linked endothelial corneal dystrophy,ORPHA_79126,Acute interstitial pneumonia,ORPHA_79126__ORPHA_293621
ORPHA_3325,Heparin-induced thrombocytopenia,ORPHA_1243,Best vitelliform macular dystrophy,ORPHA_1243__ORPHA_3325
ORPHA_827,Stargardt disease,ORPHA_360,Glioblastoma,ORPHA_360__ORPHA_827
ORPHA_133,Chronic beryllium disease,ORPHA_98963,Granular corneal dystrophy type II,ORPHA_133__ORPHA_98963
ORPHA_724,Idiopathic acute eosinophilic pneumonia,ORPHA_99940,Autosomal dominant Charcot-Marie-Tooth disease type 2F,ORPHA_724__ORPHA_99940
ORPHA_2386,Leukoencephalopathy-palmoplantar keratoderma syndrome,ORPHA_67042,Late-onset retinal degeneration,ORPHA_2386__ORPHA_67042
ORPHA_52416,Mantle cell lymphoma,ORPHA_79394,Congenital non-bullous ichthyosiform erythroderma,ORPHA_52416__ORPHA_79394
ORPHA_254854,Pure mitochondrial myopathy,ORPHA_86788,X-linked severe congenital neutropenia,ORPHA_86788__ORPHA_254854
ORPHA_329314,Adult-onset multiple mitochondrial DNA deletion syndrome due to DGUOK deficiency,ORPHA_721,Gray platelet syndrome,ORPHA_721__ORPHA_329314
ORPHA_2032,Idiopathic pulmonary fibrosis,ORPHA_34516,DNAJB6-related limb-girdle muscular dystrophy D1,ORPHA_2032__ORPHA_34516
ORPHA_71518,Benign paroxysmal torticollis of infancy,ORPHA_99000,Adult-onset foveomacular vitelliform dystrophy,ORPHA_71518__ORPHA_99000
ORPHA_178333,\xc3\x85land Islands eye disease,ORPHA_399805,Male infertility with azoospermia or oligozoospermia due to single gene mutation,ORPHA_178333__ORPHA_399805
ORPHA_545,Follicular lymphoma,ORPHA_99949,Charcot-Marie-Tooth disease type 4C,ORPHA_545__ORPHA_99949
ORPHA_137599,Herpes simplex virus stromal keratitis,ORPHA_97280,Glucagonoma,ORPHA_97280__ORPHA_137599
ORPHA_659,Mutilating palmoplantar keratoderma with periorificial keratotic plaques,ORPHA_34516,DNAJB6-related limb-girdle muscular dystrophy D1,ORPHA_659__ORPHA_34516
ORPHA_827,Stargardt disease,ORPHA_254854,Pure mitochondrial myopathy,ORPHA_827__ORPHA_254854
ORPHA_254864,Mitochondrial myopathy with reversible cytochrome C oxidase deficiency,ORPHA_209959,Phacoanaphylactic uveitis,ORPHA_209959__ORPHA_254864
ORPHA_169189,Autosomal dominant centronuclear myopathy,ORPHA_137599,Herpes simplex virus stromal keratitis,ORPHA_137599__ORPHA_169189
ORPHA_319514,Combined oxidative phosphorylation defect type 13,ORPHA_96253,Cushing disease,ORPHA_96253__ORPHA_319514
ORPHA_370103,"Primary dystonia, DYT17 type",ORPHA_52416,Mantle cell lymphoma,ORPHA_52416__ORPHA_370103
ORPHA_137596,Neurotrophic keratopathy,ORPHA_1302,Cryptogenic organizing pneumonia,ORPHA_1302__ORPHA_137596
ORPHA_79127,Respiratory bronchiolitis-interstitial lung disease syndrome,ORPHA_98969,Macular corneal dystrophy,ORPHA_79127__ORPHA_98969
ORPHA_231445,Paraparetic variant of Guillain-Barr\xc3\xa9 syndrome,ORPHA_99000,Adult-onset foveomacular vitelliform dystrophy,ORPHA_99000__ORPHA_231445
ORPHA_67042,Late-onset retinal degeneration,ORPHA_101085,Charcot-Marie-Tooth disease type 1F,ORPHA_67042__ORPHA_101085
ORPHA_1243,Best vitelliform macular dystrophy,ORPHA_56425,Cold agglutinin disease,ORPHA_1243__ORPHA_56425
ORPHA_827,Stargardt disease,ORPHA_56425,Cold agglutinin disease,ORPHA_827__ORPHA_56425
ORPHA_314769,Somatomammotropinoma,ORPHA_79126,Acute interstitial pneumonia,ORPHA_79126__ORPHA_314769
ORPHA_721,Gray platelet syndrome,ORPHA_70476,Vernal keratoconjunctivitis,ORPHA_721__ORPHA_70476
ORPHA_319600,Mendelian susceptibility to mycobacterial diseases due to partial IRF8 deficiency,ORPHA_67042,Late-onset retinal degeneration,ORPHA_67042__ORPHA_319600
ORPHA_724,Idiopathic acute eosinophilic pneumonia,ORPHA_482601,Adenylosuccinate synthetase-like 1-related distal myopathy,ORPHA_724__ORPHA_482601
ORPHA_420485,Cranio-cervical dystonia with laryngeal and upper-limb involvement,ORPHA_52427,Retinitis punctata albescens,ORPHA_52427__ORPHA_420485
ORPHA_384,Huriez syndrome,ORPHA_52427,Retinitis punctata albescens,ORPHA_384__ORPHA_52427
ORPHA_199244,Nelson syndrome,ORPHA_254854,Pure mitochondrial myopathy,ORPHA_199244__ORPHA_254854
ORPHA_254854,Pure mitochondrial myopathy,ORPHA_721,Gray platelet syndrome,ORPHA_721__ORPHA_254854
ORPHA_2337,Non-epidermolytic palmoplantar keratoderma,ORPHA_98974,Fuchs endothelial corneal dystrophy,ORPHA_2337__ORPHA_98974
ORPHA_314769,Somatomammotropinoma,ORPHA_67036,Autosomal dominant optic atrophy and cataract,ORPHA_67036__ORPHA_314769
ORPHA_137596,Neurotrophic keratopathy,ORPHA_420485,Cranio-cervical dystonia with laryngeal and upper-limb involvement,ORPHA_137596__ORPHA_420485
ORPHA_274,Bernard-Soulier syndrome,ORPHA_34516,DNAJB6-related limb-girdle muscular dystrophy D1,ORPHA_274__ORPHA_34516
ORPHA_293603,Congenital hereditary endothelial dystrophy type II,ORPHA_101082,Charcot-Marie-Tooth disease type 1B,ORPHA_101082__ORPHA_293603
ORPHA_369840,TRAPPC11-related limb-girdle muscular dystrophy R18,ORPHA_721,Gray platelet syndrome,ORPHA_721__ORPHA_369840
ORPHA_274,Bernard-Soulier syndrome,ORPHA_98964,Lattice corneal dystrophy type I,ORPHA_274__ORPHA_98964
ORPHA_79230,Hemochromatosis type 2,ORPHA_99000,Adult-onset foveomacular vitelliform dystrophy,ORPHA_79230__ORPHA_99000
ORPHA_33402,Pediatric hepatocellular carcinoma,ORPHA_101082,Charcot-Marie-Tooth disease type 1B,ORPHA_33402__ORPHA_101082
ORPHA_364055,Severe early-childhood-onset retinal dystrophy,ORPHA_93958,Oromandibular dystonia,ORPHA_93958__ORPHA_364055
ORPHA_293621,X-linked endothelial corneal dystrophy,ORPHA_56425,Cold agglutinin disease,ORPHA_56425__ORPHA_293621
ORPHA_2302,Asbestos intoxication,ORPHA_98962,Granular corneal dystrophy type I,ORPHA_2302__ORPHA_98962
ORPHA_178509,Perry syndrome,ORPHA_99000,Adult-onset foveomacular vitelliform dystrophy,ORPHA_99000__ORPHA_178509
ORPHA_2271,Congenital ichthyosis-microcephalus-tetraplegia syndrome,ORPHA_293603,Congenital hereditary endothelial dystrophy type II,ORPHA_2271__ORPHA_293603
ORPHA_1598,Monosomy 18p,ORPHA_56425,Cold agglutinin disease,ORPHA_1598__ORPHA_56425
ORPHA_482601,Adenylosuccinate synthetase-like 1-related distal myopathy,ORPHA_52416,Mantle cell lymphoma,ORPHA_52416__ORPHA_482601
ORPHA_827,Stargardt disease,ORPHA_464440,"Primary dystonia, DYT27 type",ORPHA_827__ORPHA_464440
ORPHA_293381,Epithelial recurrent erosion dystrophy,ORPHA_79126,Acute interstitial pneumonia,ORPHA_79126__ORPHA_293381
ORPHA_972,Hereditary continuous muscle fiber activity,ORPHA_52417,MALT lymphoma,ORPHA_972__ORPHA_52417
ORPHA_137599,Herpes simplex virus stromal keratitis,ORPHA_254854,Pure mitochondrial myopathy,ORPHA_137599__ORPHA_254854
ORPHA_93952,"X-linked intellectual disability, Hedera type",ORPHA_99000,Adult-onset foveomacular vitelliform dystrophy,ORPHA_93952__ORPHA_99000
ORPHA_352470,DNA2-related mitochondrial DNA deletion syndrome,ORPHA_52427,Retinitis punctata albescens,ORPHA_52427__ORPHA_352470
ORPHA_79127,Respiratory bronchiolitis-interstitial lung disease syndrome,ORPHA_99956,Charcot-Marie-Tooth disease type 4B2,ORPHA_79127__ORPHA_99956
ORPHA_206549,Anoctamin-5-related limb-girdle muscular dystrophy R12,ORPHA_97280,Glucagonoma,ORPHA_97280__ORPHA_206549
ORPHA_52427,Retinitis punctata albescens,ORPHA_99939,Autosomal dominant Charcot-Marie-Tooth disease type 2E,ORPHA_52427__ORPHA_99939
ORPHA_314603,Autosomal recessive spastic ataxia with leukoencephalopathy,ORPHA_99000,Adult-onset foveomacular vitelliform dystrophy,ORPHA_99000__ORPHA_314603
ORPHA_137596,Neurotrophic keratopathy,ORPHA_70587,Infant acute respiratory distress syndrome,ORPHA_70587__ORPHA_137596
ORPHA_420492,"Adult-onset cervical dystonia, DYT23 type",ORPHA_659,Mutilating palmoplantar keratoderma with periorificial keratotic plaques,ORPHA_659__ORPHA_420492
ORPHA_254857,Lethal infantile mitochondrial myopathy,ORPHA_2330,Kasabach-Merritt syndrome,ORPHA_2330__ORPHA_254857
ORPHA_2334,Autosomal dominant keratitis,ORPHA_254854,Pure mitochondrial myopathy,ORPHA_2334__ORPHA_254854
ORPHA_293621,X-linked endothelial corneal dystrophy,ORPHA_98805,"Primary dystonia, DYT4 type",ORPHA_98805__ORPHA_293621
ORPHA_56425,Cold agglutinin disease,ORPHA_98960,Thiel-Behnke corneal dystrophy,ORPHA_56425__ORPHA_98960
ORPHA_137596,Neurotrophic keratopathy,ORPHA_99950,Charcot-Marie-Tooth disease type 4D,ORPHA_99950__ORPHA_137596
ORPHA_79128,Lymphoid interstitial pneumonia,ORPHA_98974,Fuchs endothelial corneal dystrophy,ORPHA_79128__ORPHA_98974
ORPHA_52427,Retinitis punctata albescens,ORPHA_101082,Charcot-Marie-Tooth disease type 1B,ORPHA_52427__ORPHA_101082
ORPHA_56425,Cold agglutinin disease,ORPHA_98963,Granular corneal dystrophy type II,ORPHA_56425__ORPHA_98963
ORPHA_75376,Familial drusen,ORPHA_99949,Charcot-Marie-Tooth disease type 4C,ORPHA_75376__ORPHA_99949
ORPHA_275,Severe combined immunodeficiency due to DCLRE1C deficiency,ORPHA_254854,Pure mitochondrial myopathy,ORPHA_275__ORPHA_254854
ORPHA_1243,Best vitelliform macular dystrophy,ORPHA_46532,Hereditary persistence of fetal hemoglobin-beta-thalassemia syndrome,ORPHA_1243__ORPHA_46532
ORPHA_99000,Adult-onset foveomacular vitelliform dystrophy,ORPHA_98805,"Primary dystonia, DYT4 type",ORPHA_98805__ORPHA_99000
ORPHA_512260,Congenital cerebellar ataxia due to RNU12 mutation,ORPHA_99000,Adult-onset foveomacular vitelliform dystrophy,ORPHA_99000__ORPHA_512260
ORPHA_2584,Classic mycosis fungoides,ORPHA_99940,Autosomal dominant Charcot-Marie-Tooth disease type 2F,ORPHA_2584__ORPHA_99940
ORPHA_314769,Somatomammotropinoma,ORPHA_724,Idiopathic acute eosinophilic pneumonia,ORPHA_724__ORPHA_314769
ORPHA_3002,Immune thrombocytopenia,ORPHA_67042,Late-onset retinal degeneration,ORPHA_3002__ORPHA_67042
ORPHA_254854,Pure mitochondrial myopathy,ORPHA_209959,Phacoanaphylactic uveitis,ORPHA_209959__ORPHA_254854
ORPHA_725,Continuous spikes and waves during sleep,ORPHA_99000,Adult-onset foveomacular vitelliform dystrophy,ORPHA_725__ORPHA_99000
ORPHA_329466,"Autosomal dominant focal dystonia, DYT25 type",ORPHA_52417,MALT lymphoma,ORPHA_52417__ORPHA_329466
ORPHA_67048,3-methylglutaconic aciduria type 4,ORPHA_52417,MALT lymphoma,ORPHA_52417__ORPHA_67048
ORPHA_251623,Pituicytoma,ORPHA_98964,Lattice corneal dystrophy type I,ORPHA_98964__ORPHA_251623
ORPHA_254857,Lethal infantile mitochondrial myopathy,ORPHA_364055,Severe early-childhood-onset retinal dystrophy,ORPHA_254857__ORPHA_364055
ORPHA_724,Idiopathic acute eosinophilic pneumonia,ORPHA_101097,Autosomal recessive Charcot-Marie-Tooth disease with hoarseness,ORPHA_724__ORPHA_101097
ORPHA_79128,Lymphoid interstitial pneumonia,ORPHA_99944,Autosomal dominant Charcot-Marie-Tooth disease type 2K,ORPHA_79128__ORPHA_99944
ORPHA_488333,Autosomal dominant Charcot-Marie-Tooth disease type 2W,ORPHA_99000,Adult-onset foveomacular vitelliform dystrophy,ORPHA_99000__ORPHA_488333
ORPHA_91348,Functioning gonadotropic adenoma,ORPHA_101085,Charcot-Marie-Tooth disease type 1F,ORPHA_91348__ORPHA_101085
ORPHA_609,Tibial muscular dystrophy,ORPHA_52417,MALT lymphoma,ORPHA_609__ORPHA_52417
ORPHA_166002,Multiple epiphyseal dysplasia due to collagen 9 anomaly,ORPHA_99000,Adult-onset foveomacular vitelliform dystrophy,ORPHA_99000__ORPHA_166002
ORPHA_133,Chronic beryllium disease,ORPHA_254857,Lethal infantile mitochondrial myopathy,ORPHA_133__ORPHA_254857
ORPHA_399096,Distal anoctaminopathy,ORPHA_724,Idiopathic acute eosinophilic pneumonia,ORPHA_724__ORPHA_399096
ORPHA_67042,Late-onset retinal degeneration,ORPHA_79128,Lymphoid interstitial pneumonia,ORPHA_67042__ORPHA_79128
ORPHA_52416,Mantle cell lymphoma,ORPHA_99940,Autosomal dominant Charcot-Marie-Tooth disease type 2F,ORPHA_52416__ORPHA_99940
ORPHA_67042,Late-onset retinal degeneration,ORPHA_97283,Somatostatinoma,ORPHA_67042__ORPHA_97283
ORPHA_254857,Lethal infantile mitochondrial myopathy,ORPHA_96121,7q11.23 microduplication syndrome,ORPHA_96121__ORPHA_254857
ORPHA_98807,"Primary dystonia, DYT13 type",ORPHA_99000,Adult-onset foveomacular vitelliform dystrophy,ORPHA_98807__ORPHA_99000
ORPHA_827,Stargardt disease,ORPHA_399808,Male infertility with teratozoospermia due to single gene mutation,ORPHA_827__ORPHA_399808
ORPHA_171436,Typical nemaline myopathy,ORPHA_52417,MALT lymphoma,ORPHA_52417__ORPHA_171436
ORPHA_226313,Congenital hypothyroidism due to maternal intake of antithyroid drugs,ORPHA_52417,MALT lymphoma,ORPHA_52417__ORPHA_226313
ORPHA_324290,Early-onset Lafora body disease,ORPHA_52417,MALT lymphoma,ORPHA_52417__ORPHA_324290
ORPHA_3002,Immune thrombocytopenia,ORPHA_98964,Lattice corneal dystrophy type I,ORPHA_3002__ORPHA_98964
ORPHA_2271,Congenital ichthyosis-microcephalus-tetraplegia syndrome,ORPHA_97282,VIPoma,ORPHA_2271__ORPHA_97282
ORPHA_369840,TRAPPC11-related limb-girdle muscular dystrophy R18,ORPHA_88621,Ichthyosis-prematurity syndrome,ORPHA_88621__ORPHA_369840
ORPHA_329466,"Autosomal dominant focal dystonia, DYT25 type",ORPHA_99000,Adult-onset foveomacular vitelliform dystrophy,ORPHA_99000__ORPHA_329466
ORPHA_34516,DNAJB6-related limb-girdle muscular dystrophy D1,ORPHA_98960,Thiel-Behnke corneal dystrophy,ORPHA_34516__ORPHA_98960
ORPHA_420492,"Adult-onset cervical dystonia, DYT23 type",ORPHA_75376,Familial drusen,ORPHA_75376__ORPHA_420492
ORPHA_545,Follicular lymphoma,ORPHA_99940,Autosomal dominant Charcot-Marie-Tooth disease type 2F,ORPHA_545__ORPHA_99940
ORPHA_352470,DNA2-related mitochondrial DNA deletion syndrome,ORPHA_97283,Somatostatinoma,ORPHA_97283__ORPHA_352470
ORPHA_254854,Pure mitochondrial myopathy,ORPHA_424019,Squamous cell carcinoma of the anal canal,ORPHA_254854__ORPHA_424019
ORPHA_724,Idiopathic acute eosinophilic pneumonia,ORPHA_99949,Charcot-Marie-Tooth disease type 4C,ORPHA_724__ORPHA_99949
ORPHA_97280,Glucagonoma,ORPHA_99956,Charcot-Marie-Tooth disease type 4B2,ORPHA_97280__ORPHA_99956
ORPHA_486,Autosomal dominant severe congenital neutropenia,ORPHA_34516,DNAJB6-related limb-girdle muscular dystrophy D1,ORPHA_486__ORPHA_34516
ORPHA_1243,Best vitelliform macular dystrophy,ORPHA_91354,Pituitary deficiency due to empty sella turcica syndrome,ORPHA_1243__ORPHA_91354
ORPHA_254343,Autosomal recessive spastic ataxia-optic atrophy-dysarthria syndrome,ORPHA_52417,MALT lymphoma,ORPHA_52417__ORPHA_254343
ORPHA_314769,Somatomammotropinoma,ORPHA_71275,Rh deficiency syndrome,ORPHA_71275__ORPHA_314769
ORPHA_254864,Mitochondrial myopathy with reversible cytochrome C oxidase deficiency,ORPHA_33111,Granulomatous slack skin,ORPHA_33111__ORPHA_254864
ORPHA_1243,Best vitelliform macular dystrophy,ORPHA_86893,Nodular lymphocyte predominant Hodgkin lymphoma,ORPHA_1243__ORPHA_86893
ORPHA_356,Gerstmann-Straussler-Scheinker syndrome,ORPHA_99000,Adult-onset foveomacular vitelliform dystrophy,ORPHA_356__ORPHA_99000
ORPHA_293381,Epithelial recurrent erosion dystrophy,ORPHA_99940,Autosomal dominant Charcot-Marie-Tooth disease type 2F,ORPHA_99940__ORPHA_293381
ORPHA_254857,Lethal infantile mitochondrial myopathy,ORPHA_261295,20p12.3 microdeletion syndrome,ORPHA_254857__ORPHA_261295
ORPHA_293381,Epithelial recurrent erosion dystrophy,ORPHA_86923,"Hereditary palmoplantar keratoderma, Gamborg-Nielsen type",ORPHA_86923__ORPHA_293381
ORPHA_169160,T-B+ severe combined immunodeficiency due to CD3delta/CD3epsilon/CD3zeta,ORPHA_99000,Adult-onset foveomacular vitelliform dystrophy,ORPHA_99000__ORPHA_169160
ORPHA_401795,Autosomal recessive spastic paraplegia type 59,ORPHA_99000,Adult-onset foveomacular vitelliform dystrophy,ORPHA_99000__ORPHA_401795
ORPHA_171433,Intermediate nemaline myopathy,ORPHA_99000,Adult-onset foveomacular vitelliform dystrophy,ORPHA_99000__ORPHA_171433
ORPHA_1243,Best vitelliform macular dystrophy,ORPHA_488594,Autosomal recessive spastic paraplegia type 76,ORPHA_1243__ORPHA_488594
ORPHA_99725,Pituitary gigantism,ORPHA_98912,"Late-onset distal myopathy, Markesbery-Griggs type",ORPHA_98912__ORPHA_99725
ORPHA_369840,TRAPPC11-related limb-girdle muscular dystrophy R18,ORPHA_35078,T-B+ severe combined immunodeficiency due to JAK3 deficiency,ORPHA_35078__ORPHA_369840
ORPHA_178333,\xc3\x85land Islands eye disease,ORPHA_98807,"Primary dystonia, DYT13 type",ORPHA_98807__ORPHA_178333
ORPHA_169189,Autosomal dominant centronuclear myopathy,ORPHA_52417,MALT lymphoma,ORPHA_52417__ORPHA_169189
ORPHA_545,Follicular lymphoma,ORPHA_99939,Autosomal dominant Charcot-Marie-Tooth disease type 2E,ORPHA_545__ORPHA_99939
ORPHA_254857,Lethal infantile mitochondrial myopathy,ORPHA_33355,Reticular dysgenesis,ORPHA_33355__ORPHA_254857
ORPHA_169189,Autosomal dominant centronuclear myopathy,ORPHA_91347,TSH-secreting pituitary adenoma,ORPHA_91347__ORPHA_169189
ORPHA_545,Follicular lymphoma,ORPHA_99948,Charcot-Marie-Tooth disease type 4A,ORPHA_545__ORPHA_99948
ORPHA_52416,Mantle cell lymphoma,ORPHA_99953,Charcot-Marie-Tooth disease type 4G,ORPHA_52416__ORPHA_99953
ORPHA_254854,Pure mitochondrial myopathy,ORPHA_659,Mutilating palmoplantar keratoderma with periorificial keratotic plaques,ORPHA_659__ORPHA_254854
ORPHA_75378,Oligocone trichromacy,ORPHA_530838,KRT1-related diffuse nonepidermolytic keratoderma,ORPHA_75378__ORPHA_530838
ORPHA_171612,Autosomal dominant spastic paraplegia type 37,ORPHA_99000,Adult-onset foveomacular vitelliform dystrophy,ORPHA_99000__ORPHA_171612
ORPHA_90035,Paroxysmal cold hemoglobinuria,ORPHA_99953,Charcot-Marie-Tooth disease type 4G,ORPHA_90035__ORPHA_99953
ORPHA_269,Facioscapulohumeral dystrophy,ORPHA_137596,Neurotrophic keratopathy,ORPHA_269__ORPHA_137596
ORPHA_90035,Paroxysmal cold hemoglobinuria,ORPHA_99949,Charcot-Marie-Tooth disease type 4C,ORPHA_90035__ORPHA_99949
ORPHA_169189,Autosomal dominant centronuclear myopathy,ORPHA_364055,Severe early-childhood-onset retinal dystrophy,ORPHA_169189__ORPHA_364055
ORPHA_171695,Parkinsonian-pyramidal syndrome,ORPHA_99000,Adult-onset foveomacular vitelliform dystrophy,ORPHA_99000__ORPHA_171695
ORPHA_545,Follicular lymphoma,ORPHA_95717,Idiopathic congenital hypothyroidism,ORPHA_545__ORPHA_95717
ORPHA_501,Lafora disease,ORPHA_99000,Adult-onset foveomacular vitelliform dystrophy,ORPHA_501__ORPHA_99000
ORPHA_75376,Familial drusen,ORPHA_99657,"Primary dystonia, DYT2 type",ORPHA_75376__ORPHA_99657
ORPHA_52417,MALT lymphoma,ORPHA_101011,Autosomal dominant spastic paraplegia type 31,ORPHA_52417__ORPHA_101011
ORPHA_2271,Congenital ichthyosis-microcephalus-tetraplegia syndrome,ORPHA_33402,Pediatric hepatocellular carcinoma,ORPHA_2271__ORPHA_33402
ORPHA_827,Stargardt disease,ORPHA_545,Follicular lymphoma,ORPHA_545__ORPHA_827
ORPHA_79452,Milroy disease,ORPHA_99000,Adult-onset foveomacular vitelliform dystrophy,ORPHA_79452__ORPHA_99000
ORPHA_545,Follicular lymphoma,ORPHA_98807,"Primary dystonia, DYT13 type",ORPHA_545__ORPHA_98807
ORPHA_1302,Cryptogenic organizing pneumonia,ORPHA_101085,Charcot-Marie-Tooth disease type 1F,ORPHA_1302__ORPHA_101085
ORPHA_721,Gray platelet syndrome,ORPHA_530838,KRT1-related diffuse nonepidermolytic keratoderma,ORPHA_721__ORPHA_530838
ORPHA_276193,Spinocerebellar ataxia type 35,ORPHA_52417,MALT lymphoma,ORPHA_52417__ORPHA_276193
ORPHA_2337,Non-epidermolytic palmoplantar keratoderma,ORPHA_99725,Pituitary gigantism,ORPHA_2337__ORPHA_99725
ORPHA_137599,Herpes simplex virus stromal keratitis,ORPHA_530838,KRT1-related diffuse nonepidermolytic keratoderma,ORPHA_137599__ORPHA_530838
ORPHA_270,Oculopharyngeal muscular dystrophy,ORPHA_52417,MALT lymphoma,ORPHA_270__ORPHA_52417
ORPHA_67042,Late-onset retinal degeneration,ORPHA_52416,Mantle cell lymphoma,ORPHA_52416__ORPHA_67042
ORPHA_1598,Monosomy 18p,ORPHA_3002,Immune thrombocytopenia,ORPHA_1598__ORPHA_3002
ORPHA_2302,Asbestos intoxication,ORPHA_101082,Charcot-Marie-Tooth disease type 1B,ORPHA_2302__ORPHA_101082
ORPHA_91348,Functioning gonadotropic adenoma,ORPHA_98962,Granular corneal dystrophy type I,ORPHA_91348__ORPHA_98962
ORPHA_98962,Granular corneal dystrophy type I,ORPHA_101081,Charcot-Marie-Tooth disease type 1A,ORPHA_98962__ORPHA_101081
ORPHA_1243,Best vitelliform macular dystrophy,ORPHA_99147,Acquired von Willebrand syndrome,ORPHA_1243__ORPHA_99147
ORPHA_420485,Cranio-cervical dystonia with laryngeal and upper-limb involvement,ORPHA_721,Gray platelet syndrome,ORPHA_721__ORPHA_420485
ORPHA_35078,T-B+ severe combined immunodeficiency due to JAK3 deficiency,ORPHA_34516,DNAJB6-related limb-girdle muscular dystrophy D1,ORPHA_34516__ORPHA_35078
ORPHA_276,T-B+ severe combined immunodeficiency due to gamma chain deficiency,ORPHA_99000,Adult-onset foveomacular vitelliform dystrophy,ORPHA_276__ORPHA_99000
ORPHA_169189,Autosomal dominant centronuclear myopathy,ORPHA_137596,Neurotrophic keratopathy,ORPHA_137596__ORPHA_169189
ORPHA_254854,Pure mitochondrial myopathy,ORPHA_399808,Male infertility with teratozoospermia due to single gene mutation,ORPHA_254854__ORPHA_399808
ORPHA_91359,Chronic pneumonitis of infancy,ORPHA_99947,Autosomal dominant Charcot-Marie-Tooth disease type 2A2,ORPHA_91359__ORPHA_99947
ORPHA_254857,Lethal infantile mitochondrial myopathy,ORPHA_331206,Severe combined immunodeficiency due to complete RAG1/2 deficiency,ORPHA_254857__ORPHA_331206
ORPHA_52416,Mantle cell lymphoma,ORPHA_52427,Retinitis punctata albescens,ORPHA_52416__ORPHA_52427
ORPHA_90035,Paroxysmal cold hemoglobinuria,ORPHA_99948,Charcot-Marie-Tooth disease type 4A,ORPHA_90035__ORPHA_99948
ORPHA_256,Early-onset generalized limb-onset dystonia,ORPHA_98963,Granular corneal dystrophy type II,ORPHA_256__ORPHA_98963
ORPHA_2584,Classic mycosis fungoides,ORPHA_75376,Familial drusen,ORPHA_2584__ORPHA_75376
ORPHA_314769,Somatomammotropinoma,ORPHA_99944,Autosomal dominant Charcot-Marie-Tooth disease type 2K,ORPHA_99944__ORPHA_314769
ORPHA_52416,Mantle cell lymphoma,ORPHA_99949,Charcot-Marie-Tooth disease type 4C,ORPHA_52416__ORPHA_99949
ORPHA_514,Acute monoblastic/monocytic leukemia,ORPHA_34516,DNAJB6-related limb-girdle muscular dystrophy D1,ORPHA_514__ORPHA_34516
ORPHA_2302,Asbestos intoxication,ORPHA_101085,Charcot-Marie-Tooth disease type 1F,ORPHA_2302__ORPHA_101085
ORPHA_464440,"Primary dystonia, DYT27 type",ORPHA_75376,Familial drusen,ORPHA_75376__ORPHA_464440
ORPHA_67047,3-methylglutaconic aciduria type 3,ORPHA_52417,MALT lymphoma,ORPHA_52417__ORPHA_67047
ORPHA_98963,Granular corneal dystrophy type II,ORPHA_99947,Autosomal dominant Charcot-Marie-Tooth disease type 2A2,ORPHA_98963__ORPHA_99947
ORPHA_52417,MALT lymphoma,ORPHA_101108,Spinocerebellar ataxia type 23,ORPHA_52417__ORPHA_101108
ORPHA_99000,Adult-onset foveomacular vitelliform dystrophy,ORPHA_99940,Autosomal dominant Charcot-Marie-Tooth disease type 2F,ORPHA_99000__ORPHA_99940
ORPHA_178333,\xc3\x85land Islands eye disease,ORPHA_369840,TRAPPC11-related limb-girdle muscular dystrophy R18,ORPHA_178333__ORPHA_369840
ORPHA_67046,3-methylglutaconic aciduria type 1,ORPHA_99000,Adult-onset foveomacular vitelliform dystrophy,ORPHA_67046__ORPHA_99000
ORPHA_464440,"Primary dystonia, DYT27 type",ORPHA_52427,Retinitis punctata albescens,ORPHA_52427__ORPHA_464440
ORPHA_3002,Immune thrombocytopenia,ORPHA_85128,Bothnia retinal dystrophy,ORPHA_3002__ORPHA_85128
ORPHA_178333,\xc3\x85land Islands eye disease,ORPHA_133,Chronic beryllium disease,ORPHA_133__ORPHA_178333
ORPHA_133,Chronic beryllium disease,ORPHA_101081,Charcot-Marie-Tooth disease type 1A,ORPHA_133__ORPHA_101081
ORPHA_254857,Lethal infantile mitochondrial myopathy,ORPHA_86843,Acute panmyelosis with myelofibrosis,ORPHA_86843__ORPHA_254857
ORPHA_75378,Oligocone trichromacy,ORPHA_99948,Charcot-Marie-Tooth disease type 4A,ORPHA_75378__ORPHA_99948
ORPHA_137596,Neurotrophic keratopathy,ORPHA_352470,DNA2-related mitochondrial DNA deletion syndrome,ORPHA_137596__ORPHA_352470
ORPHA_399103,Distal nebulin myopathy,ORPHA_99000,Adult-onset foveomacular vitelliform dystrophy,ORPHA_99000__ORPHA_399103
ORPHA_99000,Adult-onset foveomacular vitelliform dystrophy,ORPHA_101111,Spinocerebellar ataxia type 25,ORPHA_99000__ORPHA_101111
ORPHA_52417,MALT lymphoma,ORPHA_101110,Spinocerebellar ataxia type 20,ORPHA_52417__ORPHA_101110
ORPHA_86918,Diffuse palmoplantar keratoderma-acrocyanosis syndrome,ORPHA_98969,Macular corneal dystrophy,ORPHA_86918__ORPHA_98969
ORPHA_2334,Autosomal dominant keratitis,ORPHA_52416,Mantle cell lymphoma,ORPHA_2334__ORPHA_52416
ORPHA_3203,Overhydrated hereditary stomatocytosis,ORPHA_99725,Pituitary gigantism,ORPHA_3203__ORPHA_99725
ORPHA_88621,Ichthyosis-prematurity syndrome,ORPHA_98974,Fuchs endothelial corneal dystrophy,ORPHA_88621__ORPHA_98974
ORPHA_99000,Adult-onset foveomacular vitelliform dystrophy,ORPHA_98766,Spinocerebellar ataxia type 5,ORPHA_98766__ORPHA_99000
ORPHA_178333,\xc3\x85land Islands eye disease,ORPHA_360,Glioblastoma,ORPHA_360__ORPHA_178333
ORPHA_435387,Autosomal dominant Charcot-Marie-Tooth disease type 2Y,ORPHA_98963,Granular corneal dystrophy type II,ORPHA_98963__ORPHA_435387
ORPHA_79127,Respiratory bronchiolitis-interstitial lung disease syndrome,ORPHA_99939,Autosomal dominant Charcot-Marie-Tooth disease type 2E,ORPHA_79127__ORPHA_99939
ORPHA_254854,Pure mitochondrial myopathy,ORPHA_90050,Retinopathy of prematurity,ORPHA_90050__ORPHA_254854
ORPHA_178333,\xc3\x85land Islands eye disease,ORPHA_256,Early-onset generalized limb-onset dystonia,ORPHA_256__ORPHA_178333
ORPHA_254854,Pure mitochondrial myopathy,ORPHA_88621,Ichthyosis-prematurity syndrome,ORPHA_88621__ORPHA_254854
ORPHA_2302,Asbestos intoxication,ORPHA_99950,Charcot-Marie-Tooth disease type 4D,ORPHA_2302__ORPHA_99950
ORPHA_721,Gray platelet syndrome,ORPHA_99725,Pituitary gigantism,ORPHA_721__ORPHA_99725
ORPHA_79127,Respiratory bronchiolitis-interstitial lung disease syndrome,ORPHA_99940,Autosomal dominant Charcot-Marie-Tooth disease type 2F,ORPHA_79127__ORPHA_99940
ORPHA_97278,PPoma,ORPHA_98969,Macular corneal dystrophy,ORPHA_97278__ORPHA_98969
ORPHA_91359,Chronic pneumonitis of infancy,ORPHA_99940,Autosomal dominant Charcot-Marie-Tooth disease type 2F,ORPHA_91359__ORPHA_99940
ORPHA_52416,Mantle cell lymphoma,ORPHA_99657,"Primary dystonia, DYT2 type",ORPHA_52416__ORPHA_99657
ORPHA_254857,Lethal infantile mitochondrial myopathy,ORPHA_91359,Chronic pneumonitis of infancy,ORPHA_91359__ORPHA_254857
ORPHA_276556,Hyperinsulinism due to UCP2 deficiency,ORPHA_99000,Adult-onset foveomacular vitelliform dystrophy,ORPHA_99000__ORPHA_276556
ORPHA_34516,DNAJB6-related limb-girdle muscular dystrophy D1,ORPHA_52417,MALT lymphoma,ORPHA_34516__ORPHA_52417
ORPHA_169189,Autosomal dominant centronuclear myopathy,ORPHA_79126,Acute interstitial pneumonia,ORPHA_79126__ORPHA_169189
ORPHA_169189,Autosomal dominant centronuclear myopathy,ORPHA_52416,Mantle cell lymphoma,ORPHA_52416__ORPHA_169189
ORPHA_364055,Severe early-childhood-onset retinal dystrophy,ORPHA_79128,Lymphoid interstitial pneumonia,ORPHA_79128__ORPHA_364055
ORPHA_1302,Cryptogenic organizing pneumonia,ORPHA_101082,Charcot-Marie-Tooth disease type 1B,ORPHA_1302__ORPHA_101082
ORPHA_2584,Classic mycosis fungoides,ORPHA_34516,DNAJB6-related limb-girdle muscular dystrophy D1,ORPHA_2584__ORPHA_34516
ORPHA_314769,Somatomammotropinoma,ORPHA_603,"Distal myopathy, Welander type",ORPHA_603__ORPHA_314769
ORPHA_464440,"Primary dystonia, DYT27 type",ORPHA_85128,Bothnia retinal dystrophy,ORPHA_85128__ORPHA_464440
ORPHA_254864,Mitochondrial myopathy with reversible cytochrome C oxidase deficiency,ORPHA_530838,KRT1-related diffuse nonepidermolytic keratoderma,ORPHA_254864__ORPHA_530838
ORPHA_206549,Anoctamin-5-related limb-girdle muscular dystrophy R12,ORPHA_2584,Classic mycosis fungoides,ORPHA_2584__ORPHA_206549
ORPHA_314769,Somatomammotropinoma,ORPHA_306734,"Primary dystonia, DYT21 type",ORPHA_306734__ORPHA_314769
ORPHA_79102,Thyrotoxic periodic paralysis,ORPHA_52417,MALT lymphoma,ORPHA_52417__ORPHA_79102
ORPHA_98963,Granular corneal dystrophy type II,ORPHA_99939,Autosomal dominant Charcot-Marie-Tooth disease type 2E,ORPHA_98963__ORPHA_99939
ORPHA_3202,Dehydrated hereditary stomatocytosis,ORPHA_99000,Adult-onset foveomacular vitelliform dystrophy,ORPHA_3202__ORPHA_99000
ORPHA_269,Facioscapulohumeral dystrophy,ORPHA_52417,MALT lymphoma,ORPHA_269__ORPHA_52417
ORPHA_254864,Mitochondrial myopathy with reversible cytochrome C oxidase deficiency,ORPHA_79148,Elastosis perforans serpiginosa,ORPHA_79148__ORPHA_254864
ORPHA_79128,Lymphoid interstitial pneumonia,ORPHA_75378,Oligocone trichromacy,ORPHA_75378__ORPHA_79128
ORPHA_659,Mutilating palmoplantar keratoderma with periorificial keratotic plaques,ORPHA_33402,Pediatric hepatocellular carcinoma,ORPHA_659__ORPHA_33402
ORPHA_2199,Epidermolytic palmoplantar keratoderma,ORPHA_99725,Pituitary gigantism,ORPHA_2199__ORPHA_99725
ORPHA_399096,Distal anoctaminopathy,ORPHA_52417,MALT lymphoma,ORPHA_52417__ORPHA_399096
ORPHA_724,Idiopathic acute eosinophilic pneumonia,ORPHA_99948,Charcot-Marie-Tooth disease type 4A,ORPHA_724__ORPHA_99948
ORPHA_275864,Behavioral variant of frontotemporal dementia,ORPHA_99000,Adult-onset foveomacular vitelliform dystrophy,ORPHA_99000__ORPHA_275864
ORPHA_659,Mutilating palmoplantar keratoderma with periorificial keratotic plaques,ORPHA_99948,Charcot-Marie-Tooth disease type 4A,ORPHA_659__ORPHA_99948
ORPHA_254857,Lethal infantile mitochondrial myopathy,ORPHA_99931,Idiopathic pulmonary hemosiderosis,ORPHA_99931__ORPHA_254857
ORPHA_293621,X-linked endothelial corneal dystrophy,ORPHA_99947,Autosomal dominant Charcot-Marie-Tooth disease type 2A2,ORPHA_99947__ORPHA_293621
ORPHA_2337,Non-epidermolytic palmoplantar keratoderma,ORPHA_98962,Granular corneal dystrophy type I,ORPHA_2337__ORPHA_98962
ORPHA_327,Congenital factor VII deficiency,ORPHA_99000,Adult-onset foveomacular vitelliform dystrophy,ORPHA_327__ORPHA_99000
ORPHA_169189,Autosomal dominant centronuclear myopathy,ORPHA_293603,Congenital hereditary endothelial dystrophy type II,ORPHA_169189__ORPHA_293603
ORPHA_33,Isovaleric acidemia,ORPHA_99000,Adult-onset foveomacular vitelliform dystrophy,ORPHA_33__ORPHA_99000
ORPHA_1580,Distal monosomy 10p,ORPHA_254864,Mitochondrial myopathy with reversible cytochrome C oxidase deficiency,ORPHA_1580__ORPHA_254864
ORPHA_724,Idiopathic acute eosinophilic pneumonia,ORPHA_90673,Hypothyroidism due to TSH receptor mutations,ORPHA_724__ORPHA_90673
ORPHA_169189,Autosomal dominant centronuclear myopathy,ORPHA_90035,Paroxysmal cold hemoglobinuria,ORPHA_90035__ORPHA_169189
ORPHA_827,Stargardt disease,ORPHA_721,Gray platelet syndrome,ORPHA_721__ORPHA_827
ORPHA_721,Gray platelet syndrome,ORPHA_98805,"Primary dystonia, DYT4 type",ORPHA_721__ORPHA_98805
ORPHA_79128,Lymphoid interstitial pneumonia,ORPHA_99953,Charcot-Marie-Tooth disease type 4G,ORPHA_79128__ORPHA_99953
ORPHA_423296,Spinocerebellar ataxia type 38,ORPHA_52417,MALT lymphoma,ORPHA_52417__ORPHA_423296
ORPHA_33402,Pediatric hepatocellular carcinoma,ORPHA_101085,Charcot-Marie-Tooth disease type 1F,ORPHA_33402__ORPHA_101085
ORPHA_293621,X-linked endothelial corneal dystrophy,ORPHA_98807,"Primary dystonia, DYT13 type",ORPHA_98807__ORPHA_293621
ORPHA_2330,Kasabach-Merritt syndrome,ORPHA_1243,Best vitelliform macular dystrophy,ORPHA_1243__ORPHA_2330
ORPHA_52417,MALT lymphoma,ORPHA_100984,Autosomal dominant spastic paraplegia type 3,ORPHA_52417__ORPHA_100984
ORPHA_488333,Autosomal dominant Charcot-Marie-Tooth disease type 2W,ORPHA_79127,Respiratory bronchiolitis-interstitial lung disease syndrome,ORPHA_79127__ORPHA_488333
ORPHA_251066,8p11.2 deletion syndrome,ORPHA_254857,Lethal infantile mitochondrial myopathy,ORPHA_251066__ORPHA_254857
ORPHA_453521,Autosomal recessive cerebellar ataxia due to CWF19L1 deficiency,ORPHA_99000,Adult-onset foveomacular vitelliform dystrophy,ORPHA_99000__ORPHA_453521
ORPHA_90035,Paroxysmal cold hemoglobinuria,ORPHA_98960,Thiel-Behnke corneal dystrophy,ORPHA_90035__ORPHA_98960
ORPHA_93958,Oromandibular dystonia,ORPHA_99000,Adult-onset foveomacular vitelliform dystrophy,ORPHA_93958__ORPHA_99000
ORPHA_1243,Best vitelliform macular dystrophy,ORPHA_42642,PFAPA syndrome,ORPHA_1243__ORPHA_42642
ORPHA_2271,Congenital ichthyosis-microcephalus-tetraplegia syndrome,ORPHA_79128,Lymphoid interstitial pneumonia,ORPHA_2271__ORPHA_79128
ORPHA_1745,Distal trisomy 6p,ORPHA_254854,Pure mitochondrial myopathy,ORPHA_1745__ORPHA_254854
ORPHA_495,Transgrediens et progrediens palmoplantar keratoderma,ORPHA_52416,Mantle cell lymphoma,ORPHA_495__ORPHA_52416
ORPHA_99725,Pituitary gigantism,ORPHA_99949,Charcot-Marie-Tooth disease type 4C,ORPHA_99725__ORPHA_99949
ORPHA_137596,Neurotrophic keratopathy,ORPHA_254864,Mitochondrial myopathy with reversible cytochrome C oxidase deficiency,ORPHA_137596__ORPHA_254864
ORPHA_435387,Autosomal dominant Charcot-Marie-Tooth disease type 2Y,ORPHA_52416,Mantle cell lymphoma,ORPHA_52416__ORPHA_435387
ORPHA_1878,TRIM32-related limb-girdle muscular dystrophy R8,ORPHA_52417,MALT lymphoma,ORPHA_1878__ORPHA_52417
ORPHA_545,Follicular lymphoma,ORPHA_603,"Distal myopathy, Welander type",ORPHA_545__ORPHA_603
ORPHA_171629,Autosomal recessive spastic paraplegia type 35,ORPHA_1243,Best vitelliform macular dystrophy,ORPHA_1243__ORPHA_171629
ORPHA_352470,DNA2-related mitochondrial DNA deletion syndrome,ORPHA_67042,Late-onset retinal degeneration,ORPHA_67042__ORPHA_352470
ORPHA_517,Acute myelomonocytic leukemia,ORPHA_34516,DNAJB6-related limb-girdle muscular dystrophy D1,ORPHA_517__ORPHA_34516
ORPHA_85128,Bothnia retinal dystrophy,ORPHA_98805,"Primary dystonia, DYT4 type",ORPHA_85128__ORPHA_98805
ORPHA_263534,Acral peeling skin syndrome,ORPHA_1243,Best vitelliform macular dystrophy,ORPHA_1243__ORPHA_263534
ORPHA_545,Follicular lymphoma,ORPHA_26792,Short chain acyl-CoA dehydrogenase deficiency,ORPHA_545__ORPHA_26792
ORPHA_1581,Non-distal monosomy 10q,ORPHA_254857,Lethal infantile mitochondrial myopathy,ORPHA_1581__ORPHA_254857
ORPHA_67042,Late-onset retinal degeneration,ORPHA_88621,Ichthyosis-prematurity syndrome,ORPHA_67042__ORPHA_88621
ORPHA_79127,Respiratory bronchiolitis-interstitial lung disease syndrome,ORPHA_99948,Charcot-Marie-Tooth disease type 4A,ORPHA_79127__ORPHA_99948
ORPHA_827,Stargardt disease,ORPHA_399805,Male infertility with azoospermia or oligozoospermia due to single gene mutation,ORPHA_827__ORPHA_399805
ORPHA_329466,"Autosomal dominant focal dystonia, DYT25 type",ORPHA_75376,Familial drusen,ORPHA_75376__ORPHA_329466
ORPHA_2271,Congenital ichthyosis-microcephalus-tetraplegia syndrome,ORPHA_91359,Chronic pneumonitis of infancy,ORPHA_2271__ORPHA_91359
ORPHA_67042,Late-onset retinal degeneration,ORPHA_93958,Oromandibular dystonia,ORPHA_67042__ORPHA_93958
ORPHA_2302,Asbestos intoxication,ORPHA_137599,Herpes simplex virus stromal keratitis,ORPHA_2302__ORPHA_137599
ORPHA_254864,Mitochondrial myopathy with reversible cytochrome C oxidase deficiency,ORPHA_90023,Primary immunodeficiency syndrome due to LAMTOR2 deficiency,ORPHA_90023__ORPHA_254864
ORPHA_210571,Dystonia 16,ORPHA_99000,Adult-onset foveomacular vitelliform dystrophy,ORPHA_99000__ORPHA_210571
ORPHA_913,Zollinger-Ellison syndrome,ORPHA_99949,Charcot-Marie-Tooth disease type 4C,ORPHA_913__ORPHA_99949
ORPHA_137596,Neurotrophic keratopathy,ORPHA_2386,Leukoencephalopathy-palmoplantar keratoderma syndrome,ORPHA_2386__ORPHA_137596
ORPHA_275,Severe combined immunodeficiency due to DCLRE1C deficiency,ORPHA_34516,DNAJB6-related limb-girdle muscular dystrophy D1,ORPHA_275__ORPHA_34516
ORPHA_306734,"Primary dystonia, DYT21 type",ORPHA_85128,Bothnia retinal dystrophy,ORPHA_85128__ORPHA_306734
ORPHA_369840,TRAPPC11-related limb-girdle muscular dystrophy R18,ORPHA_424016,Adenocarcinoma of the anal canal,ORPHA_369840__ORPHA_424016
ORPHA_254857,Lethal infantile mitochondrial myopathy,ORPHA_66624,PANDAS,ORPHA_66624__ORPHA_254857
ORPHA_352470,DNA2-related mitochondrial DNA deletion syndrome,ORPHA_85128,Bothnia retinal dystrophy,ORPHA_85128__ORPHA_352470
ORPHA_67036,Autosomal dominant optic atrophy and cataract,ORPHA_52416,Mantle cell lymphoma,ORPHA_52416__ORPHA_67036
ORPHA_701,Alopecia universalis,ORPHA_99000,Adult-onset foveomacular vitelliform dystrophy,ORPHA_701__ORPHA_99000
ORPHA_1598,Monosomy 18p,ORPHA_91359,Chronic pneumonitis of infancy,ORPHA_1598__ORPHA_91359
ORPHA_356,Gerstmann-Straussler-Scheinker syndrome,ORPHA_52417,MALT lymphoma,ORPHA_356__ORPHA_52417
ORPHA_1598,Monosomy 18p,ORPHA_97261,GRFoma,ORPHA_1598__ORPHA_97261
ORPHA_206549,Anoctamin-5-related limb-girdle muscular dystrophy R12,ORPHA_659,Mutilating palmoplantar keratoderma with periorificial keratotic plaques,ORPHA_659__ORPHA_206549
ORPHA_169189,Autosomal dominant centronuclear myopathy,ORPHA_67042,Late-onset retinal degeneration,ORPHA_67042__ORPHA_169189
ORPHA_1243,Best vitelliform macular dystrophy,ORPHA_98810,Paroxysmal non-kinesigenic dyskinesia,ORPHA_1243__ORPHA_98810
ORPHA_464440,"Primary dystonia, DYT27 type",ORPHA_724,Idiopathic acute eosinophilic pneumonia,ORPHA_724__ORPHA_464440
ORPHA_79128,Lymphoid interstitial pneumonia,ORPHA_99939,Autosomal dominant Charcot-Marie-Tooth disease type 2E,ORPHA_79128__ORPHA_99939
ORPHA_206549,Anoctamin-5-related limb-girdle muscular dystrophy R12,ORPHA_91347,TSH-secreting pituitary adenoma,ORPHA_91347__ORPHA_206549
ORPHA_169189,Autosomal dominant centronuclear myopathy,ORPHA_98962,Granular corneal dystrophy type I,ORPHA_98962__ORPHA_169189
ORPHA_384,Huriez syndrome,ORPHA_75376,Familial drusen,ORPHA_384__ORPHA_75376
ORPHA_254854,Pure mitochondrial myopathy,ORPHA_67042,Late-onset retinal degeneration,ORPHA_67042__ORPHA_254854
ORPHA_3002,Immune thrombocytopenia,ORPHA_215,Congenital stationary night blindness,ORPHA_215__ORPHA_3002
ORPHA_1006,Alopecia antibody deficiency,ORPHA_99000,Adult-onset foveomacular vitelliform dystrophy,ORPHA_1006__ORPHA_99000
ORPHA_1302,Cryptogenic organizing pneumonia,ORPHA_98969,Macular corneal dystrophy,ORPHA_1302__ORPHA_98969
ORPHA_52417,MALT lymphoma,ORPHA_100993,Autosomal dominant spastic paraplegia type 12,ORPHA_52417__ORPHA_100993
ORPHA_401835,Autosomal recessive spastic paraplegia type 70,ORPHA_52417,MALT lymphoma,ORPHA_52417__ORPHA_401835
ORPHA_137596,Neurotrophic keratopathy,ORPHA_399081,KLHL9-related early-onset distal myopathy,ORPHA_137596__ORPHA_399081
ORPHA_369840,TRAPPC11-related limb-girdle muscular dystrophy R18,ORPHA_52417,MALT lymphoma,ORPHA_52417__ORPHA_369840
ORPHA_137596,Neurotrophic keratopathy,ORPHA_99948,Charcot-Marie-Tooth disease type 4A,ORPHA_99948__ORPHA_137596
ORPHA_455,Superficial epidermolytic ichthyosis,ORPHA_99725,Pituitary gigantism,ORPHA_455__ORPHA_99725
ORPHA_254854,Pure mitochondrial myopathy,ORPHA_2584,Classic mycosis fungoides,ORPHA_2584__ORPHA_254854
ORPHA_412217,Dystonia-aphonia syndrome,ORPHA_52416,Mantle cell lymphoma,ORPHA_52416__ORPHA_412217
ORPHA_3002,Immune thrombocytopenia,ORPHA_293621,X-linked endothelial corneal dystrophy,ORPHA_3002__ORPHA_293621
ORPHA_435387,Autosomal dominant Charcot-Marie-Tooth disease type 2Y,ORPHA_97261,GRFoma,ORPHA_97261__ORPHA_435387
ORPHA_52416,Mantle cell lymphoma,ORPHA_98974,Fuchs endothelial corneal dystrophy,ORPHA_52416__ORPHA_98974
ORPHA_464440,"Primary dystonia, DYT27 type",ORPHA_52416,Mantle cell lymphoma,ORPHA_52416__ORPHA_464440
ORPHA_827,Stargardt disease,ORPHA_352470,DNA2-related mitochondrial DNA deletion syndrome,ORPHA_827__ORPHA_352470
ORPHA_250999,1q41q42 microdeletion syndrome,ORPHA_254857,Lethal infantile mitochondrial myopathy,ORPHA_250999__ORPHA_254857
ORPHA_319514,Combined oxidative phosphorylation defect type 13,ORPHA_52427,Retinitis punctata albescens,ORPHA_52427__ORPHA_319514
ORPHA_614,Thomsen and Becker disease,ORPHA_99000,Adult-onset foveomacular vitelliform dystrophy,ORPHA_614__ORPHA_99000
ORPHA_545,Follicular lymphoma,ORPHA_101097,Autosomal recessive Charcot-Marie-Tooth disease with hoarseness,ORPHA_545__ORPHA_101097
ORPHA_25968,Benign occipital epilepsy,ORPHA_99000,Adult-onset foveomacular vitelliform dystrophy,ORPHA_25968__ORPHA_99000
ORPHA_169154,T-B+ severe combined immunodeficiency due to IL-7Ralpha deficiency,ORPHA_254864,Mitochondrial myopathy with reversible cytochrome C oxidase deficiency,ORPHA_169154__ORPHA_254864
ORPHA_721,Gray platelet syndrome,ORPHA_488333,Autosomal dominant Charcot-Marie-Tooth disease type 2W,ORPHA_721__ORPHA_488333
ORPHA_3162,S\xc3\xa9zary syndrome,ORPHA_1243,Best vitelliform macular dystrophy,ORPHA_1243__ORPHA_3162
ORPHA_178333,\xc3\x85land Islands eye disease,ORPHA_98805,"Primary dystonia, DYT4 type",ORPHA_98805__ORPHA_178333
ORPHA_274,Bernard-Soulier syndrome,ORPHA_293381,Epithelial recurrent erosion dystrophy,ORPHA_274__ORPHA_293381
ORPHA_420492,"Adult-onset cervical dystonia, DYT23 type",ORPHA_98969,Macular corneal dystrophy,ORPHA_98969__ORPHA_420492
ORPHA_435387,Autosomal dominant Charcot-Marie-Tooth disease type 2Y,ORPHA_33402,Pediatric hepatocellular carcinoma,ORPHA_33402__ORPHA_435387
ORPHA_99000,Adult-onset foveomacular vitelliform dystrophy,ORPHA_101011,Autosomal dominant spastic paraplegia type 31,ORPHA_99000__ORPHA_101011
ORPHA_98960,Thiel-Behnke corneal dystrophy,ORPHA_101085,Charcot-Marie-Tooth disease type 1F,ORPHA_98960__ORPHA_101085
ORPHA_314769,Somatomammotropinoma,ORPHA_34516,DNAJB6-related limb-girdle muscular dystrophy D1,ORPHA_34516__ORPHA_314769
ORPHA_293621,X-linked endothelial corneal dystrophy,ORPHA_88621,Ichthyosis-prematurity syndrome,ORPHA_88621__ORPHA_293621
ORPHA_2148,Lissencephaly type 1 due to doublecortin gene mutation,ORPHA_99000,Adult-onset foveomacular vitelliform dystrophy,ORPHA_2148__ORPHA_99000
ORPHA_659,Mutilating palmoplantar keratoderma with periorificial keratotic plaques,ORPHA_91495,Persistent hyperplastic primary vitreous,ORPHA_659__ORPHA_91495
ORPHA_254854,Pure mitochondrial myopathy,ORPHA_254351,Distal 7q11.23 microdeletion syndrome,ORPHA_254351__ORPHA_254854
ORPHA_137596,Neurotrophic keratopathy,ORPHA_98806,"Primary dystonia, DYT6 type",ORPHA_98806__ORPHA_137596
ORPHA_215,Congenital stationary night blindness,ORPHA_329466,"Autosomal dominant focal dystonia, DYT25 type",ORPHA_215__ORPHA_329466
ORPHA_369840,TRAPPC11-related limb-girdle muscular dystrophy R18,ORPHA_384,Huriez syndrome,ORPHA_384__ORPHA_369840
ORPHA_1243,Best vitelliform macular dystrophy,ORPHA_97280,Glucagonoma,ORPHA_1243__ORPHA_97280
ORPHA_254854,Pure mitochondrial myopathy,ORPHA_70578,Adult acute respiratory distress syndrome,ORPHA_70578__ORPHA_254854
ORPHA_721,Gray platelet syndrome,ORPHA_85128,Bothnia retinal dystrophy,ORPHA_721__ORPHA_85128
ORPHA_1243,Best vitelliform macular dystrophy,ORPHA_319514,Combined oxidative phosphorylation defect type 13,ORPHA_1243__ORPHA_319514
ORPHA_352470,DNA2-related mitochondrial DNA deletion syndrome,ORPHA_98974,Fuchs endothelial corneal dystrophy,ORPHA_98974__ORPHA_352470
ORPHA_2584,Classic mycosis fungoides,ORPHA_101081,Charcot-Marie-Tooth disease type 1A,ORPHA_2584__ORPHA_101081
ORPHA_85128,Bothnia retinal dystrophy,ORPHA_99949,Charcot-Marie-Tooth disease type 4C,ORPHA_85128__ORPHA_99949
ORPHA_609,Tibial muscular dystrophy,ORPHA_99000,Adult-onset foveomacular vitelliform dystrophy,ORPHA_609__ORPHA_99000
ORPHA_250989,1q21.1 microdeletion syndrome,ORPHA_254854,Pure mitochondrial myopathy,ORPHA_250989__ORPHA_254854
ORPHA_98974,Fuchs endothelial corneal dystrophy,ORPHA_99939,Autosomal dominant Charcot-Marie-Tooth disease type 2E,ORPHA_98974__ORPHA_99939
ORPHA_293621,X-linked endothelial corneal dystrophy,ORPHA_399805,Male infertility with azoospermia or oligozoospermia due to single gene mutation,ORPHA_293621__ORPHA_399805
ORPHA_70587,Infant acute respiratory distress syndrome,ORPHA_99940,Autosomal dominant Charcot-Marie-Tooth disease type 2F,ORPHA_70587__ORPHA_99940
ORPHA_2593,Tubular aggregate myopathy,ORPHA_314769,Somatomammotropinoma,ORPHA_2593__ORPHA_314769
ORPHA_752,"46,XY disorder of sex development due to 17-beta-hydroxysteroid dehydrogenase 3 deficiency",ORPHA_99000,Adult-onset foveomacular vitelliform dystrophy,ORPHA_752__ORPHA_99000
ORPHA_137596,Neurotrophic keratopathy,ORPHA_435387,Autosomal dominant Charcot-Marie-Tooth disease type 2Y,ORPHA_137596__ORPHA_435387
ORPHA_254857,Lethal infantile mitochondrial myopathy,ORPHA_93958,Oromandibular dystonia,ORPHA_93958__ORPHA_254857
ORPHA_75378,Oligocone trichromacy,ORPHA_91348,Functioning gonadotropic adenoma,ORPHA_75378__ORPHA_91348
ORPHA_545,Follicular lymphoma,ORPHA_99956,Charcot-Marie-Tooth disease type 4B2,ORPHA_545__ORPHA_99956
ORPHA_3002,Immune thrombocytopenia,ORPHA_369840,TRAPPC11-related limb-girdle muscular dystrophy R18,ORPHA_3002__ORPHA_369840
ORPHA_137596,Neurotrophic keratopathy,ORPHA_464440,"Primary dystonia, DYT27 type",ORPHA_137596__ORPHA_464440
ORPHA_137599,Herpes simplex virus stromal keratitis,ORPHA_721,Gray platelet syndrome,ORPHA_721__ORPHA_137599
ORPHA_635,Neuroblastoma,ORPHA_254854,Pure mitochondrial myopathy,ORPHA_635__ORPHA_254854
ORPHA_70587,Infant acute respiratory distress syndrome,ORPHA_99939,Autosomal dominant Charcot-Marie-Tooth disease type 2E,ORPHA_70587__ORPHA_99939
ORPHA_137596,Neurotrophic keratopathy,ORPHA_101081,Charcot-Marie-Tooth disease type 1A,ORPHA_101081__ORPHA_137596
ORPHA_34516,DNAJB6-related limb-girdle muscular dystrophy D1,ORPHA_97278,PPoma,ORPHA_34516__ORPHA_97278
ORPHA_369840,TRAPPC11-related limb-girdle muscular dystrophy R18,ORPHA_2032,Idiopathic pulmonary fibrosis,ORPHA_2032__ORPHA_369840
ORPHA_90035,Paroxysmal cold hemoglobinuria,ORPHA_99940,Autosomal dominant Charcot-Marie-Tooth disease type 2F,ORPHA_90035__ORPHA_99940
ORPHA_99000,Adult-onset foveomacular vitelliform dystrophy,ORPHA_100070,Progressive non-fluent aphasia,ORPHA_99000__ORPHA_100070
ORPHA_329466,"Autosomal dominant focal dystonia, DYT25 type",ORPHA_98969,Macular corneal dystrophy,ORPHA_98969__ORPHA_329466
ORPHA_721,Gray platelet syndrome,ORPHA_98974,Fuchs endothelial corneal dystrophy,ORPHA_721__ORPHA_98974
ORPHA_98960,Thiel-Behnke corneal dystrophy,ORPHA_98805,"Primary dystonia, DYT4 type",ORPHA_98805__ORPHA_98960
ORPHA_293621,X-linked endothelial corneal dystrophy,ORPHA_101082,Charcot-Marie-Tooth disease type 1B,ORPHA_101082__ORPHA_293621
ORPHA_178333,\xc3\x85land Islands eye disease,ORPHA_2337,Non-epidermolytic palmoplantar keratoderma,ORPHA_2337__ORPHA_178333
ORPHA_369840,TRAPPC11-related limb-girdle muscular dystrophy R18,ORPHA_318,Acute erythroid leukemia,ORPHA_318__ORPHA_369840
ORPHA_254854,Pure mitochondrial myopathy,ORPHA_33355,Reticular dysgenesis,ORPHA_33355__ORPHA_254854
ORPHA_364055,Severe early-childhood-onset retinal dystrophy,ORPHA_98806,"Primary dystonia, DYT6 type",ORPHA_98806__ORPHA_364055
ORPHA_254854,Pure mitochondrial myopathy,ORPHA_85128,Bothnia retinal dystrophy,ORPHA_85128__ORPHA_254854
ORPHA_52417,MALT lymphoma,ORPHA_101111,Spinocerebellar ataxia type 25,ORPHA_52417__ORPHA_101111
ORPHA_215,Congenital stationary night blindness,ORPHA_97283,Somatostatinoma,ORPHA_215__ORPHA_97283
ORPHA_52427,Retinitis punctata albescens,ORPHA_93958,Oromandibular dystonia,ORPHA_52427__ORPHA_93958
ORPHA_530838,KRT1-related diffuse nonepidermolytic keratoderma,ORPHA_52417,MALT lymphoma,ORPHA_52417__ORPHA_530838
ORPHA_610,Bethlem myopathy,ORPHA_137596,Neurotrophic keratopathy,ORPHA_610__ORPHA_137596
ORPHA_435387,Autosomal dominant Charcot-Marie-Tooth disease type 2Y,ORPHA_97280,Glucagonoma,ORPHA_97280__ORPHA_435387
ORPHA_2271,Congenital ichthyosis-microcephalus-tetraplegia syndrome,ORPHA_75378,Oligocone trichromacy,ORPHA_2271__ORPHA_75378
ORPHA_293603,Congenital hereditary endothelial dystrophy type II,ORPHA_399805,Male infertility with azoospermia or oligozoospermia due to single gene mutation,ORPHA_293603__ORPHA_399805
ORPHA_319514,Combined oxidative phosphorylation defect type 13,ORPHA_79127,Respiratory bronchiolitis-interstitial lung disease syndrome,ORPHA_79127__ORPHA_319514
ORPHA_169189,Autosomal dominant centronuclear myopathy,ORPHA_98960,Thiel-Behnke corneal dystrophy,ORPHA_98960__ORPHA_169189
ORPHA_329466,"Autosomal dominant focal dystonia, DYT25 type",ORPHA_721,Gray platelet syndrome,ORPHA_721__ORPHA_329466
ORPHA_254864,Mitochondrial myopathy with reversible cytochrome C oxidase deficiency,ORPHA_261102,Distal 7q11.23 microduplication syndrome,ORPHA_254864__ORPHA_261102
ORPHA_137599,Herpes simplex virus stromal keratitis,ORPHA_52416,Mantle cell lymphoma,ORPHA_52416__ORPHA_137599
ORPHA_52416,Mantle cell lymphoma,ORPHA_101081,Charcot-Marie-Tooth disease type 1A,ORPHA_52416__ORPHA_101081
ORPHA_401849,Autosomal spastic paraplegia type 72,ORPHA_99000,Adult-onset foveomacular vitelliform dystrophy,ORPHA_99000__ORPHA_401849
ORPHA_455,Superficial epidermolytic ichthyosis,ORPHA_99000,Adult-onset foveomacular vitelliform dystrophy,ORPHA_455__ORPHA_99000
ORPHA_2271,Congenital ichthyosis-microcephalus-tetraplegia syndrome,ORPHA_70587,Infant acute respiratory distress syndrome,ORPHA_2271__ORPHA_70587
ORPHA_447753,Autosomal dominant spastic paraplegia type 9A,ORPHA_52417,MALT lymphoma,ORPHA_52417__ORPHA_447753
ORPHA_682,Hyperkalemic periodic paralysis,ORPHA_99000,Adult-onset foveomacular vitelliform dystrophy,ORPHA_682__ORPHA_99000
ORPHA_97282,VIPoma,ORPHA_101085,Charcot-Marie-Tooth disease type 1F,ORPHA_97282__ORPHA_101085
ORPHA_215,Congenital stationary night blindness,ORPHA_360,Glioblastoma,ORPHA_215__ORPHA_360
ORPHA_98,Autosomal recessive spastic ataxia of Charlevoix-Saguenay,ORPHA_99000,Adult-onset foveomacular vitelliform dystrophy,ORPHA_98__ORPHA_99000
ORPHA_98911,Distal myotilinopathy,ORPHA_99000,Adult-onset foveomacular vitelliform dystrophy,ORPHA_98911__ORPHA_99000
ORPHA_254854,Pure mitochondrial myopathy,ORPHA_226313,Congenital hypothyroidism due to maternal intake of antithyroid drugs,ORPHA_226313__ORPHA_254854
ORPHA_254857,Lethal infantile mitochondrial myopathy,ORPHA_276422,10q22.3q23.3 microduplication syndrome,ORPHA_254857__ORPHA_276422
ORPHA_70578,Adult acute respiratory distress syndrome,ORPHA_99000,Adult-onset foveomacular vitelliform dystrophy,ORPHA_70578__ORPHA_99000
ORPHA_171436,Typical nemaline myopathy,ORPHA_99000,Adult-onset foveomacular vitelliform dystrophy,ORPHA_99000__ORPHA_171436
ORPHA_659,Mutilating palmoplantar keratoderma with periorificial keratotic plaques,ORPHA_52427,Retinitis punctata albescens,ORPHA_659__ORPHA_52427
ORPHA_289504,Combined malonic and methylmalonic acidemia,ORPHA_99000,Adult-onset foveomacular vitelliform dystrophy,ORPHA_99000__ORPHA_289504
ORPHA_360,Glioblastoma,ORPHA_98974,Fuchs endothelial corneal dystrophy,ORPHA_360__ORPHA_98974
ORPHA_1878,TRIM32-related limb-girdle muscular dystrophy R8,ORPHA_99000,Adult-onset foveomacular vitelliform dystrophy,ORPHA_1878__ORPHA_99000
ORPHA_364055,Severe early-childhood-onset retinal dystrophy,ORPHA_88621,Ichthyosis-prematurity syndrome,ORPHA_88621__ORPHA_364055
ORPHA_137599,Herpes simplex virus stromal keratitis,ORPHA_91347,TSH-secreting pituitary adenoma,ORPHA_91347__ORPHA_137599
ORPHA_254857,Lethal infantile mitochondrial myopathy,ORPHA_2032,Idiopathic pulmonary fibrosis,ORPHA_2032__ORPHA_254857
ORPHA_137596,Neurotrophic keratopathy,ORPHA_399808,Male infertility with teratozoospermia due to single gene mutation,ORPHA_137596__ORPHA_399808
ORPHA_369840,TRAPPC11-related limb-girdle muscular dystrophy R18,ORPHA_293621,X-linked endothelial corneal dystrophy,ORPHA_293621__ORPHA_369840
ORPHA_75376,Familial drusen,ORPHA_98807,"Primary dystonia, DYT13 type",ORPHA_75376__ORPHA_98807
ORPHA_52417,MALT lymphoma,ORPHA_89838,Autosomal recessive generalized epidermolysis bullosa simplex,ORPHA_52417__ORPHA_89838
ORPHA_254857,Lethal infantile mitochondrial myopathy,ORPHA_98805,"Primary dystonia, DYT4 type",ORPHA_98805__ORPHA_254857
ORPHA_169189,Autosomal dominant centronuclear myopathy,ORPHA_33402,Pediatric hepatocellular carcinoma,ORPHA_33402__ORPHA_169189
ORPHA_2271,Congenital ichthyosis-microcephalus-tetraplegia syndrome,ORPHA_91347,TSH-secreting pituitary adenoma,ORPHA_2271__ORPHA_91347
ORPHA_370103,"Primary dystonia, DYT17 type",ORPHA_98969,Macular corneal dystrophy,ORPHA_98969__ORPHA_370103
ORPHA_2200,Focal palmoplantar and gingival keratoderma,ORPHA_52416,Mantle cell lymphoma,ORPHA_2200__ORPHA_52416
ORPHA_274,Bernard-Soulier syndrome,ORPHA_52427,Retinitis punctata albescens,ORPHA_274__ORPHA_52427
ORPHA_90157,Drug-induced localized lipodystrophy,ORPHA_99000,Adult-onset foveomacular vitelliform dystrophy,ORPHA_90157__ORPHA_99000
ORPHA_254857,Lethal infantile mitochondrial myopathy,ORPHA_747,Autoimmune pulmonary alveolar proteinosis,ORPHA_747__ORPHA_254857
ORPHA_1243,Best vitelliform macular dystrophy,ORPHA_91348,Functioning gonadotropic adenoma,ORPHA_1243__ORPHA_91348
ORPHA_3002,Immune thrombocytopenia,ORPHA_98960,Thiel-Behnke corneal dystrophy,ORPHA_3002__ORPHA_98960
ORPHA_314769,Somatomammotropinoma,ORPHA_79127,Respiratory bronchiolitis-interstitial lung disease syndrome,ORPHA_79127__ORPHA_314769
ORPHA_52417,MALT lymphoma,ORPHA_95717,Idiopathic congenital hypothyroidism,ORPHA_52417__ORPHA_95717
ORPHA_913,Zollinger-Ellison syndrome,ORPHA_369840,TRAPPC11-related limb-girdle muscular dystrophy R18,ORPHA_913__ORPHA_369840
ORPHA_827,Stargardt disease,ORPHA_329466,"Autosomal dominant focal dystonia, DYT25 type",ORPHA_827__ORPHA_329466
ORPHA_79126,Acute interstitial pneumonia,ORPHA_99947,Autosomal dominant Charcot-Marie-Tooth disease type 2A2,ORPHA_79126__ORPHA_99947
ORPHA_33402,Pediatric hepatocellular carcinoma,ORPHA_98969,Macular corneal dystrophy,ORPHA_33402__ORPHA_98969
ORPHA_1243,Best vitelliform macular dystrophy,ORPHA_99735,Myotonia permanens,ORPHA_1243__ORPHA_99735
ORPHA_1302,Cryptogenic organizing pneumonia,ORPHA_99000,Adult-onset foveomacular vitelliform dystrophy,ORPHA_1302__ORPHA_99000
ORPHA_293603,Congenital hereditary endothelial dystrophy type II,ORPHA_52416,Mantle cell lymphoma,ORPHA_52416__ORPHA_293603
ORPHA_86923,"Hereditary palmoplantar keratoderma, Gamborg-Nielsen type",ORPHA_98964,Lattice corneal dystrophy type I,ORPHA_86923__ORPHA_98964
ORPHA_281122,Self-improving collodion baby,ORPHA_52417,MALT lymphoma,ORPHA_52417__ORPHA_281122
ORPHA_1942,Myoclonic-astatic epilepsy,ORPHA_99000,Adult-onset foveomacular vitelliform dystrophy,ORPHA_1942__ORPHA_99000
ORPHA_1243,Best vitelliform macular dystrophy,ORPHA_99949,Charcot-Marie-Tooth disease type 4C,ORPHA_1243__ORPHA_99949
ORPHA_545,Follicular lymphoma,ORPHA_67042,Late-onset retinal degeneration,ORPHA_545__ORPHA_67042
ORPHA_364055,Severe early-childhood-onset retinal dystrophy,ORPHA_101082,Charcot-Marie-Tooth disease type 1B,ORPHA_101082__ORPHA_364055
ORPHA_600,Vocal cord and pharyngeal distal myopathy,ORPHA_99000,Adult-onset foveomacular vitelliform dystrophy,ORPHA_600__ORPHA_99000
ORPHA_91347,TSH-secreting pituitary adenoma,ORPHA_99953,Charcot-Marie-Tooth disease type 4G,ORPHA_91347__ORPHA_99953
ORPHA_137599,Herpes simplex virus stromal keratitis,ORPHA_455,Superficial epidermolytic ichthyosis,ORPHA_455__ORPHA_137599
ORPHA_364055,Severe early-childhood-onset retinal dystrophy,ORPHA_101085,Charcot-Marie-Tooth disease type 1F,ORPHA_101085__ORPHA_364055
ORPHA_137596,Neurotrophic keratopathy,ORPHA_93958,Oromandibular dystonia,ORPHA_93958__ORPHA_137596
ORPHA_83471,Thymic aplasia,ORPHA_99000,Adult-onset foveomacular vitelliform dystrophy,ORPHA_83471__ORPHA_99000
ORPHA_215,Congenital stationary night blindness,ORPHA_99657,"Primary dystonia, DYT2 type",ORPHA_215__ORPHA_99657
ORPHA_293621,X-linked endothelial corneal dystrophy,ORPHA_79128,Lymphoid interstitial pneumonia,ORPHA_79128__ORPHA_293621
ORPHA_457,Harlequin ichthyosis,ORPHA_99725,Pituitary gigantism,ORPHA_457__ORPHA_99725
ORPHA_98969,Macular corneal dystrophy,ORPHA_101081,Charcot-Marie-Tooth disease type 1A,ORPHA_98969__ORPHA_101081
ORPHA_34516,DNAJB6-related limb-girdle muscular dystrophy D1,ORPHA_93126,Pauci-immune glomerulonephritis,ORPHA_34516__ORPHA_93126
ORPHA_849,Glanzmann thrombasthenia,ORPHA_99000,Adult-onset foveomacular vitelliform dystrophy,ORPHA_849__ORPHA_99000
ORPHA_133,Chronic beryllium disease,ORPHA_75378,Oligocone trichromacy,ORPHA_133__ORPHA_75378
ORPHA_369840,TRAPPC11-related limb-girdle muscular dystrophy R18,ORPHA_517,Acute myelomonocytic leukemia,ORPHA_517__ORPHA_369840
ORPHA_420492,"Adult-onset cervical dystonia, DYT23 type",ORPHA_721,Gray platelet syndrome,ORPHA_721__ORPHA_420492
ORPHA_206549,Anoctamin-5-related limb-girdle muscular dystrophy R12,ORPHA_98969,Macular corneal dystrophy,ORPHA_98969__ORPHA_206549
ORPHA_276,T-B+ severe combined immunodeficiency due to gamma chain deficiency,ORPHA_254857,Lethal infantile mitochondrial myopathy,ORPHA_276__ORPHA_254857
ORPHA_2593,Tubular aggregate myopathy,ORPHA_99000,Adult-onset foveomacular vitelliform dystrophy,ORPHA_2593__ORPHA_99000
ORPHA_2584,Classic mycosis fungoides,ORPHA_364055,Severe early-childhood-onset retinal dystrophy,ORPHA_2584__ORPHA_364055
ORPHA_254857,Lethal infantile mitochondrial myopathy,ORPHA_268810,Posterior meningocele,ORPHA_254857__ORPHA_268810
ORPHA_2334,Autosomal dominant keratitis,ORPHA_545,Follicular lymphoma,ORPHA_545__ORPHA_2334
ORPHA_369840,TRAPPC11-related limb-girdle muscular dystrophy R18,ORPHA_98963,Granular corneal dystrophy type II,ORPHA_98963__ORPHA_369840
ORPHA_827,Stargardt disease,ORPHA_319514,Combined oxidative phosphorylation defect type 13,ORPHA_827__ORPHA_319514
ORPHA_137596,Neurotrophic keratopathy,ORPHA_412217,Dystonia-aphonia syndrome,ORPHA_137596__ORPHA_412217
ORPHA_319514,Combined oxidative phosphorylation defect type 13,ORPHA_97283,Somatostatinoma,ORPHA_97283__ORPHA_319514
ORPHA_97282,VIPoma,ORPHA_99940,Autosomal dominant Charcot-Marie-Tooth disease type 2F,ORPHA_97282__ORPHA_99940
ORPHA_293381,Epithelial recurrent erosion dystrophy,ORPHA_545,Follicular lymphoma,ORPHA_545__ORPHA_293381
ORPHA_52416,Mantle cell lymphoma,ORPHA_99956,Charcot-Marie-Tooth disease type 4B2,ORPHA_52416__ORPHA_99956
ORPHA_2201,Palmoplantar keratoderma-spastic paralysis syndrome,ORPHA_52416,Mantle cell lymphoma,ORPHA_2201__ORPHA_52416
ORPHA_231401,Alpha-thalassemia-myelodysplastic syndrome,ORPHA_1243,Best vitelliform macular dystrophy,ORPHA_1243__ORPHA_231401
ORPHA_420492,"Adult-onset cervical dystonia, DYT23 type",ORPHA_52427,Retinitis punctata albescens,ORPHA_52427__ORPHA_420492
ORPHA_464440,"Primary dystonia, DYT27 type",ORPHA_98960,Thiel-Behnke corneal dystrophy,ORPHA_98960__ORPHA_464440
ORPHA_324290,Early-onset Lafora body disease,ORPHA_99000,Adult-onset foveomacular vitelliform dystrophy,ORPHA_99000__ORPHA_324290
ORPHA_137596,Neurotrophic keratopathy,ORPHA_420492,"Adult-onset cervical dystonia, DYT23 type",ORPHA_137596__ORPHA_420492
ORPHA_412217,Dystonia-aphonia syndrome,ORPHA_67042,Late-onset retinal degeneration,ORPHA_67042__ORPHA_412217
ORPHA_497764,Spinocerebellar ataxia type 43,ORPHA_52417,MALT lymphoma,ORPHA_52417__ORPHA_497764
ORPHA_495,Transgrediens et progrediens palmoplantar keratoderma,ORPHA_724,Idiopathic acute eosinophilic pneumonia,ORPHA_495__ORPHA_724
ORPHA_913,Zollinger-Ellison syndrome,ORPHA_488333,Autosomal dominant Charcot-Marie-Tooth disease type 2W,ORPHA_913__ORPHA_488333
ORPHA_79302,Congenital bile acid synthesis defect type 3,ORPHA_99000,Adult-onset foveomacular vitelliform dystrophy,ORPHA_79302__ORPHA_99000
ORPHA_178333,\xc3\x85land Islands eye disease,ORPHA_495,Transgrediens et progrediens palmoplantar keratoderma,ORPHA_495__ORPHA_178333
ORPHA_360,Glioblastoma,ORPHA_88621,Ichthyosis-prematurity syndrome,ORPHA_360__ORPHA_88621
ORPHA_360,Glioblastoma,ORPHA_721,Gray platelet syndrome,ORPHA_360__ORPHA_721
ORPHA_254854,Pure mitochondrial myopathy,ORPHA_293621,X-linked endothelial corneal dystrophy,ORPHA_254854__ORPHA_293621
ORPHA_464440,"Primary dystonia, DYT27 type",ORPHA_52417,MALT lymphoma,ORPHA_52417__ORPHA_464440
ORPHA_293603,Congenital hereditary endothelial dystrophy type II,ORPHA_97280,Glucagonoma,ORPHA_97280__ORPHA_293603
ORPHA_251623,Pituicytoma,ORPHA_98962,Granular corneal dystrophy type I,ORPHA_98962__ORPHA_251623
ORPHA_97261,GRFoma,ORPHA_101085,Charcot-Marie-Tooth disease type 1F,ORPHA_97261__ORPHA_101085
ORPHA_178333,\xc3\x85land Islands eye disease,ORPHA_99949,Charcot-Marie-Tooth disease type 4C,ORPHA_99949__ORPHA_178333
ORPHA_79127,Respiratory bronchiolitis-interstitial lung disease syndrome,ORPHA_101082,Charcot-Marie-Tooth disease type 1B,ORPHA_79127__ORPHA_101082
ORPHA_724,Idiopathic acute eosinophilic pneumonia,ORPHA_98969,Macular corneal dystrophy,ORPHA_724__ORPHA_98969
ORPHA_33402,Pediatric hepatocellular carcinoma,ORPHA_99940,Autosomal dominant Charcot-Marie-Tooth disease type 2F,ORPHA_33402__ORPHA_99940
ORPHA_827,Stargardt disease,ORPHA_88621,Ichthyosis-prematurity syndrome,ORPHA_827__ORPHA_88621
ORPHA_215,Congenital stationary night blindness,ORPHA_352470,DNA2-related mitochondrial DNA deletion syndrome,ORPHA_215__ORPHA_352470
ORPHA_137596,Neurotrophic keratopathy,ORPHA_251623,Pituicytoma,ORPHA_137596__ORPHA_251623
ORPHA_79126,Acute interstitial pneumonia,ORPHA_99939,Autosomal dominant Charcot-Marie-Tooth disease type 2E,ORPHA_79126__ORPHA_99939
ORPHA_274,Bernard-Soulier syndrome,ORPHA_98960,Thiel-Behnke corneal dystrophy,ORPHA_274__ORPHA_98960
ORPHA_215,Congenital stationary night blindness,ORPHA_412217,Dystonia-aphonia syndrome,ORPHA_215__ORPHA_412217
ORPHA_329314,Adult-onset multiple mitochondrial DNA deletion syndrome due to DGUOK deficiency,ORPHA_659,Mutilating palmoplantar keratoderma with periorificial keratotic plaques,ORPHA_659__ORPHA_329314
ORPHA_254857,Lethal infantile mitochondrial myopathy,ORPHA_52416,Mantle cell lymphoma,ORPHA_52416__ORPHA_254857
ORPHA_324575,Hyperinsulinism due to HNF1A deficiency,ORPHA_99000,Adult-onset foveomacular vitelliform dystrophy,ORPHA_99000__ORPHA_324575
ORPHA_306734,"Primary dystonia, DYT21 type",ORPHA_52427,Retinitis punctata albescens,ORPHA_52427__ORPHA_306734
ORPHA_254857,Lethal infantile mitochondrial myopathy,ORPHA_98969,Macular corneal dystrophy,ORPHA_98969__ORPHA_254857
ORPHA_913,Zollinger-Ellison syndrome,ORPHA_352470,DNA2-related mitochondrial DNA deletion syndrome,ORPHA_913__ORPHA_352470
ORPHA_206549,Anoctamin-5-related limb-girdle muscular dystrophy R12,ORPHA_2032,Idiopathic pulmonary fibrosis,ORPHA_2032__ORPHA_206549
ORPHA_169189,Autosomal dominant centronuclear myopathy,ORPHA_724,Idiopathic acute eosinophilic pneumonia,ORPHA_724__ORPHA_169189
ORPHA_466768,Autosomal dominant Charcot-Marie-Tooth disease type 2Z,ORPHA_79126,Acute interstitial pneumonia,ORPHA_79126__ORPHA_466768
ORPHA_251623,Pituicytoma,ORPHA_721,Gray platelet syndrome,ORPHA_721__ORPHA_251623
ORPHA_420485,Cranio-cervical dystonia with laryngeal and upper-limb involvement,ORPHA_52417,MALT lymphoma,ORPHA_52417__ORPHA_420485
ORPHA_183675,Recurrent infections associated with rare immunoglobulin isotypes deficiency,ORPHA_99000,Adult-onset foveomacular vitelliform dystrophy,ORPHA_99000__ORPHA_183675
ORPHA_319514,Combined oxidative phosphorylation defect type 13,ORPHA_79126,Acute interstitial pneumonia,ORPHA_79126__ORPHA_319514
ORPHA_52416,Mantle cell lymphoma,ORPHA_91495,Persistent hyperplastic primary vitreous,ORPHA_52416__ORPHA_91495
ORPHA_137599,Herpes simplex virus stromal keratitis,ORPHA_79126,Acute interstitial pneumonia,ORPHA_79126__ORPHA_137599
ORPHA_2199,Epidermolytic palmoplantar keratoderma,ORPHA_34516,DNAJB6-related limb-girdle muscular dystrophy D1,ORPHA_2199__ORPHA_34516
ORPHA_319600,Mendelian susceptibility to mycobacterial diseases due to partial IRF8 deficiency,ORPHA_98960,Thiel-Behnke corneal dystrophy,ORPHA_98960__ORPHA_319600
ORPHA_79128,Lymphoid interstitial pneumonia,ORPHA_99949,Charcot-Marie-Tooth disease type 4C,ORPHA_79128__ORPHA_99949
ORPHA_2253,Foveal hypoplasia-presenile cataract syndrome,ORPHA_724,Idiopathic acute eosinophilic pneumonia,ORPHA_724__ORPHA_2253
ORPHA_247598,Neonatal intrahepatic cholestasis due to citrin deficiency,ORPHA_1243,Best vitelliform macular dystrophy,ORPHA_1243__ORPHA_247598
ORPHA_384,Huriez syndrome,ORPHA_67042,Late-onset retinal degeneration,ORPHA_384__ORPHA_67042
ORPHA_412217,Dystonia-aphonia syndrome,ORPHA_98960,Thiel-Behnke corneal dystrophy,ORPHA_98960__ORPHA_412217
ORPHA_913,Zollinger-Ellison syndrome,ORPHA_34516,DNAJB6-related limb-girdle muscular dystrophy D1,ORPHA_913__ORPHA_34516
ORPHA_293621,X-linked endothelial corneal dystrophy,ORPHA_545,Follicular lymphoma,ORPHA_545__ORPHA_293621
ORPHA_319600,Mendelian susceptibility to mycobacterial diseases due to partial IRF8 deficiency,ORPHA_98964,Lattice corneal dystrophy type I,ORPHA_98964__ORPHA_319600
ORPHA_178333,\xc3\x85land Islands eye disease,ORPHA_721,Gray platelet syndrome,ORPHA_721__ORPHA_178333
ORPHA_206549,Anoctamin-5-related limb-girdle muscular dystrophy R12,ORPHA_33111,Granulomatous slack skin,ORPHA_33111__ORPHA_206549
ORPHA_319600,Mendelian susceptibility to mycobacterial diseases due to partial IRF8 deficiency,ORPHA_364055,Severe early-childhood-onset retinal dystrophy,ORPHA_319600__ORPHA_364055
ORPHA_99000,Adult-onset foveomacular vitelliform dystrophy,ORPHA_101046,Autosomal dominant epilepsy with auditory features,ORPHA_99000__ORPHA_101046
ORPHA_312,Autosomal dominant epidermolytic ichthyosis,ORPHA_1243,Best vitelliform macular dystrophy,ORPHA_312__ORPHA_1243
ORPHA_215,Congenital stationary night blindness,ORPHA_98805,"Primary dystonia, DYT4 type",ORPHA_215__ORPHA_98805
ORPHA_254854,Pure mitochondrial myopathy,ORPHA_52427,Retinitis punctata albescens,ORPHA_52427__ORPHA_254854
ORPHA_684,Paramyotonia congenita of Von Eulenburg,ORPHA_99000,Adult-onset foveomacular vitelliform dystrophy,ORPHA_684__ORPHA_99000
ORPHA_33402,Pediatric hepatocellular carcinoma,ORPHA_99948,Charcot-Marie-Tooth disease type 4A,ORPHA_33402__ORPHA_99948
ORPHA_3202,Dehydrated hereditary stomatocytosis,ORPHA_314769,Somatomammotropinoma,ORPHA_3202__ORPHA_314769
ORPHA_319600,Mendelian susceptibility to mycobacterial diseases due to partial IRF8 deficiency,ORPHA_99725,Pituitary gigantism,ORPHA_99725__ORPHA_319600
ORPHA_133,Chronic beryllium disease,ORPHA_101082,Charcot-Marie-Tooth disease type 1B,ORPHA_133__ORPHA_101082
ORPHA_404493,Autosomal recessive cerebellar ataxia-epilepsy-intellectual disability syndrome due to TUD deficiency,ORPHA_99000,Adult-onset foveomacular vitelliform dystrophy,ORPHA_99000__ORPHA_404493
ORPHA_133,Chronic beryllium disease,ORPHA_293381,Epithelial recurrent erosion dystrophy,ORPHA_133__ORPHA_293381
ORPHA_215,Congenital stationary night blindness,ORPHA_2337,Non-epidermolytic palmoplantar keratoderma,ORPHA_215__ORPHA_2337
ORPHA_724,Idiopathic acute eosinophilic pneumonia,ORPHA_99000,Adult-onset foveomacular vitelliform dystrophy,ORPHA_724__ORPHA_99000
ORPHA_827,Stargardt disease,ORPHA_2337,Non-epidermolytic palmoplantar keratoderma,ORPHA_827__ORPHA_2337
ORPHA_99000,Adult-onset foveomacular vitelliform dystrophy,ORPHA_98764,Spinocerebellar ataxia type 27,ORPHA_98764__ORPHA_99000
ORPHA_34516,DNAJB6-related limb-girdle muscular dystrophy D1,ORPHA_98826,Refractory anemia,ORPHA_34516__ORPHA_98826
ORPHA_399805,Male infertility with azoospermia or oligozoospermia due to single gene mutation,ORPHA_98974,Fuchs endothelial corneal dystrophy,ORPHA_98974__ORPHA_399805
ORPHA_52417,MALT lymphoma,ORPHA_98806,"Primary dystonia, DYT6 type",ORPHA_52417__ORPHA_98806
ORPHA_79128,Lymphoid interstitial pneumonia,ORPHA_99948,Charcot-Marie-Tooth disease type 4A,ORPHA_79128__ORPHA_99948
ORPHA_827,Stargardt disease,ORPHA_99947,Autosomal dominant Charcot-Marie-Tooth disease type 2A2,ORPHA_827__ORPHA_99947
ORPHA_2201,Palmoplantar keratoderma-spastic paralysis syndrome,ORPHA_545,Follicular lymphoma,ORPHA_545__ORPHA_2201
ORPHA_319514,Combined oxidative phosphorylation defect type 13,ORPHA_545,Follicular lymphoma,ORPHA_545__ORPHA_319514
ORPHA_293621,X-linked endothelial corneal dystrophy,ORPHA_99949,Charcot-Marie-Tooth disease type 4C,ORPHA_99949__ORPHA_293621
ORPHA_137599,Herpes simplex virus stromal keratitis,ORPHA_90035,Paroxysmal cold hemoglobinuria,ORPHA_90035__ORPHA_137599
ORPHA_2302,Asbestos intoxication,ORPHA_99953,Charcot-Marie-Tooth disease type 4G,ORPHA_2302__ORPHA_99953
ORPHA_2302,Asbestos intoxication,ORPHA_137596,Neurotrophic keratopathy,ORPHA_2302__ORPHA_137596
ORPHA_79128,Lymphoid interstitial pneumonia,ORPHA_98962,Granular corneal dystrophy type I,ORPHA_79128__ORPHA_98962
ORPHA_98807,"Primary dystonia, DYT13 type",ORPHA_98963,Granular corneal dystrophy type II,ORPHA_98807__ORPHA_98963
ORPHA_2741,Ophthalmomandibulomelic dysplasia,ORPHA_319514,Combined oxidative phosphorylation defect type 13,ORPHA_2741__ORPHA_319514
ORPHA_133,Chronic beryllium disease,ORPHA_293621,X-linked endothelial corneal dystrophy,ORPHA_133__ORPHA_293621
ORPHA_137596,Neurotrophic keratopathy,ORPHA_913,Zollinger-Ellison syndrome,ORPHA_913__ORPHA_137596
ORPHA_274,Bernard-Soulier syndrome,ORPHA_254854,Pure mitochondrial myopathy,ORPHA_274__ORPHA_254854
ORPHA_721,Gray platelet syndrome,ORPHA_75376,Familial drusen,ORPHA_721__ORPHA_75376
ORPHA_3002,Immune thrombocytopenia,ORPHA_34516,DNAJB6-related limb-girdle muscular dystrophy D1,ORPHA_3002__ORPHA_34516
ORPHA_254854,Pure mitochondrial myopathy,ORPHA_95715,Congenital hypothyroidism due to transplacental passage of TSH-binding inhibitory antibodies,ORPHA_95715__ORPHA_254854
ORPHA_91348,Functioning gonadotropic adenoma,ORPHA_99956,Charcot-Marie-Tooth disease type 4B2,ORPHA_91348__ORPHA_99956
ORPHA_171612,Autosomal dominant spastic paraplegia type 37,ORPHA_52417,MALT lymphoma,ORPHA_52417__ORPHA_171612
ORPHA_90035,Paroxysmal cold hemoglobinuria,ORPHA_99000,Adult-onset foveomacular vitelliform dystrophy,ORPHA_90035__ORPHA_99000
ORPHA_1598,Monosomy 18p,ORPHA_251623,Pituicytoma,ORPHA_1598__ORPHA_251623
ORPHA_79126,Acute interstitial pneumonia,ORPHA_98964,Lattice corneal dystrophy type I,ORPHA_79126__ORPHA_98964
ORPHA_466768,Autosomal dominant Charcot-Marie-Tooth disease type 2Z,ORPHA_85128,Bothnia retinal dystrophy,ORPHA_85128__ORPHA_466768
ORPHA_1598,Monosomy 18p,ORPHA_721,Gray platelet syndrome,ORPHA_721__ORPHA_1598
ORPHA_1243,Best vitelliform macular dystrophy,ORPHA_86884,Subcutaneous panniculitis-like T-cell lymphoma,ORPHA_1243__ORPHA_86884
ORPHA_52417,MALT lymphoma,ORPHA_99949,Charcot-Marie-Tooth disease type 4C,ORPHA_52417__ORPHA_99949
ORPHA_364055,Severe early-childhood-onset retinal dystrophy,ORPHA_352470,DNA2-related mitochondrial DNA deletion syndrome,ORPHA_352470__ORPHA_364055
ORPHA_52416,Mantle cell lymphoma,ORPHA_99939,Autosomal dominant Charcot-Marie-Tooth disease type 2E,ORPHA_52416__ORPHA_99939
ORPHA_178333,\xc3\x85land Islands eye disease,ORPHA_3002,Immune thrombocytopenia,ORPHA_3002__ORPHA_178333
ORPHA_1574,Retinal degeneration-nanophthalmos-glaucoma syndrome,ORPHA_254854,Pure mitochondrial myopathy,ORPHA_1574__ORPHA_254854
ORPHA_435387,Autosomal dominant Charcot-Marie-Tooth disease type 2Y,ORPHA_91359,Chronic pneumonitis of infancy,ORPHA_91359__ORPHA_435387
ORPHA_545,Follicular lymphoma,ORPHA_98964,Lattice corneal dystrophy type I,ORPHA_545__ORPHA_98964
ORPHA_2302,Asbestos intoxication,ORPHA_98964,Lattice corneal dystrophy type I,ORPHA_2302__ORPHA_98964
ORPHA_352470,DNA2-related mitochondrial DNA deletion syndrome,ORPHA_293603,Congenital hereditary endothelial dystrophy type II,ORPHA_293603__ORPHA_352470
ORPHA_169189,Autosomal dominant centronuclear myopathy,ORPHA_2584,Classic mycosis fungoides,ORPHA_2584__ORPHA_169189
ORPHA_495,Transgrediens et progrediens palmoplantar keratoderma,ORPHA_98974,Fuchs endothelial corneal dystrophy,ORPHA_495__ORPHA_98974
ORPHA_319600,Mendelian susceptibility to mycobacterial diseases due to partial IRF8 deficiency,ORPHA_98974,Fuchs endothelial corneal dystrophy,ORPHA_98974__ORPHA_319600
ORPHA_319514,Combined oxidative phosphorylation defect type 13,ORPHA_98963,Granular corneal dystrophy type II,ORPHA_98963__ORPHA_319514
ORPHA_399096,Distal anoctaminopathy,ORPHA_545,Follicular lymphoma,ORPHA_545__ORPHA_399096
ORPHA_293621,X-linked endothelial corneal dystrophy,ORPHA_488333,Autosomal dominant Charcot-Marie-Tooth disease type 2W,ORPHA_293621__ORPHA_488333
ORPHA_215,Congenital stationary night blindness,ORPHA_721,Gray platelet syndrome,ORPHA_215__ORPHA_721
ORPHA_370103,"Primary dystonia, DYT17 type",ORPHA_724,Idiopathic acute eosinophilic pneumonia,ORPHA_724__ORPHA_370103
ORPHA_169189,Autosomal dominant centronuclear myopathy,ORPHA_99000,Adult-onset foveomacular vitelliform dystrophy,ORPHA_99000__ORPHA_169189
ORPHA_98963,Granular corneal dystrophy type II,ORPHA_99949,Charcot-Marie-Tooth disease type 4C,ORPHA_98963__ORPHA_99949
ORPHA_199351,Adult-onset dystonia-parkinsonism,ORPHA_99000,Adult-onset foveomacular vitelliform dystrophy,ORPHA_99000__ORPHA_199351
ORPHA_52416,Mantle cell lymphoma,ORPHA_87503,Mal de Meleda,ORPHA_52416__ORPHA_87503
ORPHA_1617,2q24 microdeletion syndrome,ORPHA_254857,Lethal infantile mitochondrial myopathy,ORPHA_1617__ORPHA_254857
ORPHA_466768,Autosomal dominant Charcot-Marie-Tooth disease type 2Z,ORPHA_99725,Pituitary gigantism,ORPHA_99725__ORPHA_466768
ORPHA_488333,Autosomal dominant Charcot-Marie-Tooth disease type 2W,ORPHA_70587,Infant acute respiratory distress syndrome,ORPHA_70587__ORPHA_488333
ORPHA_98974,Fuchs endothelial corneal dystrophy,ORPHA_101082,Charcot-Marie-Tooth disease type 1B,ORPHA_98974__ORPHA_101082
ORPHA_137599,Herpes simplex virus stromal keratitis,ORPHA_99735,Myotonia permanens,ORPHA_99735__ORPHA_137599
ORPHA_75378,Oligocone trichromacy,ORPHA_88621,Ichthyosis-prematurity syndrome,ORPHA_75378__ORPHA_88621
ORPHA_254854,Pure mitochondrial myopathy,ORPHA_2330,Kasabach-Merritt syndrome,ORPHA_2330__ORPHA_254854
ORPHA_26792,Short chain acyl-CoA dehydrogenase deficiency,ORPHA_99000,Adult-onset foveomacular vitelliform dystrophy,ORPHA_26792__ORPHA_99000
ORPHA_231580,Primary unilateral adrenal hyperplasia,ORPHA_99000,Adult-onset foveomacular vitelliform dystrophy,ORPHA_99000__ORPHA_231580
ORPHA_399096,Distal anoctaminopathy,ORPHA_52416,Mantle cell lymphoma,ORPHA_52416__ORPHA_399096
ORPHA_137599,Herpes simplex virus stromal keratitis,ORPHA_97279,Insulinoma,ORPHA_97279__ORPHA_137599
ORPHA_254857,Lethal infantile mitochondrial myopathy,ORPHA_238769,1q44 microdeletion syndrome,ORPHA_238769__ORPHA_254857
ORPHA_2337,Non-epidermolytic palmoplantar keratoderma,ORPHA_293603,Congenital hereditary endothelial dystrophy type II,ORPHA_2337__ORPHA_293603
ORPHA_215,Congenital stationary night blindness,ORPHA_101085,Charcot-Marie-Tooth disease type 1F,ORPHA_215__ORPHA_101085
ORPHA_215,Congenital stationary night blindness,ORPHA_52416,Mantle cell lymphoma,ORPHA_215__ORPHA_52416
ORPHA_137596,Neurotrophic keratopathy,ORPHA_99939,Autosomal dominant Charcot-Marie-Tooth disease type 2E,ORPHA_99939__ORPHA_137596
ORPHA_2302,Asbestos intoxication,ORPHA_293381,Epithelial recurrent erosion dystrophy,ORPHA_2302__ORPHA_293381
ORPHA_2253,Foveal hypoplasia-presenile cataract syndrome,ORPHA_34516,DNAJB6-related limb-girdle muscular dystrophy D1,ORPHA_2253__ORPHA_34516
ORPHA_254854,Pure mitochondrial myopathy,ORPHA_238769,1q44 microdeletion syndrome,ORPHA_238769__ORPHA_254854
ORPHA_99000,Adult-onset foveomacular vitelliform dystrophy,ORPHA_100078,Ileal neuroendocrine tumor,ORPHA_99000__ORPHA_100078
ORPHA_52417,MALT lymphoma,ORPHA_99657,"Primary dystonia, DYT2 type",ORPHA_52417__ORPHA_99657
ORPHA_1302,Cryptogenic organizing pneumonia,ORPHA_435387,Autosomal dominant Charcot-Marie-Tooth disease type 2Y,ORPHA_1302__ORPHA_435387
ORPHA_251643,Myxopapillary ependymoma,ORPHA_254854,Pure mitochondrial myopathy,ORPHA_251643__ORPHA_254854
ORPHA_256,Early-onset generalized limb-onset dystonia,ORPHA_75376,Familial drusen,ORPHA_256__ORPHA_75376
ORPHA_141184,Rapidly involuting congenital hemangioma,ORPHA_99000,Adult-onset foveomacular vitelliform dystrophy,ORPHA_99000__ORPHA_141184
ORPHA_97279,Insulinoma,ORPHA_98963,Granular corneal dystrophy type II,ORPHA_97279__ORPHA_98963
ORPHA_98808,Autosomal dominant dopa-responsive dystonia,ORPHA_99000,Adult-onset foveomacular vitelliform dystrophy,ORPHA_98808__ORPHA_99000
ORPHA_254857,Lethal infantile mitochondrial myopathy,ORPHA_101081,Charcot-Marie-Tooth disease type 1A,ORPHA_101081__ORPHA_254857
ORPHA_2020,Congenital fiber-type disproportion myopathy,ORPHA_99000,Adult-onset foveomacular vitelliform dystrophy,ORPHA_2020__ORPHA_99000
ORPHA_215,Congenital stationary night blindness,ORPHA_464440,"Primary dystonia, DYT27 type",ORPHA_215__ORPHA_464440
ORPHA_369840,TRAPPC11-related limb-girdle muscular dystrophy R18,ORPHA_399808,Male infertility with teratozoospermia due to single gene mutation,ORPHA_369840__ORPHA_399808
ORPHA_1243,Best vitelliform macular dystrophy,ORPHA_52416,Mantle cell lymphoma,ORPHA_1243__ORPHA_52416
ORPHA_75378,Oligocone trichromacy,ORPHA_99953,Charcot-Marie-Tooth disease type 4G,ORPHA_75378__ORPHA_99953
ORPHA_254854,Pure mitochondrial myopathy,ORPHA_91495,Persistent hyperplastic primary vitreous,ORPHA_91495__ORPHA_254854
ORPHA_91348,Functioning gonadotropic adenoma,ORPHA_99949,Charcot-Marie-Tooth disease type 4C,ORPHA_91348__ORPHA_99949
ORPHA_913,Zollinger-Ellison syndrome,ORPHA_88621,Ichthyosis-prematurity syndrome,ORPHA_913__ORPHA_88621
ORPHA_293381,Epithelial recurrent erosion dystrophy,ORPHA_34516,DNAJB6-related limb-girdle muscular dystrophy D1,ORPHA_34516__ORPHA_293381
ORPHA_1243,Best vitelliform macular dystrophy,ORPHA_520,Acute promyelocytic leukemia,ORPHA_520__ORPHA_1243
ORPHA_369840,TRAPPC11-related limb-girdle muscular dystrophy R18,ORPHA_98826,Refractory anemia,ORPHA_98826__ORPHA_369840
ORPHA_251623,Pituicytoma,ORPHA_254854,Pure mitochondrial myopathy,ORPHA_251623__ORPHA_254854
ORPHA_420492,"Adult-onset cervical dystonia, DYT23 type",ORPHA_98960,Thiel-Behnke corneal dystrophy,ORPHA_98960__ORPHA_420492
ORPHA_247598,Neonatal intrahepatic cholestasis due to citrin deficiency,ORPHA_99000,Adult-onset foveomacular vitelliform dystrophy,ORPHA_99000__ORPHA_247598
ORPHA_79397,Epidermolysis bullosa simplex with mottled pigmentation,ORPHA_99000,Adult-onset foveomacular vitelliform dystrophy,ORPHA_79397__ORPHA_99000
ORPHA_56425,Cold agglutinin disease,ORPHA_98964,Lattice corneal dystrophy type I,ORPHA_56425__ORPHA_98964
ORPHA_2584,Classic mycosis fungoides,ORPHA_52427,Retinitis punctata albescens,ORPHA_2584__ORPHA_52427
ORPHA_137596,Neurotrophic keratopathy,ORPHA_79126,Acute interstitial pneumonia,ORPHA_79126__ORPHA_137596
ORPHA_209959,Phacoanaphylactic uveitis,ORPHA_369840,TRAPPC11-related limb-girdle muscular dystrophy R18,ORPHA_209959__ORPHA_369840
ORPHA_254864,Mitochondrial myopathy with reversible cytochrome C oxidase deficiency,ORPHA_261265,17q12 microdeletion syndrome,ORPHA_254864__ORPHA_261265
ORPHA_98969,Macular corneal dystrophy,ORPHA_99944,Autosomal dominant Charcot-Marie-Tooth disease type 2K,ORPHA_98969__ORPHA_99944
ORPHA_827,Stargardt disease,ORPHA_495,Transgrediens et progrediens palmoplantar keratoderma,ORPHA_495__ORPHA_827
ORPHA_274,Bernard-Soulier syndrome,ORPHA_1243,Best vitelliform macular dystrophy,ORPHA_274__ORPHA_1243
ORPHA_137596,Neurotrophic keratopathy,ORPHA_99940,Autosomal dominant Charcot-Marie-Tooth disease type 2F,ORPHA_99940__ORPHA_137596
ORPHA_98962,Granular corneal dystrophy type I,ORPHA_99940,Autosomal dominant Charcot-Marie-Tooth disease type 2F,ORPHA_98962__ORPHA_99940
ORPHA_352470,DNA2-related mitochondrial DNA deletion syndrome,ORPHA_98960,Thiel-Behnke corneal dystrophy,ORPHA_98960__ORPHA_352470
ORPHA_254854,Pure mitochondrial myopathy,ORPHA_3309,Tetrasomy 5p,ORPHA_3309__ORPHA_254854
ORPHA_3002,Immune thrombocytopenia,ORPHA_98969,Macular corneal dystrophy,ORPHA_3002__ORPHA_98969
ORPHA_360,Glioblastoma,ORPHA_1243,Best vitelliform macular dystrophy,ORPHA_360__ORPHA_1243
ORPHA_48686,Primary effusion lymphoma,ORPHA_99000,Adult-onset foveomacular vitelliform dystrophy,ORPHA_48686__ORPHA_99000
ORPHA_137596,Neurotrophic keratopathy,ORPHA_600,Vocal cord and pharyngeal distal myopathy,ORPHA_600__ORPHA_137596
ORPHA_88621,Ichthyosis-prematurity syndrome,ORPHA_98964,Lattice corneal dystrophy type I,ORPHA_88621__ORPHA_98964
ORPHA_79400,Localized epidermolysis bullosa simplex,ORPHA_99000,Adult-onset foveomacular vitelliform dystrophy,ORPHA_79400__ORPHA_99000
ORPHA_370103,"Primary dystonia, DYT17 type",ORPHA_659,Mutilating palmoplantar keratoderma with periorificial keratotic plaques,ORPHA_659__ORPHA_370103
ORPHA_1302,Cryptogenic organizing pneumonia,ORPHA_99953,Charcot-Marie-Tooth disease type 4G,ORPHA_1302__ORPHA_99953
ORPHA_1598,Monosomy 18p,ORPHA_34516,DNAJB6-related limb-girdle muscular dystrophy D1,ORPHA_1598__ORPHA_34516
ORPHA_169189,Autosomal dominant centronuclear myopathy,ORPHA_545,Follicular lymphoma,ORPHA_545__ORPHA_169189
ORPHA_98964,Lattice corneal dystrophy type I,ORPHA_99944,Autosomal dominant Charcot-Marie-Tooth disease type 2K,ORPHA_98964__ORPHA_99944
ORPHA_52417,MALT lymphoma,ORPHA_79397,Epidermolysis bullosa simplex with mottled pigmentation,ORPHA_52417__ORPHA_79397
ORPHA_488333,Autosomal dominant Charcot-Marie-Tooth disease type 2W,ORPHA_98974,Fuchs endothelial corneal dystrophy,ORPHA_98974__ORPHA_488333
ORPHA_87503,Mal de Meleda,ORPHA_98960,Thiel-Behnke corneal dystrophy,ORPHA_87503__ORPHA_98960
ORPHA_231625,Adrenocortical carcinoma with pure aldosterone hypersecretion,ORPHA_99000,Adult-onset foveomacular vitelliform dystrophy,ORPHA_99000__ORPHA_231625
ORPHA_98820,Familial focal epilepsy with variable foci,ORPHA_99000,Adult-onset foveomacular vitelliform dystrophy,ORPHA_98820__ORPHA_99000
ORPHA_70587,Infant acute respiratory distress syndrome,ORPHA_99000,Adult-onset foveomacular vitelliform dystrophy,ORPHA_70587__ORPHA_99000
ORPHA_495,Transgrediens et progrediens palmoplantar keratoderma,ORPHA_99725,Pituitary gigantism,ORPHA_495__ORPHA_99725
ORPHA_369840,TRAPPC11-related limb-girdle muscular dystrophy R18,ORPHA_33355,Reticular dysgenesis,ORPHA_33355__ORPHA_369840
ORPHA_458798,Spinocerebellar ataxia type 41,ORPHA_99000,Adult-onset foveomacular vitelliform dystrophy,ORPHA_99000__ORPHA_458798
ORPHA_2271,Congenital ichthyosis-microcephalus-tetraplegia syndrome,ORPHA_1302,Cryptogenic organizing pneumonia,ORPHA_1302__ORPHA_2271
ORPHA_254857,Lethal infantile mitochondrial myopathy,ORPHA_90036,Mixed-type autoimmune hemolytic anemia,ORPHA_90036__ORPHA_254857
ORPHA_324442,Autosomal recessive axonal neuropathy with neuromyotonia,ORPHA_52416,Mantle cell lymphoma,ORPHA_52416__ORPHA_324442
ORPHA_412217,Dystonia-aphonia syndrome,ORPHA_545,Follicular lymphoma,ORPHA_545__ORPHA_412217
ORPHA_67042,Late-onset retinal degeneration,ORPHA_99949,Charcot-Marie-Tooth disease type 4C,ORPHA_67042__ORPHA_99949
ORPHA_34516,DNAJB6-related limb-girdle muscular dystrophy D1,ORPHA_98969,Macular corneal dystrophy,ORPHA_34516__ORPHA_98969
ORPHA_79128,Lymphoid interstitial pneumonia,ORPHA_98964,Lattice corneal dystrophy type I,ORPHA_79128__ORPHA_98964
ORPHA_659,Mutilating palmoplantar keratoderma with periorificial keratotic plaques,ORPHA_98962,Granular corneal dystrophy type I,ORPHA_659__ORPHA_98962
ORPHA_724,Idiopathic acute eosinophilic pneumonia,ORPHA_98673,"Autosomal dominant optic atrophy, classic form",ORPHA_724__ORPHA_98673
ORPHA_412217,Dystonia-aphonia syndrome,ORPHA_721,Gray platelet syndrome,ORPHA_721__ORPHA_412217
ORPHA_1302,Cryptogenic organizing pneumonia,ORPHA_99950,Charcot-Marie-Tooth disease type 4D,ORPHA_1302__ORPHA_99950
ORPHA_435387,Autosomal dominant Charcot-Marie-Tooth disease type 2Y,ORPHA_659,Mutilating palmoplantar keratoderma with periorificial keratotic plaques,ORPHA_659__ORPHA_435387
ORPHA_209959,Phacoanaphylactic uveitis,ORPHA_721,Gray platelet syndrome,ORPHA_721__ORPHA_209959
ORPHA_215,Congenital stationary night blindness,ORPHA_93958,Oromandibular dystonia,ORPHA_215__ORPHA_93958
ORPHA_3406,Ulerythema ophryogenesis,ORPHA_99000,Adult-onset foveomacular vitelliform dystrophy,ORPHA_3406__ORPHA_99000
ORPHA_329466,"Autosomal dominant focal dystonia, DYT25 type",ORPHA_659,Mutilating palmoplantar keratoderma with periorificial keratotic plaques,ORPHA_659__ORPHA_329466
ORPHA_721,Gray platelet syndrome,ORPHA_87503,Mal de Meleda,ORPHA_721__ORPHA_87503
ORPHA_724,Idiopathic acute eosinophilic pneumonia,ORPHA_67048,3-methylglutaconic aciduria type 4,ORPHA_724__ORPHA_67048
ORPHA_169189,Autosomal dominant centronuclear myopathy,ORPHA_70587,Infant acute respiratory distress syndrome,ORPHA_70587__ORPHA_169189
ORPHA_2302,Asbestos intoxication,ORPHA_2271,Congenital ichthyosis-microcephalus-tetraplegia syndrome,ORPHA_2271__ORPHA_2302
ORPHA_314769,Somatomammotropinoma,ORPHA_98962,Granular corneal dystrophy type I,ORPHA_98962__ORPHA_314769
ORPHA_352470,DNA2-related mitochondrial DNA deletion syndrome,ORPHA_90035,Paroxysmal cold hemoglobinuria,ORPHA_90035__ORPHA_352470
ORPHA_369840,TRAPPC11-related limb-girdle muscular dystrophy R18,ORPHA_87503,Mal de Meleda,ORPHA_87503__ORPHA_369840
ORPHA_2302,Asbestos intoxication,ORPHA_99949,Charcot-Marie-Tooth disease type 4C,ORPHA_2302__ORPHA_99949
ORPHA_420485,Cranio-cervical dystonia with laryngeal and upper-limb involvement,ORPHA_98962,Granular corneal dystrophy type I,ORPHA_98962__ORPHA_420485
ORPHA_314769,Somatomammotropinoma,ORPHA_399096,Distal anoctaminopathy,ORPHA_314769__ORPHA_399096
ORPHA_52417,MALT lymphoma,ORPHA_101109,Spinocerebellar ataxia type 28,ORPHA_52417__ORPHA_101109
ORPHA_2302,Asbestos intoxication,ORPHA_99000,Adult-onset foveomacular vitelliform dystrophy,ORPHA_2302__ORPHA_99000
ORPHA_171439,Childhood-onset nemaline myopathy,ORPHA_99000,Adult-onset foveomacular vitelliform dystrophy,ORPHA_99000__ORPHA_171439
ORPHA_827,Stargardt disease,ORPHA_87503,Mal de Meleda,ORPHA_827__ORPHA_87503
ORPHA_435387,Autosomal dominant Charcot-Marie-Tooth disease type 2Y,ORPHA_79128,Lymphoid interstitial pneumonia,ORPHA_79128__ORPHA_435387
ORPHA_52417,MALT lymphoma,ORPHA_98897,Oculopharyngodistal myopathy,ORPHA_52417__ORPHA_98897
ORPHA_913,Zollinger-Ellison syndrome,ORPHA_99947,Autosomal dominant Charcot-Marie-Tooth disease type 2A2,ORPHA_913__ORPHA_99947
ORPHA_1243,Best vitelliform macular dystrophy,ORPHA_50942,Striate palmoplantar keratoderma,ORPHA_1243__ORPHA_50942
ORPHA_53583,Paroxysmal dystonic choreathetosis with episodic ataxia and spasticity,ORPHA_99000,Adult-onset foveomacular vitelliform dystrophy,ORPHA_53583__ORPHA_99000
ORPHA_420485,Cranio-cervical dystonia with laryngeal and upper-limb involvement,ORPHA_98964,Lattice corneal dystrophy type I,ORPHA_98964__ORPHA_420485
ORPHA_99725,Pituitary gigantism,ORPHA_98673,"Autosomal dominant optic atrophy, classic form",ORPHA_98673__ORPHA_99725
ORPHA_70587,Infant acute respiratory distress syndrome,ORPHA_98964,Lattice corneal dystrophy type I,ORPHA_70587__ORPHA_98964
ORPHA_206549,Anoctamin-5-related limb-girdle muscular dystrophy R12,ORPHA_913,Zollinger-Ellison syndrome,ORPHA_913__ORPHA_206549
ORPHA_98960,Thiel-Behnke corneal dystrophy,ORPHA_99948,Charcot-Marie-Tooth disease type 4A,ORPHA_98960__ORPHA_99948
ORPHA_293603,Congenital hereditary endothelial dystrophy type II,ORPHA_545,Follicular lymphoma,ORPHA_545__ORPHA_293603
ORPHA_254857,Lethal infantile mitochondrial myopathy,ORPHA_70578,Adult acute respiratory distress syndrome,ORPHA_70578__ORPHA_254857
ORPHA_254854,Pure mitochondrial myopathy,ORPHA_261272,17q12 microduplication syndrome,ORPHA_254854__ORPHA_261272
ORPHA_254854,Pure mitochondrial myopathy,ORPHA_261304,Paternal 20q13.2q13.3 microdeletion syndrome,ORPHA_254854__ORPHA_261304
ORPHA_543,Burkitt lymphoma,ORPHA_1243,Best vitelliform macular dystrophy,ORPHA_543__ORPHA_1243
ORPHA_401849,Autosomal spastic paraplegia type 72,ORPHA_52417,MALT lymphoma,ORPHA_52417__ORPHA_401849
ORPHA_721,Gray platelet syndrome,ORPHA_75378,Oligocone trichromacy,ORPHA_721__ORPHA_75378
ORPHA_530838,KRT1-related diffuse nonepidermolytic keratoderma,ORPHA_52416,Mantle cell lymphoma,ORPHA_52416__ORPHA_530838
ORPHA_274,Bernard-Soulier syndrome,ORPHA_137599,Herpes simplex virus stromal keratitis,ORPHA_274__ORPHA_137599
ORPHA_254854,Pure mitochondrial myopathy,ORPHA_517,Acute myelomonocytic leukemia,ORPHA_517__ORPHA_254854
ORPHA_293603,Congenital hereditary endothelial dystrophy type II,ORPHA_99949,Charcot-Marie-Tooth disease type 4C,ORPHA_99949__ORPHA_293603
ORPHA_133,Chronic beryllium disease,ORPHA_99944,Autosomal dominant Charcot-Marie-Tooth disease type 2K,ORPHA_133__ORPHA_99944
ORPHA_724,Idiopathic acute eosinophilic pneumonia,ORPHA_488333,Autosomal dominant Charcot-Marie-Tooth disease type 2W,ORPHA_724__ORPHA_488333
ORPHA_466768,Autosomal dominant Charcot-Marie-Tooth disease type 2Z,ORPHA_52417,MALT lymphoma,ORPHA_52417__ORPHA_466768
ORPHA_1302,Cryptogenic organizing pneumonia,ORPHA_99948,Charcot-Marie-Tooth disease type 4A,ORPHA_1302__ORPHA_99948
ORPHA_52417,MALT lymphoma,ORPHA_98760,Spinocerebellar ataxia type 8,ORPHA_52417__ORPHA_98760
ORPHA_85446,Wild type ABeta2M amyloidosis,ORPHA_99000,Adult-onset foveomacular vitelliform dystrophy,ORPHA_85446__ORPHA_99000
ORPHA_324442,Autosomal recessive axonal neuropathy with neuromyotonia,ORPHA_724,Idiopathic acute eosinophilic pneumonia,ORPHA_724__ORPHA_324442
ORPHA_319600,Mendelian susceptibility to mycobacterial diseases due to partial IRF8 deficiency,ORPHA_293603,Congenital hereditary endothelial dystrophy type II,ORPHA_293603__ORPHA_319600
ORPHA_545,Follicular lymphoma,ORPHA_86923,"Hereditary palmoplantar keratoderma, Gamborg-Nielsen type",ORPHA_545__ORPHA_86923
ORPHA_514,Acute monoblastic/monocytic leukemia,ORPHA_99000,Adult-onset foveomacular vitelliform dystrophy,ORPHA_514__ORPHA_99000
ORPHA_329314,Adult-onset multiple mitochondrial DNA deletion syndrome due to DGUOK deficiency,ORPHA_91348,Functioning gonadotropic adenoma,ORPHA_91348__ORPHA_329314
ORPHA_721,Gray platelet syndrome,ORPHA_98806,"Primary dystonia, DYT6 type",ORPHA_721__ORPHA_98806
ORPHA_254864,Mitochondrial myopathy with reversible cytochrome C oxidase deficiency,ORPHA_399805,Male infertility with azoospermia or oligozoospermia due to single gene mutation,ORPHA_254864__ORPHA_399805
ORPHA_2271,Congenital ichthyosis-microcephalus-tetraplegia syndrome,ORPHA_98962,Granular corneal dystrophy type I,ORPHA_2271__ORPHA_98962
ORPHA_293603,Congenital hereditary endothelial dystrophy type II,ORPHA_88621,Ichthyosis-prematurity syndrome,ORPHA_88621__ORPHA_293603
ORPHA_2200,Focal palmoplantar and gingival keratoderma,ORPHA_721,Gray platelet syndrome,ORPHA_721__ORPHA_2200
ORPHA_306734,"Primary dystonia, DYT21 type",ORPHA_98964,Lattice corneal dystrophy type I,ORPHA_98964__ORPHA_306734
ORPHA_133,Chronic beryllium disease,ORPHA_101085,Charcot-Marie-Tooth disease type 1F,ORPHA_133__ORPHA_101085
ORPHA_1243,Best vitelliform macular dystrophy,ORPHA_101096,Aregenerative anemia,ORPHA_1243__ORPHA_101096
ORPHA_329478,Adult-onset distal myopathy due to VCP mutation,ORPHA_52416,Mantle cell lymphoma,ORPHA_52416__ORPHA_329478
ORPHA_254864,Mitochondrial myopathy with reversible cytochrome C oxidase deficiency,ORPHA_66624,PANDAS,ORPHA_66624__ORPHA_254864
ORPHA_2199,Epidermolytic palmoplantar keratoderma,ORPHA_293381,Epithelial recurrent erosion dystrophy,ORPHA_2199__ORPHA_293381
ORPHA_26792,Short chain acyl-CoA dehydrogenase deficiency,ORPHA_99725,Pituitary gigantism,ORPHA_26792__ORPHA_99725
ORPHA_137599,Herpes simplex virus stromal keratitis,ORPHA_3203,Overhydrated hereditary stomatocytosis,ORPHA_3203__ORPHA_137599
ORPHA_133,Chronic beryllium disease,ORPHA_98962,Granular corneal dystrophy type I,ORPHA_133__ORPHA_98962
ORPHA_3002,Immune thrombocytopenia,ORPHA_75376,Familial drusen,ORPHA_3002__ORPHA_75376
ORPHA_314769,Somatomammotropinoma,ORPHA_420492,"Adult-onset cervical dystonia, DYT23 type",ORPHA_314769__ORPHA_420492
ORPHA_99000,Adult-onset foveomacular vitelliform dystrophy,ORPHA_98771,Spinocerebellar ataxia type 18,ORPHA_98771__ORPHA_99000
ORPHA_133,Chronic beryllium disease,ORPHA_329314,Adult-onset multiple mitochondrial DNA deletion syndrome due to DGUOK deficiency,ORPHA_133__ORPHA_329314
ORPHA_331206,Severe combined immunodeficiency due to complete RAG1/2 deficiency,ORPHA_99000,Adult-onset foveomacular vitelliform dystrophy,ORPHA_99000__ORPHA_331206
ORPHA_324581,Benign Samaritan congenital myopathy,ORPHA_52417,MALT lymphoma,ORPHA_52417__ORPHA_324581
ORPHA_329478,Adult-onset distal myopathy due to VCP mutation,ORPHA_52417,MALT lymphoma,ORPHA_52417__ORPHA_329478
ORPHA_137596,Neurotrophic keratopathy,ORPHA_659,Mutilating palmoplantar keratoderma with periorificial keratotic plaques,ORPHA_659__ORPHA_137596
ORPHA_137599,Herpes simplex virus stromal keratitis,ORPHA_256,Early-onset generalized limb-onset dystonia,ORPHA_256__ORPHA_137599
ORPHA_659,Mutilating palmoplantar keratoderma with periorificial keratotic plaques,ORPHA_101085,Charcot-Marie-Tooth disease type 1F,ORPHA_659__ORPHA_101085
ORPHA_329314,Adult-onset multiple mitochondrial DNA deletion syndrome due to DGUOK deficiency,ORPHA_724,Idiopathic acute eosinophilic pneumonia,ORPHA_724__ORPHA_329314
ORPHA_226307,Hypothyroidism due to deficient transcription factors involved in pituitary development or function,ORPHA_52417,MALT lymphoma,ORPHA_52417__ORPHA_226307
ORPHA_1243,Best vitelliform macular dystrophy,ORPHA_88621,Ichthyosis-prematurity syndrome,ORPHA_1243__ORPHA_88621
ORPHA_254854,Pure mitochondrial myopathy,ORPHA_97280,Glucagonoma,ORPHA_97280__ORPHA_254854
ORPHA_90158,Idiopathic localized lipodystrophy,ORPHA_99000,Adult-onset foveomacular vitelliform dystrophy,ORPHA_90158__ORPHA_99000
ORPHA_254864,Mitochondrial myopathy with reversible cytochrome C oxidase deficiency,ORPHA_3325,Heparin-induced thrombocytopenia,ORPHA_3325__ORPHA_254864
ORPHA_254857,Lethal infantile mitochondrial myopathy,ORPHA_90050,Retinopathy of prematurity,ORPHA_90050__ORPHA_254857
ORPHA_545,Follicular lymphoma,ORPHA_98974,Fuchs endothelial corneal dystrophy,ORPHA_545__ORPHA_98974
ORPHA_2032,Idiopathic pulmonary fibrosis,ORPHA_659,Mutilating palmoplantar keratoderma with periorificial keratotic plaques,ORPHA_659__ORPHA_2032
ORPHA_99000,Adult-onset foveomacular vitelliform dystrophy,ORPHA_99926,Gestational choriocarcinoma,ORPHA_99000__ORPHA_99926
ORPHA_3002,Immune thrombocytopenia,ORPHA_98974,Fuchs endothelial corneal dystrophy,ORPHA_3002__ORPHA_98974
ORPHA_611,Inclusion body myositis,ORPHA_99000,Adult-onset foveomacular vitelliform dystrophy,ORPHA_611__ORPHA_99000
ORPHA_352470,DNA2-related mitochondrial DNA deletion syndrome,ORPHA_659,Mutilating palmoplantar keratoderma with periorificial keratotic plaques,ORPHA_659__ORPHA_352470
ORPHA_319600,Mendelian susceptibility to mycobacterial diseases due to partial IRF8 deficiency,ORPHA_293381,Epithelial recurrent erosion dystrophy,ORPHA_293381__ORPHA_319600
ORPHA_3175,X-linked spasticity-intellectual disability-epilepsy syndrome,ORPHA_99000,Adult-onset foveomacular vitelliform dystrophy,ORPHA_3175__ORPHA_99000
ORPHA_52427,Retinitis punctata albescens,ORPHA_98805,"Primary dystonia, DYT4 type",ORPHA_52427__ORPHA_98805
ORPHA_98974,Fuchs endothelial corneal dystrophy,ORPHA_99949,Charcot-Marie-Tooth disease type 4C,ORPHA_98974__ORPHA_99949
ORPHA_169160,T-B+ severe combined immunodeficiency due to CD3delta/CD3epsilon/CD3zeta,ORPHA_369840,TRAPPC11-related limb-girdle muscular dystrophy R18,ORPHA_169160__ORPHA_369840
ORPHA_79128,Lymphoid interstitial pneumonia,ORPHA_99956,Charcot-Marie-Tooth disease type 4B2,ORPHA_79128__ORPHA_99956
ORPHA_369840,TRAPPC11-related limb-girdle muscular dystrophy R18,ORPHA_97280,Glucagonoma,ORPHA_97280__ORPHA_369840
ORPHA_2271,Congenital ichthyosis-microcephalus-tetraplegia syndrome,ORPHA_97261,GRFoma,ORPHA_2271__ORPHA_97261
ORPHA_52417,MALT lymphoma,ORPHA_99956,Charcot-Marie-Tooth disease type 4B2,ORPHA_52417__ORPHA_99956
ORPHA_268,Dysferlin-related limb-girdle muscular dystrophy R2,ORPHA_99000,Adult-onset foveomacular vitelliform dystrophy,ORPHA_268__ORPHA_99000
ORPHA_254854,Pure mitochondrial myopathy,ORPHA_318,Acute erythroid leukemia,ORPHA_318__ORPHA_254854
ORPHA_42,Medium chain acyl-CoA dehydrogenase deficiency,ORPHA_314769,Somatomammotropinoma,ORPHA_42__ORPHA_314769
ORPHA_169189,Autosomal dominant centronuclear myopathy,ORPHA_215,Congenital stationary night blindness,ORPHA_215__ORPHA_169189
ORPHA_827,Stargardt disease,ORPHA_99949,Charcot-Marie-Tooth disease type 4C,ORPHA_827__ORPHA_99949
ORPHA_254857,Lethal infantile mitochondrial myopathy,ORPHA_238750,4q21 microdeletion syndrome,ORPHA_238750__ORPHA_254857
ORPHA_399805,Male infertility with azoospermia or oligozoospermia due to single gene mutation,ORPHA_52427,Retinitis punctata albescens,ORPHA_52427__ORPHA_399805
ORPHA_254857,Lethal infantile mitochondrial myopathy,ORPHA_85138,Addison disease,ORPHA_85138__ORPHA_254857
ORPHA_98964,Lattice corneal dystrophy type I,ORPHA_98806,"Primary dystonia, DYT6 type",ORPHA_98806__ORPHA_98964
ORPHA_293603,Congenital hereditary endothelial dystrophy type II,ORPHA_399808,Male infertility with teratozoospermia due to single gene mutation,ORPHA_293603__ORPHA_399808
ORPHA_99000,Adult-onset foveomacular vitelliform dystrophy,ORPHA_101006,Autosomal recessive spastic paraplegia type 26,ORPHA_99000__ORPHA_101006
ORPHA_293621,X-linked endothelial corneal dystrophy,ORPHA_87503,Mal de Meleda,ORPHA_87503__ORPHA_293621
ORPHA_319514,Combined oxidative phosphorylation defect type 13,ORPHA_85128,Bothnia retinal dystrophy,ORPHA_85128__ORPHA_319514
ORPHA_254857,Lethal infantile mitochondrial myopathy,ORPHA_276413,10q22.3q23.3 microdeletion syndrome,ORPHA_254857__ORPHA_276413
ORPHA_269,Facioscapulohumeral dystrophy,ORPHA_724,Idiopathic acute eosinophilic pneumonia,ORPHA_269__ORPHA_724
ORPHA_435387,Autosomal dominant Charcot-Marie-Tooth disease type 2Y,ORPHA_97282,VIPoma,ORPHA_97282__ORPHA_435387
ORPHA_254854,Pure mitochondrial myopathy,ORPHA_261290,Trisomy 17p,ORPHA_254854__ORPHA_261290
ORPHA_488333,Autosomal dominant Charcot-Marie-Tooth disease type 2W,ORPHA_79126,Acute interstitial pneumonia,ORPHA_79126__ORPHA_488333
ORPHA_614,Thomsen and Becker disease,ORPHA_52417,MALT lymphoma,ORPHA_614__ORPHA_52417
ORPHA_137596,Neurotrophic keratopathy,ORPHA_42,Medium chain acyl-CoA dehydrogenase deficiency,ORPHA_42__ORPHA_137596
ORPHA_250989,1q21.1 microdeletion syndrome,ORPHA_254864,Mitochondrial myopathy with reversible cytochrome C oxidase deficiency,ORPHA_250989__ORPHA_254864
ORPHA_75566,Loeffler endocarditis,ORPHA_99000,Adult-onset foveomacular vitelliform dystrophy,ORPHA_75566__ORPHA_99000
ORPHA_99725,Pituitary gigantism,ORPHA_98805,"Primary dystonia, DYT4 type",ORPHA_98805__ORPHA_99725
ORPHA_314769,Somatomammotropinoma,ORPHA_90044,Familial pseudohyperkalemia,ORPHA_90044__ORPHA_314769
ORPHA_254864,Mitochondrial myopathy with reversible cytochrome C oxidase deficiency,ORPHA_96149,Distal monosomy 12q,ORPHA_96149__ORPHA_254864
ORPHA_94125,Recessive mitochondrial ataxia syndrome,ORPHA_99000,Adult-onset foveomacular vitelliform dystrophy,ORPHA_94125__ORPHA_99000
ORPHA_435387,Autosomal dominant Charcot-Marie-Tooth disease type 2Y,ORPHA_724,Idiopathic acute eosinophilic pneumonia,ORPHA_724__ORPHA_435387
ORPHA_99657,"Primary dystonia, DYT2 type",ORPHA_98964,Lattice corneal dystrophy type I,ORPHA_98964__ORPHA_99657
ORPHA_454887,Corticobasal syndrome,ORPHA_99000,Adult-onset foveomacular vitelliform dystrophy,ORPHA_99000__ORPHA_454887
ORPHA_457,Harlequin ichthyosis,ORPHA_52416,Mantle cell lymphoma,ORPHA_457__ORPHA_52416
ORPHA_369840,TRAPPC11-related limb-girdle muscular dystrophy R18,ORPHA_424019,Squamous cell carcinoma of the anal canal,ORPHA_369840__ORPHA_424019
ORPHA_206549,Anoctamin-5-related limb-girdle muscular dystrophy R12,ORPHA_721,Gray platelet syndrome,ORPHA_721__ORPHA_206549
ORPHA_75378,Oligocone trichromacy,ORPHA_99950,Charcot-Marie-Tooth disease type 4D,ORPHA_75378__ORPHA_99950
ORPHA_319600,Mendelian susceptibility to mycobacterial diseases due to partial IRF8 deficiency,ORPHA_293621,X-linked endothelial corneal dystrophy,ORPHA_293621__ORPHA_319600
ORPHA_97282,VIPoma,ORPHA_99956,Charcot-Marie-Tooth disease type 4B2,ORPHA_97282__ORPHA_99956
ORPHA_91347,TSH-secreting pituitary adenoma,ORPHA_99944,Autosomal dominant Charcot-Marie-Tooth disease type 2K,ORPHA_91347__ORPHA_99944
ORPHA_52427,Retinitis punctata albescens,ORPHA_98807,"Primary dystonia, DYT13 type",ORPHA_52427__ORPHA_98807
ORPHA_1177,Early-onset cerebellar ataxia with retained tendon reflexes,ORPHA_52417,MALT lymphoma,ORPHA_1177__ORPHA_52417
ORPHA_254854,Pure mitochondrial myopathy,ORPHA_99147,Acquired von Willebrand syndrome,ORPHA_99147__ORPHA_254854
ORPHA_314769,Somatomammotropinoma,ORPHA_98969,Macular corneal dystrophy,ORPHA_98969__ORPHA_314769
ORPHA_1598,Monosomy 18p,ORPHA_70587,Infant acute respiratory distress syndrome,ORPHA_1598__ORPHA_70587
ORPHA_2330,Kasabach-Merritt syndrome,ORPHA_99000,Adult-onset foveomacular vitelliform dystrophy,ORPHA_2330__ORPHA_99000
ORPHA_293621,X-linked endothelial corneal dystrophy,ORPHA_91347,TSH-secreting pituitary adenoma,ORPHA_91347__ORPHA_293621
ORPHA_254864,Mitochondrial myopathy with reversible cytochrome C oxidase deficiency,ORPHA_2536,Microcornea-glaucoma-absent frontal sinuses syndrome,ORPHA_2536__ORPHA_254864
ORPHA_254864,Mitochondrial myopathy with reversible cytochrome C oxidase deficiency,ORPHA_319552,Mendelian susceptibility to mycobacterial diseases due to complete IL12RB1 deficiency,ORPHA_254864__ORPHA_319552
ORPHA_545,Follicular lymphoma,ORPHA_86918,Diffuse palmoplantar keratoderma-acrocyanosis syndrome,ORPHA_545__ORPHA_86918
ORPHA_521411,Autosomal recessive axonal Charcot-Marie-Tooth disease due to copper metabolism defect,ORPHA_99000,Adult-onset foveomacular vitelliform dystrophy,ORPHA_99000__ORPHA_521411
ORPHA_67042,Late-onset retinal degeneration,ORPHA_98807,"Primary dystonia, DYT13 type",ORPHA_67042__ORPHA_98807
ORPHA_99000,Adult-onset foveomacular vitelliform dystrophy,ORPHA_101010,Autosomal spastic paraplegia type 30,ORPHA_99000__ORPHA_101010
ORPHA_530838,KRT1-related diffuse nonepidermolytic keratoderma,ORPHA_34516,DNAJB6-related limb-girdle muscular dystrophy D1,ORPHA_34516__ORPHA_530838
ORPHA_319514,Combined oxidative phosphorylation defect type 13,ORPHA_293621,X-linked endothelial corneal dystrophy,ORPHA_293621__ORPHA_319514
ORPHA_464440,"Primary dystonia, DYT27 type",ORPHA_721,Gray platelet syndrome,ORPHA_721__ORPHA_464440
ORPHA_281090,Syndromic recessive X-linked ichthyosis,ORPHA_724,Idiopathic acute eosinophilic pneumonia,ORPHA_724__ORPHA_281090
ORPHA_34516,DNAJB6-related limb-girdle muscular dystrophy D1,ORPHA_98962,Granular corneal dystrophy type I,ORPHA_34516__ORPHA_98962
ORPHA_319600,Mendelian susceptibility to mycobacterial diseases due to partial IRF8 deficiency,ORPHA_34516,DNAJB6-related limb-girdle muscular dystrophy D1,ORPHA_34516__ORPHA_319600
ORPHA_93958,Oromandibular dystonia,ORPHA_98960,Thiel-Behnke corneal dystrophy,ORPHA_93958__ORPHA_98960
ORPHA_67042,Late-onset retinal degeneration,ORPHA_99947,Autosomal dominant Charcot-Marie-Tooth disease type 2A2,ORPHA_67042__ORPHA_99947
ORPHA_306734,"Primary dystonia, DYT21 type",ORPHA_724,Idiopathic acute eosinophilic pneumonia,ORPHA_724__ORPHA_306734
ORPHA_3310,Tetrasomy 9p,ORPHA_254857,Lethal infantile mitochondrial myopathy,ORPHA_3310__ORPHA_254857
ORPHA_466768,Autosomal dominant Charcot-Marie-Tooth disease type 2Z,ORPHA_52416,Mantle cell lymphoma,ORPHA_52416__ORPHA_466768
ORPHA_50812,Zellweger-like syndrome without peroxisomal anomalies,ORPHA_99000,Adult-onset foveomacular vitelliform dystrophy,ORPHA_50812__ORPHA_99000
ORPHA_545,Follicular lymphoma,ORPHA_99947,Autosomal dominant Charcot-Marie-Tooth disease type 2A2,ORPHA_545__ORPHA_99947
ORPHA_2302,Asbestos intoxication,ORPHA_329314,Adult-onset multiple mitochondrial DNA deletion syndrome due to DGUOK deficiency,ORPHA_2302__ORPHA_329314
ORPHA_75378,Oligocone trichromacy,ORPHA_101081,Charcot-Marie-Tooth disease type 1A,ORPHA_75378__ORPHA_101081
ORPHA_137596,Neurotrophic keratopathy,ORPHA_2271,Congenital ichthyosis-microcephalus-tetraplegia syndrome,ORPHA_2271__ORPHA_137596
ORPHA_1959,Evans syndrome,ORPHA_99000,Adult-onset foveomacular vitelliform dystrophy,ORPHA_1959__ORPHA_99000
ORPHA_75378,Oligocone trichromacy,ORPHA_97280,Glucagonoma,ORPHA_75378__ORPHA_97280
ORPHA_85138,Addison disease,ORPHA_99000,Adult-onset foveomacular vitelliform dystrophy,ORPHA_85138__ORPHA_99000
ORPHA_79126,Acute interstitial pneumonia,ORPHA_99000,Adult-onset foveomacular vitelliform dystrophy,ORPHA_79126__ORPHA_99000
ORPHA_293381,Epithelial recurrent erosion dystrophy,ORPHA_56425,Cold agglutinin disease,ORPHA_56425__ORPHA_293381
ORPHA_3002,Immune thrombocytopenia,ORPHA_254854,Pure mitochondrial myopathy,ORPHA_3002__ORPHA_254854
ORPHA_2302,Asbestos intoxication,ORPHA_319514,Combined oxidative phosphorylation defect type 13,ORPHA_2302__ORPHA_319514
ORPHA_52416,Mantle cell lymphoma,ORPHA_99947,Autosomal dominant Charcot-Marie-Tooth disease type 2A2,ORPHA_52416__ORPHA_99947
ORPHA_399805,Male infertility with azoospermia or oligozoospermia due to single gene mutation,ORPHA_98964,Lattice corneal dystrophy type I,ORPHA_98964__ORPHA_399805
ORPHA_3307,Tetrasomy 18p,ORPHA_254864,Mitochondrial myopathy with reversible cytochrome C oxidase deficiency,ORPHA_3307__ORPHA_254864
ORPHA_352470,DNA2-related mitochondrial DNA deletion syndrome,ORPHA_33402,Pediatric hepatocellular carcinoma,ORPHA_33402__ORPHA_352470
ORPHA_324581,Benign Samaritan congenital myopathy,ORPHA_99000,Adult-onset foveomacular vitelliform dystrophy,ORPHA_99000__ORPHA_324581
ORPHA_98960,Thiel-Behnke corneal dystrophy,ORPHA_101082,Charcot-Marie-Tooth disease type 1B,ORPHA_98960__ORPHA_101082
ORPHA_254857,Lethal infantile mitochondrial myopathy,ORPHA_42642,PFAPA syndrome,ORPHA_42642__ORPHA_254857
ORPHA_33402,Pediatric hepatocellular carcinoma,ORPHA_99000,Adult-onset foveomacular vitelliform dystrophy,ORPHA_33402__ORPHA_99000
ORPHA_42,Medium chain acyl-CoA dehydrogenase deficiency,ORPHA_99725,Pituitary gigantism,ORPHA_42__ORPHA_99725
ORPHA_98974,Fuchs endothelial corneal dystrophy,ORPHA_99947,Autosomal dominant Charcot-Marie-Tooth disease type 2A2,ORPHA_98974__ORPHA_99947
ORPHA_139578,Mutilating hereditary sensory neuropathy with spastic paraplegia,ORPHA_52417,MALT lymphoma,ORPHA_52417__ORPHA_139578
ORPHA_1716,Distal trisomy 18q,ORPHA_254864,Mitochondrial myopathy with reversible cytochrome C oxidase deficiency,ORPHA_1716__ORPHA_254864
ORPHA_314769,Somatomammotropinoma,ORPHA_86919,Keratosis palmaris et plantaris-clinodactyly syndrome,ORPHA_86919__ORPHA_314769
ORPHA_254857,Lethal infantile mitochondrial myopathy,ORPHA_261349,2p15p16.1 microdeletion syndrome,ORPHA_254857__ORPHA_261349
ORPHA_1243,Best vitelliform macular dystrophy,ORPHA_99736,Acetazolamide-responsive myotonia,ORPHA_1243__ORPHA_99736
ORPHA_412217,Dystonia-aphonia syndrome,ORPHA_99725,Pituitary gigantism,ORPHA_99725__ORPHA_412217
ORPHA_420492,"Adult-onset cervical dystonia, DYT23 type",ORPHA_52417,MALT lymphoma,ORPHA_52417__ORPHA_420492
ORPHA_721,Gray platelet syndrome,ORPHA_91359,Chronic pneumonitis of infancy,ORPHA_721__ORPHA_91359
ORPHA_314769,Somatomammotropinoma,ORPHA_281127,Acral self-healing collodion baby,ORPHA_281127__ORPHA_314769
ORPHA_2302,Asbestos intoxication,ORPHA_254857,Lethal infantile mitochondrial myopathy,ORPHA_2302__ORPHA_254857
ORPHA_2302,Asbestos intoxication,ORPHA_99944,Autosomal dominant Charcot-Marie-Tooth disease type 2K,ORPHA_2302__ORPHA_99944
ORPHA_293381,Epithelial recurrent erosion dystrophy,ORPHA_99939,Autosomal dominant Charcot-Marie-Tooth disease type 2E,ORPHA_99939__ORPHA_293381
ORPHA_90035,Paroxysmal cold hemoglobinuria,ORPHA_99956,Charcot-Marie-Tooth disease type 4B2,ORPHA_90035__ORPHA_99956
ORPHA_513436,Autosomal recessive spastic paraplegia type 78,ORPHA_99000,Adult-onset foveomacular vitelliform dystrophy,ORPHA_99000__ORPHA_513436
ORPHA_99725,Pituitary gigantism,ORPHA_99956,Charcot-Marie-Tooth disease type 4B2,ORPHA_99725__ORPHA_99956
ORPHA_497764,Spinocerebellar ataxia type 43,ORPHA_99000,Adult-onset foveomacular vitelliform dystrophy,ORPHA_99000__ORPHA_497764
ORPHA_254854,Pure mitochondrial myopathy,ORPHA_86893,Nodular lymphocyte predominant Hodgkin lymphoma,ORPHA_86893__ORPHA_254854
ORPHA_90035,Paroxysmal cold hemoglobinuria,ORPHA_101081,Charcot-Marie-Tooth disease type 1A,ORPHA_90035__ORPHA_101081
ORPHA_1598,Monosomy 18p,ORPHA_254854,Pure mitochondrial myopathy,ORPHA_1598__ORPHA_254854
ORPHA_87503,Mal de Meleda,ORPHA_98963,Granular corneal dystrophy type II,ORPHA_87503__ORPHA_98963
ORPHA_251282,Autosomal dominant spastic ataxia type 1,ORPHA_52417,MALT lymphoma,ORPHA_52417__ORPHA_251282
ORPHA_399808,Male infertility with teratozoospermia due to single gene mutation,ORPHA_98960,Thiel-Behnke corneal dystrophy,ORPHA_98960__ORPHA_399808
ORPHA_939,3-hydroxyisobutyric aciduria,ORPHA_99000,Adult-onset foveomacular vitelliform dystrophy,ORPHA_939__ORPHA_99000
ORPHA_52427,Retinitis punctata albescens,ORPHA_99657,"Primary dystonia, DYT2 type",ORPHA_52427__ORPHA_99657
ORPHA_90033,"Autoimmune hemolytic anemia, warm type",ORPHA_99000,Adult-onset foveomacular vitelliform dystrophy,ORPHA_90033__ORPHA_99000
ORPHA_254857,Lethal infantile mitochondrial myopathy,ORPHA_514,Acute monoblastic/monocytic leukemia,ORPHA_514__ORPHA_254857
ORPHA_79127,Respiratory bronchiolitis-interstitial lung disease syndrome,ORPHA_99949,Charcot-Marie-Tooth disease type 4C,ORPHA_79127__ORPHA_99949
ORPHA_370103,"Primary dystonia, DYT17 type",ORPHA_98962,Granular corneal dystrophy type I,ORPHA_98962__ORPHA_370103
ORPHA_1643,Xp22.3 microdeletion syndrome,ORPHA_254864,Mitochondrial myopathy with reversible cytochrome C oxidase deficiency,ORPHA_1643__ORPHA_254864
ORPHA_97261,GRFoma,ORPHA_98969,Macular corneal dystrophy,ORPHA_97261__ORPHA_98969
ORPHA_256,Early-onset generalized limb-onset dystonia,ORPHA_293621,X-linked endothelial corneal dystrophy,ORPHA_256__ORPHA_293621
ORPHA_98895,Becker muscular dystrophy,ORPHA_99000,Adult-onset foveomacular vitelliform dystrophy,ORPHA_98895__ORPHA_99000
ORPHA_530838,KRT1-related diffuse nonepidermolytic keratoderma,ORPHA_98962,Granular corneal dystrophy type I,ORPHA_98962__ORPHA_530838
ORPHA_314769,Somatomammotropinoma,ORPHA_399103,Distal nebulin myopathy,ORPHA_314769__ORPHA_399103
ORPHA_254864,Mitochondrial myopathy with reversible cytochrome C oxidase deficiency,ORPHA_659,Mutilating palmoplantar keratoderma with periorificial keratotic plaques,ORPHA_659__ORPHA_254864
ORPHA_231242,Hemoglobin C-beta-thalassemia syndrome,ORPHA_1243,Best vitelliform macular dystrophy,ORPHA_1243__ORPHA_231242
ORPHA_530838,KRT1-related diffuse nonepidermolytic keratoderma,ORPHA_98964,Lattice corneal dystrophy type I,ORPHA_98964__ORPHA_530838
ORPHA_99000,Adult-onset foveomacular vitelliform dystrophy,ORPHA_100080,Neuroendocrine tumor of the colon,ORPHA_99000__ORPHA_100080
ORPHA_545,Follicular lymphoma,ORPHA_67048,3-methylglutaconic aciduria type 4,ORPHA_545__ORPHA_67048
ORPHA_98964,Lattice corneal dystrophy type I,ORPHA_99950,Charcot-Marie-Tooth disease type 4D,ORPHA_98964__ORPHA_99950
ORPHA_91347,TSH-secreting pituitary adenoma,ORPHA_99950,Charcot-Marie-Tooth disease type 4D,ORPHA_91347__ORPHA_99950
ORPHA_324442,Autosomal recessive axonal neuropathy with neuromyotonia,ORPHA_545,Follicular lymphoma,ORPHA_545__ORPHA_324442
ORPHA_370103,"Primary dystonia, DYT17 type",ORPHA_364055,Severe early-childhood-onset retinal dystrophy,ORPHA_364055__ORPHA_370103
ORPHA_215,Congenital stationary night blindness,ORPHA_88621,Ichthyosis-prematurity syndrome,ORPHA_215__ORPHA_88621
ORPHA_1581,Non-distal monosomy 10q,ORPHA_254864,Mitochondrial myopathy with reversible cytochrome C oxidase deficiency,ORPHA_1581__ORPHA_254864
ORPHA_206549,Anoctamin-5-related limb-girdle muscular dystrophy R12,ORPHA_314769,Somatomammotropinoma,ORPHA_206549__ORPHA_314769
ORPHA_256,Early-onset generalized limb-onset dystonia,ORPHA_85128,Bothnia retinal dystrophy,ORPHA_256__ORPHA_85128
ORPHA_34516,DNAJB6-related limb-girdle muscular dystrophy D1,ORPHA_98964,Lattice corneal dystrophy type I,ORPHA_34516__ORPHA_98964
ORPHA_369840,TRAPPC11-related limb-girdle muscular dystrophy R18,ORPHA_70578,Adult acute respiratory distress syndrome,ORPHA_70578__ORPHA_369840
ORPHA_231393,Beta-thalassemia-X-linked thrombocytopenia syndrome,ORPHA_1243,Best vitelliform macular dystrophy,ORPHA_1243__ORPHA_231393
ORPHA_412217,Dystonia-aphonia syndrome,ORPHA_98969,Macular corneal dystrophy,ORPHA_98969__ORPHA_412217
ORPHA_293381,Epithelial recurrent erosion dystrophy,ORPHA_101085,Charcot-Marie-Tooth disease type 1F,ORPHA_101085__ORPHA_293381
ORPHA_288,Hereditary elliptocytosis,ORPHA_99000,Adult-onset foveomacular vitelliform dystrophy,ORPHA_288__ORPHA_99000
ORPHA_98810,Paroxysmal non-kinesigenic dyskinesia,ORPHA_99000,Adult-onset foveomacular vitelliform dystrophy,ORPHA_98810__ORPHA_99000
ORPHA_495,Transgrediens et progrediens palmoplantar keratoderma,ORPHA_52417,MALT lymphoma,ORPHA_495__ORPHA_52417
ORPHA_254864,Mitochondrial myopathy with reversible cytochrome C oxidase deficiency,ORPHA_261204,16p11.2p12.2 microduplication syndrome,ORPHA_254864__ORPHA_261204
ORPHA_91347,TSH-secreting pituitary adenoma,ORPHA_98963,Granular corneal dystrophy type II,ORPHA_91347__ORPHA_98963
ORPHA_2201,Palmoplantar keratoderma-spastic paralysis syndrome,ORPHA_98962,Granular corneal dystrophy type I,ORPHA_2201__ORPHA_98962
ORPHA_369840,TRAPPC11-related limb-girdle muscular dystrophy R18,ORPHA_70476,Vernal keratoconjunctivitis,ORPHA_70476__ORPHA_369840
ORPHA_228240,Elastoderma,ORPHA_52417,MALT lymphoma,ORPHA_52417__ORPHA_228240
ORPHA_215,Congenital stationary night blindness,ORPHA_97261,GRFoma,ORPHA_215__ORPHA_97261
ORPHA_3002,Immune thrombocytopenia,ORPHA_488333,Autosomal dominant Charcot-Marie-Tooth disease type 2W,ORPHA_3002__ORPHA_488333
ORPHA_215,Congenital stationary night blindness,ORPHA_254854,Pure mitochondrial myopathy,ORPHA_215__ORPHA_254854
ORPHA_545,Follicular lymphoma,ORPHA_86919,Keratosis palmaris et plantaris-clinodactyly syndrome,ORPHA_545__ORPHA_86919
ORPHA_79394,Congenital non-bullous ichthyosiform erythroderma,ORPHA_99725,Pituitary gigantism,ORPHA_79394__ORPHA_99725
ORPHA_251992,Ganglioneuroma,ORPHA_99000,Adult-onset foveomacular vitelliform dystrophy,ORPHA_99000__ORPHA_251992
ORPHA_256,Early-onset generalized limb-onset dystonia,ORPHA_1243,Best vitelliform macular dystrophy,ORPHA_256__ORPHA_1243
ORPHA_33402,Pediatric hepatocellular carcinoma,ORPHA_99949,Charcot-Marie-Tooth disease type 4C,ORPHA_33402__ORPHA_99949
ORPHA_293603,Congenital hereditary endothelial dystrophy type II,ORPHA_56425,Cold agglutinin disease,ORPHA_56425__ORPHA_293603
ORPHA_206549,Anoctamin-5-related limb-girdle muscular dystrophy R12,ORPHA_90035,Paroxysmal cold hemoglobinuria,ORPHA_90035__ORPHA_206549
ORPHA_254857,Lethal infantile mitochondrial myopathy,ORPHA_464440,"Primary dystonia, DYT27 type",ORPHA_254857__ORPHA_464440
ORPHA_99429,Complete androgen insensitivity syndrome,ORPHA_99000,Adult-onset foveomacular vitelliform dystrophy,ORPHA_99000__ORPHA_99429
ORPHA_137599,Herpes simplex virus stromal keratitis,ORPHA_79503,Ichthyosis hystrix of Curth-Macklin,ORPHA_79503__ORPHA_137599
ORPHA_1621,3q13 microdeletion syndrome,ORPHA_254864,Mitochondrial myopathy with reversible cytochrome C oxidase deficiency,ORPHA_1621__ORPHA_254864
ORPHA_293603,Congenital hereditary endothelial dystrophy type II,ORPHA_488333,Autosomal dominant Charcot-Marie-Tooth disease type 2W,ORPHA_293603__ORPHA_488333
ORPHA_79503,Ichthyosis hystrix of Curth-Macklin,ORPHA_99725,Pituitary gigantism,ORPHA_79503__ORPHA_99725
ORPHA_178333,\xc3\x85land Islands eye disease,ORPHA_466768,Autosomal dominant Charcot-Marie-Tooth disease type 2Z,ORPHA_178333__ORPHA_466768
ORPHA_2271,Congenital ichthyosis-microcephalus-tetraplegia syndrome,ORPHA_98960,Thiel-Behnke corneal dystrophy,ORPHA_2271__ORPHA_98960
ORPHA_329466,"Autosomal dominant focal dystonia, DYT25 type",ORPHA_85128,Bothnia retinal dystrophy,ORPHA_85128__ORPHA_329466
ORPHA_466768,Autosomal dominant Charcot-Marie-Tooth disease type 2Z,ORPHA_79127,Respiratory bronchiolitis-interstitial lung disease syndrome,ORPHA_79127__ORPHA_466768
ORPHA_98962,Granular corneal dystrophy type I,ORPHA_101082,Charcot-Marie-Tooth disease type 1B,ORPHA_98962__ORPHA_101082
ORPHA_1243,Best vitelliform macular dystrophy,ORPHA_853,Fetal and neonatal alloimmune thrombocytopenia,ORPHA_853__ORPHA_1243
ORPHA_254864,Mitochondrial myopathy with reversible cytochrome C oxidase deficiency,ORPHA_261272,17q12 microduplication syndrome,ORPHA_254864__ORPHA_261272
ORPHA_363549,Acute encephalopathy with biphasic seizures and late reduced diffusion,ORPHA_99000,Adult-onset foveomacular vitelliform dystrophy,ORPHA_99000__ORPHA_363549
ORPHA_215,Congenital stationary night blindness,ORPHA_384,Huriez syndrome,ORPHA_215__ORPHA_384
ORPHA_447760,Autosomal recessive spastic paraplegia type 9B,ORPHA_99000,Adult-onset foveomacular vitelliform dystrophy,ORPHA_99000__ORPHA_447760
ORPHA_319600,Mendelian susceptibility to mycobacterial diseases due to partial IRF8 deficiency,ORPHA_98963,Granular corneal dystrophy type II,ORPHA_98963__ORPHA_319600
ORPHA_251076,8p23.1 duplication syndrome,ORPHA_254864,Mitochondrial myopathy with reversible cytochrome C oxidase deficiency,ORPHA_251076__ORPHA_254864
ORPHA_133,Chronic beryllium disease,ORPHA_99950,Charcot-Marie-Tooth disease type 4D,ORPHA_133__ORPHA_99950
ORPHA_254864,Mitochondrial myopathy with reversible cytochrome C oxidase deficiency,ORPHA_254346,19p13.12 microdeletion syndrome,ORPHA_254346__ORPHA_254864
ORPHA_217012,Spinocerebellar ataxia type 31,ORPHA_99000,Adult-onset foveomacular vitelliform dystrophy,ORPHA_99000__ORPHA_217012
ORPHA_464440,"Primary dystonia, DYT27 type",ORPHA_98964,Lattice corneal dystrophy type I,ORPHA_98964__ORPHA_464440
ORPHA_85128,Bothnia retinal dystrophy,ORPHA_97279,Insulinoma,ORPHA_85128__ORPHA_97279
ORPHA_369840,TRAPPC11-related limb-girdle muscular dystrophy R18,ORPHA_86884,Subcutaneous panniculitis-like T-cell lymphoma,ORPHA_86884__ORPHA_369840
ORPHA_254854,Pure mitochondrial myopathy,ORPHA_70476,Vernal keratoconjunctivitis,ORPHA_70476__ORPHA_254854
ORPHA_169189,Autosomal dominant centronuclear myopathy,ORPHA_97261,GRFoma,ORPHA_97261__ORPHA_169189
ORPHA_97278,PPoma,ORPHA_99000,Adult-onset foveomacular vitelliform dystrophy,ORPHA_97278__ORPHA_99000
ORPHA_659,Mutilating palmoplantar keratoderma with periorificial keratotic plaques,ORPHA_97282,VIPoma,ORPHA_659__ORPHA_97282
ORPHA_90026,Primary erythromelalgia,ORPHA_99000,Adult-onset foveomacular vitelliform dystrophy,ORPHA_90026__ORPHA_99000
ORPHA_477673,Postnatal microcephaly-infantile hypotonia-spastic diplegia-dysarthria-intellectual disability syndrome,ORPHA_99000,Adult-onset foveomacular vitelliform dystrophy,ORPHA_99000__ORPHA_477673
ORPHA_263455,Hyperinsulinism due to HNF4A deficiency,ORPHA_99000,Adult-onset foveomacular vitelliform dystrophy,ORPHA_99000__ORPHA_263455
ORPHA_98826,Refractory anemia,ORPHA_99000,Adult-onset foveomacular vitelliform dystrophy,ORPHA_98826__ORPHA_99000
ORPHA_133,Chronic beryllium disease,ORPHA_293603,Congenital hereditary endothelial dystrophy type II,ORPHA_133__ORPHA_293603
ORPHA_70587,Infant acute respiratory distress syndrome,ORPHA_101082,Charcot-Marie-Tooth disease type 1B,ORPHA_70587__ORPHA_101082
ORPHA_34516,DNAJB6-related limb-girdle muscular dystrophy D1,ORPHA_87503,Mal de Meleda,ORPHA_34516__ORPHA_87503
ORPHA_254857,Lethal infantile mitochondrial myopathy,ORPHA_420485,Cranio-cervical dystonia with laryngeal and upper-limb involvement,ORPHA_254857__ORPHA_420485
ORPHA_251066,8p11.2 deletion syndrome,ORPHA_254864,Mitochondrial myopathy with reversible cytochrome C oxidase deficiency,ORPHA_251066__ORPHA_254864
ORPHA_254854,Pure mitochondrial myopathy,ORPHA_97261,GRFoma,ORPHA_97261__ORPHA_254854
ORPHA_329314,Adult-onset multiple mitochondrial DNA deletion syndrome due to DGUOK deficiency,ORPHA_79127,Respiratory bronchiolitis-interstitial lung disease syndrome,ORPHA_79127__ORPHA_329314
ORPHA_466768,Autosomal dominant Charcot-Marie-Tooth disease type 2Z,ORPHA_724,Idiopathic acute eosinophilic pneumonia,ORPHA_724__ORPHA_466768
ORPHA_2302,Asbestos intoxication,ORPHA_99948,Charcot-Marie-Tooth disease type 4A,ORPHA_2302__ORPHA_99948
ORPHA_98934,Huntington disease-like 2,ORPHA_99000,Adult-onset foveomacular vitelliform dystrophy,ORPHA_98934__ORPHA_99000
ORPHA_453510,Congenital insensitivity to pain with severe intellectual disability,ORPHA_99000,Adult-onset foveomacular vitelliform dystrophy,ORPHA_99000__ORPHA_453510
ORPHA_137596,Neurotrophic keratopathy,ORPHA_97282,VIPoma,ORPHA_97282__ORPHA_137596
ORPHA_254857,Lethal infantile mitochondrial myopathy,ORPHA_93323,Fibular hemimelia,ORPHA_93323__ORPHA_254857
ORPHA_721,Gray platelet syndrome,ORPHA_384,Huriez syndrome,ORPHA_384__ORPHA_721
ORPHA_424016,Adenocarcinoma of the anal canal,ORPHA_34516,DNAJB6-related limb-girdle muscular dystrophy D1,ORPHA_34516__ORPHA_424016
ORPHA_99000,Adult-onset foveomacular vitelliform dystrophy,ORPHA_100081,Neuroendocrine tumor of the rectum,ORPHA_99000__ORPHA_100081
ORPHA_913,Zollinger-Ellison syndrome,ORPHA_99000,Adult-onset foveomacular vitelliform dystrophy,ORPHA_913__ORPHA_99000
ORPHA_2253,Foveal hypoplasia-presenile cataract syndrome,ORPHA_314769,Somatomammotropinoma,ORPHA_2253__ORPHA_314769
ORPHA_65683,Isolated focal cortical dysplasia,ORPHA_52417,MALT lymphoma,ORPHA_52417__ORPHA_65683
ORPHA_314769,Somatomammotropinoma,ORPHA_90117,"Hereditary motor and sensory neuropathy, Okinawa type",ORPHA_90117__ORPHA_314769
ORPHA_99000,Adult-onset foveomacular vitelliform dystrophy,ORPHA_98763,Spinocerebellar ataxia type 14,ORPHA_98763__ORPHA_99000
ORPHA_2584,Classic mycosis fungoides,ORPHA_1243,Best vitelliform macular dystrophy,ORPHA_1243__ORPHA_2584
ORPHA_137596,Neurotrophic keratopathy,ORPHA_2199,Epidermolytic palmoplantar keratoderma,ORPHA_2199__ORPHA_137596
ORPHA_90283,Lupus erythematosus tumidus,ORPHA_99000,Adult-onset foveomacular vitelliform dystrophy,ORPHA_90283__ORPHA_99000
ORPHA_369840,TRAPPC11-related limb-girdle muscular dystrophy R18,ORPHA_79126,Acute interstitial pneumonia,ORPHA_79126__ORPHA_369840
ORPHA_137596,Neurotrophic keratopathy,ORPHA_99734,Myotonia fluctuans,ORPHA_99734__ORPHA_137596
ORPHA_254854,Pure mitochondrial myopathy,ORPHA_91359,Chronic pneumonitis of infancy,ORPHA_91359__ORPHA_254854
ORPHA_293381,Epithelial recurrent erosion dystrophy,ORPHA_90035,Paroxysmal cold hemoglobinuria,ORPHA_90035__ORPHA_293381
ORPHA_79128,Lymphoid interstitial pneumonia,ORPHA_101082,Charcot-Marie-Tooth disease type 1B,ORPHA_79128__ORPHA_101082
ORPHA_293978,Deficiency in anterior pituitary function-variable immunodeficiency syndrome,ORPHA_99000,Adult-onset foveomacular vitelliform dystrophy,ORPHA_99000__ORPHA_293978
ORPHA_2386,Leukoencephalopathy-palmoplantar keratoderma syndrome,ORPHA_98962,Granular corneal dystrophy type I,ORPHA_2386__ORPHA_98962
ORPHA_254854,Pure mitochondrial myopathy,ORPHA_79126,Acute interstitial pneumonia,ORPHA_79126__ORPHA_254854
ORPHA_75376,Familial drusen,ORPHA_91347,TSH-secreting pituitary adenoma,ORPHA_75376__ORPHA_91347
ORPHA_2271,Congenital ichthyosis-microcephalus-tetraplegia syndrome,ORPHA_99000,Adult-onset foveomacular vitelliform dystrophy,ORPHA_2271__ORPHA_99000
ORPHA_2200,Focal palmoplantar and gingival keratoderma,ORPHA_98964,Lattice corneal dystrophy type I,ORPHA_2200__ORPHA_98964
ORPHA_254854,Pure mitochondrial myopathy,ORPHA_70587,Infant acute respiratory distress syndrome,ORPHA_70587__ORPHA_254854
ORPHA_364055,Severe early-childhood-onset retinal dystrophy,ORPHA_99947,Autosomal dominant Charcot-Marie-Tooth disease type 2A2,ORPHA_99947__ORPHA_364055
ORPHA_254854,Pure mitochondrial myopathy,ORPHA_530838,KRT1-related diffuse nonepidermolytic keratoderma,ORPHA_254854__ORPHA_530838
ORPHA_254854,Pure mitochondrial myopathy,ORPHA_2536,Microcornea-glaucoma-absent frontal sinuses syndrome,ORPHA_2536__ORPHA_254854
ORPHA_56425,Cold agglutinin disease,ORPHA_52427,Retinitis punctata albescens,ORPHA_52427__ORPHA_56425
ORPHA_1551,Familial benign copper deficiency,ORPHA_52417,MALT lymphoma,ORPHA_1551__ORPHA_52417
ORPHA_369840,TRAPPC11-related limb-girdle muscular dystrophy R18,ORPHA_52427,Retinitis punctata albescens,ORPHA_52427__ORPHA_369840
ORPHA_356996,ANK3-related intellectual disability-sleep disturbance syndrome,ORPHA_99000,Adult-onset foveomacular vitelliform dystrophy,ORPHA_99000__ORPHA_356996
ORPHA_231249,Hemoglobin E-beta-thalassemia syndrome,ORPHA_1243,Best vitelliform macular dystrophy,ORPHA_1243__ORPHA_231249
ORPHA_99000,Adult-onset foveomacular vitelliform dystrophy,ORPHA_100082,Neuroendocrine tumor of anal canal,ORPHA_99000__ORPHA_100082
ORPHA_90035,Paroxysmal cold hemoglobinuria,ORPHA_99939,Autosomal dominant Charcot-Marie-Tooth disease type 2E,ORPHA_90035__ORPHA_99939
ORPHA_1302,Cryptogenic organizing pneumonia,ORPHA_101081,Charcot-Marie-Tooth disease type 1A,ORPHA_1302__ORPHA_101081
ORPHA_98960,Thiel-Behnke corneal dystrophy,ORPHA_99940,Autosomal dominant Charcot-Marie-Tooth disease type 2F,ORPHA_98960__ORPHA_99940
ORPHA_2200,Focal palmoplantar and gingival keratoderma,ORPHA_99725,Pituitary gigantism,ORPHA_2200__ORPHA_99725
ORPHA_34516,DNAJB6-related limb-girdle muscular dystrophy D1,ORPHA_99931,Idiopathic pulmonary hemosiderosis,ORPHA_34516__ORPHA_99931
ORPHA_319514,Combined oxidative phosphorylation defect type 13,ORPHA_2032,Idiopathic pulmonary fibrosis,ORPHA_2032__ORPHA_319514
ORPHA_319514,Combined oxidative phosphorylation defect type 13,ORPHA_724,Idiopathic acute eosinophilic pneumonia,ORPHA_724__ORPHA_319514
ORPHA_254864,Mitochondrial myopathy with reversible cytochrome C oxidase deficiency,ORPHA_99725,Pituitary gigantism,ORPHA_99725__ORPHA_254864
ORPHA_399808,Male infertility with teratozoospermia due to single gene mutation,ORPHA_75378,Oligocone trichromacy,ORPHA_75378__ORPHA_399808
ORPHA_319600,Mendelian susceptibility to mycobacterial diseases due to partial IRF8 deficiency,ORPHA_99000,Adult-onset foveomacular vitelliform dystrophy,ORPHA_99000__ORPHA_319600
ORPHA_183707,Neutrophil immunodeficiency syndrome,ORPHA_1243,Best vitelliform macular dystrophy,ORPHA_1243__ORPHA_183707
ORPHA_293381,Epithelial recurrent erosion dystrophy,ORPHA_530838,KRT1-related diffuse nonepidermolytic keratoderma,ORPHA_293381__ORPHA_530838
ORPHA_2386,Leukoencephalopathy-palmoplantar keratoderma syndrome,ORPHA_98960,Thiel-Behnke corneal dystrophy,ORPHA_2386__ORPHA_98960
ORPHA_659,Mutilating palmoplantar keratoderma with periorificial keratotic plaques,ORPHA_488333,Autosomal dominant Charcot-Marie-Tooth disease type 2W,ORPHA_659__ORPHA_488333
ORPHA_99000,Adult-onset foveomacular vitelliform dystrophy,ORPHA_98760,Spinocerebellar ataxia type 8,ORPHA_98760__ORPHA_99000
ORPHA_501,Lafora disease,ORPHA_52417,MALT lymphoma,ORPHA_501__ORPHA_52417
ORPHA_254854,Pure mitochondrial myopathy,ORPHA_79127,Respiratory bronchiolitis-interstitial lung disease syndrome,ORPHA_79127__ORPHA_254854
ORPHA_98964,Lattice corneal dystrophy type I,ORPHA_99940,Autosomal dominant Charcot-Marie-Tooth disease type 2F,ORPHA_98964__ORPHA_99940
ORPHA_399805,Male infertility with azoospermia or oligozoospermia due to single gene mutation,ORPHA_724,Idiopathic acute eosinophilic pneumonia,ORPHA_724__ORPHA_399805
ORPHA_250989,1q21.1 microdeletion syndrome,ORPHA_254857,Lethal infantile mitochondrial myopathy,ORPHA_250989__ORPHA_254857
ORPHA_254857,Lethal infantile mitochondrial myopathy,ORPHA_3325,Heparin-induced thrombocytopenia,ORPHA_3325__ORPHA_254857
ORPHA_364055,Severe early-childhood-onset retinal dystrophy,ORPHA_98807,"Primary dystonia, DYT13 type",ORPHA_98807__ORPHA_364055
ORPHA_391,Classic Hodgkin lymphoma,ORPHA_1243,Best vitelliform macular dystrophy,ORPHA_391__ORPHA_1243
ORPHA_314647,Non-progressive cerebellar ataxia with intellectual disability,ORPHA_99000,Adult-onset foveomacular vitelliform dystrophy,ORPHA_99000__ORPHA_314647
ORPHA_329478,Adult-onset distal myopathy due to VCP mutation,ORPHA_545,Follicular lymphoma,ORPHA_545__ORPHA_329478
ORPHA_2330,Kasabach-Merritt syndrome,ORPHA_369840,TRAPPC11-related limb-girdle muscular dystrophy R18,ORPHA_2330__ORPHA_369840
ORPHA_94122,"Cerebellar ataxia, Cayman type",ORPHA_99000,Adult-onset foveomacular vitelliform dystrophy,ORPHA_94122__ORPHA_99000
ORPHA_254857,Lethal infantile mitochondrial myopathy,ORPHA_99950,Charcot-Marie-Tooth disease type 4D,ORPHA_99950__ORPHA_254857
ORPHA_545,Follicular lymphoma,ORPHA_91495,Persistent hyperplastic primary vitreous,ORPHA_545__ORPHA_91495
ORPHA_269,Facioscapulohumeral dystrophy,ORPHA_545,Follicular lymphoma,ORPHA_269__ORPHA_545
ORPHA_250999,1q41q42 microdeletion syndrome,ORPHA_254854,Pure mitochondrial myopathy,ORPHA_250999__ORPHA_254854
ORPHA_329314,Adult-onset multiple mitochondrial DNA deletion syndrome due to DGUOK deficiency,ORPHA_98963,Granular corneal dystrophy type II,ORPHA_98963__ORPHA_329314
ORPHA_724,Idiopathic acute eosinophilic pneumonia,ORPHA_91347,TSH-secreting pituitary adenoma,ORPHA_724__ORPHA_91347
ORPHA_52417,MALT lymphoma,ORPHA_94125,Recessive mitochondrial ataxia syndrome,ORPHA_52417__ORPHA_94125
ORPHA_364055,Severe early-childhood-onset retinal dystrophy,ORPHA_412217,Dystonia-aphonia syndrome,ORPHA_364055__ORPHA_412217
ORPHA_370103,"Primary dystonia, DYT17 type",ORPHA_98964,Lattice corneal dystrophy type I,ORPHA_98964__ORPHA_370103
ORPHA_293603,Congenital hereditary endothelial dystrophy type II,ORPHA_99947,Autosomal dominant Charcot-Marie-Tooth disease type 2A2,ORPHA_99947__ORPHA_293603
ORPHA_88621,Ichthyosis-prematurity syndrome,ORPHA_98969,Macular corneal dystrophy,ORPHA_88621__ORPHA_98969
ORPHA_2584,Classic mycosis fungoides,ORPHA_99956,Charcot-Marie-Tooth disease type 4B2,ORPHA_2584__ORPHA_99956
ORPHA_206549,Anoctamin-5-related limb-girdle muscular dystrophy R12,ORPHA_52417,MALT lymphoma,ORPHA_52417__ORPHA_206549
ORPHA_319514,Combined oxidative phosphorylation defect type 13,ORPHA_97282,VIPoma,ORPHA_97282__ORPHA_319514
ORPHA_163721,Rolandic epilepsy-speech dyspraxia syndrome,ORPHA_99000,Adult-onset foveomacular vitelliform dystrophy,ORPHA_99000__ORPHA_163721
ORPHA_169189,Autosomal dominant centronuclear myopathy,ORPHA_91359,Chronic pneumonitis of infancy,ORPHA_91359__ORPHA_169189
ORPHA_316,Progressive symmetric erythrokeratodermia,ORPHA_99000,Adult-onset foveomacular vitelliform dystrophy,ORPHA_316__ORPHA_99000
ORPHA_55654,Hypotrichosis simplex,ORPHA_99000,Adult-onset foveomacular vitelliform dystrophy,ORPHA_55654__ORPHA_99000
ORPHA_75378,Oligocone trichromacy,ORPHA_99940,Autosomal dominant Charcot-Marie-Tooth disease type 2F,ORPHA_75378__ORPHA_99940
ORPHA_254854,Pure mitochondrial myopathy,ORPHA_98974,Fuchs endothelial corneal dystrophy,ORPHA_98974__ORPHA_254854
ORPHA_75378,Oligocone trichromacy,ORPHA_99944,Autosomal dominant Charcot-Marie-Tooth disease type 2K,ORPHA_75378__ORPHA_99944
ORPHA_635,Neuroblastoma,ORPHA_99000,Adult-onset foveomacular vitelliform dystrophy,ORPHA_635__ORPHA_99000
ORPHA_610,Bethlem myopathy,ORPHA_99725,Pituitary gigantism,ORPHA_610__ORPHA_99725
ORPHA_293381,Epithelial recurrent erosion dystrophy,ORPHA_464440,"Primary dystonia, DYT27 type",ORPHA_293381__ORPHA_464440
ORPHA_2584,Classic mycosis fungoides,ORPHA_98963,Granular corneal dystrophy type II,ORPHA_2584__ORPHA_98963
ORPHA_75565,Tropical endomyocardial fibrosis,ORPHA_99000,Adult-onset foveomacular vitelliform dystrophy,ORPHA_75565__ORPHA_99000
ORPHA_1636,Distal monosomy 7q36,ORPHA_254854,Pure mitochondrial myopathy,ORPHA_1636__ORPHA_254854
ORPHA_370103,"Primary dystonia, DYT17 type",ORPHA_293381,Epithelial recurrent erosion dystrophy,ORPHA_293381__ORPHA_370103
ORPHA_91347,TSH-secreting pituitary adenoma,ORPHA_101082,Charcot-Marie-Tooth disease type 1B,ORPHA_91347__ORPHA_101082
ORPHA_369840,TRAPPC11-related limb-girdle muscular dystrophy R18,ORPHA_90050,Retinopathy of prematurity,ORPHA_90050__ORPHA_369840
ORPHA_254864,Mitochondrial myopathy with reversible cytochrome C oxidase deficiency,ORPHA_276422,10q22.3q23.3 microduplication syndrome,ORPHA_254864__ORPHA_276422
ORPHA_70578,Adult acute respiratory distress syndrome,ORPHA_34516,DNAJB6-related limb-girdle muscular dystrophy D1,ORPHA_34516__ORPHA_70578
ORPHA_2200,Focal palmoplantar and gingival keratoderma,ORPHA_99000,Adult-onset foveomacular vitelliform dystrophy,ORPHA_2200__ORPHA_99000
ORPHA_2584,Classic mycosis fungoides,ORPHA_99947,Autosomal dominant Charcot-Marie-Tooth disease type 2A2,ORPHA_2584__ORPHA_99947
ORPHA_2330,Kasabach-Merritt syndrome,ORPHA_34516,DNAJB6-related limb-girdle muscular dystrophy D1,ORPHA_2330__ORPHA_34516
ORPHA_231401,Alpha-thalassemia-myelodysplastic syndrome,ORPHA_99000,Adult-onset foveomacular vitelliform dystrophy,ORPHA_99000__ORPHA_231401
ORPHA_254857,Lethal infantile mitochondrial myopathy,ORPHA_231445,Paraparetic variant of Guillain-Barr\xc3\xa9 syndrome,ORPHA_231445__ORPHA_254857
ORPHA_275,Severe combined immunodeficiency due to DCLRE1C deficiency,ORPHA_721,Gray platelet syndrome,ORPHA_275__ORPHA_721
ORPHA_163703,Febrile infection-related epilepsy syndrome,ORPHA_99000,Adult-onset foveomacular vitelliform dystrophy,ORPHA_99000__ORPHA_163703
ORPHA_488333,Autosomal dominant Charcot-Marie-Tooth disease type 2W,ORPHA_98963,Granular corneal dystrophy type II,ORPHA_98963__ORPHA_488333
ORPHA_466768,Autosomal dominant Charcot-Marie-Tooth disease type 2Z,ORPHA_91359,Chronic pneumonitis of infancy,ORPHA_91359__ORPHA_466768
ORPHA_98960,Thiel-Behnke corneal dystrophy,ORPHA_99939,Autosomal dominant Charcot-Marie-Tooth disease type 2E,ORPHA_98960__ORPHA_99939
ORPHA_254854,Pure mitochondrial myopathy,ORPHA_261483,Xq27.3q28 duplication syndrome,ORPHA_254854__ORPHA_261483
ORPHA_137596,Neurotrophic keratopathy,ORPHA_2200,Focal palmoplantar and gingival keratoderma,ORPHA_2200__ORPHA_137596
ORPHA_721,Gray platelet syndrome,ORPHA_52427,Retinitis punctata albescens,ORPHA_721__ORPHA_52427
ORPHA_369840,TRAPPC11-related limb-girdle muscular dystrophy R18,ORPHA_93126,Pauci-immune glomerulonephritis,ORPHA_93126__ORPHA_369840
ORPHA_370997,Muscle-eye-brain disease with bilateral multicystic leucodystrophy,ORPHA_99000,Adult-onset foveomacular vitelliform dystrophy,ORPHA_99000__ORPHA_370997
ORPHA_1243,Best vitelliform macular dystrophy,ORPHA_93126,Pauci-immune glomerulonephritis,ORPHA_1243__ORPHA_93126
ORPHA_2337,Non-epidermolytic palmoplantar keratoderma,ORPHA_293381,Epithelial recurrent erosion dystrophy,ORPHA_2337__ORPHA_293381
ORPHA_97282,VIPoma,ORPHA_99939,Autosomal dominant Charcot-Marie-Tooth disease type 2E,ORPHA_97282__ORPHA_99939
ORPHA_724,Idiopathic acute eosinophilic pneumonia,ORPHA_26792,Short chain acyl-CoA dehydrogenase deficiency,ORPHA_724__ORPHA_26792
ORPHA_254864,Mitochondrial myopathy with reversible cytochrome C oxidase deficiency,ORPHA_384,Huriez syndrome,ORPHA_384__ORPHA_254864
ORPHA_251623,Pituicytoma,ORPHA_75378,Oligocone trichromacy,ORPHA_75378__ORPHA_251623
ORPHA_247598,Neonatal intrahepatic cholestasis due to citrin deficiency,ORPHA_99725,Pituitary gigantism,ORPHA_99725__ORPHA_247598
ORPHA_34516,DNAJB6-related limb-girdle muscular dystrophy D1,ORPHA_90033,"Autoimmune hemolytic anemia, warm type",ORPHA_34516__ORPHA_90033
ORPHA_1215,Autosomal dominant optic atrophy plus syndrome,ORPHA_314769,Somatomammotropinoma,ORPHA_1215__ORPHA_314769
ORPHA_281090,Syndromic recessive X-linked ichthyosis,ORPHA_99725,Pituitary gigantism,ORPHA_99725__ORPHA_281090
ORPHA_724,Idiopathic acute eosinophilic pneumonia,ORPHA_99947,Autosomal dominant Charcot-Marie-Tooth disease type 2A2,ORPHA_724__ORPHA_99947
ORPHA_254857,Lethal infantile mitochondrial myopathy,ORPHA_319600,Mendelian susceptibility to mycobacterial diseases due to partial IRF8 deficiency,ORPHA_254857__ORPHA_319600
ORPHA_251623,Pituicytoma,ORPHA_98960,Thiel-Behnke corneal dystrophy,ORPHA_98960__ORPHA_251623
ORPHA_98962,Granular corneal dystrophy type I,ORPHA_98806,"Primary dystonia, DYT6 type",ORPHA_98806__ORPHA_98962
ORPHA_137599,Herpes simplex virus stromal keratitis,ORPHA_2337,Non-epidermolytic palmoplantar keratoderma,ORPHA_2337__ORPHA_137599
ORPHA_274,Bernard-Soulier syndrome,ORPHA_98969,Macular corneal dystrophy,ORPHA_274__ORPHA_98969
ORPHA_254854,Pure mitochondrial myopathy,ORPHA_96121,7q11.23 microduplication syndrome,ORPHA_96121__ORPHA_254854
ORPHA_79128,Lymphoid interstitial pneumonia,ORPHA_99947,Autosomal dominant Charcot-Marie-Tooth disease type 2A2,ORPHA_79128__ORPHA_99947
ORPHA_52417,MALT lymphoma,ORPHA_99947,Autosomal dominant Charcot-Marie-Tooth disease type 2A2,ORPHA_52417__ORPHA_99947
ORPHA_254854,Pure mitochondrial myopathy,ORPHA_261211,16p11.2p12.2 microdeletion syndrome,ORPHA_254854__ORPHA_261211
ORPHA_215,Congenital stationary night blindness,ORPHA_369840,TRAPPC11-related limb-girdle muscular dystrophy R18,ORPHA_215__ORPHA_369840
ORPHA_3162,S\xc3\xa9zary syndrome,ORPHA_34516,DNAJB6-related limb-girdle muscular dystrophy D1,ORPHA_3162__ORPHA_34516
ORPHA_88621,Ichthyosis-prematurity syndrome,ORPHA_97278,PPoma,ORPHA_88621__ORPHA_97278
ORPHA_90023,Primary immunodeficiency syndrome due to LAMTOR2 deficiency,ORPHA_99000,Adult-onset foveomacular vitelliform dystrophy,ORPHA_90023__ORPHA_99000
ORPHA_293381,Epithelial recurrent erosion dystrophy,ORPHA_99948,Charcot-Marie-Tooth disease type 4A,ORPHA_99948__ORPHA_293381
ORPHA_331206,Severe combined immunodeficiency due to complete RAG1/2 deficiency,ORPHA_369840,TRAPPC11-related limb-girdle muscular dystrophy R18,ORPHA_331206__ORPHA_369840
ORPHA_545,Follicular lymphoma,ORPHA_90673,Hypothyroidism due to TSH receptor mutations,ORPHA_545__ORPHA_90673
ORPHA_206549,Anoctamin-5-related limb-girdle muscular dystrophy R12,ORPHA_79127,Respiratory bronchiolitis-interstitial lung disease syndrome,ORPHA_79127__ORPHA_206549
ORPHA_3203,Overhydrated hereditary stomatocytosis,ORPHA_99000,Adult-onset foveomacular vitelliform dystrophy,ORPHA_3203__ORPHA_99000
ORPHA_293621,X-linked endothelial corneal dystrophy,ORPHA_466768,Autosomal dominant Charcot-Marie-Tooth disease type 2Z,ORPHA_293621__ORPHA_466768
ORPHA_276,T-B+ severe combined immunodeficiency due to gamma chain deficiency,ORPHA_369840,TRAPPC11-related limb-girdle muscular dystrophy R18,ORPHA_276__ORPHA_369840
ORPHA_34516,DNAJB6-related limb-girdle muscular dystrophy D1,ORPHA_99147,Acquired von Willebrand syndrome,ORPHA_34516__ORPHA_99147
ORPHA_328,Congenital factor X deficiency,ORPHA_99000,Adult-onset foveomacular vitelliform dystrophy,ORPHA_328__ORPHA_99000
ORPHA_369840,TRAPPC11-related limb-girdle muscular dystrophy R18,ORPHA_514,Acute monoblastic/monocytic leukemia,ORPHA_514__ORPHA_369840
ORPHA_98962,Granular corneal dystrophy type I,ORPHA_99939,Autosomal dominant Charcot-Marie-Tooth disease type 2E,ORPHA_98962__ORPHA_99939
ORPHA_97282,VIPoma,ORPHA_99949,Charcot-Marie-Tooth disease type 4C,ORPHA_97282__ORPHA_99949
ORPHA_329314,Adult-onset multiple mitochondrial DNA deletion syndrome due to DGUOK deficiency,ORPHA_293621,X-linked endothelial corneal dystrophy,ORPHA_293621__ORPHA_329314
ORPHA_99000,Adult-onset foveomacular vitelliform dystrophy,ORPHA_99931,Idiopathic pulmonary hemosiderosis,ORPHA_99000__ORPHA_99931
ORPHA_314769,Somatomammotropinoma,ORPHA_99953,Charcot-Marie-Tooth disease type 4G,ORPHA_99953__ORPHA_314769
ORPHA_724,Idiopathic acute eosinophilic pneumonia,ORPHA_530838,KRT1-related diffuse nonepidermolytic keratoderma,ORPHA_724__ORPHA_530838
ORPHA_313,Lamellar ichthyosis,ORPHA_99000,Adult-onset foveomacular vitelliform dystrophy,ORPHA_313__ORPHA_99000
ORPHA_52417,MALT lymphoma,ORPHA_90673,Hypothyroidism due to TSH receptor mutations,ORPHA_52417__ORPHA_90673
ORPHA_137596,Neurotrophic keratopathy,ORPHA_319514,Combined oxidative phosphorylation defect type 13,ORPHA_137596__ORPHA_319514
ORPHA_314769,Somatomammotropinoma,ORPHA_90035,Paroxysmal cold hemoglobinuria,ORPHA_90035__ORPHA_314769
ORPHA_724,Idiopathic acute eosinophilic pneumonia,ORPHA_98908,Neutral lipid storage myopathy,ORPHA_724__ORPHA_98908
ORPHA_319514,Combined oxidative phosphorylation defect type 13,ORPHA_91347,TSH-secreting pituitary adenoma,ORPHA_91347__ORPHA_319514
ORPHA_1332,Medullary thyroid carcinoma,ORPHA_99000,Adult-onset foveomacular vitelliform dystrophy,ORPHA_1332__ORPHA_99000
ORPHA_98969,Macular corneal dystrophy,ORPHA_99940,Autosomal dominant Charcot-Marie-Tooth disease type 2F,ORPHA_98969__ORPHA_99940
ORPHA_133,Chronic beryllium disease,ORPHA_99940,Autosomal dominant Charcot-Marie-Tooth disease type 2F,ORPHA_133__ORPHA_99940
ORPHA_137596,Neurotrophic keratopathy,ORPHA_99736,Acetazolamide-responsive myotonia,ORPHA_99736__ORPHA_137596
ORPHA_137596,Neurotrophic keratopathy,ORPHA_2201,Palmoplantar keratoderma-spastic paralysis syndrome,ORPHA_2201__ORPHA_137596
ORPHA_254857,Lethal infantile mitochondrial myopathy,ORPHA_98827,Unclassified myelodysplastic syndrome,ORPHA_98827__ORPHA_254857
ORPHA_52417,MALT lymphoma,ORPHA_98810,Paroxysmal non-kinesigenic dyskinesia,ORPHA_52417__ORPHA_98810
ORPHA_319514,Combined oxidative phosphorylation defect type 13,ORPHA_97261,GRFoma,ORPHA_97261__ORPHA_319514
ORPHA_827,Stargardt disease,ORPHA_256,Early-onset generalized limb-onset dystonia,ORPHA_256__ORPHA_827
ORPHA_281122,Self-improving collodion baby,ORPHA_724,Idiopathic acute eosinophilic pneumonia,ORPHA_724__ORPHA_281122
ORPHA_133,Chronic beryllium disease,ORPHA_99953,Charcot-Marie-Tooth disease type 4G,ORPHA_133__ORPHA_99953
ORPHA_79127,Respiratory bronchiolitis-interstitial lung disease syndrome,ORPHA_99947,Autosomal dominant Charcot-Marie-Tooth disease type 2A2,ORPHA_79127__ORPHA_99947
ORPHA_319514,Combined oxidative phosphorylation defect type 13,ORPHA_75376,Familial drusen,ORPHA_75376__ORPHA_319514
ORPHA_254854,Pure mitochondrial myopathy,ORPHA_98826,Refractory anemia,ORPHA_98826__ORPHA_254854
ORPHA_412217,Dystonia-aphonia syndrome,ORPHA_52417,MALT lymphoma,ORPHA_52417__ORPHA_412217
ORPHA_280763,Severe intellectual disability and progressive spastic paraplegia,ORPHA_99000,Adult-onset foveomacular vitelliform dystrophy,ORPHA_99000__ORPHA_280763
ORPHA_369840,TRAPPC11-related limb-girdle muscular dystrophy R18,ORPHA_97278,PPoma,ORPHA_97278__ORPHA_369840
ORPHA_137599,Herpes simplex virus stromal keratitis,ORPHA_312,Autosomal dominant epidermolytic ichthyosis,ORPHA_312__ORPHA_137599
ORPHA_179,Birdshot chorioretinopathy,ORPHA_721,Gray platelet syndrome,ORPHA_179__ORPHA_721
ORPHA_251056,6q25 microdeletion syndrome,ORPHA_254857,Lethal infantile mitochondrial myopathy,ORPHA_251056__ORPHA_254857
ORPHA_1243,Best vitelliform macular dystrophy,ORPHA_399808,Male infertility with teratozoospermia due to single gene mutation,ORPHA_1243__ORPHA_399808
ORPHA_352470,DNA2-related mitochondrial DNA deletion syndrome,ORPHA_98962,Granular corneal dystrophy type I,ORPHA_98962__ORPHA_352470
ORPHA_251643,Myxopapillary ependymoma,ORPHA_99000,Adult-onset foveomacular vitelliform dystrophy,ORPHA_99000__ORPHA_251643
ORPHA_370103,"Primary dystonia, DYT17 type",ORPHA_721,Gray platelet syndrome,ORPHA_721__ORPHA_370103
ORPHA_133,Chronic beryllium disease,ORPHA_99956,Charcot-Marie-Tooth disease type 4B2,ORPHA_133__ORPHA_99956
ORPHA_34516,DNAJB6-related limb-girdle muscular dystrophy D1,ORPHA_91347,TSH-secreting pituitary adenoma,ORPHA_34516__ORPHA_91347
ORPHA_254854,Pure mitochondrial myopathy,ORPHA_77301,Monosomy 9q22.3,ORPHA_77301__ORPHA_254854
ORPHA_319552,Mendelian susceptibility to mycobacterial diseases due to complete IL12RB1 deficiency,ORPHA_721,Gray platelet syndrome,ORPHA_721__ORPHA_319552
ORPHA_97280,Glucagonoma,ORPHA_98964,Lattice corneal dystrophy type I,ORPHA_97280__ORPHA_98964
ORPHA_293381,Epithelial recurrent erosion dystrophy,ORPHA_101082,Charcot-Marie-Tooth disease type 1B,ORPHA_101082__ORPHA_293381
ORPHA_369840,TRAPPC11-related limb-girdle muscular dystrophy R18,ORPHA_91347,TSH-secreting pituitary adenoma,ORPHA_91347__ORPHA_369840
ORPHA_79644,Autosomal recessive hyperinsulinism due to Kir6.2 deficiency,ORPHA_99000,Adult-onset foveomacular vitelliform dystrophy,ORPHA_79644__ORPHA_99000
ORPHA_254864,Mitochondrial myopathy with reversible cytochrome C oxidase deficiency,ORPHA_261311,20q13.33 microdeletion syndrome,ORPHA_254864__ORPHA_261311
ORPHA_254864,Mitochondrial myopathy with reversible cytochrome C oxidase deficiency,ORPHA_87503,Mal de Meleda,ORPHA_87503__ORPHA_254864
ORPHA_215,Congenital stationary night blindness,ORPHA_91347,TSH-secreting pituitary adenoma,ORPHA_215__ORPHA_91347
ORPHA_91347,TSH-secreting pituitary adenoma,ORPHA_99948,Charcot-Marie-Tooth disease type 4A,ORPHA_91347__ORPHA_99948
ORPHA_137596,Neurotrophic keratopathy,ORPHA_324442,Autosomal recessive axonal neuropathy with neuromyotonia,ORPHA_137596__ORPHA_324442
ORPHA_169189,Autosomal dominant centronuclear myopathy,ORPHA_79127,Respiratory bronchiolitis-interstitial lung disease syndrome,ORPHA_79127__ORPHA_169189
ORPHA_2302,Asbestos intoxication,ORPHA_435387,Autosomal dominant Charcot-Marie-Tooth disease type 2Y,ORPHA_2302__ORPHA_435387
ORPHA_364055,Severe early-childhood-onset retinal dystrophy,ORPHA_99657,"Primary dystonia, DYT2 type",ORPHA_99657__ORPHA_364055
ORPHA_206549,Anoctamin-5-related limb-girdle muscular dystrophy R12,ORPHA_97283,Somatostatinoma,ORPHA_97283__ORPHA_206549
ORPHA_314769,Somatomammotropinoma,ORPHA_99000,Adult-onset foveomacular vitelliform dystrophy,ORPHA_99000__ORPHA_314769
ORPHA_3002,Immune thrombocytopenia,ORPHA_52427,Retinitis punctata albescens,ORPHA_3002__ORPHA_52427
ORPHA_97261,GRFoma,ORPHA_99956,Charcot-Marie-Tooth disease type 4B2,ORPHA_97261__ORPHA_99956
ORPHA_412217,Dystonia-aphonia syndrome,ORPHA_724,Idiopathic acute eosinophilic pneumonia,ORPHA_724__ORPHA_412217
ORPHA_329314,Adult-onset multiple mitochondrial DNA deletion syndrome due to DGUOK deficiency,ORPHA_97278,PPoma,ORPHA_97278__ORPHA_329314
ORPHA_215,Congenital stationary night blindness,ORPHA_56425,Cold agglutinin disease,ORPHA_215__ORPHA_56425
ORPHA_51188,Ethylmalonic encephalopathy,ORPHA_99000,Adult-onset foveomacular vitelliform dystrophy,ORPHA_51188__ORPHA_99000
ORPHA_369840,TRAPPC11-related limb-girdle muscular dystrophy R18,ORPHA_97283,Somatostatinoma,ORPHA_97283__ORPHA_369840
ORPHA_34516,DNAJB6-related limb-girdle muscular dystrophy D1,ORPHA_90035,Paroxysmal cold hemoglobinuria,ORPHA_34516__ORPHA_90035
ORPHA_52417,MALT lymphoma,ORPHA_79395,Keratoderma hereditarium mutilans with ichthyosis,ORPHA_52417__ORPHA_79395
ORPHA_254854,Pure mitochondrial myopathy,ORPHA_98960,Thiel-Behnke corneal dystrophy,ORPHA_98960__ORPHA_254854
ORPHA_52417,MALT lymphoma,ORPHA_101112,Spinocerebellar ataxia type 26,ORPHA_52417__ORPHA_101112
ORPHA_319514,Combined oxidative phosphorylation defect type 13,ORPHA_98960,Thiel-Behnke corneal dystrophy,ORPHA_98960__ORPHA_319514
ORPHA_1302,Cryptogenic organizing pneumonia,ORPHA_99940,Autosomal dominant Charcot-Marie-Tooth disease type 2F,ORPHA_1302__ORPHA_99940
ORPHA_99000,Adult-onset foveomacular vitelliform dystrophy,ORPHA_99965,"b""O'Sullivan-McLeod syndrome""",ORPHA_99000__ORPHA_99965
ORPHA_384,Huriez syndrome,ORPHA_98960,Thiel-Behnke corneal dystrophy,ORPHA_384__ORPHA_98960
ORPHA_293603,Congenital hereditary endothelial dystrophy type II,ORPHA_87503,Mal de Meleda,ORPHA_87503__ORPHA_293603
ORPHA_306734,"Primary dystonia, DYT21 type",ORPHA_98962,Granular corneal dystrophy type I,ORPHA_98962__ORPHA_306734
ORPHA_208513,Spinocerebellar ataxia type 29,ORPHA_99000,Adult-onset foveomacular vitelliform dystrophy,ORPHA_99000__ORPHA_208513
ORPHA_169189,Autosomal dominant centronuclear myopathy,ORPHA_254857,Lethal infantile mitochondrial myopathy,ORPHA_169189__ORPHA_254857
ORPHA_254857,Lethal infantile mitochondrial myopathy,ORPHA_70587,Infant acute respiratory distress syndrome,ORPHA_70587__ORPHA_254857
ORPHA_466768,Autosomal dominant Charcot-Marie-Tooth disease type 2Z,ORPHA_70587,Infant acute respiratory distress syndrome,ORPHA_70587__ORPHA_466768
ORPHA_2199,Epidermolytic palmoplantar keratoderma,ORPHA_254854,Pure mitochondrial myopathy,ORPHA_2199__ORPHA_254854
ORPHA_369840,TRAPPC11-related limb-girdle muscular dystrophy R18,ORPHA_91359,Chronic pneumonitis of infancy,ORPHA_91359__ORPHA_369840
ORPHA_495,Transgrediens et progrediens palmoplantar keratoderma,ORPHA_98960,Thiel-Behnke corneal dystrophy,ORPHA_495__ORPHA_98960
ORPHA_280397,Familial Alzheimer-like prion disease,ORPHA_99000,Adult-onset foveomacular vitelliform dystrophy,ORPHA_99000__ORPHA_280397
ORPHA_435387,Autosomal dominant Charcot-Marie-Tooth disease type 2Y,ORPHA_90035,Paroxysmal cold hemoglobinuria,ORPHA_90035__ORPHA_435387
ORPHA_281127,Acral self-healing collodion baby,ORPHA_52416,Mantle cell lymphoma,ORPHA_52416__ORPHA_281127
ORPHA_75378,Oligocone trichromacy,ORPHA_52416,Mantle cell lymphoma,ORPHA_52416__ORPHA_75378
ORPHA_254857,Lethal infantile mitochondrial myopathy,ORPHA_99948,Charcot-Marie-Tooth disease type 4A,ORPHA_99948__ORPHA_254857
ORPHA_913,Zollinger-Ellison syndrome,ORPHA_329314,Adult-onset multiple mitochondrial DNA deletion syndrome due to DGUOK deficiency,ORPHA_913__ORPHA_329314
ORPHA_466768,Autosomal dominant Charcot-Marie-Tooth disease type 2Z,ORPHA_91348,Functioning gonadotropic adenoma,ORPHA_91348__ORPHA_466768
ORPHA_254854,Pure mitochondrial myopathy,ORPHA_86884,Subcutaneous panniculitis-like T-cell lymphoma,ORPHA_86884__ORPHA_254854
ORPHA_488333,Autosomal dominant Charcot-Marie-Tooth disease type 2W,ORPHA_98962,Granular corneal dystrophy type I,ORPHA_98962__ORPHA_488333
ORPHA_1551,Familial benign copper deficiency,ORPHA_99000,Adult-onset foveomacular vitelliform dystrophy,ORPHA_1551__ORPHA_99000
ORPHA_435387,Autosomal dominant Charcot-Marie-Tooth disease type 2Y,ORPHA_98960,Thiel-Behnke corneal dystrophy,ORPHA_98960__ORPHA_435387
ORPHA_52417,MALT lymphoma,ORPHA_98767,Spinocerebellar ataxia type 11,ORPHA_52417__ORPHA_98767
ORPHA_79480,Pemphigus erythematosus,ORPHA_99000,Adult-onset foveomacular vitelliform dystrophy,ORPHA_79480__ORPHA_99000
ORPHA_2334,Autosomal dominant keratitis,ORPHA_369840,TRAPPC11-related limb-girdle muscular dystrophy R18,ORPHA_2334__ORPHA_369840
ORPHA_2584,Classic mycosis fungoides,ORPHA_75378,Oligocone trichromacy,ORPHA_2584__ORPHA_75378
ORPHA_99000,Adult-onset foveomacular vitelliform dystrophy,ORPHA_100079,Neuroendocrine neoplasm of appendix,ORPHA_99000__ORPHA_100079
ORPHA_314769,Somatomammotropinoma,ORPHA_98807,"Primary dystonia, DYT13 type",ORPHA_98807__ORPHA_314769
ORPHA_70567,Cholangiocarcinoma,ORPHA_99000,Adult-onset foveomacular vitelliform dystrophy,ORPHA_70567__ORPHA_99000
ORPHA_827,Stargardt disease,ORPHA_97279,Insulinoma,ORPHA_827__ORPHA_97279
ORPHA_133,Chronic beryllium disease,ORPHA_99949,Charcot-Marie-Tooth disease type 4C,ORPHA_133__ORPHA_99949
ORPHA_2201,Palmoplantar keratoderma-spastic paralysis syndrome,ORPHA_254857,Lethal infantile mitochondrial myopathy,ORPHA_2201__ORPHA_254857
ORPHA_306734,"Primary dystonia, DYT21 type",ORPHA_721,Gray platelet syndrome,ORPHA_721__ORPHA_306734
ORPHA_293381,Epithelial recurrent erosion dystrophy,ORPHA_98806,"Primary dystonia, DYT6 type",ORPHA_98806__ORPHA_293381
ORPHA_435387,Autosomal dominant Charcot-Marie-Tooth disease type 2Y,ORPHA_98969,Macular corneal dystrophy,ORPHA_98969__ORPHA_435387
ORPHA_634,Netherton syndrome,ORPHA_99000,Adult-onset foveomacular vitelliform dystrophy,ORPHA_634__ORPHA_99000
ORPHA_329466,"Autosomal dominant focal dystonia, DYT25 type",ORPHA_364055,Severe early-childhood-onset retinal dystrophy,ORPHA_329466__ORPHA_364055
ORPHA_329466,"Autosomal dominant focal dystonia, DYT25 type",ORPHA_98964,Lattice corneal dystrophy type I,ORPHA_98964__ORPHA_329466
ORPHA_254854,Pure mitochondrial myopathy,ORPHA_179,Birdshot chorioretinopathy,ORPHA_179__ORPHA_254854
ORPHA_412217,Dystonia-aphonia syndrome,ORPHA_98962,Granular corneal dystrophy type I,ORPHA_98962__ORPHA_412217
ORPHA_90035,Paroxysmal cold hemoglobinuria,ORPHA_101082,Charcot-Marie-Tooth disease type 1B,ORPHA_90035__ORPHA_101082
ORPHA_363558,New-onset refractory status epilepticus,ORPHA_99000,Adult-onset foveomacular vitelliform dystrophy,ORPHA_99000__ORPHA_363558
ORPHA_369840,TRAPPC11-related limb-girdle muscular dystrophy R18,ORPHA_545,Follicular lymphoma,ORPHA_545__ORPHA_369840
ORPHA_254864,Mitochondrial myopathy with reversible cytochrome C oxidase deficiency,ORPHA_261112,Monosomy 9p,ORPHA_254864__ORPHA_261112
ORPHA_90037,Drug-induced autoimmune hemolytic anemia,ORPHA_99000,Adult-onset foveomacular vitelliform dystrophy,ORPHA_90037__ORPHA_99000
ORPHA_274,Bernard-Soulier syndrome,ORPHA_75378,Oligocone trichromacy,ORPHA_274__ORPHA_75378
ORPHA_97280,Glucagonoma,ORPHA_99947,Autosomal dominant Charcot-Marie-Tooth disease type 2A2,ORPHA_97280__ORPHA_99947
ORPHA_52417,MALT lymphoma,ORPHA_100997,X-linked spastic paraplegia type 16,ORPHA_52417__ORPHA_100997
ORPHA_3203,Overhydrated hereditary stomatocytosis,ORPHA_314769,Somatomammotropinoma,ORPHA_3203__ORPHA_314769
ORPHA_281127,Acral self-healing collodion baby,ORPHA_52417,MALT lymphoma,ORPHA_52417__ORPHA_281127
ORPHA_1216,Autosomal dominant congenital benign spinal muscular atrophy,ORPHA_52417,MALT lymphoma,ORPHA_1216__ORPHA_52417
ORPHA_399805,Male infertility with azoospermia or oligozoospermia due to single gene mutation,ORPHA_98960,Thiel-Behnke corneal dystrophy,ORPHA_98960__ORPHA_399805
ORPHA_133,Chronic beryllium disease,ORPHA_98964,Lattice corneal dystrophy type I,ORPHA_133__ORPHA_98964
ORPHA_34516,DNAJB6-related limb-girdle muscular dystrophy D1,ORPHA_86843,Acute panmyelosis with myelofibrosis,ORPHA_34516__ORPHA_86843
ORPHA_137599,Herpes simplex virus stromal keratitis,ORPHA_281090,Syndromic recessive X-linked ichthyosis,ORPHA_137599__ORPHA_281090
ORPHA_360,Glioblastoma,ORPHA_659,Mutilating palmoplantar keratoderma with periorificial keratotic plaques,ORPHA_360__ORPHA_659
ORPHA_137599,Herpes simplex virus stromal keratitis,ORPHA_263534,Acral peeling skin syndrome,ORPHA_137599__ORPHA_263534
ORPHA_99000,Adult-onset foveomacular vitelliform dystrophy,ORPHA_101112,Spinocerebellar ataxia type 26,ORPHA_99000__ORPHA_101112
ORPHA_254857,Lethal infantile mitochondrial myopathy,ORPHA_520,Acute promyelocytic leukemia,ORPHA_520__ORPHA_254857
ORPHA_137596,Neurotrophic keratopathy,ORPHA_101097,Autosomal recessive Charcot-Marie-Tooth disease with hoarseness,ORPHA_101097__ORPHA_137596
ORPHA_137599,Herpes simplex virus stromal keratitis,ORPHA_56425,Cold agglutinin disease,ORPHA_56425__ORPHA_137599
ORPHA_137599,Herpes simplex virus stromal keratitis,ORPHA_87503,Mal de Meleda,ORPHA_87503__ORPHA_137599
ORPHA_1752,Trisomy 8q,ORPHA_254864,Mitochondrial myopathy with reversible cytochrome C oxidase deficiency,ORPHA_1752__ORPHA_254864
ORPHA_352470,DNA2-related mitochondrial DNA deletion syndrome,ORPHA_97261,GRFoma,ORPHA_97261__ORPHA_352470
ORPHA_137596,Neurotrophic keratopathy,ORPHA_455,Superficial epidermolytic ichthyosis,ORPHA_455__ORPHA_137596
ORPHA_86923,"Hereditary palmoplantar keratoderma, Gamborg-Nielsen type",ORPHA_98969,Macular corneal dystrophy,ORPHA_86923__ORPHA_98969
ORPHA_329314,Adult-onset multiple mitochondrial DNA deletion syndrome due to DGUOK deficiency,ORPHA_79128,Lymphoid interstitial pneumonia,ORPHA_79128__ORPHA_329314
ORPHA_263534,Acral peeling skin syndrome,ORPHA_52416,Mantle cell lymphoma,ORPHA_52416__ORPHA_263534
ORPHA_314478,Ovarian fibrothecoma,ORPHA_99000,Adult-onset foveomacular vitelliform dystrophy,ORPHA_99000__ORPHA_314478
ORPHA_52417,MALT lymphoma,ORPHA_98805,"Primary dystonia, DYT4 type",ORPHA_52417__ORPHA_98805
ORPHA_724,Idiopathic acute eosinophilic pneumonia,ORPHA_90044,Familial pseudohyperkalemia,ORPHA_724__ORPHA_90044
ORPHA_352470,DNA2-related mitochondrial DNA deletion syndrome,ORPHA_545,Follicular lymphoma,ORPHA_545__ORPHA_352470
ORPHA_254854,Pure mitochondrial myopathy,ORPHA_99931,Idiopathic pulmonary hemosiderosis,ORPHA_99931__ORPHA_254854
ORPHA_369840,TRAPPC11-related limb-girdle muscular dystrophy R18,ORPHA_85128,Bothnia retinal dystrophy,ORPHA_85128__ORPHA_369840
ORPHA_254864,Mitochondrial myopathy with reversible cytochrome C oxidase deficiency,ORPHA_90050,Retinopathy of prematurity,ORPHA_90050__ORPHA_254864
ORPHA_137596,Neurotrophic keratopathy,ORPHA_97278,PPoma,ORPHA_97278__ORPHA_137596
ORPHA_364055,Severe early-childhood-onset retinal dystrophy,ORPHA_306734,"Primary dystonia, DYT21 type",ORPHA_306734__ORPHA_364055
ORPHA_369840,TRAPPC11-related limb-girdle muscular dystrophy R18,ORPHA_98960,Thiel-Behnke corneal dystrophy,ORPHA_98960__ORPHA_369840
ORPHA_137596,Neurotrophic keratopathy,ORPHA_3203,Overhydrated hereditary stomatocytosis,ORPHA_3203__ORPHA_137596
ORPHA_251046,6p22 microdeletion syndrome,ORPHA_254864,Mitochondrial myopathy with reversible cytochrome C oxidase deficiency,ORPHA_251046__ORPHA_254864
ORPHA_275,Severe combined immunodeficiency due to DCLRE1C deficiency,ORPHA_369840,TRAPPC11-related limb-girdle muscular dystrophy R18,ORPHA_275__ORPHA_369840
ORPHA_67042,Late-onset retinal degeneration,ORPHA_56425,Cold agglutinin disease,ORPHA_56425__ORPHA_67042
ORPHA_319514,Combined oxidative phosphorylation defect type 13,ORPHA_52417,MALT lymphoma,ORPHA_52417__ORPHA_319514
ORPHA_169189,Autosomal dominant centronuclear myopathy,ORPHA_98964,Lattice corneal dystrophy type I,ORPHA_98964__ORPHA_169189
ORPHA_724,Idiopathic acute eosinophilic pneumonia,ORPHA_99657,"Primary dystonia, DYT2 type",ORPHA_724__ORPHA_99657
ORPHA_352470,DNA2-related mitochondrial DNA deletion syndrome,ORPHA_52417,MALT lymphoma,ORPHA_52417__ORPHA_352470
ORPHA_363710,Spinocerebellar ataxia type 37,ORPHA_99000,Adult-onset foveomacular vitelliform dystrophy,ORPHA_99000__ORPHA_363710
ORPHA_545,Follicular lymphoma,ORPHA_98673,"Autosomal dominant optic atrophy, classic form",ORPHA_545__ORPHA_98673
ORPHA_178333,\xc3\x85land Islands eye disease,ORPHA_97279,Insulinoma,ORPHA_97279__ORPHA_178333
ORPHA_99000,Adult-onset foveomacular vitelliform dystrophy,ORPHA_100075,Neuroendocrine tumor of stomach,ORPHA_99000__ORPHA_100075
ORPHA_179,Birdshot chorioretinopathy,ORPHA_369840,TRAPPC11-related limb-girdle muscular dystrophy R18,ORPHA_179__ORPHA_369840
ORPHA_254857,Lethal infantile mitochondrial myopathy,ORPHA_99956,Charcot-Marie-Tooth disease type 4B2,ORPHA_99956__ORPHA_254857
ORPHA_320380,Autosomal recessive spastic paraplegia type 54,ORPHA_99000,Adult-onset foveomacular vitelliform dystrophy,ORPHA_99000__ORPHA_320380
ORPHA_133,Chronic beryllium disease,ORPHA_99948,Charcot-Marie-Tooth disease type 4A,ORPHA_133__ORPHA_99948
ORPHA_98807,"Primary dystonia, DYT13 type",ORPHA_98960,Thiel-Behnke corneal dystrophy,ORPHA_98807__ORPHA_98960
ORPHA_79126,Acute interstitial pneumonia,ORPHA_98969,Macular corneal dystrophy,ORPHA_79126__ORPHA_98969
ORPHA_369840,TRAPPC11-related limb-girdle muscular dystrophy R18,ORPHA_70587,Infant acute respiratory distress syndrome,ORPHA_70587__ORPHA_369840
ORPHA_329466,"Autosomal dominant focal dystonia, DYT25 type",ORPHA_98962,Granular corneal dystrophy type I,ORPHA_98962__ORPHA_329466
ORPHA_79399,"Autosomal dominant generalized epidermolysis bullosa simplex, intermediate form",ORPHA_99000,Adult-onset foveomacular vitelliform dystrophy,ORPHA_79399__ORPHA_99000
ORPHA_3002,Immune thrombocytopenia,ORPHA_1243,Best vitelliform macular dystrophy,ORPHA_1243__ORPHA_3002
ORPHA_52417,MALT lymphoma,ORPHA_98807,"Primary dystonia, DYT13 type",ORPHA_52417__ORPHA_98807
ORPHA_724,Idiopathic acute eosinophilic pneumonia,ORPHA_87503,Mal de Meleda,ORPHA_724__ORPHA_87503
ORPHA_853,Fetal and neonatal alloimmune thrombocytopenia,ORPHA_34516,DNAJB6-related limb-girdle muscular dystrophy D1,ORPHA_853__ORPHA_34516
ORPHA_137596,Neurotrophic keratopathy,ORPHA_98908,Neutral lipid storage myopathy,ORPHA_98908__ORPHA_137596
ORPHA_97279,Insulinoma,ORPHA_98974,Fuchs endothelial corneal dystrophy,ORPHA_97279__ORPHA_98974
ORPHA_369840,TRAPPC11-related limb-girdle muscular dystrophy R18,ORPHA_293603,Congenital hereditary endothelial dystrophy type II,ORPHA_293603__ORPHA_369840
ORPHA_254857,Lethal infantile mitochondrial myopathy,ORPHA_33402,Pediatric hepatocellular carcinoma,ORPHA_33402__ORPHA_254857
ORPHA_659,Mutilating palmoplantar keratoderma with periorificial keratotic plaques,ORPHA_52416,Mantle cell lymphoma,ORPHA_659__ORPHA_52416
ORPHA_2686,Cyclic neutropenia,ORPHA_99000,Adult-onset foveomacular vitelliform dystrophy,ORPHA_2686__ORPHA_99000
ORPHA_206549,Anoctamin-5-related limb-girdle muscular dystrophy R12,ORPHA_91359,Chronic pneumonitis of infancy,ORPHA_91359__ORPHA_206549
ORPHA_33355,Reticular dysgenesis,ORPHA_99000,Adult-onset foveomacular vitelliform dystrophy,ORPHA_33355__ORPHA_99000
ORPHA_466768,Autosomal dominant Charcot-Marie-Tooth disease type 2Z,ORPHA_97261,GRFoma,ORPHA_97261__ORPHA_466768
ORPHA_99000,Adult-onset foveomacular vitelliform dystrophy,ORPHA_99966,Atypical teratoid rhabdoid tumor,ORPHA_99000__ORPHA_99966
ORPHA_169160,T-B+ severe combined immunodeficiency due to CD3delta/CD3epsilon/CD3zeta,ORPHA_254864,Mitochondrial myopathy with reversible cytochrome C oxidase deficiency,ORPHA_169160__ORPHA_254864
ORPHA_320401,Autosomal recessive spastic paraplegia type 44,ORPHA_99000,Adult-onset foveomacular vitelliform dystrophy,ORPHA_99000__ORPHA_320401
ORPHA_251056,6q25 microdeletion syndrome,ORPHA_254854,Pure mitochondrial myopathy,ORPHA_251056__ORPHA_254854
ORPHA_52417,MALT lymphoma,ORPHA_50942,Striate palmoplantar keratoderma,ORPHA_50942__ORPHA_52417
ORPHA_215,Congenital stationary night blindness,ORPHA_256,Early-onset generalized limb-onset dystonia,ORPHA_215__ORPHA_256
ORPHA_293381,Epithelial recurrent erosion dystrophy,ORPHA_87503,Mal de Meleda,ORPHA_87503__ORPHA_293381
ORPHA_137596,Neurotrophic keratopathy,ORPHA_3115,Roussy-L\xc3\xa9vy syndrome,ORPHA_3115__ORPHA_137596
ORPHA_99000,Adult-onset foveomacular vitelliform dystrophy,ORPHA_101082,Charcot-Marie-Tooth disease type 1B,ORPHA_99000__ORPHA_101082
ORPHA_404499,Autosomal recessive cerebellar ataxia-epilepsy-intellectual disability syndrome due to RUBCN deficiency,ORPHA_99000,Adult-onset foveomacular vitelliform dystrophy,ORPHA_99000__ORPHA_404499
ORPHA_319514,Combined oxidative phosphorylation defect type 13,ORPHA_67042,Late-onset retinal degeneration,ORPHA_67042__ORPHA_319514
ORPHA_52417,MALT lymphoma,ORPHA_98912,"Late-onset distal myopathy, Markesbery-Griggs type",ORPHA_52417__ORPHA_98912
ORPHA_254854,Pure mitochondrial myopathy,ORPHA_314769,Somatomammotropinoma,ORPHA_254854__ORPHA_314769
ORPHA_314769,Somatomammotropinoma,ORPHA_370103,"Primary dystonia, DYT17 type",ORPHA_314769__ORPHA_370103
ORPHA_319514,Combined oxidative phosphorylation defect type 13,ORPHA_90035,Paroxysmal cold hemoglobinuria,ORPHA_90035__ORPHA_319514
ORPHA_90186,Meige disease,ORPHA_99000,Adult-onset foveomacular vitelliform dystrophy,ORPHA_90186__ORPHA_99000
ORPHA_435387,Autosomal dominant Charcot-Marie-Tooth disease type 2Y,ORPHA_91347,TSH-secreting pituitary adenoma,ORPHA_91347__ORPHA_435387
ORPHA_1695,Non-distal trisomy 10q,ORPHA_254864,Mitochondrial myopathy with reversible cytochrome C oxidase deficiency,ORPHA_1695__ORPHA_254864
ORPHA_87503,Mal de Meleda,ORPHA_98962,Granular corneal dystrophy type I,ORPHA_87503__ORPHA_98962
ORPHA_281090,Syndromic recessive X-linked ichthyosis,ORPHA_52417,MALT lymphoma,ORPHA_52417__ORPHA_281090
ORPHA_251038,3q29 microduplication syndrome,ORPHA_254864,Mitochondrial myopathy with reversible cytochrome C oxidase deficiency,ORPHA_251038__ORPHA_254864
ORPHA_79127,Respiratory bronchiolitis-interstitial lung disease syndrome,ORPHA_34516,DNAJB6-related limb-girdle muscular dystrophy D1,ORPHA_34516__ORPHA_79127
ORPHA_1598,Monosomy 18p,ORPHA_97279,Insulinoma,ORPHA_1598__ORPHA_97279
ORPHA_2386,Leukoencephalopathy-palmoplantar keratoderma syndrome,ORPHA_293381,Epithelial recurrent erosion dystrophy,ORPHA_2386__ORPHA_293381
ORPHA_319514,Combined oxidative phosphorylation defect type 13,ORPHA_98974,Fuchs endothelial corneal dystrophy,ORPHA_98974__ORPHA_319514
ORPHA_276575,Autosomal dominant hyperinsulinism due to SUR1 deficiency,ORPHA_99000,Adult-onset foveomacular vitelliform dystrophy,ORPHA_99000__ORPHA_276575
ORPHA_2386,Leukoencephalopathy-palmoplantar keratoderma syndrome,ORPHA_98964,Lattice corneal dystrophy type I,ORPHA_2386__ORPHA_98964
ORPHA_20,3-hydroxy-3-methylglutaric aciduria,ORPHA_99000,Adult-onset foveomacular vitelliform dystrophy,ORPHA_20__ORPHA_99000
ORPHA_399808,Male infertility with teratozoospermia due to single gene mutation,ORPHA_98962,Granular corneal dystrophy type I,ORPHA_98962__ORPHA_399808
ORPHA_137596,Neurotrophic keratopathy,ORPHA_399805,Male infertility with azoospermia or oligozoospermia due to single gene mutation,ORPHA_137596__ORPHA_399805
ORPHA_399805,Male infertility with azoospermia or oligozoospermia due to single gene mutation,ORPHA_545,Follicular lymphoma,ORPHA_545__ORPHA_399805
ORPHA_488333,Autosomal dominant Charcot-Marie-Tooth disease type 2W,ORPHA_79128,Lymphoid interstitial pneumonia,ORPHA_79128__ORPHA_488333
ORPHA_293621,X-linked endothelial corneal dystrophy,ORPHA_384,Huriez syndrome,ORPHA_384__ORPHA_293621
ORPHA_384,Huriez syndrome,ORPHA_98963,Granular corneal dystrophy type II,ORPHA_384__ORPHA_98963
ORPHA_137596,Neurotrophic keratopathy,ORPHA_33402,Pediatric hepatocellular carcinoma,ORPHA_33402__ORPHA_137596
ORPHA_52417,MALT lymphoma,ORPHA_87503,Mal de Meleda,ORPHA_52417__ORPHA_87503
ORPHA_91347,TSH-secreting pituitary adenoma,ORPHA_101085,Charcot-Marie-Tooth disease type 1F,ORPHA_91347__ORPHA_101085
ORPHA_2337,Non-epidermolytic palmoplantar keratoderma,ORPHA_98964,Lattice corneal dystrophy type I,ORPHA_2337__ORPHA_98964
ORPHA_180229,Polyembryoma,ORPHA_1243,Best vitelliform macular dystrophy,ORPHA_1243__ORPHA_180229
ORPHA_261476,Xp21 deletion syndrome,ORPHA_52417,MALT lymphoma,ORPHA_52417__ORPHA_261476
ORPHA_1302,Cryptogenic organizing pneumonia,ORPHA_99947,Autosomal dominant Charcot-Marie-Tooth disease type 2A2,ORPHA_1302__ORPHA_99947
ORPHA_274,Bernard-Soulier syndrome,ORPHA_99000,Adult-onset foveomacular vitelliform dystrophy,ORPHA_274__ORPHA_99000
ORPHA_364055,Severe early-childhood-onset retinal dystrophy,ORPHA_91347,TSH-secreting pituitary adenoma,ORPHA_91347__ORPHA_364055
ORPHA_2199,Epidermolytic palmoplantar keratoderma,ORPHA_98969,Macular corneal dystrophy,ORPHA_2199__ORPHA_98969
ORPHA_369840,TRAPPC11-related limb-girdle muscular dystrophy R18,ORPHA_99931,Idiopathic pulmonary hemosiderosis,ORPHA_99931__ORPHA_369840
ORPHA_137596,Neurotrophic keratopathy,ORPHA_101082,Charcot-Marie-Tooth disease type 1B,ORPHA_101082__ORPHA_137596
ORPHA_137596,Neurotrophic keratopathy,ORPHA_90117,"Hereditary motor and sensory neuropathy, Okinawa type",ORPHA_90117__ORPHA_137596
ORPHA_293381,Epithelial recurrent erosion dystrophy,ORPHA_306734,"Primary dystonia, DYT21 type",ORPHA_293381__ORPHA_306734
ORPHA_254857,Lethal infantile mitochondrial myopathy,ORPHA_1302,Cryptogenic organizing pneumonia,ORPHA_1302__ORPHA_254857
ORPHA_254854,Pure mitochondrial myopathy,ORPHA_399805,Male infertility with azoospermia or oligozoospermia due to single gene mutation,ORPHA_254854__ORPHA_399805
ORPHA_254854,Pure mitochondrial myopathy,ORPHA_93126,Pauci-immune glomerulonephritis,ORPHA_93126__ORPHA_254854
ORPHA_88621,Ichthyosis-prematurity syndrome,ORPHA_97279,Insulinoma,ORPHA_88621__ORPHA_97279
ORPHA_721,Gray platelet syndrome,ORPHA_97279,Insulinoma,ORPHA_721__ORPHA_97279
ORPHA_254854,Pure mitochondrial myopathy,ORPHA_96129,Distal monosomy 19p13.3,ORPHA_96129__ORPHA_254854
ORPHA_215,Congenital stationary night blindness,ORPHA_2584,Classic mycosis fungoides,ORPHA_215__ORPHA_2584
ORPHA_75378,Oligocone trichromacy,ORPHA_101082,Charcot-Marie-Tooth disease type 1B,ORPHA_75378__ORPHA_101082
ORPHA_1215,Autosomal dominant optic atrophy plus syndrome,ORPHA_545,Follicular lymphoma,ORPHA_545__ORPHA_1215
ORPHA_2942,Postpoliomyelitis syndrome,ORPHA_99000,Adult-onset foveomacular vitelliform dystrophy,ORPHA_2942__ORPHA_99000
ORPHA_33402,Pediatric hepatocellular carcinoma,ORPHA_99947,Autosomal dominant Charcot-Marie-Tooth disease type 2A2,ORPHA_33402__ORPHA_99947
ORPHA_2201,Palmoplantar keratoderma-spastic paralysis syndrome,ORPHA_98969,Macular corneal dystrophy,ORPHA_2201__ORPHA_98969
ORPHA_659,Mutilating palmoplantar keratoderma with periorificial keratotic plaques,ORPHA_721,Gray platelet syndrome,ORPHA_659__ORPHA_721
ORPHA_266,Autosomal dominant limb-girdle muscular dystrophy type 1A,ORPHA_99000,Adult-onset foveomacular vitelliform dystrophy,ORPHA_266__ORPHA_99000
ORPHA_319514,Combined oxidative phosphorylation defect type 13,ORPHA_97280,Glucagonoma,ORPHA_97280__ORPHA_319514
ORPHA_293381,Epithelial recurrent erosion dystrophy,ORPHA_420485,Cranio-cervical dystonia with laryngeal and upper-limb involvement,ORPHA_293381__ORPHA_420485
ORPHA_488594,Autosomal recessive spastic paraplegia type 76,ORPHA_99000,Adult-onset foveomacular vitelliform dystrophy,ORPHA_99000__ORPHA_488594
ORPHA_90117,"Hereditary motor and sensory neuropathy, Okinawa type",ORPHA_99000,Adult-onset foveomacular vitelliform dystrophy,ORPHA_90117__ORPHA_99000
ORPHA_137596,Neurotrophic keratopathy,ORPHA_2337,Non-epidermolytic palmoplantar keratoderma,ORPHA_2337__ORPHA_137596
ORPHA_157,Carnitine palmitoyltransferase II deficiency,ORPHA_99000,Adult-onset foveomacular vitelliform dystrophy,ORPHA_157__ORPHA_99000
ORPHA_466768,Autosomal dominant Charcot-Marie-Tooth disease type 2Z,ORPHA_97280,Glucagonoma,ORPHA_97280__ORPHA_466768
ORPHA_399805,Male infertility with azoospermia or oligozoospermia due to single gene mutation,ORPHA_75378,Oligocone trichromacy,ORPHA_75378__ORPHA_399805
ORPHA_2201,Palmoplantar keratoderma-spastic paralysis syndrome,ORPHA_98964,Lattice corneal dystrophy type I,ORPHA_2201__ORPHA_98964
ORPHA_11,Pentasomy X,ORPHA_254857,Lethal infantile mitochondrial myopathy,ORPHA_11__ORPHA_254857
ORPHA_1643,Xp22.3 microdeletion syndrome,ORPHA_254854,Pure mitochondrial myopathy,ORPHA_1643__ORPHA_254854
ORPHA_169189,Autosomal dominant centronuclear myopathy,ORPHA_97282,VIPoma,ORPHA_97282__ORPHA_169189
ORPHA_254857,Lethal infantile mitochondrial myopathy,ORPHA_99949,Charcot-Marie-Tooth disease type 4C,ORPHA_99949__ORPHA_254857
ORPHA_724,Idiopathic acute eosinophilic pneumonia,ORPHA_79503,Ichthyosis hystrix of Curth-Macklin,ORPHA_724__ORPHA_79503
ORPHA_293381,Epithelial recurrent erosion dystrophy,ORPHA_97280,Glucagonoma,ORPHA_97280__ORPHA_293381
ORPHA_827,Stargardt disease,ORPHA_384,Huriez syndrome,ORPHA_384__ORPHA_827
ORPHA_254864,Mitochondrial myopathy with reversible cytochrome C oxidase deficiency,ORPHA_261295,20p12.3 microdeletion syndrome,ORPHA_254864__ORPHA_261295
ORPHA_747,Autoimmune pulmonary alveolar proteinosis,ORPHA_34516,DNAJB6-related limb-girdle muscular dystrophy D1,ORPHA_747__ORPHA_34516
ORPHA_600,Vocal cord and pharyngeal distal myopathy,ORPHA_52417,MALT lymphoma,ORPHA_600__ORPHA_52417
ORPHA_312,Autosomal dominant epidermolytic ichthyosis,ORPHA_314769,Somatomammotropinoma,ORPHA_312__ORPHA_314769
ORPHA_33402,Pediatric hepatocellular carcinoma,ORPHA_99939,Autosomal dominant Charcot-Marie-Tooth disease type 2E,ORPHA_33402__ORPHA_99939
ORPHA_289266,Early-onset epileptic encephalopathy and intellectual disability due to GRIN2A mutation,ORPHA_99000,Adult-onset foveomacular vitelliform dystrophy,ORPHA_99000__ORPHA_289266
ORPHA_2253,Foveal hypoplasia-presenile cataract syndrome,ORPHA_254857,Lethal infantile mitochondrial myopathy,ORPHA_2253__ORPHA_254857
ORPHA_659,Mutilating palmoplantar keratoderma with periorificial keratotic plaques,ORPHA_99949,Charcot-Marie-Tooth disease type 4C,ORPHA_659__ORPHA_99949
ORPHA_142,Anaplastic thyroid carcinoma,ORPHA_99000,Adult-onset foveomacular vitelliform dystrophy,ORPHA_142__ORPHA_99000
ORPHA_97283,Somatostatinoma,ORPHA_99000,Adult-onset foveomacular vitelliform dystrophy,ORPHA_97283__ORPHA_99000
ORPHA_352470,DNA2-related mitochondrial DNA deletion syndrome,ORPHA_99000,Adult-onset foveomacular vitelliform dystrophy,ORPHA_99000__ORPHA_352470
ORPHA_254854,Pure mitochondrial myopathy,ORPHA_543,Burkitt lymphoma,ORPHA_543__ORPHA_254854
ORPHA_254857,Lethal infantile mitochondrial myopathy,ORPHA_261272,17q12 microduplication syndrome,ORPHA_254857__ORPHA_261272
ORPHA_329478,Adult-onset distal myopathy due to VCP mutation,ORPHA_724,Idiopathic acute eosinophilic pneumonia,ORPHA_724__ORPHA_329478
ORPHA_133,Chronic beryllium disease,ORPHA_319514,Combined oxidative phosphorylation defect type 13,ORPHA_133__ORPHA_319514
ORPHA_3000,Familial male-limited precocious puberty,ORPHA_99000,Adult-onset foveomacular vitelliform dystrophy,ORPHA_3000__ORPHA_99000
ORPHA_215,Congenital stationary night blindness,ORPHA_319514,Combined oxidative phosphorylation defect type 13,ORPHA_215__ORPHA_319514
ORPHA_364055,Severe early-childhood-onset retinal dystrophy,ORPHA_420485,Cranio-cervical dystonia with laryngeal and upper-limb involvement,ORPHA_364055__ORPHA_420485
ORPHA_231237,Delta-beta-thalassemia,ORPHA_1243,Best vitelliform macular dystrophy,ORPHA_1243__ORPHA_231237
ORPHA_466768,Autosomal dominant Charcot-Marie-Tooth disease type 2Z,ORPHA_545,Follicular lymphoma,ORPHA_545__ORPHA_466768
ORPHA_254864,Mitochondrial myopathy with reversible cytochrome C oxidase deficiency,ORPHA_88621,Ichthyosis-prematurity syndrome,ORPHA_88621__ORPHA_254864
ORPHA_99725,Pituitary gigantism,ORPHA_99735,Myotonia permanens,ORPHA_99725__ORPHA_99735
ORPHA_206549,Anoctamin-5-related limb-girdle muscular dystrophy R12,ORPHA_52416,Mantle cell lymphoma,ORPHA_52416__ORPHA_206549
ORPHA_97282,VIPoma,ORPHA_99947,Autosomal dominant Charcot-Marie-Tooth disease type 2A2,ORPHA_97282__ORPHA_99947
ORPHA_2302,Asbestos intoxication,ORPHA_99956,Charcot-Marie-Tooth disease type 4B2,ORPHA_2302__ORPHA_99956
ORPHA_384,Huriez syndrome,ORPHA_52416,Mantle cell lymphoma,ORPHA_384__ORPHA_52416
ORPHA_137599,Herpes simplex virus stromal keratitis,ORPHA_545,Follicular lymphoma,ORPHA_545__ORPHA_137599
ORPHA_329314,Adult-onset multiple mitochondrial DNA deletion syndrome due to DGUOK deficiency,ORPHA_545,Follicular lymphoma,ORPHA_545__ORPHA_329314
ORPHA_319514,Combined oxidative phosphorylation defect type 13,ORPHA_98962,Granular corneal dystrophy type I,ORPHA_98962__ORPHA_319514
ORPHA_98848,Indolent systemic mastocytosis,ORPHA_99000,Adult-onset foveomacular vitelliform dystrophy,ORPHA_98848__ORPHA_99000
ORPHA_935,Short-limb skeletal dysplasia with severe combined immunodeficiency,ORPHA_721,Gray platelet syndrome,ORPHA_721__ORPHA_935
ORPHA_545,Follicular lymphoma,ORPHA_488333,Autosomal dominant Charcot-Marie-Tooth disease type 2W,ORPHA_545__ORPHA_488333
ORPHA_99000,Adult-onset foveomacular vitelliform dystrophy,ORPHA_101110,Spinocerebellar ataxia type 20,ORPHA_99000__ORPHA_101110
ORPHA_314769,Somatomammotropinoma,ORPHA_99940,Autosomal dominant Charcot-Marie-Tooth disease type 2F,ORPHA_99940__ORPHA_314769
ORPHA_35,Propionic acidemia,ORPHA_99000,Adult-onset foveomacular vitelliform dystrophy,ORPHA_35__ORPHA_99000
ORPHA_98807,"Primary dystonia, DYT13 type",ORPHA_98969,Macular corneal dystrophy,ORPHA_98807__ORPHA_98969
ORPHA_319514,Combined oxidative phosphorylation defect type 13,ORPHA_91359,Chronic pneumonitis of infancy,ORPHA_91359__ORPHA_319514
ORPHA_1243,Best vitelliform macular dystrophy,ORPHA_70595,Sensory ataxic neuropathy-dysarthria-ophthalmoparesis syndrome,ORPHA_1243__ORPHA_70595
ORPHA_851,Paris-Trousseau thrombocytopenia,ORPHA_75376,Familial drusen,ORPHA_851__ORPHA_75376
ORPHA_495,Transgrediens et progrediens palmoplantar keratoderma,ORPHA_293621,X-linked endothelial corneal dystrophy,ORPHA_495__ORPHA_293621
ORPHA_133,Chronic beryllium disease,ORPHA_99947,Autosomal dominant Charcot-Marie-Tooth disease type 2A2,ORPHA_133__ORPHA_99947
ORPHA_281127,Acral self-healing collodion baby,ORPHA_724,Idiopathic acute eosinophilic pneumonia,ORPHA_724__ORPHA_281127
ORPHA_314769,Somatomammotropinoma,ORPHA_86918,Diffuse palmoplantar keratoderma-acrocyanosis syndrome,ORPHA_86918__ORPHA_314769
ORPHA_33408,Bullous lichen planus,ORPHA_99000,Adult-onset foveomacular vitelliform dystrophy,ORPHA_33408__ORPHA_99000
ORPHA_231249,Hemoglobin E-beta-thalassemia syndrome,ORPHA_99000,Adult-onset foveomacular vitelliform dystrophy,ORPHA_99000__ORPHA_231249
ORPHA_98969,Macular corneal dystrophy,ORPHA_98805,"Primary dystonia, DYT4 type",ORPHA_98805__ORPHA_98969
ORPHA_52416,Mantle cell lymphoma,ORPHA_98969,Macular corneal dystrophy,ORPHA_52416__ORPHA_98969
ORPHA_33402,Pediatric hepatocellular carcinoma,ORPHA_101081,Charcot-Marie-Tooth disease type 1A,ORPHA_33402__ORPHA_101081
ORPHA_91132,Ichthyosis-hypotrichosis syndrome,ORPHA_99000,Adult-onset foveomacular vitelliform dystrophy,ORPHA_91132__ORPHA_99000
ORPHA_254864,Mitochondrial myopathy with reversible cytochrome C oxidase deficiency,ORPHA_91347,TSH-secreting pituitary adenoma,ORPHA_91347__ORPHA_254864
ORPHA_319514,Combined oxidative phosphorylation defect type 13,ORPHA_33402,Pediatric hepatocellular carcinoma,ORPHA_33402__ORPHA_319514
ORPHA_488333,Autosomal dominant Charcot-Marie-Tooth disease type 2W,ORPHA_52417,MALT lymphoma,ORPHA_52417__ORPHA_488333
ORPHA_133,Chronic beryllium disease,ORPHA_466768,Autosomal dominant Charcot-Marie-Tooth disease type 2Z,ORPHA_133__ORPHA_466768
ORPHA_399808,Male infertility with teratozoospermia due to single gene mutation,ORPHA_99000,Adult-onset foveomacular vitelliform dystrophy,ORPHA_99000__ORPHA_399808
ORPHA_171881,Cap myopathy,ORPHA_99000,Adult-onset foveomacular vitelliform dystrophy,ORPHA_99000__ORPHA_171881
ORPHA_254857,Lethal infantile mitochondrial myopathy,ORPHA_99953,Charcot-Marie-Tooth disease type 4G,ORPHA_99953__ORPHA_254857
ORPHA_178333,\xc3\x85land Islands eye disease,ORPHA_384,Huriez syndrome,ORPHA_384__ORPHA_178333
ORPHA_256,Early-onset generalized limb-onset dystonia,ORPHA_98974,Fuchs endothelial corneal dystrophy,ORPHA_256__ORPHA_98974
ORPHA_137596,Neurotrophic keratopathy,ORPHA_97283,Somatostatinoma,ORPHA_97283__ORPHA_137596
ORPHA_52417,MALT lymphoma,ORPHA_95434,Autosomal recessive cerebellar ataxia-movement disorder syndrome,ORPHA_52417__ORPHA_95434
ORPHA_281122,Self-improving collodion baby,ORPHA_99725,Pituitary gigantism,ORPHA_99725__ORPHA_281122
ORPHA_724,Idiopathic acute eosinophilic pneumonia,ORPHA_384,Huriez syndrome,ORPHA_384__ORPHA_724
ORPHA_276575,Autosomal dominant hyperinsulinism due to SUR1 deficiency,ORPHA_52417,MALT lymphoma,ORPHA_52417__ORPHA_276575
ORPHA_254864,Mitochondrial myopathy with reversible cytochrome C oxidase deficiency,ORPHA_721,Gray platelet syndrome,ORPHA_721__ORPHA_254864
ORPHA_256,Early-onset generalized limb-onset dystonia,ORPHA_67042,Late-onset retinal degeneration,ORPHA_256__ORPHA_67042
ORPHA_724,Idiopathic acute eosinophilic pneumonia,ORPHA_659,Mutilating palmoplantar keratoderma with periorificial keratotic plaques,ORPHA_659__ORPHA_724
ORPHA_254854,Pure mitochondrial myopathy,ORPHA_384,Huriez syndrome,ORPHA_384__ORPHA_254854
ORPHA_98962,Granular corneal dystrophy type I,ORPHA_99947,Autosomal dominant Charcot-Marie-Tooth disease type 2A2,ORPHA_98962__ORPHA_99947
ORPHA_75373,Progressive bifocal chorioretinal atrophy,ORPHA_52417,MALT lymphoma,ORPHA_52417__ORPHA_75373
ORPHA_276580,Autosomal dominant hyperinsulinism due to Kir6.2 deficiency,ORPHA_99000,Adult-onset foveomacular vitelliform dystrophy,ORPHA_99000__ORPHA_276580
ORPHA_91347,TSH-secreting pituitary adenoma,ORPHA_98974,Fuchs endothelial corneal dystrophy,ORPHA_91347__ORPHA_98974
ORPHA_329314,Adult-onset multiple mitochondrial DNA deletion syndrome due to DGUOK deficiency,ORPHA_314769,Somatomammotropinoma,ORPHA_314769__ORPHA_329314
ORPHA_329314,Adult-onset multiple mitochondrial DNA deletion syndrome due to DGUOK deficiency,ORPHA_1302,Cryptogenic organizing pneumonia,ORPHA_1302__ORPHA_329314
ORPHA_169189,Autosomal dominant centronuclear myopathy,ORPHA_79128,Lymphoid interstitial pneumonia,ORPHA_79128__ORPHA_169189
ORPHA_517,Acute myelomonocytic leukemia,ORPHA_99000,Adult-onset foveomacular vitelliform dystrophy,ORPHA_517__ORPHA_99000
ORPHA_1617,2q24 microdeletion syndrome,ORPHA_254854,Pure mitochondrial myopathy,ORPHA_1617__ORPHA_254854
ORPHA_314769,Somatomammotropinoma,ORPHA_70587,Infant acute respiratory distress syndrome,ORPHA_70587__ORPHA_314769
ORPHA_52427,Retinitis punctata albescens,ORPHA_99949,Charcot-Marie-Tooth disease type 4C,ORPHA_52427__ORPHA_99949
ORPHA_52417,MALT lymphoma,ORPHA_98908,Neutral lipid storage myopathy,ORPHA_52417__ORPHA_98908
ORPHA_369840,TRAPPC11-related limb-girdle muscular dystrophy R18,ORPHA_91495,Persistent hyperplastic primary vitreous,ORPHA_91495__ORPHA_369840
ORPHA_137599,Herpes simplex virus stromal keratitis,ORPHA_79128,Lymphoid interstitial pneumonia,ORPHA_79128__ORPHA_137599
ORPHA_2201,Palmoplantar keratoderma-spastic paralysis syndrome,ORPHA_293381,Epithelial recurrent erosion dystrophy,ORPHA_2201__ORPHA_293381
ORPHA_2386,Leukoencephalopathy-palmoplantar keratoderma syndrome,ORPHA_98969,Macular corneal dystrophy,ORPHA_2386__ORPHA_98969
ORPHA_293621,X-linked endothelial corneal dystrophy,ORPHA_97279,Insulinoma,ORPHA_97279__ORPHA_293621
ORPHA_251014,2q31.1 microdeletion syndrome,ORPHA_254854,Pure mitochondrial myopathy,ORPHA_251014__ORPHA_254854
ORPHA_319600,Mendelian susceptibility to mycobacterial diseases due to partial IRF8 deficiency,ORPHA_75378,Oligocone trichromacy,ORPHA_75378__ORPHA_319600
ORPHA_98969,Macular corneal dystrophy,ORPHA_99950,Charcot-Marie-Tooth disease type 4D,ORPHA_98969__ORPHA_99950
ORPHA_495,Transgrediens et progrediens palmoplantar keratoderma,ORPHA_98962,Granular corneal dystrophy type I,ORPHA_495__ORPHA_98962
ORPHA_314769,Somatomammotropinoma,ORPHA_99736,Acetazolamide-responsive myotonia,ORPHA_99736__ORPHA_314769
ORPHA_610,Bethlem myopathy,ORPHA_52416,Mantle cell lymphoma,ORPHA_610__ORPHA_52416
ORPHA_70587,Infant acute respiratory distress syndrome,ORPHA_34516,DNAJB6-related limb-girdle muscular dystrophy D1,ORPHA_34516__ORPHA_70587
ORPHA_963,Acromegaly,ORPHA_42,Medium chain acyl-CoA dehydrogenase deficiency,ORPHA_42__ORPHA_963
ORPHA_369840,TRAPPC11-related limb-girdle muscular dystrophy R18,ORPHA_100078,Ileal neuroendocrine tumor,ORPHA_100078__ORPHA_369840
ORPHA_1243,Best vitelliform macular dystrophy,ORPHA_100997,X-linked spastic paraplegia type 16,ORPHA_1243__ORPHA_100997
ORPHA_319600,Mendelian susceptibility to mycobacterial diseases due to partial IRF8 deficiency,ORPHA_98962,Granular corneal dystrophy type I,ORPHA_98962__ORPHA_319600
ORPHA_2571,X-linked immunoneurologic disorder,ORPHA_1243,Best vitelliform macular dystrophy,ORPHA_1243__ORPHA_2571
ORPHA_724,Idiopathic acute eosinophilic pneumonia,ORPHA_98807,"Primary dystonia, DYT13 type",ORPHA_724__ORPHA_98807
ORPHA_495,Transgrediens et progrediens palmoplantar keratoderma,ORPHA_99000,Adult-onset foveomacular vitelliform dystrophy,ORPHA_495__ORPHA_99000
ORPHA_254864,Mitochondrial myopathy with reversible cytochrome C oxidase deficiency,ORPHA_65286,3q29 microdeletion syndrome,ORPHA_65286__ORPHA_254864
ORPHA_2302,Asbestos intoxication,ORPHA_466768,Autosomal dominant Charcot-Marie-Tooth disease type 2Z,ORPHA_2302__ORPHA_466768
ORPHA_98964,Lattice corneal dystrophy type I,ORPHA_99939,Autosomal dominant Charcot-Marie-Tooth disease type 2E,ORPHA_98964__ORPHA_99939
ORPHA_169189,Autosomal dominant centronuclear myopathy,ORPHA_1302,Cryptogenic organizing pneumonia,ORPHA_1302__ORPHA_169189
ORPHA_659,Mutilating palmoplantar keratoderma with periorificial keratotic plaques,ORPHA_97279,Insulinoma,ORPHA_659__ORPHA_97279
ORPHA_137596,Neurotrophic keratopathy,ORPHA_254854,Pure mitochondrial myopathy,ORPHA_137596__ORPHA_254854
ORPHA_169189,Autosomal dominant centronuclear myopathy,ORPHA_133,Chronic beryllium disease,ORPHA_133__ORPHA_169189
ORPHA_466768,Autosomal dominant Charcot-Marie-Tooth disease type 2Z,ORPHA_98974,Fuchs endothelial corneal dystrophy,ORPHA_98974__ORPHA_466768
ORPHA_1581,Non-distal monosomy 10q,ORPHA_254854,Pure mitochondrial myopathy,ORPHA_1581__ORPHA_254854
ORPHA_91348,Functioning gonadotropic adenoma,ORPHA_99000,Adult-onset foveomacular vitelliform dystrophy,ORPHA_91348__ORPHA_99000
ORPHA_75376,Familial drusen,ORPHA_52417,MALT lymphoma,ORPHA_52417__ORPHA_75376
ORPHA_56425,Cold agglutinin disease,ORPHA_98962,Granular corneal dystrophy type I,ORPHA_56425__ORPHA_98962
ORPHA_33111,Granulomatous slack skin,ORPHA_90035,Paroxysmal cold hemoglobinuria,ORPHA_33111__ORPHA_90035
ORPHA_2337,Non-epidermolytic palmoplantar keratoderma,ORPHA_721,Gray platelet syndrome,ORPHA_721__ORPHA_2337
ORPHA_312,Autosomal dominant epidermolytic ichthyosis,ORPHA_724,Idiopathic acute eosinophilic pneumonia,ORPHA_312__ORPHA_724
ORPHA_2584,Classic mycosis fungoides,ORPHA_293621,X-linked endothelial corneal dystrophy,ORPHA_2584__ORPHA_293621
ORPHA_530838,KRT1-related diffuse nonepidermolytic keratoderma,ORPHA_98969,Macular corneal dystrophy,ORPHA_98969__ORPHA_530838
ORPHA_254857,Lethal infantile mitochondrial myopathy,ORPHA_435387,Autosomal dominant Charcot-Marie-Tooth disease type 2Y,ORPHA_254857__ORPHA_435387
ORPHA_314769,Somatomammotropinoma,ORPHA_99939,Autosomal dominant Charcot-Marie-Tooth disease type 2E,ORPHA_99939__ORPHA_314769
ORPHA_79153,Idiopathic trachyonychia,ORPHA_99000,Adult-onset foveomacular vitelliform dystrophy,ORPHA_79153__ORPHA_99000
ORPHA_67036,Autosomal dominant optic atrophy and cataract,ORPHA_52417,MALT lymphoma,ORPHA_52417__ORPHA_67036
ORPHA_52417,MALT lymphoma,ORPHA_91354,Pituitary deficiency due to empty sella turcica syndrome,ORPHA_52417__ORPHA_91354
ORPHA_1215,Autosomal dominant optic atrophy plus syndrome,ORPHA_52416,Mantle cell lymphoma,ORPHA_1215__ORPHA_52416
ORPHA_254857,Lethal infantile mitochondrial myopathy,ORPHA_99147,Acquired von Willebrand syndrome,ORPHA_99147__ORPHA_254857
ORPHA_2302,Asbestos intoxication,ORPHA_99939,Autosomal dominant Charcot-Marie-Tooth disease type 2E,ORPHA_2302__ORPHA_99939
ORPHA_133,Chronic beryllium disease,ORPHA_435387,Autosomal dominant Charcot-Marie-Tooth disease type 2Y,ORPHA_133__ORPHA_435387
ORPHA_293381,Epithelial recurrent erosion dystrophy,ORPHA_488333,Autosomal dominant Charcot-Marie-Tooth disease type 2W,ORPHA_293381__ORPHA_488333
ORPHA_276198,Spinocerebellar ataxia type 36,ORPHA_52417,MALT lymphoma,ORPHA_52417__ORPHA_276198
ORPHA_455,Superficial epidermolytic ichthyosis,ORPHA_724,Idiopathic acute eosinophilic pneumonia,ORPHA_455__ORPHA_724
ORPHA_1745,Distal trisomy 6p,ORPHA_254864,Mitochondrial myopathy with reversible cytochrome C oxidase deficiency,ORPHA_1745__ORPHA_254864
ORPHA_2584,Classic mycosis fungoides,ORPHA_369840,TRAPPC11-related limb-girdle muscular dystrophy R18,ORPHA_2584__ORPHA_369840
ORPHA_276556,Hyperinsulinism due to UCP2 deficiency,ORPHA_52417,MALT lymphoma,ORPHA_52417__ORPHA_276556
ORPHA_352470,DNA2-related mitochondrial DNA deletion syndrome,ORPHA_79126,Acute interstitial pneumonia,ORPHA_79126__ORPHA_352470
ORPHA_254854,Pure mitochondrial myopathy,ORPHA_364055,Severe early-childhood-onset retinal dystrophy,ORPHA_254854__ORPHA_364055
ORPHA_254854,Pure mitochondrial myopathy,ORPHA_97282,VIPoma,ORPHA_97282__ORPHA_254854
ORPHA_1243,Best vitelliform macular dystrophy,ORPHA_98827,Unclassified myelodysplastic syndrome,ORPHA_1243__ORPHA_98827
ORPHA_98818,Landau-Kleffner syndrome,ORPHA_99000,Adult-onset foveomacular vitelliform dystrophy,ORPHA_98818__ORPHA_99000
ORPHA_97282,VIPoma,ORPHA_99000,Adult-onset foveomacular vitelliform dystrophy,ORPHA_97282__ORPHA_99000
ORPHA_2201,Palmoplantar keratoderma-spastic paralysis syndrome,ORPHA_75378,Oligocone trichromacy,ORPHA_2201__ORPHA_75378
ORPHA_369840,TRAPPC11-related limb-girdle muscular dystrophy R18,ORPHA_98974,Fuchs endothelial corneal dystrophy,ORPHA_98974__ORPHA_369840
ORPHA_369840,TRAPPC11-related limb-girdle muscular dystrophy R18,ORPHA_90033,"Autoimmune hemolytic anemia, warm type",ORPHA_90033__ORPHA_369840
ORPHA_2201,Palmoplantar keratoderma-spastic paralysis syndrome,ORPHA_99725,Pituitary gigantism,ORPHA_2201__ORPHA_99725
ORPHA_369840,TRAPPC11-related limb-girdle muscular dystrophy R18,ORPHA_520,Acute promyelocytic leukemia,ORPHA_520__ORPHA_369840
ORPHA_33402,Pediatric hepatocellular carcinoma,ORPHA_34516,DNAJB6-related limb-girdle muscular dystrophy D1,ORPHA_33402__ORPHA_34516
ORPHA_52417,MALT lymphoma,ORPHA_79503,Ichthyosis hystrix of Curth-Macklin,ORPHA_52417__ORPHA_79503
ORPHA_99000,Adult-onset foveomacular vitelliform dystrophy,ORPHA_101150,Autosomal recessive dopa-responsive dystonia,ORPHA_99000__ORPHA_101150
ORPHA_659,Mutilating palmoplantar keratoderma with periorificial keratotic plaques,ORPHA_99947,Autosomal dominant Charcot-Marie-Tooth disease type 2A2,ORPHA_659__ORPHA_99947
ORPHA_412217,Dystonia-aphonia syndrome,ORPHA_98964,Lattice corneal dystrophy type I,ORPHA_98964__ORPHA_412217
ORPHA_293381,Epithelial recurrent erosion dystrophy,ORPHA_659,Mutilating palmoplantar keratoderma with periorificial keratotic plaques,ORPHA_659__ORPHA_293381
ORPHA_495,Transgrediens et progrediens palmoplantar keratoderma,ORPHA_98963,Granular corneal dystrophy type II,ORPHA_495__ORPHA_98963
ORPHA_133,Chronic beryllium disease,ORPHA_137596,Neurotrophic keratopathy,ORPHA_133__ORPHA_137596
ORPHA_169189,Autosomal dominant centronuclear myopathy,ORPHA_75378,Oligocone trichromacy,ORPHA_75378__ORPHA_169189
ORPHA_466768,Autosomal dominant Charcot-Marie-Tooth disease type 2Z,ORPHA_75376,Familial drusen,ORPHA_75376__ORPHA_466768
ORPHA_384,Huriez syndrome,ORPHA_52417,MALT lymphoma,ORPHA_384__ORPHA_52417
ORPHA_206549,Anoctamin-5-related limb-girdle muscular dystrophy R12,ORPHA_70587,Infant acute respiratory distress syndrome,ORPHA_70587__ORPHA_206549
ORPHA_314769,Somatomammotropinoma,ORPHA_721,Gray platelet syndrome,ORPHA_721__ORPHA_314769
ORPHA_254857,Lethal infantile mitochondrial myopathy,ORPHA_412217,Dystonia-aphonia syndrome,ORPHA_254857__ORPHA_412217
ORPHA_659,Mutilating palmoplantar keratoderma with periorificial keratotic plaques,ORPHA_98964,Lattice corneal dystrophy type I,ORPHA_659__ORPHA_98964
ORPHA_724,Idiopathic acute eosinophilic pneumonia,ORPHA_98806,"Primary dystonia, DYT6 type",ORPHA_724__ORPHA_98806
ORPHA_827,Stargardt disease,ORPHA_2584,Classic mycosis fungoides,ORPHA_827__ORPHA_2584
ORPHA_88621,Ichthyosis-prematurity syndrome,ORPHA_97283,Somatostatinoma,ORPHA_88621__ORPHA_97283
ORPHA_79128,Lymphoid interstitial pneumonia,ORPHA_98969,Macular corneal dystrophy,ORPHA_79128__ORPHA_98969
ORPHA_133,Chronic beryllium disease,ORPHA_206549,Anoctamin-5-related limb-girdle muscular dystrophy R12,ORPHA_133__ORPHA_206549
ORPHA_399805,Male infertility with azoospermia or oligozoospermia due to single gene mutation,ORPHA_659,Mutilating palmoplantar keratoderma with periorificial keratotic plaques,ORPHA_659__ORPHA_399805
ORPHA_254864,Mitochondrial myopathy with reversible cytochrome C oxidase deficiency,ORPHA_424019,Squamous cell carcinoma of the anal canal,ORPHA_254864__ORPHA_424019
ORPHA_2302,Asbestos intoxication,ORPHA_99947,Autosomal dominant Charcot-Marie-Tooth disease type 2A2,ORPHA_2302__ORPHA_99947
ORPHA_488333,Autosomal dominant Charcot-Marie-Tooth disease type 2W,ORPHA_97280,Glucagonoma,ORPHA_97280__ORPHA_488333
ORPHA_314769,Somatomammotropinoma,ORPHA_281090,Syndromic recessive X-linked ichthyosis,ORPHA_281090__ORPHA_314769
ORPHA_247598,Neonatal intrahepatic cholestasis due to citrin deficiency,ORPHA_724,Idiopathic acute eosinophilic pneumonia,ORPHA_724__ORPHA_247598
ORPHA_93160,Hypocalcemic vitamin D-resistant rickets,ORPHA_99000,Adult-onset foveomacular vitelliform dystrophy,ORPHA_93160__ORPHA_99000
ORPHA_52427,Retinitis punctata albescens,ORPHA_91347,TSH-secreting pituitary adenoma,ORPHA_52427__ORPHA_91347
ORPHA_2584,Classic mycosis fungoides,ORPHA_98960,Thiel-Behnke corneal dystrophy,ORPHA_2584__ORPHA_98960
ORPHA_158684,Epidermolysis bullosa simplex with pyloric atresia,ORPHA_99000,Adult-onset foveomacular vitelliform dystrophy,ORPHA_99000__ORPHA_158684
ORPHA_488333,Autosomal dominant Charcot-Marie-Tooth disease type 2W,ORPHA_98969,Macular corneal dystrophy,ORPHA_98969__ORPHA_488333
ORPHA_360,Glioblastoma,ORPHA_52427,Retinitis punctata albescens,ORPHA_360__ORPHA_52427
ORPHA_544254,SYNGAP1-related developmental and epileptic encephalopathy,ORPHA_99000,Adult-onset foveomacular vitelliform dystrophy,ORPHA_99000__ORPHA_544254
ORPHA_256,Early-onset generalized limb-onset dystonia,ORPHA_293603,Congenital hereditary endothelial dystrophy type II,ORPHA_256__ORPHA_293603
ORPHA_3162,S\xc3\xa9zary syndrome,ORPHA_369840,TRAPPC11-related limb-girdle muscular dystrophy R18,ORPHA_3162__ORPHA_369840
ORPHA_435387,Autosomal dominant Charcot-Marie-Tooth disease type 2Y,ORPHA_98962,Granular corneal dystrophy type I,ORPHA_98962__ORPHA_435387
ORPHA_369840,TRAPPC11-related limb-girdle muscular dystrophy R18,ORPHA_49566,Acquired purpura fulminans,ORPHA_49566__ORPHA_369840
ORPHA_2584,Classic mycosis fungoides,ORPHA_67042,Late-onset retinal degeneration,ORPHA_2584__ORPHA_67042
ORPHA_420485,Cranio-cervical dystonia with laryngeal and upper-limb involvement,ORPHA_724,Idiopathic acute eosinophilic pneumonia,ORPHA_724__ORPHA_420485
ORPHA_293381,Epithelial recurrent erosion dystrophy,ORPHA_435387,Autosomal dominant Charcot-Marie-Tooth disease type 2Y,ORPHA_293381__ORPHA_435387
ORPHA_254864,Mitochondrial myopathy with reversible cytochrome C oxidase deficiency,ORPHA_98969,Macular corneal dystrophy,ORPHA_98969__ORPHA_254864
ORPHA_79503,Ichthyosis hystrix of Curth-Macklin,ORPHA_99000,Adult-onset foveomacular vitelliform dystrophy,ORPHA_79503__ORPHA_99000
ORPHA_331235,Selective IgM deficiency,ORPHA_99000,Adult-onset foveomacular vitelliform dystrophy,ORPHA_99000__ORPHA_331235
ORPHA_2302,Asbestos intoxication,ORPHA_98969,Macular corneal dystrophy,ORPHA_2302__ORPHA_98969
ORPHA_293603,Congenital hereditary endothelial dystrophy type II,ORPHA_384,Huriez syndrome,ORPHA_384__ORPHA_293603
ORPHA_226313,Congenital hypothyroidism due to maternal intake of antithyroid drugs,ORPHA_34516,DNAJB6-related limb-girdle muscular dystrophy D1,ORPHA_34516__ORPHA_226313
ORPHA_352470,DNA2-related mitochondrial DNA deletion syndrome,ORPHA_724,Idiopathic acute eosinophilic pneumonia,ORPHA_724__ORPHA_352470
ORPHA_95619,Post-traumatic pituitary deficiency,ORPHA_99000,Adult-onset foveomacular vitelliform dystrophy,ORPHA_95619__ORPHA_99000
ORPHA_364055,Severe early-childhood-onset retinal dystrophy,ORPHA_464440,"Primary dystonia, DYT27 type",ORPHA_364055__ORPHA_464440
ORPHA_254857,Lethal infantile mitochondrial myopathy,ORPHA_724,Idiopathic acute eosinophilic pneumonia,ORPHA_724__ORPHA_254857
ORPHA_399805,Male infertility with azoospermia or oligozoospermia due to single gene mutation,ORPHA_34516,DNAJB6-related limb-girdle muscular dystrophy D1,ORPHA_34516__ORPHA_399805
ORPHA_520,Acute promyelocytic leukemia,ORPHA_34516,DNAJB6-related limb-girdle muscular dystrophy D1,ORPHA_520__ORPHA_34516
ORPHA_254854,Pure mitochondrial myopathy,ORPHA_98964,Lattice corneal dystrophy type I,ORPHA_98964__ORPHA_254854
ORPHA_98962,Granular corneal dystrophy type I,ORPHA_99949,Charcot-Marie-Tooth disease type 4C,ORPHA_98962__ORPHA_99949
ORPHA_610,Bethlem myopathy,ORPHA_52417,MALT lymphoma,ORPHA_610__ORPHA_52417
ORPHA_254864,Mitochondrial myopathy with reversible cytochrome C oxidase deficiency,ORPHA_331206,Severe combined immunodeficiency due to complete RAG1/2 deficiency,ORPHA_254864__ORPHA_331206
ORPHA_11,Pentasomy X,ORPHA_254864,Mitochondrial myopathy with reversible cytochrome C oxidase deficiency,ORPHA_11__ORPHA_254864
ORPHA_420492,"Adult-onset cervical dystonia, DYT23 type",ORPHA_98962,Granular corneal dystrophy type I,ORPHA_98962__ORPHA_420492
ORPHA_369840,TRAPPC11-related limb-girdle muscular dystrophy R18,ORPHA_99000,Adult-onset foveomacular vitelliform dystrophy,ORPHA_99000__ORPHA_369840
ORPHA_254854,Pure mitochondrial myopathy,ORPHA_3162,S\xc3\xa9zary syndrome,ORPHA_3162__ORPHA_254854
ORPHA_724,Idiopathic acute eosinophilic pneumonia,ORPHA_99736,Acetazolamide-responsive myotonia,ORPHA_724__ORPHA_99736
ORPHA_254857,Lethal infantile mitochondrial myopathy,ORPHA_98826,Refractory anemia,ORPHA_98826__ORPHA_254857
ORPHA_314769,Somatomammotropinoma,ORPHA_86923,"Hereditary palmoplantar keratoderma, Gamborg-Nielsen type",ORPHA_86923__ORPHA_314769
ORPHA_2253,Foveal hypoplasia-presenile cataract syndrome,ORPHA_52416,Mantle cell lymphoma,ORPHA_2253__ORPHA_52416
ORPHA_424016,Adenocarcinoma of the anal canal,ORPHA_99000,Adult-onset foveomacular vitelliform dystrophy,ORPHA_99000__ORPHA_424016
ORPHA_34516,DNAJB6-related limb-girdle muscular dystrophy D1,ORPHA_97280,Glucagonoma,ORPHA_34516__ORPHA_97280
ORPHA_466768,Autosomal dominant Charcot-Marie-Tooth disease type 2Z,ORPHA_79128,Lymphoid interstitial pneumonia,ORPHA_79128__ORPHA_466768
ORPHA_1302,Cryptogenic organizing pneumonia,ORPHA_659,Mutilating palmoplantar keratoderma with periorificial keratotic plaques,ORPHA_659__ORPHA_1302
ORPHA_2200,Focal palmoplantar and gingival keratoderma,ORPHA_545,Follicular lymphoma,ORPHA_545__ORPHA_2200
ORPHA_1243,Best vitelliform macular dystrophy,ORPHA_399805,Male infertility with azoospermia or oligozoospermia due to single gene mutation,ORPHA_1243__ORPHA_399805
ORPHA_488333,Autosomal dominant Charcot-Marie-Tooth disease type 2W,ORPHA_98964,Lattice corneal dystrophy type I,ORPHA_98964__ORPHA_488333
ORPHA_52417,MALT lymphoma,ORPHA_79399,"Autosomal dominant generalized epidermolysis bullosa simplex, intermediate form",ORPHA_52417__ORPHA_79399
ORPHA_352470,DNA2-related mitochondrial DNA deletion syndrome,ORPHA_91347,TSH-secreting pituitary adenoma,ORPHA_91347__ORPHA_352470
ORPHA_424107,Congenital myopathy with myasthenic-like onset,ORPHA_52417,MALT lymphoma,ORPHA_52417__ORPHA_424107
ORPHA_520,Acute promyelocytic leukemia,ORPHA_99000,Adult-onset foveomacular vitelliform dystrophy,ORPHA_520__ORPHA_99000
ORPHA_319514,Combined oxidative phosphorylation defect type 13,ORPHA_75382,Oguchi disease,ORPHA_75382__ORPHA_319514
ORPHA_94080,Non-functioning paraganglioma,ORPHA_99000,Adult-onset foveomacular vitelliform dystrophy,ORPHA_94080__ORPHA_99000
ORPHA_369840,TRAPPC11-related limb-girdle muscular dystrophy R18,ORPHA_293381,Epithelial recurrent erosion dystrophy,ORPHA_293381__ORPHA_369840
ORPHA_324575,Hyperinsulinism due to HNF1A deficiency,ORPHA_52417,MALT lymphoma,ORPHA_52417__ORPHA_324575
ORPHA_466768,Autosomal dominant Charcot-Marie-Tooth disease type 2Z,ORPHA_33402,Pediatric hepatocellular carcinoma,ORPHA_33402__ORPHA_466768
ORPHA_88621,Ichthyosis-prematurity syndrome,ORPHA_99000,Adult-onset foveomacular vitelliform dystrophy,ORPHA_88621__ORPHA_99000
ORPHA_133,Chronic beryllium disease,ORPHA_369840,TRAPPC11-related limb-girdle muscular dystrophy R18,ORPHA_133__ORPHA_369840
ORPHA_2302,Asbestos intoxication,ORPHA_488333,Autosomal dominant Charcot-Marie-Tooth disease type 2W,ORPHA_2302__ORPHA_488333
ORPHA_65684,Monomelic amyotrophy,ORPHA_99000,Adult-onset foveomacular vitelliform dystrophy,ORPHA_65684__ORPHA_99000
ORPHA_543,Burkitt lymphoma,ORPHA_99000,Adult-onset foveomacular vitelliform dystrophy,ORPHA_543__ORPHA_99000
ORPHA_314769,Somatomammotropinoma,ORPHA_79128,Lymphoid interstitial pneumonia,ORPHA_79128__ORPHA_314769
ORPHA_169189,Autosomal dominant centronuclear myopathy,ORPHA_2302,Asbestos intoxication,ORPHA_2302__ORPHA_169189
ORPHA_488333,Autosomal dominant Charcot-Marie-Tooth disease type 2W,ORPHA_97261,GRFoma,ORPHA_97261__ORPHA_488333
ORPHA_254854,Pure mitochondrial myopathy,ORPHA_293381,Epithelial recurrent erosion dystrophy,ORPHA_254854__ORPHA_293381
ORPHA_99000,Adult-onset foveomacular vitelliform dystrophy,ORPHA_100976,Bathing suit ichthyosis,ORPHA_99000__ORPHA_100976
ORPHA_254864,Mitochondrial myopathy with reversible cytochrome C oxidase deficiency,ORPHA_3379,Distal trisomy 17q,ORPHA_3379__ORPHA_254864
ORPHA_369840,TRAPPC11-related limb-girdle muscular dystrophy R18,ORPHA_724,Idiopathic acute eosinophilic pneumonia,ORPHA_724__ORPHA_369840
ORPHA_399808,Male infertility with teratozoospermia due to single gene mutation,ORPHA_545,Follicular lymphoma,ORPHA_545__ORPHA_399808
ORPHA_369840,TRAPPC11-related limb-girdle muscular dystrophy R18,ORPHA_97261,GRFoma,ORPHA_97261__ORPHA_369840
ORPHA_88619,Familial acute necrotizing encephalopathy,ORPHA_99000,Adult-onset foveomacular vitelliform dystrophy,ORPHA_88619__ORPHA_99000
ORPHA_1243,Best vitelliform macular dystrophy,ORPHA_721,Gray platelet syndrome,ORPHA_721__ORPHA_1243
ORPHA_545,Follicular lymphoma,ORPHA_600,Vocal cord and pharyngeal distal myopathy,ORPHA_545__ORPHA_600
ORPHA_90035,Paroxysmal cold hemoglobinuria,ORPHA_98962,Granular corneal dystrophy type I,ORPHA_90035__ORPHA_98962
ORPHA_352470,DNA2-related mitochondrial DNA deletion syndrome,ORPHA_97282,VIPoma,ORPHA_97282__ORPHA_352470
ORPHA_721,Gray platelet syndrome,ORPHA_79127,Respiratory bronchiolitis-interstitial lung disease syndrome,ORPHA_721__ORPHA_79127
ORPHA_251636,Ependymoma,ORPHA_99000,Adult-onset foveomacular vitelliform dystrophy,ORPHA_99000__ORPHA_251636
ORPHA_610,Bethlem myopathy,ORPHA_99000,Adult-onset foveomacular vitelliform dystrophy,ORPHA_610__ORPHA_99000
ORPHA_1302,Cryptogenic organizing pneumonia,ORPHA_466768,Autosomal dominant Charcot-Marie-Tooth disease type 2Z,ORPHA_1302__ORPHA_466768
ORPHA_274,Bernard-Soulier syndrome,ORPHA_137596,Neurotrophic keratopathy,ORPHA_274__ORPHA_137596
ORPHA_352470,DNA2-related mitochondrial DNA deletion syndrome,ORPHA_98964,Lattice corneal dystrophy type I,ORPHA_98964__ORPHA_352470
ORPHA_34516,DNAJB6-related limb-girdle muscular dystrophy D1,ORPHA_98827,Unclassified myelodysplastic syndrome,ORPHA_34516__ORPHA_98827
ORPHA_137599,Herpes simplex virus stromal keratitis,ORPHA_319600,Mendelian susceptibility to mycobacterial diseases due to partial IRF8 deficiency,ORPHA_137599__ORPHA_319600
ORPHA_137599,Herpes simplex virus stromal keratitis,ORPHA_88621,Ichthyosis-prematurity syndrome,ORPHA_88621__ORPHA_137599
ORPHA_2349,Muscular pseudohypertrophy-hypothyroidism syndrome,ORPHA_52417,MALT lymphoma,ORPHA_2349__ORPHA_52417
ORPHA_659,Mutilating palmoplantar keratoderma with periorificial keratotic plaques,ORPHA_79126,Acute interstitial pneumonia,ORPHA_659__ORPHA_79126
ORPHA_329314,Adult-onset multiple mitochondrial DNA deletion syndrome due to DGUOK deficiency,ORPHA_97283,Somatostatinoma,ORPHA_97283__ORPHA_329314
ORPHA_1243,Best vitelliform macular dystrophy,ORPHA_79148,Elastosis perforans serpiginosa,ORPHA_1243__ORPHA_79148
ORPHA_90160,Pressure-induced localized lipoatrophy,ORPHA_99000,Adult-onset foveomacular vitelliform dystrophy,ORPHA_90160__ORPHA_99000
ORPHA_99000,Adult-onset foveomacular vitelliform dystrophy,ORPHA_101000,Autosomal recessive spastic paraplegia type 20,ORPHA_99000__ORPHA_101000
ORPHA_91348,Functioning gonadotropic adenoma,ORPHA_99947,Autosomal dominant Charcot-Marie-Tooth disease type 2A2,ORPHA_91348__ORPHA_99947
ORPHA_137599,Herpes simplex virus stromal keratitis,ORPHA_384,Huriez syndrome,ORPHA_384__ORPHA_137599
ORPHA_137596,Neurotrophic keratopathy,ORPHA_97261,GRFoma,ORPHA_97261__ORPHA_137596
ORPHA_369840,TRAPPC11-related limb-girdle muscular dystrophy R18,ORPHA_97282,VIPoma,ORPHA_97282__ORPHA_369840
ORPHA_52416,Mantle cell lymphoma,ORPHA_98912,"Late-onset distal myopathy, Markesbery-Griggs type",ORPHA_52416__ORPHA_98912
ORPHA_254343,Autosomal recessive spastic ataxia-optic atrophy-dysarthria syndrome,ORPHA_99000,Adult-onset foveomacular vitelliform dystrophy,ORPHA_99000__ORPHA_254343
ORPHA_137596,Neurotrophic keratopathy,ORPHA_88621,Ichthyosis-prematurity syndrome,ORPHA_88621__ORPHA_137596
ORPHA_79445,Pseudopseudohypoparathyroidism,ORPHA_99000,Adult-onset foveomacular vitelliform dystrophy,ORPHA_79445__ORPHA_99000
ORPHA_137599,Herpes simplex virus stromal keratitis,ORPHA_495,Transgrediens et progrediens palmoplantar keratoderma,ORPHA_495__ORPHA_137599
ORPHA_276,T-B+ severe combined immunodeficiency due to gamma chain deficiency,ORPHA_254864,Mitochondrial myopathy with reversible cytochrome C oxidase deficiency,ORPHA_276__ORPHA_254864
ORPHA_1302,Cryptogenic organizing pneumonia,ORPHA_34516,DNAJB6-related limb-girdle muscular dystrophy D1,ORPHA_1302__ORPHA_34516
ORPHA_254864,Mitochondrial myopathy with reversible cytochrome C oxidase deficiency,ORPHA_2584,Classic mycosis fungoides,ORPHA_2584__ORPHA_254864
ORPHA_364055,Severe early-childhood-onset retinal dystrophy,ORPHA_98805,"Primary dystonia, DYT4 type",ORPHA_98805__ORPHA_364055
ORPHA_133,Chronic beryllium disease,ORPHA_254854,Pure mitochondrial myopathy,ORPHA_133__ORPHA_254854
ORPHA_254864,Mitochondrial myopathy with reversible cytochrome C oxidase deficiency,ORPHA_99000,Adult-onset foveomacular vitelliform dystrophy,ORPHA_99000__ORPHA_254864
ORPHA_254854,Pure mitochondrial myopathy,ORPHA_853,Fetal and neonatal alloimmune thrombocytopenia,ORPHA_853__ORPHA_254854
ORPHA_254854,Pure mitochondrial myopathy,ORPHA_49566,Acquired purpura fulminans,ORPHA_49566__ORPHA_254854
ORPHA_88621,Ichthyosis-prematurity syndrome,ORPHA_97261,GRFoma,ORPHA_88621__ORPHA_97261
ORPHA_180229,Polyembryoma,ORPHA_34516,DNAJB6-related limb-girdle muscular dystrophy D1,ORPHA_34516__ORPHA_180229
ORPHA_90035,Paroxysmal cold hemoglobinuria,ORPHA_98969,Macular corneal dystrophy,ORPHA_90035__ORPHA_98969
ORPHA_137596,Neurotrophic keratopathy,ORPHA_79503,Ichthyosis hystrix of Curth-Macklin,ORPHA_79503__ORPHA_137596
ORPHA_293381,Epithelial recurrent erosion dystrophy,ORPHA_412217,Dystonia-aphonia syndrome,ORPHA_293381__ORPHA_412217
ORPHA_254854,Pure mitochondrial myopathy,ORPHA_52417,MALT lymphoma,ORPHA_52417__ORPHA_254854
ORPHA_79239,Classic galactosemia,ORPHA_99000,Adult-onset foveomacular vitelliform dystrophy,ORPHA_79239__ORPHA_99000
ORPHA_221098,Glossopharyngeal neuralgia,ORPHA_99000,Adult-onset foveomacular vitelliform dystrophy,ORPHA_99000__ORPHA_221098
ORPHA_488333,Autosomal dominant Charcot-Marie-Tooth disease type 2W,ORPHA_97282,VIPoma,ORPHA_97282__ORPHA_488333
ORPHA_178333,\xc3\x85land Islands eye disease,ORPHA_99956,Charcot-Marie-Tooth disease type 4B2,ORPHA_99956__ORPHA_178333
ORPHA_2593,Tubular aggregate myopathy,ORPHA_52416,Mantle cell lymphoma,ORPHA_2593__ORPHA_52416
ORPHA_274,Bernard-Soulier syndrome,ORPHA_2032,Idiopathic pulmonary fibrosis,ORPHA_274__ORPHA_2032
ORPHA_75378,Oligocone trichromacy,ORPHA_34516,DNAJB6-related limb-girdle muscular dystrophy D1,ORPHA_34516__ORPHA_75378
ORPHA_1243,Best vitelliform macular dystrophy,ORPHA_464321,Multifocal lymphangioendotheliomatosis-thrombocytopenia syndrome,ORPHA_1243__ORPHA_464321
ORPHA_91347,TSH-secreting pituitary adenoma,ORPHA_101081,Charcot-Marie-Tooth disease type 1A,ORPHA_91347__ORPHA_101081
ORPHA_251643,Myxopapillary ependymoma,ORPHA_721,Gray platelet syndrome,ORPHA_721__ORPHA_251643
ORPHA_724,Idiopathic acute eosinophilic pneumonia,ORPHA_97279,Insulinoma,ORPHA_724__ORPHA_97279
ORPHA_1598,Monosomy 18p,ORPHA_369840,TRAPPC11-related limb-girdle muscular dystrophy R18,ORPHA_1598__ORPHA_369840
ORPHA_95513,Panhypophysitis,ORPHA_99000,Adult-onset foveomacular vitelliform dystrophy,ORPHA_95513__ORPHA_99000
ORPHA_543,Burkitt lymphoma,ORPHA_34516,DNAJB6-related limb-girdle muscular dystrophy D1,ORPHA_543__ORPHA_34516
ORPHA_254854,Pure mitochondrial myopathy,ORPHA_2741,Ophthalmomandibulomelic dysplasia,ORPHA_2741__ORPHA_254854
ORPHA_1194,TMEM70-related mitochondrial encephalo-cardio-myopathy,ORPHA_99000,Adult-onset foveomacular vitelliform dystrophy,ORPHA_1194__ORPHA_99000
ORPHA_254864,Mitochondrial myopathy with reversible cytochrome C oxidase deficiency,ORPHA_238769,1q44 microdeletion syndrome,ORPHA_238769__ORPHA_254864
ORPHA_254854,Pure mitochondrial myopathy,ORPHA_75382,Oguchi disease,ORPHA_75382__ORPHA_254854
ORPHA_314769,Somatomammotropinoma,ORPHA_1302,Cryptogenic organizing pneumonia,ORPHA_1302__ORPHA_314769
ORPHA_2386,Leukoencephalopathy-palmoplantar keratoderma syndrome,ORPHA_254864,Mitochondrial myopathy with reversible cytochrome C oxidase deficiency,ORPHA_2386__ORPHA_254864
ORPHA_67042,Late-onset retinal degeneration,ORPHA_91347,TSH-secreting pituitary adenoma,ORPHA_67042__ORPHA_91347
ORPHA_166024,"Multiple epiphyseal dysplasia, Al-Gazali type",ORPHA_99000,Adult-onset foveomacular vitelliform dystrophy,ORPHA_99000__ORPHA_166024
ORPHA_319514,Combined oxidative phosphorylation defect type 13,ORPHA_293381,Epithelial recurrent erosion dystrophy,ORPHA_293381__ORPHA_319514
ORPHA_721,Gray platelet syndrome,ORPHA_93958,Oromandibular dystonia,ORPHA_721__ORPHA_93958
ORPHA_137596,Neurotrophic keratopathy,ORPHA_369840,TRAPPC11-related limb-girdle muscular dystrophy R18,ORPHA_137596__ORPHA_369840
ORPHA_721,Gray platelet syndrome,ORPHA_99000,Adult-onset foveomacular vitelliform dystrophy,ORPHA_721__ORPHA_99000
ORPHA_254854,Pure mitochondrial myopathy,ORPHA_545,Follicular lymphoma,ORPHA_545__ORPHA_254854
ORPHA_251282,Autosomal dominant spastic ataxia type 1,ORPHA_99000,Adult-onset foveomacular vitelliform dystrophy,ORPHA_99000__ORPHA_251282
ORPHA_137596,Neurotrophic keratopathy,ORPHA_721,Gray platelet syndrome,ORPHA_721__ORPHA_137596
ORPHA_682,Hyperkalemic periodic paralysis,ORPHA_52417,MALT lymphoma,ORPHA_682__ORPHA_52417
ORPHA_52416,Mantle cell lymphoma,ORPHA_95717,Idiopathic congenital hypothyroidism,ORPHA_52416__ORPHA_95717
ORPHA_2386,Leukoencephalopathy-palmoplantar keratoderma syndrome,ORPHA_254857,Lethal infantile mitochondrial myopathy,ORPHA_2386__ORPHA_254857
ORPHA_2965,Prolactinoma,ORPHA_319514,Combined oxidative phosphorylation defect type 13,ORPHA_2965__ORPHA_319514
ORPHA_329314,Adult-onset multiple mitochondrial DNA deletion syndrome due to DGUOK deficiency,ORPHA_33402,Pediatric hepatocellular carcinoma,ORPHA_33402__ORPHA_329314
ORPHA_99000,Adult-onset foveomacular vitelliform dystrophy,ORPHA_101028,Transaldolase deficiency,ORPHA_99000__ORPHA_101028
ORPHA_329314,Adult-onset multiple mitochondrial DNA deletion syndrome due to DGUOK deficiency,ORPHA_97280,Glucagonoma,ORPHA_97280__ORPHA_329314
ORPHA_178333,\xc3\x85land Islands eye disease,ORPHA_2584,Classic mycosis fungoides,ORPHA_2584__ORPHA_178333
ORPHA_157,Carnitine palmitoyltransferase II deficiency,ORPHA_52417,MALT lymphoma,ORPHA_157__ORPHA_52417
ORPHA_319514,Combined oxidative phosphorylation defect type 13,ORPHA_1302,Cryptogenic organizing pneumonia,ORPHA_1302__ORPHA_319514
ORPHA_659,Mutilating palmoplantar keratoderma with periorificial keratotic plaques,ORPHA_99000,Adult-onset foveomacular vitelliform dystrophy,ORPHA_659__ORPHA_99000
ORPHA_281090,Syndromic recessive X-linked ichthyosis,ORPHA_99000,Adult-onset foveomacular vitelliform dystrophy,ORPHA_99000__ORPHA_281090
ORPHA_2089,Glycogen storage disease due to hepatic glycogen synthase deficiency,ORPHA_99000,Adult-onset foveomacular vitelliform dystrophy,ORPHA_2089__ORPHA_99000
ORPHA_169189,Autosomal dominant centronuclear myopathy,ORPHA_98969,Macular corneal dystrophy,ORPHA_98969__ORPHA_169189
ORPHA_399805,Male infertility with azoospermia or oligozoospermia due to single gene mutation,ORPHA_98969,Macular corneal dystrophy,ORPHA_98969__ORPHA_399805
ORPHA_314769,Somatomammotropinoma,ORPHA_101097,Autosomal recessive Charcot-Marie-Tooth disease with hoarseness,ORPHA_101097__ORPHA_314769
ORPHA_352470,DNA2-related mitochondrial DNA deletion syndrome,ORPHA_293381,Epithelial recurrent erosion dystrophy,ORPHA_293381__ORPHA_352470
ORPHA_2584,Classic mycosis fungoides,ORPHA_98974,Fuchs endothelial corneal dystrophy,ORPHA_2584__ORPHA_98974
ORPHA_2584,Classic mycosis fungoides,ORPHA_329314,Adult-onset multiple mitochondrial DNA deletion syndrome due to DGUOK deficiency,ORPHA_2584__ORPHA_329314
ORPHA_2584,Classic mycosis fungoides,ORPHA_293603,Congenital hereditary endothelial dystrophy type II,ORPHA_2584__ORPHA_293603
ORPHA_352470,DNA2-related mitochondrial DNA deletion syndrome,ORPHA_79127,Respiratory bronchiolitis-interstitial lung disease syndrome,ORPHA_79127__ORPHA_352470
ORPHA_254361,Plectin-related limb-girdle muscular dystrophy R17,ORPHA_99000,Adult-onset foveomacular vitelliform dystrophy,ORPHA_99000__ORPHA_254361
ORPHA_266,Autosomal dominant limb-girdle muscular dystrophy type 1A,ORPHA_52417,MALT lymphoma,ORPHA_266__ORPHA_52417
ORPHA_2302,Asbestos intoxication,ORPHA_369840,TRAPPC11-related limb-girdle muscular dystrophy R18,ORPHA_2302__ORPHA_369840
ORPHA_724,Idiopathic acute eosinophilic pneumonia,ORPHA_71275,Rh deficiency syndrome,ORPHA_724__ORPHA_71275
ORPHA_314769,Somatomammotropinoma,ORPHA_482601,Adenylosuccinate synthetase-like 1-related distal myopathy,ORPHA_314769__ORPHA_482601
ORPHA_254864,Mitochondrial myopathy with reversible cytochrome C oxidase deficiency,ORPHA_86884,Subcutaneous panniculitis-like T-cell lymphoma,ORPHA_86884__ORPHA_254864
ORPHA_314473,Ovarian fibroma,ORPHA_99000,Adult-onset foveomacular vitelliform dystrophy,ORPHA_99000__ORPHA_314473
ORPHA_254854,Pure mitochondrial myopathy,ORPHA_91347,TSH-secreting pituitary adenoma,ORPHA_91347__ORPHA_254854
ORPHA_254854,Pure mitochondrial myopathy,ORPHA_261197,Proximal 16p11.2 microdeletion syndrome,ORPHA_254854__ORPHA_261197
ORPHA_206549,Anoctamin-5-related limb-girdle muscular dystrophy R12,ORPHA_79126,Acute interstitial pneumonia,ORPHA_79126__ORPHA_206549
ORPHA_98969,Macular corneal dystrophy,ORPHA_101085,Charcot-Marie-Tooth disease type 1F,ORPHA_98969__ORPHA_101085
ORPHA_254864,Mitochondrial myopathy with reversible cytochrome C oxidase deficiency,ORPHA_96121,7q11.23 microduplication syndrome,ORPHA_96121__ORPHA_254864
ORPHA_88,Idiopathic aplastic anemia,ORPHA_99000,Adult-onset foveomacular vitelliform dystrophy,ORPHA_88__ORPHA_99000
ORPHA_229717,Isolated agammaglobulinemia,ORPHA_1243,Best vitelliform macular dystrophy,ORPHA_1243__ORPHA_229717
ORPHA_85128,Bothnia retinal dystrophy,ORPHA_99956,Charcot-Marie-Tooth disease type 4B2,ORPHA_85128__ORPHA_99956
ORPHA_254864,Mitochondrial myopathy with reversible cytochrome C oxidase deficiency,ORPHA_318,Acute erythroid leukemia,ORPHA_318__ORPHA_254864
ORPHA_276580,Autosomal dominant hyperinsulinism due to Kir6.2 deficiency,ORPHA_52417,MALT lymphoma,ORPHA_52417__ORPHA_276580
ORPHA_254857,Lethal infantile mitochondrial myopathy,ORPHA_206549,Anoctamin-5-related limb-girdle muscular dystrophy R12,ORPHA_206549__ORPHA_254857
ORPHA_254857,Lethal infantile mitochondrial myopathy,ORPHA_99947,Autosomal dominant Charcot-Marie-Tooth disease type 2A2,ORPHA_99947__ORPHA_254857
ORPHA_206594,Subacute inflammatory demyelinating polyneuropathy,ORPHA_99000,Adult-onset foveomacular vitelliform dystrophy,ORPHA_99000__ORPHA_206594
ORPHA_238606,Primary orthostatic tremor,ORPHA_99000,Adult-onset foveomacular vitelliform dystrophy,ORPHA_99000__ORPHA_238606
ORPHA_254854,Pure mitochondrial myopathy,ORPHA_99000,Adult-onset foveomacular vitelliform dystrophy,ORPHA_99000__ORPHA_254854
ORPHA_1875,Congenital muscular dystrophy-infantile cataract-hypogonadism syndrome,ORPHA_314769,Somatomammotropinoma,ORPHA_1875__ORPHA_314769
ORPHA_369840,TRAPPC11-related limb-girdle muscular dystrophy R18,ORPHA_101096,Aregenerative anemia,ORPHA_101096__ORPHA_369840
ORPHA_79506,Cholesterol-ester transfer protein deficiency,ORPHA_99000,Adult-onset foveomacular vitelliform dystrophy,ORPHA_79506__ORPHA_99000
ORPHA_79481,Pemphigus foliaceus,ORPHA_99000,Adult-onset foveomacular vitelliform dystrophy,ORPHA_79481__ORPHA_99000
ORPHA_254864,Mitochondrial myopathy with reversible cytochrome C oxidase deficiency,ORPHA_314769,Somatomammotropinoma,ORPHA_254864__ORPHA_314769
ORPHA_99725,Pituitary gigantism,ORPHA_98908,Neutral lipid storage myopathy,ORPHA_98908__ORPHA_99725
ORPHA_98908,Neutral lipid storage myopathy,ORPHA_99000,Adult-onset foveomacular vitelliform dystrophy,ORPHA_98908__ORPHA_99000
ORPHA_2271,Congenital ichthyosis-microcephalus-tetraplegia syndrome,ORPHA_293381,Epithelial recurrent erosion dystrophy,ORPHA_2271__ORPHA_293381
ORPHA_79128,Lymphoid interstitial pneumonia,ORPHA_34516,DNAJB6-related limb-girdle muscular dystrophy D1,ORPHA_34516__ORPHA_79128
ORPHA_98878,Hemophilia A,ORPHA_99000,Adult-onset foveomacular vitelliform dystrophy,ORPHA_98878__ORPHA_99000
ORPHA_79141,Hereditary painful callosities,ORPHA_52417,MALT lymphoma,ORPHA_52417__ORPHA_79141
ORPHA_314769,Somatomammotropinoma,ORPHA_352470,DNA2-related mitochondrial DNA deletion syndrome,ORPHA_314769__ORPHA_352470
ORPHA_369840,TRAPPC11-related limb-girdle muscular dystrophy R18,ORPHA_853,Fetal and neonatal alloimmune thrombocytopenia,ORPHA_853__ORPHA_369840
ORPHA_677,Pancreatoblastoma,ORPHA_99000,Adult-onset foveomacular vitelliform dystrophy,ORPHA_677__ORPHA_99000
ORPHA_913,Zollinger-Ellison syndrome,ORPHA_659,Mutilating palmoplantar keratoderma with periorificial keratotic plaques,ORPHA_659__ORPHA_913
ORPHA_724,Idiopathic acute eosinophilic pneumonia,ORPHA_34516,DNAJB6-related limb-girdle muscular dystrophy D1,ORPHA_724__ORPHA_34516
ORPHA_2337,Non-epidermolytic palmoplantar keratoderma,ORPHA_52417,MALT lymphoma,ORPHA_2337__ORPHA_52417
ORPHA_52416,Mantle cell lymphoma,ORPHA_79503,Ichthyosis hystrix of Curth-Macklin,ORPHA_52416__ORPHA_79503
ORPHA_263534,Acral peeling skin syndrome,ORPHA_99000,Adult-onset foveomacular vitelliform dystrophy,ORPHA_99000__ORPHA_263534
ORPHA_314769,Somatomammotropinoma,ORPHA_75840,"Congenital muscular dystrophy, Ullrich type",ORPHA_75840__ORPHA_314769
ORPHA_3350,Tremor-nystagmus-duodenal ulcer syndrome,ORPHA_99000,Adult-onset foveomacular vitelliform dystrophy,ORPHA_3350__ORPHA_99000
ORPHA_2199,Epidermolytic palmoplantar keratoderma,ORPHA_545,Follicular lymphoma,ORPHA_545__ORPHA_2199
ORPHA_254857,Lethal infantile mitochondrial myopathy,ORPHA_75378,Oligocone trichromacy,ORPHA_75378__ORPHA_254857
ORPHA_254864,Mitochondrial myopathy with reversible cytochrome C oxidase deficiency,ORPHA_261236,16p13.11 microdeletion syndrome,ORPHA_254864__ORPHA_261236
ORPHA_52417,MALT lymphoma,ORPHA_91412,Marcus-Gunn syndrome,ORPHA_52417__ORPHA_91412
ORPHA_274,Bernard-Soulier syndrome,ORPHA_254857,Lethal infantile mitochondrial myopathy,ORPHA_274__ORPHA_254857
ORPHA_320396,Autosomal recessive spastic paraplegia type 45,ORPHA_99000,Adult-onset foveomacular vitelliform dystrophy,ORPHA_99000__ORPHA_320396
ORPHA_99000,Adult-onset foveomacular vitelliform dystrophy,ORPHA_98767,Spinocerebellar ataxia type 11,ORPHA_98767__ORPHA_99000
ORPHA_369840,TRAPPC11-related limb-girdle muscular dystrophy R18,ORPHA_91349,Non-functioning pituitary adenoma,ORPHA_91349__ORPHA_369840
ORPHA_466768,Autosomal dominant Charcot-Marie-Tooth disease type 2Z,ORPHA_97282,VIPoma,ORPHA_97282__ORPHA_466768
ORPHA_329314,Adult-onset multiple mitochondrial DNA deletion syndrome due to DGUOK deficiency,ORPHA_98974,Fuchs endothelial corneal dystrophy,ORPHA_98974__ORPHA_329314
ORPHA_52417,MALT lymphoma,ORPHA_95715,Congenital hypothyroidism due to transplacental passage of TSH-binding inhibitory antibodies,ORPHA_52417__ORPHA_95715
ORPHA_67048,3-methylglutaconic aciduria type 4,ORPHA_52416,Mantle cell lymphoma,ORPHA_52416__ORPHA_67048
ORPHA_3325,Heparin-induced thrombocytopenia,ORPHA_99000,Adult-onset foveomacular vitelliform dystrophy,ORPHA_3325__ORPHA_99000
ORPHA_455,Superficial epidermolytic ichthyosis,ORPHA_52417,MALT lymphoma,ORPHA_455__ORPHA_52417
ORPHA_2337,Non-epidermolytic palmoplantar keratoderma,ORPHA_52416,Mantle cell lymphoma,ORPHA_2337__ORPHA_52416
ORPHA_137596,Neurotrophic keratopathy,ORPHA_87503,Mal de Meleda,ORPHA_87503__ORPHA_137596
ORPHA_178333,\xc3\x85land Islands eye disease,ORPHA_91347,TSH-secreting pituitary adenoma,ORPHA_91347__ORPHA_178333
ORPHA_314769,Somatomammotropinoma,ORPHA_99950,Charcot-Marie-Tooth disease type 4D,ORPHA_99950__ORPHA_314769
ORPHA_488333,Autosomal dominant Charcot-Marie-Tooth disease type 2W,ORPHA_98960,Thiel-Behnke corneal dystrophy,ORPHA_98960__ORPHA_488333
ORPHA_98879,Hemophilia B,ORPHA_99000,Adult-onset foveomacular vitelliform dystrophy,ORPHA_98879__ORPHA_99000
ORPHA_123,Bj\xc3\xb6rnstad syndrome,ORPHA_99000,Adult-onset foveomacular vitelliform dystrophy,ORPHA_123__ORPHA_99000
ORPHA_399808,Male infertility with teratozoospermia due to single gene mutation,ORPHA_52417,MALT lymphoma,ORPHA_52417__ORPHA_399808
ORPHA_137596,Neurotrophic keratopathy,ORPHA_263534,Acral peeling skin syndrome,ORPHA_137596__ORPHA_263534
ORPHA_3002,Immune thrombocytopenia,ORPHA_2271,Congenital ichthyosis-microcephalus-tetraplegia syndrome,ORPHA_2271__ORPHA_3002
ORPHA_724,Idiopathic acute eosinophilic pneumonia,ORPHA_98912,"Late-onset distal myopathy, Markesbery-Griggs type",ORPHA_724__ORPHA_98912
ORPHA_2337,Non-epidermolytic palmoplantar keratoderma,ORPHA_98969,Macular corneal dystrophy,ORPHA_2337__ORPHA_98969
ORPHA_137596,Neurotrophic keratopathy,ORPHA_495,Transgrediens et progrediens palmoplantar keratoderma,ORPHA_495__ORPHA_137596
ORPHA_254854,Pure mitochondrial myopathy,ORPHA_724,Idiopathic acute eosinophilic pneumonia,ORPHA_724__ORPHA_254854
ORPHA_2302,Asbestos intoxication,ORPHA_314769,Somatomammotropinoma,ORPHA_2302__ORPHA_314769
ORPHA_59181,Sorsby pseudoinflammatory fundus dystrophy,ORPHA_52417,MALT lymphoma,ORPHA_52417__ORPHA_59181
ORPHA_399805,Male infertility with azoospermia or oligozoospermia due to single gene mutation,ORPHA_52416,Mantle cell lymphoma,ORPHA_52416__ORPHA_399805
ORPHA_293381,Epithelial recurrent erosion dystrophy,ORPHA_99657,"Primary dystonia, DYT2 type",ORPHA_99657__ORPHA_293381
ORPHA_93958,Oromandibular dystonia,ORPHA_98962,Granular corneal dystrophy type I,ORPHA_93958__ORPHA_98962
ORPHA_133,Chronic beryllium disease,ORPHA_34516,DNAJB6-related limb-girdle muscular dystrophy D1,ORPHA_133__ORPHA_34516
ORPHA_99000,Adult-onset foveomacular vitelliform dystrophy,ORPHA_100069,Semantic dementia,ORPHA_99000__ORPHA_100069
ORPHA_320360,MT-ATP6-related mitochondrial spastic paraplegia,ORPHA_99000,Adult-onset foveomacular vitelliform dystrophy,ORPHA_99000__ORPHA_320360
ORPHA_369840,TRAPPC11-related limb-girdle muscular dystrophy R18,ORPHA_364055,Severe early-childhood-onset retinal dystrophy,ORPHA_364055__ORPHA_369840
ORPHA_2584,Classic mycosis fungoides,ORPHA_466768,Autosomal dominant Charcot-Marie-Tooth disease type 2Z,ORPHA_2584__ORPHA_466768
ORPHA_70587,Infant acute respiratory distress syndrome,ORPHA_98969,Macular corneal dystrophy,ORPHA_70587__ORPHA_98969
ORPHA_254864,Mitochondrial myopathy with reversible cytochrome C oxidase deficiency,ORPHA_2965,Prolactinoma,ORPHA_2965__ORPHA_254864
ORPHA_254864,Mitochondrial myopathy with reversible cytochrome C oxidase deficiency,ORPHA_853,Fetal and neonatal alloimmune thrombocytopenia,ORPHA_853__ORPHA_254864
ORPHA_2271,Congenital ichthyosis-microcephalus-tetraplegia syndrome,ORPHA_545,Follicular lymphoma,ORPHA_545__ORPHA_2271
ORPHA_29073,Multiple myeloma,ORPHA_99000,Adult-onset foveomacular vitelliform dystrophy,ORPHA_29073__ORPHA_99000
ORPHA_206549,Anoctamin-5-related limb-girdle muscular dystrophy R12,ORPHA_97261,GRFoma,ORPHA_97261__ORPHA_206549
ORPHA_488333,Autosomal dominant Charcot-Marie-Tooth disease type 2W,ORPHA_33402,Pediatric hepatocellular carcinoma,ORPHA_33402__ORPHA_488333
ORPHA_137596,Neurotrophic keratopathy,ORPHA_360,Glioblastoma,ORPHA_360__ORPHA_137596
ORPHA_158684,Epidermolysis bullosa simplex with pyloric atresia,ORPHA_52417,MALT lymphoma,ORPHA_52417__ORPHA_158684
ORPHA_98960,Thiel-Behnke corneal dystrophy,ORPHA_99949,Charcot-Marie-Tooth disease type 4C,ORPHA_98960__ORPHA_99949
ORPHA_319514,Combined oxidative phosphorylation defect type 13,ORPHA_98964,Lattice corneal dystrophy type I,ORPHA_98964__ORPHA_319514
ORPHA_274,Bernard-Soulier syndrome,ORPHA_91359,Chronic pneumonitis of infancy,ORPHA_274__ORPHA_91359
ORPHA_3002,Immune thrombocytopenia,ORPHA_137596,Neurotrophic keratopathy,ORPHA_3002__ORPHA_137596
ORPHA_329466,"Autosomal dominant focal dystonia, DYT25 type",ORPHA_724,Idiopathic acute eosinophilic pneumonia,ORPHA_724__ORPHA_329466
ORPHA_254854,Pure mitochondrial myopathy,ORPHA_96148,Distal monosomy 10q,ORPHA_96148__ORPHA_254854
ORPHA_3115,Roussy-L\xc3\xa9vy syndrome,ORPHA_314769,Somatomammotropinoma,ORPHA_3115__ORPHA_314769
ORPHA_137599,Herpes simplex virus stromal keratitis,ORPHA_99956,Charcot-Marie-Tooth disease type 4B2,ORPHA_99956__ORPHA_137599
ORPHA_98963,Granular corneal dystrophy type II,ORPHA_99956,Charcot-Marie-Tooth disease type 4B2,ORPHA_98963__ORPHA_99956
ORPHA_46532,Hereditary persistence of fetal hemoglobin-beta-thalassemia syndrome,ORPHA_99000,Adult-onset foveomacular vitelliform dystrophy,ORPHA_46532__ORPHA_99000
ORPHA_466926,Seizures-scoliosis-macrocephaly syndrome,ORPHA_99000,Adult-onset foveomacular vitelliform dystrophy,ORPHA_99000__ORPHA_466926
ORPHA_178333,\xc3\x85land Islands eye disease,ORPHA_329314,Adult-onset multiple mitochondrial DNA deletion syndrome due to DGUOK deficiency,ORPHA_178333__ORPHA_329314
ORPHA_486,Autosomal dominant severe congenital neutropenia,ORPHA_254864,Mitochondrial myopathy with reversible cytochrome C oxidase deficiency,ORPHA_486__ORPHA_254864
ORPHA_254854,Pure mitochondrial myopathy,ORPHA_98962,Granular corneal dystrophy type I,ORPHA_98962__ORPHA_254854
ORPHA_56425,Cold agglutinin disease,ORPHA_99944,Autosomal dominant Charcot-Marie-Tooth disease type 2K,ORPHA_56425__ORPHA_99944
ORPHA_505,Graham Little-Piccardi-Lassueur syndrome,ORPHA_99000,Adult-onset foveomacular vitelliform dystrophy,ORPHA_505__ORPHA_99000
ORPHA_254864,Mitochondrial myopathy with reversible cytochrome C oxidase deficiency,ORPHA_228415,5q35 microduplication syndrome,ORPHA_228415__ORPHA_254864
ORPHA_254864,Mitochondrial myopathy with reversible cytochrome C oxidase deficiency,ORPHA_96129,Distal monosomy 19p13.3,ORPHA_96129__ORPHA_254864
ORPHA_99000,Adult-onset foveomacular vitelliform dystrophy,ORPHA_100986,Autosomal recessive spastic paraplegia type 5A,ORPHA_99000__ORPHA_100986
ORPHA_314769,Somatomammotropinoma,ORPHA_600,Vocal cord and pharyngeal distal myopathy,ORPHA_600__ORPHA_314769
ORPHA_137596,Neurotrophic keratopathy,ORPHA_488333,Autosomal dominant Charcot-Marie-Tooth disease type 2W,ORPHA_137596__ORPHA_488333
ORPHA_369840,TRAPPC11-related limb-girdle muscular dystrophy R18,ORPHA_79128,Lymphoid interstitial pneumonia,ORPHA_79128__ORPHA_369840
ORPHA_364055,Severe early-childhood-onset retinal dystrophy,ORPHA_420492,"Adult-onset cervical dystonia, DYT23 type",ORPHA_364055__ORPHA_420492
ORPHA_435387,Autosomal dominant Charcot-Marie-Tooth disease type 2Y,ORPHA_98964,Lattice corneal dystrophy type I,ORPHA_98964__ORPHA_435387
ORPHA_684,Paramyotonia congenita of Von Eulenburg,ORPHA_52417,MALT lymphoma,ORPHA_684__ORPHA_52417
ORPHA_384,Huriez syndrome,ORPHA_34516,DNAJB6-related limb-girdle muscular dystrophy D1,ORPHA_384__ORPHA_34516
ORPHA_91354,Pituitary deficiency due to empty sella turcica syndrome,ORPHA_99000,Adult-onset foveomacular vitelliform dystrophy,ORPHA_91354__ORPHA_99000
ORPHA_488333,Autosomal dominant Charcot-Marie-Tooth disease type 2W,ORPHA_52416,Mantle cell lymphoma,ORPHA_52416__ORPHA_488333
ORPHA_293381,Epithelial recurrent erosion dystrophy,ORPHA_420492,"Adult-onset cervical dystonia, DYT23 type",ORPHA_293381__ORPHA_420492
ORPHA_827,Stargardt disease,ORPHA_466768,Autosomal dominant Charcot-Marie-Tooth disease type 2Z,ORPHA_827__ORPHA_466768
ORPHA_352470,DNA2-related mitochondrial DNA deletion syndrome,ORPHA_1302,Cryptogenic organizing pneumonia,ORPHA_1302__ORPHA_352470
ORPHA_137596,Neurotrophic keratopathy,ORPHA_99947,Autosomal dominant Charcot-Marie-Tooth disease type 2A2,ORPHA_99947__ORPHA_137596
ORPHA_99147,Acquired von Willebrand syndrome,ORPHA_99000,Adult-onset foveomacular vitelliform dystrophy,ORPHA_99000__ORPHA_99147
ORPHA_352470,DNA2-related mitochondrial DNA deletion syndrome,ORPHA_98969,Macular corneal dystrophy,ORPHA_98969__ORPHA_352470
ORPHA_457,Harlequin ichthyosis,ORPHA_99000,Adult-onset foveomacular vitelliform dystrophy,ORPHA_457__ORPHA_99000
ORPHA_42,Medium chain acyl-CoA dehydrogenase deficiency,ORPHA_99000,Adult-onset foveomacular vitelliform dystrophy,ORPHA_42__ORPHA_99000
ORPHA_545,Follicular lymphoma,ORPHA_93958,Oromandibular dystonia,ORPHA_545__ORPHA_93958
ORPHA_87503,Mal de Meleda,ORPHA_98964,Lattice corneal dystrophy type I,ORPHA_87503__ORPHA_98964
ORPHA_137596,Neurotrophic keratopathy,ORPHA_63273,Distal myopathy with posterior leg and anterior hand involvement,ORPHA_63273__ORPHA_137596
ORPHA_251014,2q31.1 microdeletion syndrome,ORPHA_254864,Mitochondrial myopathy with reversible cytochrome C oxidase deficiency,ORPHA_251014__ORPHA_254864
ORPHA_251639,Subependymoma,ORPHA_254857,Lethal infantile mitochondrial myopathy,ORPHA_251639__ORPHA_254857
ORPHA_827,Stargardt disease,ORPHA_851,Paris-Trousseau thrombocytopenia,ORPHA_827__ORPHA_851
ORPHA_360,Glioblastoma,ORPHA_98964,Lattice corneal dystrophy type I,ORPHA_360__ORPHA_98964
ORPHA_98960,Thiel-Behnke corneal dystrophy,ORPHA_99947,Autosomal dominant Charcot-Marie-Tooth disease type 2A2,ORPHA_98960__ORPHA_99947
ORPHA_360,Glioblastoma,ORPHA_67042,Late-onset retinal degeneration,ORPHA_360__ORPHA_67042
ORPHA_1243,Best vitelliform macular dystrophy,ORPHA_99956,Charcot-Marie-Tooth disease type 4B2,ORPHA_1243__ORPHA_99956
ORPHA_420492,"Adult-onset cervical dystonia, DYT23 type",ORPHA_98964,Lattice corneal dystrophy type I,ORPHA_98964__ORPHA_420492
ORPHA_254864,Mitochondrial myopathy with reversible cytochrome C oxidase deficiency,ORPHA_33355,Reticular dysgenesis,ORPHA_33355__ORPHA_254864
ORPHA_659,Mutilating palmoplantar keratoderma with periorificial keratotic plaques,ORPHA_52417,MALT lymphoma,ORPHA_659__ORPHA_52417
ORPHA_254854,Pure mitochondrial myopathy,ORPHA_261204,16p11.2p12.2 microduplication syndrome,ORPHA_254854__ORPHA_261204
ORPHA_86893,Nodular lymphocyte predominant Hodgkin lymphoma,ORPHA_99000,Adult-onset foveomacular vitelliform dystrophy,ORPHA_86893__ORPHA_99000
ORPHA_293381,Epithelial recurrent erosion dystrophy,ORPHA_91347,TSH-secreting pituitary adenoma,ORPHA_91347__ORPHA_293381
ORPHA_137596,Neurotrophic keratopathy,ORPHA_79128,Lymphoid interstitial pneumonia,ORPHA_79128__ORPHA_137596
ORPHA_423296,Spinocerebellar ataxia type 38,ORPHA_99000,Adult-onset foveomacular vitelliform dystrophy,ORPHA_99000__ORPHA_423296
ORPHA_281122,Self-improving collodion baby,ORPHA_545,Follicular lymphoma,ORPHA_545__ORPHA_281122
ORPHA_721,Gray platelet syndrome,ORPHA_35078,T-B+ severe combined immunodeficiency due to JAK3 deficiency,ORPHA_721__ORPHA_35078
ORPHA_281090,Syndromic recessive X-linked ichthyosis,ORPHA_545,Follicular lymphoma,ORPHA_545__ORPHA_281090
ORPHA_2246,Cerebellar hypoplasia-tapetoretinal degeneration syndrome,ORPHA_254864,Mitochondrial myopathy with reversible cytochrome C oxidase deficiency,ORPHA_2246__ORPHA_254864
ORPHA_313,Lamellar ichthyosis,ORPHA_724,Idiopathic acute eosinophilic pneumonia,ORPHA_313__ORPHA_724
ORPHA_254864,Mitochondrial myopathy with reversible cytochrome C oxidase deficiency,ORPHA_86788,X-linked severe congenital neutropenia,ORPHA_86788__ORPHA_254864
ORPHA_251623,Pituicytoma,ORPHA_99000,Adult-onset foveomacular vitelliform dystrophy,ORPHA_99000__ORPHA_251623
ORPHA_254864,Mitochondrial myopathy with reversible cytochrome C oxidase deficiency,ORPHA_261483,Xq27.3q28 duplication syndrome,ORPHA_254864__ORPHA_261483
ORPHA_399808,Male infertility with teratozoospermia due to single gene mutation,ORPHA_99725,Pituitary gigantism,ORPHA_99725__ORPHA_399808
ORPHA_324442,Autosomal recessive axonal neuropathy with neuromyotonia,ORPHA_314769,Somatomammotropinoma,ORPHA_314769__ORPHA_324442
ORPHA_747,Autoimmune pulmonary alveolar proteinosis,ORPHA_721,Gray platelet syndrome,ORPHA_721__ORPHA_747
ORPHA_369840,TRAPPC11-related limb-girdle muscular dystrophy R18,ORPHA_90035,Paroxysmal cold hemoglobinuria,ORPHA_90035__ORPHA_369840
ORPHA_99000,Adult-onset foveomacular vitelliform dystrophy,ORPHA_101096,Aregenerative anemia,ORPHA_99000__ORPHA_101096
ORPHA_254864,Mitochondrial myopathy with reversible cytochrome C oxidase deficiency,ORPHA_93323,Fibular hemimelia,ORPHA_93323__ORPHA_254864
ORPHA_254864,Mitochondrial myopathy with reversible cytochrome C oxidase deficiency,ORPHA_514,Acute monoblastic/monocytic leukemia,ORPHA_514__ORPHA_254864
ORPHA_254854,Pure mitochondrial myopathy,ORPHA_90035,Paroxysmal cold hemoglobinuria,ORPHA_90035__ORPHA_254854
ORPHA_1243,Best vitelliform macular dystrophy,ORPHA_79301,Congenital bile acid synthesis defect type 1,ORPHA_1243__ORPHA_79301
ORPHA_506353,Autosomal recessive complex spastic paraplegia due to Kennedy pathway dysfunction,ORPHA_99000,Adult-onset foveomacular vitelliform dystrophy,ORPHA_99000__ORPHA_506353
ORPHA_3002,Immune thrombocytopenia,ORPHA_466768,Autosomal dominant Charcot-Marie-Tooth disease type 2Z,ORPHA_3002__ORPHA_466768
ORPHA_231242,Hemoglobin C-beta-thalassemia syndrome,ORPHA_99000,Adult-onset foveomacular vitelliform dystrophy,ORPHA_99000__ORPHA_231242
ORPHA_329314,Adult-onset multiple mitochondrial DNA deletion syndrome due to DGUOK deficiency,ORPHA_52416,Mantle cell lymphoma,ORPHA_52416__ORPHA_329314
ORPHA_420492,"Adult-onset cervical dystonia, DYT23 type",ORPHA_724,Idiopathic acute eosinophilic pneumonia,ORPHA_724__ORPHA_420492
ORPHA_2593,Tubular aggregate myopathy,ORPHA_724,Idiopathic acute eosinophilic pneumonia,ORPHA_724__ORPHA_2593
ORPHA_3203,Overhydrated hereditary stomatocytosis,ORPHA_724,Idiopathic acute eosinophilic pneumonia,ORPHA_724__ORPHA_3203
ORPHA_251937,Gangliocytoma,ORPHA_99000,Adult-onset foveomacular vitelliform dystrophy,ORPHA_99000__ORPHA_251937
ORPHA_251636,Ependymoma,ORPHA_254857,Lethal infantile mitochondrial myopathy,ORPHA_251636__ORPHA_254857
ORPHA_254854,Pure mitochondrial myopathy,ORPHA_90033,"Autoimmune hemolytic anemia, warm type",ORPHA_90033__ORPHA_254854
ORPHA_26792,Short chain acyl-CoA dehydrogenase deficiency,ORPHA_52416,Mantle cell lymphoma,ORPHA_26792__ORPHA_52416
ORPHA_98912,"Late-onset distal myopathy, Markesbery-Griggs type",ORPHA_99000,Adult-onset foveomacular vitelliform dystrophy,ORPHA_98912__ORPHA_99000
ORPHA_97261,GRFoma,ORPHA_99000,Adult-onset foveomacular vitelliform dystrophy,ORPHA_97261__ORPHA_99000
ORPHA_90368,Hypotrichosis simplex of the scalp,ORPHA_99000,Adult-onset foveomacular vitelliform dystrophy,ORPHA_90368__ORPHA_99000
ORPHA_1008,Alopecia-epilepsy-pyorrhea-intellectual disability syndrome,ORPHA_99000,Adult-onset foveomacular vitelliform dystrophy,ORPHA_1008__ORPHA_99000
ORPHA_319600,Mendelian susceptibility to mycobacterial diseases due to partial IRF8 deficiency,ORPHA_314769,Somatomammotropinoma,ORPHA_314769__ORPHA_319600
ORPHA_254857,Lethal infantile mitochondrial myopathy,ORPHA_488333,Autosomal dominant Charcot-Marie-Tooth disease type 2W,ORPHA_254857__ORPHA_488333
ORPHA_199299,Late-onset isolated ACTH deficiency,ORPHA_99000,Adult-onset foveomacular vitelliform dystrophy,ORPHA_99000__ORPHA_199299
ORPHA_171929,Trisomy 10p,ORPHA_254854,Pure mitochondrial myopathy,ORPHA_171929__ORPHA_254854
ORPHA_256,Early-onset generalized limb-onset dystonia,ORPHA_98960,Thiel-Behnke corneal dystrophy,ORPHA_256__ORPHA_98960
ORPHA_79492,Pili gemini,ORPHA_99000,Adult-onset foveomacular vitelliform dystrophy,ORPHA_79492__ORPHA_99000
ORPHA_254854,Pure mitochondrial myopathy,ORPHA_514,Acute monoblastic/monocytic leukemia,ORPHA_514__ORPHA_254854
ORPHA_254854,Pure mitochondrial myopathy,ORPHA_98969,Macular corneal dystrophy,ORPHA_98969__ORPHA_254854
ORPHA_329314,Adult-onset multiple mitochondrial DNA deletion syndrome due to DGUOK deficiency,ORPHA_85128,Bothnia retinal dystrophy,ORPHA_85128__ORPHA_329314
ORPHA_545,Follicular lymphoma,ORPHA_98912,"Late-onset distal myopathy, Markesbery-Griggs type",ORPHA_545__ORPHA_98912
ORPHA_822,Hereditary spherocytosis,ORPHA_99000,Adult-onset foveomacular vitelliform dystrophy,ORPHA_822__ORPHA_99000
ORPHA_52416,Mantle cell lymphoma,ORPHA_98673,"Autosomal dominant optic atrophy, classic form",ORPHA_52416__ORPHA_98673
ORPHA_254854,Pure mitochondrial myopathy,ORPHA_1302,Cryptogenic organizing pneumonia,ORPHA_1302__ORPHA_254854
ORPHA_466768,Autosomal dominant Charcot-Marie-Tooth disease type 2Z,ORPHA_659,Mutilating palmoplantar keratoderma with periorificial keratotic plaques,ORPHA_659__ORPHA_466768
ORPHA_254857,Lethal infantile mitochondrial myopathy,ORPHA_34516,DNAJB6-related limb-girdle muscular dystrophy D1,ORPHA_34516__ORPHA_254857
ORPHA_254864,Mitochondrial myopathy with reversible cytochrome C oxidase deficiency,ORPHA_261250,16q24.3 microdeletion syndrome,ORPHA_254864__ORPHA_261250
ORPHA_183707,Neutrophil immunodeficiency syndrome,ORPHA_99000,Adult-onset foveomacular vitelliform dystrophy,ORPHA_99000__ORPHA_183707
ORPHA_276435,Lower motor neuron syndrome with late-adult onset,ORPHA_52417,MALT lymphoma,ORPHA_52417__ORPHA_276435
ORPHA_217253,NMDA receptor encephalitis,ORPHA_721,Gray platelet syndrome,ORPHA_721__ORPHA_217253
ORPHA_254854,Pure mitochondrial myopathy,ORPHA_747,Autoimmune pulmonary alveolar proteinosis,ORPHA_747__ORPHA_254854
ORPHA_329314,Adult-onset multiple mitochondrial DNA deletion syndrome due to DGUOK deficiency,ORPHA_1243,Best vitelliform macular dystrophy,ORPHA_1243__ORPHA_329314
ORPHA_52417,MALT lymphoma,ORPHA_85128,Bothnia retinal dystrophy,ORPHA_52417__ORPHA_85128
ORPHA_34516,DNAJB6-related limb-girdle muscular dystrophy D1,ORPHA_101096,Aregenerative anemia,ORPHA_34516__ORPHA_101096
ORPHA_352470,DNA2-related mitochondrial DNA deletion syndrome,ORPHA_75378,Oligocone trichromacy,ORPHA_75378__ORPHA_352470
ORPHA_293381,Epithelial recurrent erosion dystrophy,ORPHA_99947,Autosomal dominant Charcot-Marie-Tooth disease type 2A2,ORPHA_99947__ORPHA_293381
ORPHA_3002,Immune thrombocytopenia,ORPHA_254864,Mitochondrial myopathy with reversible cytochrome C oxidase deficiency,ORPHA_3002__ORPHA_254864
ORPHA_231237,Delta-beta-thalassemia,ORPHA_99000,Adult-onset foveomacular vitelliform dystrophy,ORPHA_99000__ORPHA_231237
ORPHA_399805,Male infertility with azoospermia or oligozoospermia due to single gene mutation,ORPHA_99725,Pituitary gigantism,ORPHA_99725__ORPHA_399805
ORPHA_98962,Granular corneal dystrophy type I,ORPHA_98805,"Primary dystonia, DYT4 type",ORPHA_98805__ORPHA_98962
ORPHA_263534,Acral peeling skin syndrome,ORPHA_52417,MALT lymphoma,ORPHA_52417__ORPHA_263534
ORPHA_254857,Lethal infantile mitochondrial myopathy,ORPHA_90033,"Autoimmune hemolytic anemia, warm type",ORPHA_90033__ORPHA_254857
ORPHA_281122,Self-improving collodion baby,ORPHA_99000,Adult-onset foveomacular vitelliform dystrophy,ORPHA_99000__ORPHA_281122
ORPHA_254857,Lethal infantile mitochondrial myopathy,ORPHA_261204,16p11.2p12.2 microduplication syndrome,ORPHA_254857__ORPHA_261204
ORPHA_369840,TRAPPC11-related limb-girdle muscular dystrophy R18,ORPHA_52416,Mantle cell lymphoma,ORPHA_52416__ORPHA_369840
ORPHA_254854,Pure mitochondrial myopathy,ORPHA_33402,Pediatric hepatocellular carcinoma,ORPHA_33402__ORPHA_254854
ORPHA_963,Acromegaly,ORPHA_254854,Pure mitochondrial myopathy,ORPHA_963__ORPHA_254854
ORPHA_88621,Ichthyosis-prematurity syndrome,ORPHA_97282,VIPoma,ORPHA_88621__ORPHA_97282
ORPHA_1243,Best vitelliform macular dystrophy,ORPHA_33226,Waldenstr\xc3\xb6m macroglobulinemia,ORPHA_1243__ORPHA_33226
ORPHA_41751,Bietti crystalline dystrophy,ORPHA_52417,MALT lymphoma,ORPHA_41751__ORPHA_52417
ORPHA_2302,Asbestos intoxication,ORPHA_206549,Anoctamin-5-related limb-girdle muscular dystrophy R12,ORPHA_2302__ORPHA_206549
ORPHA_2584,Classic mycosis fungoides,ORPHA_488333,Autosomal dominant Charcot-Marie-Tooth disease type 2W,ORPHA_2584__ORPHA_488333
ORPHA_827,Stargardt disease,ORPHA_91347,TSH-secreting pituitary adenoma,ORPHA_827__ORPHA_91347
ORPHA_254857,Lethal infantile mitochondrial myopathy,ORPHA_370103,"Primary dystonia, DYT17 type",ORPHA_254857__ORPHA_370103
ORPHA_254854,Pure mitochondrial myopathy,ORPHA_33226,Waldenstr\xc3\xb6m macroglobulinemia,ORPHA_33226__ORPHA_254854
ORPHA_545,Follicular lymphoma,ORPHA_99736,Acetazolamide-responsive myotonia,ORPHA_545__ORPHA_99736
ORPHA_753,"46,XY disorder of sex development due to 5-alpha-reductase 2 deficiency",ORPHA_99000,Adult-onset foveomacular vitelliform dystrophy,ORPHA_753__ORPHA_99000
ORPHA_254864,Mitochondrial myopathy with reversible cytochrome C oxidase deficiency,ORPHA_91349,Non-functioning pituitary adenoma,ORPHA_91349__ORPHA_254864
ORPHA_293603,Congenital hereditary endothelial dystrophy type II,ORPHA_97279,Insulinoma,ORPHA_97279__ORPHA_293603
ORPHA_254864,Mitochondrial myopathy with reversible cytochrome C oxidase deficiency,ORPHA_464440,"Primary dystonia, DYT27 type",ORPHA_254864__ORPHA_464440
ORPHA_466768,Autosomal dominant Charcot-Marie-Tooth disease type 2Z,ORPHA_67042,Late-onset retinal degeneration,ORPHA_67042__ORPHA_466768
ORPHA_319514,Combined oxidative phosphorylation defect type 13,ORPHA_75378,Oligocone trichromacy,ORPHA_75378__ORPHA_319514
ORPHA_319600,Mendelian susceptibility to mycobacterial diseases due to partial IRF8 deficiency,ORPHA_98969,Macular corneal dystrophy,ORPHA_98969__ORPHA_319600
ORPHA_1597,Distal monosomy 17q,ORPHA_254864,Mitochondrial myopathy with reversible cytochrome C oxidase deficiency,ORPHA_1597__ORPHA_254864
ORPHA_231445,Paraparetic variant of Guillain-Barr\xc3\xa9 syndrome,ORPHA_52417,MALT lymphoma,ORPHA_52417__ORPHA_231445
ORPHA_91347,TSH-secreting pituitary adenoma,ORPHA_99939,Autosomal dominant Charcot-Marie-Tooth disease type 2E,ORPHA_91347__ORPHA_99939
ORPHA_133,Chronic beryllium disease,ORPHA_488333,Autosomal dominant Charcot-Marie-Tooth disease type 2W,ORPHA_133__ORPHA_488333
ORPHA_319600,Mendelian susceptibility to mycobacterial diseases due to partial IRF8 deficiency,ORPHA_369840,TRAPPC11-related limb-girdle muscular dystrophy R18,ORPHA_319600__ORPHA_369840
ORPHA_163,Hereditary hyperferritinemia-cataract syndrome,ORPHA_99725,Pituitary gigantism,ORPHA_163__ORPHA_99725
ORPHA_79128,Lymphoid interstitial pneumonia,ORPHA_99000,Adult-onset foveomacular vitelliform dystrophy,ORPHA_79128__ORPHA_99000
ORPHA_1243,Best vitelliform macular dystrophy,ORPHA_91347,TSH-secreting pituitary adenoma,ORPHA_1243__ORPHA_91347
ORPHA_314769,Somatomammotropinoma,ORPHA_101081,Charcot-Marie-Tooth disease type 1A,ORPHA_101081__ORPHA_314769
ORPHA_98974,Fuchs endothelial corneal dystrophy,ORPHA_99956,Charcot-Marie-Tooth disease type 4B2,ORPHA_98974__ORPHA_99956
ORPHA_545,Follicular lymphoma,ORPHA_98969,Macular corneal dystrophy,ORPHA_545__ORPHA_98969
ORPHA_254857,Lethal infantile mitochondrial myopathy,ORPHA_97279,Insulinoma,ORPHA_97279__ORPHA_254857
ORPHA_254864,Mitochondrial myopathy with reversible cytochrome C oxidase deficiency,ORPHA_261211,16p11.2p12.2 microdeletion syndrome,ORPHA_254864__ORPHA_261211
ORPHA_254854,Pure mitochondrial myopathy,ORPHA_52416,Mantle cell lymphoma,ORPHA_52416__ORPHA_254854
ORPHA_384,Huriez syndrome,ORPHA_98964,Lattice corneal dystrophy type I,ORPHA_384__ORPHA_98964
ORPHA_254857,Lethal infantile mitochondrial myopathy,ORPHA_90035,Paroxysmal cold hemoglobinuria,ORPHA_90035__ORPHA_254857
ORPHA_254857,Lethal infantile mitochondrial myopathy,ORPHA_96148,Distal monosomy 10q,ORPHA_96148__ORPHA_254857
ORPHA_91347,TSH-secreting pituitary adenoma,ORPHA_99940,Autosomal dominant Charcot-Marie-Tooth disease type 2F,ORPHA_91347__ORPHA_99940
ORPHA_75377,Central areolar choroidal dystrophy,ORPHA_52417,MALT lymphoma,ORPHA_52417__ORPHA_75377
ORPHA_215,Congenital stationary night blindness,ORPHA_99949,Charcot-Marie-Tooth disease type 4C,ORPHA_215__ORPHA_99949
ORPHA_659,Mutilating palmoplantar keratoderma with periorificial keratotic plaques,ORPHA_98807,"Primary dystonia, DYT13 type",ORPHA_659__ORPHA_98807
ORPHA_254854,Pure mitochondrial myopathy,ORPHA_79128,Lymphoid interstitial pneumonia,ORPHA_79128__ORPHA_254854
ORPHA_1941,Juvenile absence epilepsy,ORPHA_99000,Adult-onset foveomacular vitelliform dystrophy,ORPHA_1941__ORPHA_99000
ORPHA_1598,Monosomy 18p,ORPHA_254864,Mitochondrial myopathy with reversible cytochrome C oxidase deficiency,ORPHA_1598__ORPHA_254864
ORPHA_2253,Foveal hypoplasia-presenile cataract syndrome,ORPHA_254854,Pure mitochondrial myopathy,ORPHA_2253__ORPHA_254854
ORPHA_600,Vocal cord and pharyngeal distal myopathy,ORPHA_52416,Mantle cell lymphoma,ORPHA_600__ORPHA_52416
ORPHA_369840,TRAPPC11-related limb-girdle muscular dystrophy R18,ORPHA_85138,Addison disease,ORPHA_85138__ORPHA_369840
ORPHA_495,Transgrediens et progrediens palmoplantar keratoderma,ORPHA_545,Follicular lymphoma,ORPHA_495__ORPHA_545
ORPHA_137596,Neurotrophic keratopathy,ORPHA_384,Huriez syndrome,ORPHA_384__ORPHA_137596
ORPHA_2593,Tubular aggregate myopathy,ORPHA_52417,MALT lymphoma,ORPHA_2593__ORPHA_52417
ORPHA_99000,Adult-onset foveomacular vitelliform dystrophy,ORPHA_98773,Spinocerebellar ataxia type 21,ORPHA_98773__ORPHA_99000
ORPHA_369840,TRAPPC11-related limb-girdle muscular dystrophy R18,ORPHA_86843,Acute panmyelosis with myelofibrosis,ORPHA_86843__ORPHA_369840
ORPHA_254854,Pure mitochondrial myopathy,ORPHA_85138,Addison disease,ORPHA_85138__ORPHA_254854
ORPHA_293603,Congenital hereditary endothelial dystrophy type II,ORPHA_91347,TSH-secreting pituitary adenoma,ORPHA_91347__ORPHA_293603
ORPHA_99000,Adult-onset foveomacular vitelliform dystrophy,ORPHA_99947,Autosomal dominant Charcot-Marie-Tooth disease type 2A2,ORPHA_99000__ORPHA_99947
ORPHA_455,Superficial epidermolytic ichthyosis,ORPHA_314769,Somatomammotropinoma,ORPHA_455__ORPHA_314769
ORPHA_171629,Autosomal recessive spastic paraplegia type 35,ORPHA_99000,Adult-onset foveomacular vitelliform dystrophy,ORPHA_99000__ORPHA_171629
ORPHA_721,Gray platelet syndrome,ORPHA_91348,Functioning gonadotropic adenoma,ORPHA_721__ORPHA_91348
ORPHA_45448,Miyoshi myopathy,ORPHA_99000,Adult-onset foveomacular vitelliform dystrophy,ORPHA_45448__ORPHA_99000
ORPHA_369840,TRAPPC11-related limb-girdle muscular dystrophy R18,ORPHA_86893,Nodular lymphocyte predominant Hodgkin lymphoma,ORPHA_86893__ORPHA_369840
ORPHA_137596,Neurotrophic keratopathy,ORPHA_99735,Myotonia permanens,ORPHA_99735__ORPHA_137596
ORPHA_79444,Pseudohypoparathyroidism type 1C,ORPHA_99000,Adult-onset foveomacular vitelliform dystrophy,ORPHA_79444__ORPHA_99000
ORPHA_163934,Atopic keratoconjunctivitis,ORPHA_52417,MALT lymphoma,ORPHA_52417__ORPHA_163934
ORPHA_93958,Oromandibular dystonia,ORPHA_98964,Lattice corneal dystrophy type I,ORPHA_93958__ORPHA_98964
ORPHA_659,Mutilating palmoplantar keratoderma with periorificial keratotic plaques,ORPHA_97261,GRFoma,ORPHA_659__ORPHA_97261
ORPHA_1243,Best vitelliform macular dystrophy,ORPHA_91349,Non-functioning pituitary adenoma,ORPHA_1243__ORPHA_91349
ORPHA_431329,Autosomal recessive spastic paraplegia type 57,ORPHA_99000,Adult-onset foveomacular vitelliform dystrophy,ORPHA_99000__ORPHA_431329
ORPHA_369840,TRAPPC11-related limb-girdle muscular dystrophy R18,ORPHA_98969,Macular corneal dystrophy,ORPHA_98969__ORPHA_369840
ORPHA_52416,Mantle cell lymphoma,ORPHA_90673,Hypothyroidism due to TSH receptor mutations,ORPHA_52416__ORPHA_90673
ORPHA_1959,Evans syndrome,ORPHA_369840,TRAPPC11-related limb-girdle muscular dystrophy R18,ORPHA_1959__ORPHA_369840
ORPHA_254864,Mitochondrial myopathy with reversible cytochrome C oxidase deficiency,ORPHA_97283,Somatostatinoma,ORPHA_97283__ORPHA_254864
ORPHA_56425,Cold agglutinin disease,ORPHA_98969,Macular corneal dystrophy,ORPHA_56425__ORPHA_98969
ORPHA_251639,Subependymoma,ORPHA_99000,Adult-onset foveomacular vitelliform dystrophy,ORPHA_99000__ORPHA_251639
ORPHA_370103,"Primary dystonia, DYT17 type",ORPHA_75378,Oligocone trichromacy,ORPHA_75378__ORPHA_370103
ORPHA_346,Quinquaud folliculitis decalvans,ORPHA_99000,Adult-onset foveomacular vitelliform dystrophy,ORPHA_346__ORPHA_99000
ORPHA_254854,Pure mitochondrial myopathy,ORPHA_238750,4q21 microdeletion syndrome,ORPHA_238750__ORPHA_254854
ORPHA_137596,Neurotrophic keratopathy,ORPHA_545,Follicular lymphoma,ORPHA_545__ORPHA_137596
ORPHA_384,Huriez syndrome,ORPHA_99000,Adult-onset foveomacular vitelliform dystrophy,ORPHA_384__ORPHA_99000
ORPHA_254864,Mitochondrial myopathy with reversible cytochrome C oxidase deficiency,ORPHA_2330,Kasabach-Merritt syndrome,ORPHA_2330__ORPHA_254864
ORPHA_525,Lichen planopilaris,ORPHA_99000,Adult-onset foveomacular vitelliform dystrophy,ORPHA_525__ORPHA_99000
ORPHA_75378,Oligocone trichromacy,ORPHA_99939,Autosomal dominant Charcot-Marie-Tooth disease type 2E,ORPHA_75378__ORPHA_99939
ORPHA_313772,Early-onset spastic ataxia-myoclonic epilepsy-neuropathy syndrome,ORPHA_99000,Adult-onset foveomacular vitelliform dystrophy,ORPHA_99000__ORPHA_313772
ORPHA_254854,Pure mitochondrial myopathy,ORPHA_87503,Mal de Meleda,ORPHA_87503__ORPHA_254854
ORPHA_274,Bernard-Soulier syndrome,ORPHA_314769,Somatomammotropinoma,ORPHA_274__ORPHA_314769
ORPHA_168577,Hereditary cryohydrocytosis with reduced stomatin,ORPHA_99000,Adult-onset foveomacular vitelliform dystrophy,ORPHA_99000__ORPHA_168577
ORPHA_724,Idiopathic acute eosinophilic pneumonia,ORPHA_33111,Granulomatous slack skin,ORPHA_724__ORPHA_33111
ORPHA_2271,Congenital ichthyosis-microcephalus-tetraplegia syndrome,ORPHA_97279,Insulinoma,ORPHA_2271__ORPHA_97279
ORPHA_274,Bernard-Soulier syndrome,ORPHA_79127,Respiratory bronchiolitis-interstitial lung disease syndrome,ORPHA_274__ORPHA_79127
ORPHA_34516,DNAJB6-related limb-girdle muscular dystrophy D1,ORPHA_97261,GRFoma,ORPHA_34516__ORPHA_97261
ORPHA_34516,DNAJB6-related limb-girdle muscular dystrophy D1,ORPHA_85138,Addison disease,ORPHA_34516__ORPHA_85138
ORPHA_545,Follicular lymphoma,ORPHA_79394,Congenital non-bullous ichthyosiform erythroderma,ORPHA_545__ORPHA_79394
ORPHA_275,Severe combined immunodeficiency due to DCLRE1C deficiency,ORPHA_254864,Mitochondrial myopathy with reversible cytochrome C oxidase deficiency,ORPHA_275__ORPHA_254864
ORPHA_2584,Classic mycosis fungoides,ORPHA_724,Idiopathic acute eosinophilic pneumonia,ORPHA_724__ORPHA_2584
ORPHA_158681,Epidermolysis bullosa simplex with circinate migratory erythema,ORPHA_1243,Best vitelliform macular dystrophy,ORPHA_1243__ORPHA_158681
ORPHA_276152,Multiple endocrine neoplasia type 4,ORPHA_99000,Adult-onset foveomacular vitelliform dystrophy,ORPHA_99000__ORPHA_276152
ORPHA_52417,MALT lymphoma,ORPHA_98960,Thiel-Behnke corneal dystrophy,ORPHA_52417__ORPHA_98960
ORPHA_2302,Asbestos intoxication,ORPHA_34516,DNAJB6-related limb-girdle muscular dystrophy D1,ORPHA_2302__ORPHA_34516
ORPHA_206549,Anoctamin-5-related limb-girdle muscular dystrophy R12,ORPHA_97282,VIPoma,ORPHA_97282__ORPHA_206549
ORPHA_851,Paris-Trousseau thrombocytopenia,ORPHA_2032,Idiopathic pulmonary fibrosis,ORPHA_851__ORPHA_2032
ORPHA_206549,Anoctamin-5-related limb-girdle muscular dystrophy R12,ORPHA_97279,Insulinoma,ORPHA_97279__ORPHA_206549
ORPHA_659,Mutilating palmoplantar keratoderma with periorificial keratotic plaques,ORPHA_98969,Macular corneal dystrophy,ORPHA_659__ORPHA_98969
ORPHA_56425,Cold agglutinin disease,ORPHA_99953,Charcot-Marie-Tooth disease type 4G,ORPHA_56425__ORPHA_99953
ORPHA_254854,Pure mitochondrial myopathy,ORPHA_86843,Acute panmyelosis with myelofibrosis,ORPHA_86843__ORPHA_254854
ORPHA_464440,"Primary dystonia, DYT27 type",ORPHA_75378,Oligocone trichromacy,ORPHA_75378__ORPHA_464440
ORPHA_360,Glioblastoma,ORPHA_98962,Granular corneal dystrophy type I,ORPHA_360__ORPHA_98962
ORPHA_455,Superficial epidermolytic ichthyosis,ORPHA_52416,Mantle cell lymphoma,ORPHA_455__ORPHA_52416
ORPHA_457,Harlequin ichthyosis,ORPHA_52417,MALT lymphoma,ORPHA_457__ORPHA_52417
ORPHA_215,Congenital stationary night blindness,ORPHA_466768,Autosomal dominant Charcot-Marie-Tooth disease type 2Z,ORPHA_215__ORPHA_466768
ORPHA_851,Paris-Trousseau thrombocytopenia,ORPHA_85128,Bothnia retinal dystrophy,ORPHA_851__ORPHA_85128
ORPHA_3162,S\xc3\xa9zary syndrome,ORPHA_99000,Adult-onset foveomacular vitelliform dystrophy,ORPHA_3162__ORPHA_99000
ORPHA_747,Autoimmune pulmonary alveolar proteinosis,ORPHA_369840,TRAPPC11-related limb-girdle muscular dystrophy R18,ORPHA_747__ORPHA_369840
ORPHA_659,Mutilating palmoplantar keratoderma with periorificial keratotic plaques,ORPHA_99725,Pituitary gigantism,ORPHA_659__ORPHA_99725
ORPHA_360,Glioblastoma,ORPHA_724,Idiopathic acute eosinophilic pneumonia,ORPHA_360__ORPHA_724
ORPHA_91347,TSH-secreting pituitary adenoma,ORPHA_98964,Lattice corneal dystrophy type I,ORPHA_91347__ORPHA_98964
ORPHA_99734,Myotonia fluctuans,ORPHA_99000,Adult-onset foveomacular vitelliform dystrophy,ORPHA_99000__ORPHA_99734
ORPHA_1715,Trisomy 18p,ORPHA_254864,Mitochondrial myopathy with reversible cytochrome C oxidase deficiency,ORPHA_1715__ORPHA_254864
ORPHA_1243,Best vitelliform macular dystrophy,ORPHA_97279,Insulinoma,ORPHA_1243__ORPHA_97279
ORPHA_545,Follicular lymphoma,ORPHA_98908,Neutral lipid storage myopathy,ORPHA_545__ORPHA_98908
ORPHA_97349,Postencephalitic parkinsonism,ORPHA_99000,Adult-onset foveomacular vitelliform dystrophy,ORPHA_97349__ORPHA_99000
ORPHA_137596,Neurotrophic keratopathy,ORPHA_466768,Autosomal dominant Charcot-Marie-Tooth disease type 2Z,ORPHA_137596__ORPHA_466768
ORPHA_293381,Epithelial recurrent erosion dystrophy,ORPHA_98805,"Primary dystonia, DYT4 type",ORPHA_98805__ORPHA_293381
ORPHA_56425,Cold agglutinin disease,ORPHA_99950,Charcot-Marie-Tooth disease type 4D,ORPHA_56425__ORPHA_99950
ORPHA_254857,Lethal infantile mitochondrial myopathy,ORPHA_98807,"Primary dystonia, DYT13 type",ORPHA_98807__ORPHA_254857
ORPHA_180229,Polyembryoma,ORPHA_254854,Pure mitochondrial myopathy,ORPHA_180229__ORPHA_254854
ORPHA_724,Idiopathic acute eosinophilic pneumonia,ORPHA_600,Vocal cord and pharyngeal distal myopathy,ORPHA_600__ORPHA_724
ORPHA_329314,Adult-onset multiple mitochondrial DNA deletion syndrome due to DGUOK deficiency,ORPHA_97261,GRFoma,ORPHA_97261__ORPHA_329314
ORPHA_97279,Insulinoma,ORPHA_99953,Charcot-Marie-Tooth disease type 4G,ORPHA_97279__ORPHA_99953
ORPHA_133,Chronic beryllium disease,ORPHA_352470,DNA2-related mitochondrial DNA deletion syndrome,ORPHA_133__ORPHA_352470
ORPHA_3002,Immune thrombocytopenia,ORPHA_659,Mutilating palmoplantar keratoderma with periorificial keratotic plaques,ORPHA_659__ORPHA_3002
ORPHA_314769,Somatomammotropinoma,ORPHA_99948,Charcot-Marie-Tooth disease type 4A,ORPHA_99948__ORPHA_314769
ORPHA_276198,Spinocerebellar ataxia type 36,ORPHA_99000,Adult-onset foveomacular vitelliform dystrophy,ORPHA_99000__ORPHA_276198
ORPHA_254857,Lethal infantile mitochondrial myopathy,ORPHA_101085,Charcot-Marie-Tooth disease type 1F,ORPHA_101085__ORPHA_254857
ORPHA_206549,Anoctamin-5-related limb-girdle muscular dystrophy R12,ORPHA_79128,Lymphoid interstitial pneumonia,ORPHA_79128__ORPHA_206549
ORPHA_254864,Mitochondrial myopathy with reversible cytochrome C oxidase deficiency,ORPHA_86893,Nodular lymphocyte predominant Hodgkin lymphoma,ORPHA_86893__ORPHA_254864
ORPHA_254864,Mitochondrial myopathy with reversible cytochrome C oxidase deficiency,ORPHA_98826,Refractory anemia,ORPHA_98826__ORPHA_254864
ORPHA_352470,DNA2-related mitochondrial DNA deletion syndrome,ORPHA_91359,Chronic pneumonitis of infancy,ORPHA_91359__ORPHA_352470
ORPHA_2253,Foveal hypoplasia-presenile cataract syndrome,ORPHA_254864,Mitochondrial myopathy with reversible cytochrome C oxidase deficiency,ORPHA_2253__ORPHA_254864
ORPHA_133,Chronic beryllium disease,ORPHA_98969,Macular corneal dystrophy,ORPHA_133__ORPHA_98969
ORPHA_329314,Adult-onset multiple mitochondrial DNA deletion syndrome due to DGUOK deficiency,ORPHA_52417,MALT lymphoma,ORPHA_52417__ORPHA_329314
ORPHA_90035,Paroxysmal cold hemoglobinuria,ORPHA_99947,Autosomal dominant Charcot-Marie-Tooth disease type 2A2,ORPHA_90035__ORPHA_99947
ORPHA_69078,Liposarcoma,ORPHA_99000,Adult-onset foveomacular vitelliform dystrophy,ORPHA_69078__ORPHA_99000
ORPHA_93958,Oromandibular dystonia,ORPHA_98969,Macular corneal dystrophy,ORPHA_93958__ORPHA_98969
ORPHA_254864,Mitochondrial myopathy with reversible cytochrome C oxidase deficiency,ORPHA_97278,PPoma,ORPHA_97278__ORPHA_254864
ORPHA_206549,Anoctamin-5-related limb-girdle muscular dystrophy R12,ORPHA_545,Follicular lymphoma,ORPHA_545__ORPHA_206549
ORPHA_545,Follicular lymphoma,ORPHA_99000,Adult-onset foveomacular vitelliform dystrophy,ORPHA_545__ORPHA_99000
ORPHA_133,Chronic beryllium disease,ORPHA_2271,Congenital ichthyosis-microcephalus-tetraplegia syndrome,ORPHA_133__ORPHA_2271
ORPHA_254854,Pure mitochondrial myopathy,ORPHA_66624,PANDAS,ORPHA_66624__ORPHA_254854
ORPHA_99000,Adult-onset foveomacular vitelliform dystrophy,ORPHA_99977,Squamous cell carcinoma of the esophagus,ORPHA_99000__ORPHA_99977
ORPHA_254857,Lethal infantile mitochondrial myopathy,ORPHA_217253,NMDA receptor encephalitis,ORPHA_217253__ORPHA_254857
ORPHA_2302,Asbestos intoxication,ORPHA_352470,DNA2-related mitochondrial DNA deletion syndrome,ORPHA_2302__ORPHA_352470
ORPHA_827,Stargardt disease,ORPHA_329314,Adult-onset multiple mitochondrial DNA deletion syndrome due to DGUOK deficiency,ORPHA_827__ORPHA_329314
ORPHA_319514,Combined oxidative phosphorylation defect type 13,ORPHA_293603,Congenital hereditary endothelial dystrophy type II,ORPHA_293603__ORPHA_319514
ORPHA_1243,Best vitelliform macular dystrophy,ORPHA_79401,PLEC-related intermediate epidermolysis bullosa simplex without extracutaneous involvement,ORPHA_1243__ORPHA_79401
ORPHA_1215,Autosomal dominant optic atrophy plus syndrome,ORPHA_52417,MALT lymphoma,ORPHA_1215__ORPHA_52417
ORPHA_545,Follicular lymphoma,ORPHA_530838,KRT1-related diffuse nonepidermolytic keratoderma,ORPHA_545__ORPHA_530838
ORPHA_360,Glioblastoma,ORPHA_364055,Severe early-childhood-onset retinal dystrophy,ORPHA_360__ORPHA_364055
ORPHA_39041,Omenn syndrome,ORPHA_99000,Adult-onset foveomacular vitelliform dystrophy,ORPHA_39041__ORPHA_99000
ORPHA_97280,Glucagonoma,ORPHA_99000,Adult-onset foveomacular vitelliform dystrophy,ORPHA_97280__ORPHA_99000
ORPHA_34516,DNAJB6-related limb-girdle muscular dystrophy D1,ORPHA_90036,Mixed-type autoimmune hemolytic anemia,ORPHA_34516__ORPHA_90036
ORPHA_360,Glioblastoma,ORPHA_98960,Thiel-Behnke corneal dystrophy,ORPHA_360__ORPHA_98960
ORPHA_314769,Somatomammotropinoma,ORPHA_98908,Neutral lipid storage myopathy,ORPHA_98908__ORPHA_314769
ORPHA_97279,Insulinoma,ORPHA_99950,Charcot-Marie-Tooth disease type 4D,ORPHA_97279__ORPHA_99950
ORPHA_399805,Male infertility with azoospermia or oligozoospermia due to single gene mutation,ORPHA_98962,Granular corneal dystrophy type I,ORPHA_98962__ORPHA_399805
ORPHA_90041,Gaisb\xc3\xb6ck syndrome,ORPHA_99000,Adult-onset foveomacular vitelliform dystrophy,ORPHA_90041__ORPHA_99000
ORPHA_269,Facioscapulohumeral dystrophy,ORPHA_314769,Somatomammotropinoma,ORPHA_269__ORPHA_314769
ORPHA_56425,Cold agglutinin disease,ORPHA_99725,Pituitary gigantism,ORPHA_56425__ORPHA_99725
ORPHA_254854,Pure mitochondrial myopathy,ORPHA_93320,Ulnar hemimelia,ORPHA_93320__ORPHA_254854
ORPHA_312,Autosomal dominant epidermolytic ichthyosis,ORPHA_99000,Adult-onset foveomacular vitelliform dystrophy,ORPHA_312__ORPHA_99000
ORPHA_466768,Autosomal dominant Charcot-Marie-Tooth disease type 2Z,ORPHA_98962,Granular corneal dystrophy type I,ORPHA_98962__ORPHA_466768
ORPHA_98964,Lattice corneal dystrophy type I,ORPHA_98805,"Primary dystonia, DYT4 type",ORPHA_98805__ORPHA_98964
ORPHA_724,Idiopathic acute eosinophilic pneumonia,ORPHA_721,Gray platelet syndrome,ORPHA_721__ORPHA_724
ORPHA_247525,Citrullinemia type I,ORPHA_99000,Adult-onset foveomacular vitelliform dystrophy,ORPHA_99000__ORPHA_247525
ORPHA_63273,Distal myopathy with posterior leg and anterior hand involvement,ORPHA_99000,Adult-onset foveomacular vitelliform dystrophy,ORPHA_63273__ORPHA_99000
ORPHA_589,Myasthenia gravis,ORPHA_721,Gray platelet syndrome,ORPHA_589__ORPHA_721
ORPHA_254857,Lethal infantile mitochondrial myopathy,ORPHA_254351,Distal 7q11.23 microdeletion syndrome,ORPHA_254351__ORPHA_254857
ORPHA_98850,Aggressive systemic mastocytosis,ORPHA_99000,Adult-onset foveomacular vitelliform dystrophy,ORPHA_98850__ORPHA_99000
ORPHA_52427,Retinitis punctata albescens,ORPHA_52417,MALT lymphoma,ORPHA_52417__ORPHA_52427
ORPHA_274,Bernard-Soulier syndrome,ORPHA_91347,TSH-secreting pituitary adenoma,ORPHA_274__ORPHA_91347
ORPHA_254864,Mitochondrial myopathy with reversible cytochrome C oxidase deficiency,ORPHA_97280,Glucagonoma,ORPHA_97280__ORPHA_254864
ORPHA_444,Marie Unna hereditary hypotrichosis,ORPHA_99000,Adult-onset foveomacular vitelliform dystrophy,ORPHA_444__ORPHA_99000
ORPHA_495,Transgrediens et progrediens palmoplantar keratoderma,ORPHA_98964,Lattice corneal dystrophy type I,ORPHA_495__ORPHA_98964
ORPHA_2200,Focal palmoplantar and gingival keratoderma,ORPHA_98969,Macular corneal dystrophy,ORPHA_2200__ORPHA_98969
ORPHA_129,Pseudopelade of Brocq,ORPHA_99000,Adult-onset foveomacular vitelliform dystrophy,ORPHA_129__ORPHA_99000
ORPHA_1636,Distal monosomy 7q36,ORPHA_254864,Mitochondrial myopathy with reversible cytochrome C oxidase deficiency,ORPHA_1636__ORPHA_254864
ORPHA_2584,Classic mycosis fungoides,ORPHA_98964,Lattice corneal dystrophy type I,ORPHA_2584__ORPHA_98964
ORPHA_206569,Immune-mediated necrotizing myopathy,ORPHA_99000,Adult-onset foveomacular vitelliform dystrophy,ORPHA_99000__ORPHA_206569
ORPHA_99736,Acetazolamide-responsive myotonia,ORPHA_99000,Adult-onset foveomacular vitelliform dystrophy,ORPHA_99000__ORPHA_99736
ORPHA_254857,Lethal infantile mitochondrial myopathy,ORPHA_99944,Autosomal dominant Charcot-Marie-Tooth disease type 2K,ORPHA_99944__ORPHA_254857
ORPHA_3068,Intellectual disability-myopathy-short stature-endocrine defect syndrome,ORPHA_99000,Adult-onset foveomacular vitelliform dystrophy,ORPHA_3068__ORPHA_99000
ORPHA_2253,Foveal hypoplasia-presenile cataract syndrome,ORPHA_545,Follicular lymphoma,ORPHA_545__ORPHA_2253
ORPHA_263534,Acral peeling skin syndrome,ORPHA_314769,Somatomammotropinoma,ORPHA_263534__ORPHA_314769
ORPHA_98969,Macular corneal dystrophy,ORPHA_99948,Charcot-Marie-Tooth disease type 4A,ORPHA_98969__ORPHA_99948
ORPHA_98807,"Primary dystonia, DYT13 type",ORPHA_98964,Lattice corneal dystrophy type I,ORPHA_98807__ORPHA_98964
ORPHA_261476,Xp21 deletion syndrome,ORPHA_99000,Adult-onset foveomacular vitelliform dystrophy,ORPHA_99000__ORPHA_261476
ORPHA_700,Alopecia totalis,ORPHA_99000,Adult-onset foveomacular vitelliform dystrophy,ORPHA_700__ORPHA_99000
ORPHA_466768,Autosomal dominant Charcot-Marie-Tooth disease type 2Z,ORPHA_98960,Thiel-Behnke corneal dystrophy,ORPHA_98960__ORPHA_466768
ORPHA_99000,Adult-onset foveomacular vitelliform dystrophy,ORPHA_99867,Thymoma,ORPHA_99000__ORPHA_99867
ORPHA_99000,Adult-onset foveomacular vitelliform dystrophy,ORPHA_100997,X-linked spastic paraplegia type 16,ORPHA_99000__ORPHA_100997
ORPHA_424107,Congenital myopathy with myasthenic-like onset,ORPHA_99000,Adult-onset foveomacular vitelliform dystrophy,ORPHA_99000__ORPHA_424107
ORPHA_369840,TRAPPC11-related limb-girdle muscular dystrophy R18,ORPHA_98964,Lattice corneal dystrophy type I,ORPHA_98964__ORPHA_369840
ORPHA_329314,Adult-onset multiple mitochondrial DNA deletion syndrome due to DGUOK deficiency,ORPHA_293603,Congenital hereditary endothelial dystrophy type II,ORPHA_293603__ORPHA_329314
ORPHA_1617,2q24 microdeletion syndrome,ORPHA_254864,Mitochondrial myopathy with reversible cytochrome C oxidase deficiency,ORPHA_1617__ORPHA_254864
ORPHA_254864,Mitochondrial myopathy with reversible cytochrome C oxidase deficiency,ORPHA_90035,Paroxysmal cold hemoglobinuria,ORPHA_90035__ORPHA_254864
ORPHA_254864,Mitochondrial myopathy with reversible cytochrome C oxidase deficiency,ORPHA_261279,17q23.1q23.2 microdeletion syndrome,ORPHA_254864__ORPHA_261279
ORPHA_254854,Pure mitochondrial myopathy,ORPHA_261279,17q23.1q23.2 microdeletion syndrome,ORPHA_254854__ORPHA_261279
ORPHA_1959,Evans syndrome,ORPHA_34516,DNAJB6-related limb-girdle muscular dystrophy D1,ORPHA_1959__ORPHA_34516
ORPHA_2271,Congenital ichthyosis-microcephalus-tetraplegia syndrome,ORPHA_98969,Macular corneal dystrophy,ORPHA_2271__ORPHA_98969
ORPHA_254361,Plectin-related limb-girdle muscular dystrophy R17,ORPHA_52417,MALT lymphoma,ORPHA_52417__ORPHA_254361
ORPHA_254854,Pure mitochondrial myopathy,ORPHA_217253,NMDA receptor encephalitis,ORPHA_217253__ORPHA_254854
ORPHA_721,Gray platelet syndrome,ORPHA_79148,Elastosis perforans serpiginosa,ORPHA_721__ORPHA_79148
ORPHA_81,Antisynthetase syndrome,ORPHA_99000,Adult-onset foveomacular vitelliform dystrophy,ORPHA_81__ORPHA_99000
ORPHA_63273,Distal myopathy with posterior leg and anterior hand involvement,ORPHA_52417,MALT lymphoma,ORPHA_52417__ORPHA_63273
ORPHA_169160,T-B+ severe combined immunodeficiency due to CD3delta/CD3epsilon/CD3zeta,ORPHA_721,Gray platelet syndrome,ORPHA_721__ORPHA_169160
ORPHA_250994,1q21.1 microduplication syndrome,ORPHA_254864,Mitochondrial myopathy with reversible cytochrome C oxidase deficiency,ORPHA_250994__ORPHA_254864
ORPHA_275872,Frontotemporal dementia with motor neuron disease,ORPHA_99000,Adult-onset foveomacular vitelliform dystrophy,ORPHA_99000__ORPHA_275872
ORPHA_52417,MALT lymphoma,ORPHA_95513,Panhypophysitis,ORPHA_52417__ORPHA_95513
ORPHA_254857,Lethal infantile mitochondrial myopathy,ORPHA_101096,Aregenerative anemia,ORPHA_101096__ORPHA_254857
ORPHA_2337,Non-epidermolytic palmoplantar keratoderma,ORPHA_314769,Somatomammotropinoma,ORPHA_2337__ORPHA_314769
ORPHA_99725,Pituitary gigantism,ORPHA_100976,Bathing suit ichthyosis,ORPHA_99725__ORPHA_100976
ORPHA_889,Cutaneous small vessel vasculitis,ORPHA_99000,Adult-onset foveomacular vitelliform dystrophy,ORPHA_889__ORPHA_99000
ORPHA_2271,Congenital ichthyosis-microcephalus-tetraplegia syndrome,ORPHA_254864,Mitochondrial myopathy with reversible cytochrome C oxidase deficiency,ORPHA_2271__ORPHA_254864
ORPHA_254864,Mitochondrial myopathy with reversible cytochrome C oxidase deficiency,ORPHA_238750,4q21 microdeletion syndrome,ORPHA_238750__ORPHA_254864
ORPHA_163,Hereditary hyperferritinemia-cataract syndrome,ORPHA_314769,Somatomammotropinoma,ORPHA_163__ORPHA_314769
ORPHA_65683,Isolated focal cortical dysplasia,ORPHA_99000,Adult-onset foveomacular vitelliform dystrophy,ORPHA_65683__ORPHA_99000
ORPHA_721,Gray platelet syndrome,ORPHA_79126,Acute interstitial pneumonia,ORPHA_721__ORPHA_79126
ORPHA_52417,MALT lymphoma,ORPHA_94147,Spinocerebellar ataxia type 7,ORPHA_52417__ORPHA_94147
ORPHA_133,Chronic beryllium disease,ORPHA_721,Gray platelet syndrome,ORPHA_133__ORPHA_721
ORPHA_545,Follicular lymphoma,ORPHA_384,Huriez syndrome,ORPHA_384__ORPHA_545
ORPHA_466768,Autosomal dominant Charcot-Marie-Tooth disease type 2Z,ORPHA_52427,Retinitis punctata albescens,ORPHA_52427__ORPHA_466768
ORPHA_50942,Striate palmoplantar keratoderma,ORPHA_99000,Adult-onset foveomacular vitelliform dystrophy,ORPHA_50942__ORPHA_99000
ORPHA_329314,Adult-onset multiple mitochondrial DNA deletion syndrome due to DGUOK deficiency,ORPHA_98960,Thiel-Behnke corneal dystrophy,ORPHA_98960__ORPHA_329314
ORPHA_1598,Monosomy 18p,ORPHA_360,Glioblastoma,ORPHA_360__ORPHA_1598
ORPHA_1959,Evans syndrome,ORPHA_254857,Lethal infantile mitochondrial myopathy,ORPHA_1959__ORPHA_254857
ORPHA_2386,Leukoencephalopathy-palmoplantar keratoderma syndrome,ORPHA_75378,Oligocone trichromacy,ORPHA_2386__ORPHA_75378
ORPHA_521,Chronic myeloid leukemia,ORPHA_99000,Adult-onset foveomacular vitelliform dystrophy,ORPHA_521__ORPHA_99000
ORPHA_91347,TSH-secreting pituitary adenoma,ORPHA_99949,Charcot-Marie-Tooth disease type 4C,ORPHA_91347__ORPHA_99949
ORPHA_2201,Palmoplantar keratoderma-spastic paralysis syndrome,ORPHA_254864,Mitochondrial myopathy with reversible cytochrome C oxidase deficiency,ORPHA_2201__ORPHA_254864
ORPHA_1598,Monosomy 18p,ORPHA_99725,Pituitary gigantism,ORPHA_1598__ORPHA_99725
ORPHA_98964,Lattice corneal dystrophy type I,ORPHA_101082,Charcot-Marie-Tooth disease type 1B,ORPHA_98964__ORPHA_101082
ORPHA_274,Bernard-Soulier syndrome,ORPHA_659,Mutilating palmoplantar keratoderma with periorificial keratotic plaques,ORPHA_274__ORPHA_659
ORPHA_137596,Neurotrophic keratopathy,ORPHA_97280,Glucagonoma,ORPHA_97280__ORPHA_137596
ORPHA_254854,Pure mitochondrial myopathy,ORPHA_268810,Posterior meningocele,ORPHA_254854__ORPHA_268810
ORPHA_274,Bernard-Soulier syndrome,ORPHA_97279,Insulinoma,ORPHA_274__ORPHA_97279
ORPHA_99000,Adult-onset foveomacular vitelliform dystrophy,ORPHA_99949,Charcot-Marie-Tooth disease type 4C,ORPHA_99000__ORPHA_99949
ORPHA_254857,Lethal infantile mitochondrial myopathy,ORPHA_306734,"Primary dystonia, DYT21 type",ORPHA_254857__ORPHA_306734
ORPHA_391,Classic Hodgkin lymphoma,ORPHA_34516,DNAJB6-related limb-girdle muscular dystrophy D1,ORPHA_391__ORPHA_34516
ORPHA_488333,Autosomal dominant Charcot-Marie-Tooth disease type 2W,ORPHA_75378,Oligocone trichromacy,ORPHA_75378__ORPHA_488333
ORPHA_137596,Neurotrophic keratopathy,ORPHA_312,Autosomal dominant epidermolytic ichthyosis,ORPHA_312__ORPHA_137596
ORPHA_284271,Autosomal recessive cerebellar ataxia-psychomotor delay syndrome,ORPHA_99000,Adult-onset foveomacular vitelliform dystrophy,ORPHA_99000__ORPHA_284271
ORPHA_457,Harlequin ichthyosis,ORPHA_545,Follicular lymphoma,ORPHA_457__ORPHA_545
ORPHA_420485,Cranio-cervical dystonia with laryngeal and upper-limb involvement,ORPHA_75378,Oligocone trichromacy,ORPHA_75378__ORPHA_420485
ORPHA_250994,1q21.1 microduplication syndrome,ORPHA_254854,Pure mitochondrial myopathy,ORPHA_250994__ORPHA_254854
ORPHA_99000,Adult-onset foveomacular vitelliform dystrophy,ORPHA_99868,Thymic carcinoma,ORPHA_99000__ORPHA_99868
ORPHA_616,Medulloblastoma,ORPHA_99000,Adult-onset foveomacular vitelliform dystrophy,ORPHA_616__ORPHA_99000
ORPHA_167635,Scleromyxedema,ORPHA_99000,Adult-onset foveomacular vitelliform dystrophy,ORPHA_99000__ORPHA_167635
ORPHA_384,Huriez syndrome,ORPHA_98962,Granular corneal dystrophy type I,ORPHA_384__ORPHA_98962
ORPHA_464321,Multifocal lymphangioendotheliomatosis-thrombocytopenia syndrome,ORPHA_34516,DNAJB6-related limb-girdle muscular dystrophy D1,ORPHA_34516__ORPHA_464321
ORPHA_314769,Somatomammotropinoma,ORPHA_435387,Autosomal dominant Charcot-Marie-Tooth disease type 2Y,ORPHA_314769__ORPHA_435387
ORPHA_3310,Tetrasomy 9p,ORPHA_254864,Mitochondrial myopathy with reversible cytochrome C oxidase deficiency,ORPHA_3310__ORPHA_254864
ORPHA_274,Bernard-Soulier syndrome,ORPHA_97278,PPoma,ORPHA_274__ORPHA_97278
ORPHA_251636,Ependymoma,ORPHA_721,Gray platelet syndrome,ORPHA_721__ORPHA_251636
ORPHA_254857,Lethal infantile mitochondrial myopathy,ORPHA_99940,Autosomal dominant Charcot-Marie-Tooth disease type 2F,ORPHA_99940__ORPHA_254857
ORPHA_435387,Autosomal dominant Charcot-Marie-Tooth disease type 2Y,ORPHA_75378,Oligocone trichromacy,ORPHA_75378__ORPHA_435387
ORPHA_1302,Cryptogenic organizing pneumonia,ORPHA_488333,Autosomal dominant Charcot-Marie-Tooth disease type 2W,ORPHA_1302__ORPHA_488333
ORPHA_52416,Mantle cell lymphoma,ORPHA_90117,"Hereditary motor and sensory neuropathy, Okinawa type",ORPHA_52416__ORPHA_90117
ORPHA_34516,DNAJB6-related limb-girdle muscular dystrophy D1,ORPHA_42642,PFAPA syndrome,ORPHA_34516__ORPHA_42642
ORPHA_35701,3-hydroxy-3-methylglutaryl-CoA synthase deficiency,ORPHA_99000,Adult-onset foveomacular vitelliform dystrophy,ORPHA_35701__ORPHA_99000
ORPHA_254864,Mitochondrial myopathy with reversible cytochrome C oxidase deficiency,ORPHA_517,Acute myelomonocytic leukemia,ORPHA_517__ORPHA_254864
ORPHA_721,Gray platelet syndrome,ORPHA_79128,Lymphoid interstitial pneumonia,ORPHA_721__ORPHA_79128
ORPHA_319514,Combined oxidative phosphorylation defect type 13,ORPHA_97279,Insulinoma,ORPHA_97279__ORPHA_319514
ORPHA_254857,Lethal infantile mitochondrial myopathy,ORPHA_420492,"Adult-onset cervical dystonia, DYT23 type",ORPHA_254857__ORPHA_420492
ORPHA_67042,Late-onset retinal degeneration,ORPHA_99956,Charcot-Marie-Tooth disease type 4B2,ORPHA_67042__ORPHA_99956
ORPHA_2593,Tubular aggregate myopathy,ORPHA_545,Follicular lymphoma,ORPHA_545__ORPHA_2593
ORPHA_412217,Dystonia-aphonia syndrome,ORPHA_659,Mutilating palmoplantar keratoderma with periorificial keratotic plaques,ORPHA_659__ORPHA_412217
ORPHA_254864,Mitochondrial myopathy with reversible cytochrome C oxidase deficiency,ORPHA_99147,Acquired von Willebrand syndrome,ORPHA_99147__ORPHA_254864
ORPHA_360,Glioblastoma,ORPHA_293381,Epithelial recurrent erosion dystrophy,ORPHA_360__ORPHA_293381
ORPHA_414,Gyrate atrophy of choroid and retina,ORPHA_52417,MALT lymphoma,ORPHA_414__ORPHA_52417
ORPHA_2253,Foveal hypoplasia-presenile cataract syndrome,ORPHA_659,Mutilating palmoplantar keratoderma with periorificial keratotic plaques,ORPHA_659__ORPHA_2253
ORPHA_466768,Autosomal dominant Charcot-Marie-Tooth disease type 2Z,ORPHA_98969,Macular corneal dystrophy,ORPHA_98969__ORPHA_466768
ORPHA_319514,Combined oxidative phosphorylation defect type 13,ORPHA_364055,Severe early-childhood-onset retinal dystrophy,ORPHA_319514__ORPHA_364055
ORPHA_97279,Insulinoma,ORPHA_99948,Charcot-Marie-Tooth disease type 4A,ORPHA_97279__ORPHA_99948
ORPHA_180229,Polyembryoma,ORPHA_99000,Adult-onset foveomacular vitelliform dystrophy,ORPHA_99000__ORPHA_180229
ORPHA_319514,Combined oxidative phosphorylation defect type 13,ORPHA_99000,Adult-onset foveomacular vitelliform dystrophy,ORPHA_99000__ORPHA_319514
ORPHA_254864,Mitochondrial myopathy with reversible cytochrome C oxidase deficiency,ORPHA_217253,NMDA receptor encephalitis,ORPHA_217253__ORPHA_254864
ORPHA_91347,TSH-secreting pituitary adenoma,ORPHA_98960,Thiel-Behnke corneal dystrophy,ORPHA_91347__ORPHA_98960
ORPHA_56425,Cold agglutinin disease,ORPHA_99948,Charcot-Marie-Tooth disease type 4A,ORPHA_56425__ORPHA_99948
ORPHA_254864,Mitochondrial myopathy with reversible cytochrome C oxidase deficiency,ORPHA_261290,Trisomy 17p,ORPHA_254864__ORPHA_261290
ORPHA_98807,"Primary dystonia, DYT13 type",ORPHA_98962,Granular corneal dystrophy type I,ORPHA_98807__ORPHA_98962
ORPHA_254864,Mitochondrial myopathy with reversible cytochrome C oxidase deficiency,ORPHA_52417,MALT lymphoma,ORPHA_52417__ORPHA_254864
ORPHA_329314,Adult-onset multiple mitochondrial DNA deletion syndrome due to DGUOK deficiency,ORPHA_90035,Paroxysmal cold hemoglobinuria,ORPHA_90035__ORPHA_329314
ORPHA_254864,Mitochondrial myopathy with reversible cytochrome C oxidase deficiency,ORPHA_420485,Cranio-cervical dystonia with laryngeal and upper-limb involvement,ORPHA_254864__ORPHA_420485
ORPHA_314769,Somatomammotropinoma,ORPHA_98673,"Autosomal dominant optic atrophy, classic form",ORPHA_98673__ORPHA_314769
ORPHA_1959,Evans syndrome,ORPHA_254854,Pure mitochondrial myopathy,ORPHA_1959__ORPHA_254854
ORPHA_364055,Severe early-childhood-onset retinal dystrophy,ORPHA_52417,MALT lymphoma,ORPHA_52417__ORPHA_364055
ORPHA_293381,Epithelial recurrent erosion dystrophy,ORPHA_99949,Charcot-Marie-Tooth disease type 4C,ORPHA_99949__ORPHA_293381
ORPHA_360,Glioblastoma,ORPHA_98969,Macular corneal dystrophy,ORPHA_360__ORPHA_98969
ORPHA_2584,Classic mycosis fungoides,ORPHA_98962,Granular corneal dystrophy type I,ORPHA_2584__ORPHA_98962
ORPHA_269,Facioscapulohumeral dystrophy,ORPHA_99000,Adult-onset foveomacular vitelliform dystrophy,ORPHA_269__ORPHA_99000
ORPHA_169,Ringed hair disease,ORPHA_99000,Adult-onset foveomacular vitelliform dystrophy,ORPHA_169__ORPHA_99000
ORPHA_319552,Mendelian susceptibility to mycobacterial diseases due to complete IL12RB1 deficiency,ORPHA_52416,Mantle cell lymphoma,ORPHA_52416__ORPHA_319552
ORPHA_52416,Mantle cell lymphoma,ORPHA_99736,Acetazolamide-responsive myotonia,ORPHA_52416__ORPHA_99736
ORPHA_314769,Somatomammotropinoma,ORPHA_488333,Autosomal dominant Charcot-Marie-Tooth disease type 2W,ORPHA_314769__ORPHA_488333
ORPHA_52417,MALT lymphoma,ORPHA_98963,Granular corneal dystrophy type II,ORPHA_52417__ORPHA_98963
ORPHA_254864,Mitochondrial myopathy with reversible cytochrome C oxidase deficiency,ORPHA_96148,Distal monosomy 10q,ORPHA_96148__ORPHA_254864
ORPHA_329466,"Autosomal dominant focal dystonia, DYT25 type",ORPHA_75378,Oligocone trichromacy,ORPHA_75378__ORPHA_329466
ORPHA_352682,Cobblestone lissencephaly without muscular or ocular involvement,ORPHA_99000,Adult-onset foveomacular vitelliform dystrophy,ORPHA_99000__ORPHA_352682
ORPHA_99735,Myotonia permanens,ORPHA_99000,Adult-onset foveomacular vitelliform dystrophy,ORPHA_99000__ORPHA_99735
ORPHA_256,Early-onset generalized limb-onset dystonia,ORPHA_98962,Granular corneal dystrophy type I,ORPHA_256__ORPHA_98962
ORPHA_97280,Glucagonoma,ORPHA_98969,Macular corneal dystrophy,ORPHA_97280__ORPHA_98969
ORPHA_52416,Mantle cell lymphoma,ORPHA_99000,Adult-onset foveomacular vitelliform dystrophy,ORPHA_52416__ORPHA_99000
ORPHA_2199,Epidermolytic palmoplantar keratoderma,ORPHA_314769,Somatomammotropinoma,ORPHA_2199__ORPHA_314769
ORPHA_79394,Congenital non-bullous ichthyosiform erythroderma,ORPHA_99000,Adult-onset foveomacular vitelliform dystrophy,ORPHA_79394__ORPHA_99000
ORPHA_254854,Pure mitochondrial myopathy,ORPHA_261349,2p15p16.1 microdeletion syndrome,ORPHA_254854__ORPHA_261349
ORPHA_254857,Lethal infantile mitochondrial myopathy,ORPHA_93126,Pauci-immune glomerulonephritis,ORPHA_93126__ORPHA_254857
ORPHA_169189,Autosomal dominant centronuclear myopathy,ORPHA_97279,Insulinoma,ORPHA_97279__ORPHA_169189
ORPHA_42642,PFAPA syndrome,ORPHA_99000,Adult-onset foveomacular vitelliform dystrophy,ORPHA_42642__ORPHA_99000
ORPHA_98827,Unclassified myelodysplastic syndrome,ORPHA_99000,Adult-onset foveomacular vitelliform dystrophy,ORPHA_98827__ORPHA_99000
ORPHA_364055,Severe early-childhood-onset retinal dystrophy,ORPHA_99956,Charcot-Marie-Tooth disease type 4B2,ORPHA_99956__ORPHA_364055
ORPHA_724,Idiopathic acute eosinophilic pneumonia,ORPHA_97278,PPoma,ORPHA_724__ORPHA_97278
ORPHA_217253,NMDA receptor encephalitis,ORPHA_52417,MALT lymphoma,ORPHA_52417__ORPHA_217253
ORPHA_2584,Classic mycosis fungoides,ORPHA_293381,Epithelial recurrent erosion dystrophy,ORPHA_2584__ORPHA_293381
ORPHA_254854,Pure mitochondrial myopathy,ORPHA_101096,Aregenerative anemia,ORPHA_101096__ORPHA_254854
ORPHA_293603,Congenital hereditary endothelial dystrophy type II,ORPHA_99956,Charcot-Marie-Tooth disease type 4B2,ORPHA_99956__ORPHA_293603
ORPHA_56425,Cold agglutinin disease,ORPHA_99000,Adult-onset foveomacular vitelliform dystrophy,ORPHA_56425__ORPHA_99000
ORPHA_364055,Severe early-childhood-onset retinal dystrophy,ORPHA_99949,Charcot-Marie-Tooth disease type 4C,ORPHA_99949__ORPHA_364055
ORPHA_79501,Punctate palmoplantar keratoderma type 1,ORPHA_99000,Adult-onset foveomacular vitelliform dystrophy,ORPHA_79501__ORPHA_99000
ORPHA_1177,Early-onset cerebellar ataxia with retained tendon reflexes,ORPHA_99000,Adult-onset foveomacular vitelliform dystrophy,ORPHA_1177__ORPHA_99000
ORPHA_157941,Huntington disease-like 1,ORPHA_99000,Adult-onset foveomacular vitelliform dystrophy,ORPHA_99000__ORPHA_157941
ORPHA_306734,"Primary dystonia, DYT21 type",ORPHA_75378,Oligocone trichromacy,ORPHA_75378__ORPHA_306734
ORPHA_254864,Mitochondrial myopathy with reversible cytochrome C oxidase deficiency,ORPHA_49566,Acquired purpura fulminans,ORPHA_49566__ORPHA_254864
ORPHA_256,Early-onset generalized limb-onset dystonia,ORPHA_364055,Severe early-childhood-onset retinal dystrophy,ORPHA_256__ORPHA_364055
ORPHA_2246,Cerebellar hypoplasia-tapetoretinal degeneration syndrome,ORPHA_254857,Lethal infantile mitochondrial myopathy,ORPHA_2246__ORPHA_254857
ORPHA_293381,Epithelial recurrent erosion dystrophy,ORPHA_466768,Autosomal dominant Charcot-Marie-Tooth disease type 2Z,ORPHA_293381__ORPHA_466768
ORPHA_85435,Rheumatoid factor-positive polyarticular juvenile idiopathic arthritis,ORPHA_99000,Adult-onset foveomacular vitelliform dystrophy,ORPHA_85435__ORPHA_99000
ORPHA_254864,Mitochondrial myopathy with reversible cytochrome C oxidase deficiency,ORPHA_95715,Congenital hypothyroidism due to transplacental passage of TSH-binding inhibitory antibodies,ORPHA_95715__ORPHA_254864
ORPHA_314769,Somatomammotropinoma,ORPHA_412217,Dystonia-aphonia syndrome,ORPHA_314769__ORPHA_412217
ORPHA_274,Bernard-Soulier syndrome,ORPHA_79126,Acute interstitial pneumonia,ORPHA_274__ORPHA_79126
ORPHA_274,Bernard-Soulier syndrome,ORPHA_254864,Mitochondrial myopathy with reversible cytochrome C oxidase deficiency,ORPHA_274__ORPHA_254864
ORPHA_468661,Autosomal recessive spastic paraplegia type 74,ORPHA_99000,Adult-onset foveomacular vitelliform dystrophy,ORPHA_99000__ORPHA_468661
ORPHA_75378,Oligocone trichromacy,ORPHA_90035,Paroxysmal cold hemoglobinuria,ORPHA_75378__ORPHA_90035
ORPHA_545,Follicular lymphoma,ORPHA_90117,"Hereditary motor and sensory neuropathy, Okinawa type",ORPHA_545__ORPHA_90117
ORPHA_2302,Asbestos intoxication,ORPHA_721,Gray platelet syndrome,ORPHA_721__ORPHA_2302
ORPHA_56425,Cold agglutinin disease,ORPHA_75378,Oligocone trichromacy,ORPHA_56425__ORPHA_75378
ORPHA_156,Carnitine palmitoyl transferase 1A deficiency,ORPHA_99000,Adult-onset foveomacular vitelliform dystrophy,ORPHA_156__ORPHA_99000
ORPHA_721,Gray platelet syndrome,ORPHA_33111,Granulomatous slack skin,ORPHA_721__ORPHA_33111
ORPHA_137596,Neurotrophic keratopathy,ORPHA_52416,Mantle cell lymphoma,ORPHA_52416__ORPHA_137596
ORPHA_254857,Lethal infantile mitochondrial myopathy,ORPHA_329466,"Autosomal dominant focal dystonia, DYT25 type",ORPHA_254857__ORPHA_329466
ORPHA_369840,TRAPPC11-related limb-girdle muscular dystrophy R18,ORPHA_98962,Granular corneal dystrophy type I,ORPHA_98962__ORPHA_369840
ORPHA_274,Bernard-Soulier syndrome,ORPHA_360,Glioblastoma,ORPHA_274__ORPHA_360
ORPHA_256,Early-onset generalized limb-onset dystonia,ORPHA_99000,Adult-onset foveomacular vitelliform dystrophy,ORPHA_256__ORPHA_99000
ORPHA_488333,Autosomal dominant Charcot-Marie-Tooth disease type 2W,ORPHA_90035,Paroxysmal cold hemoglobinuria,ORPHA_90035__ORPHA_488333
ORPHA_254854,Pure mitochondrial myopathy,ORPHA_319600,Mendelian susceptibility to mycobacterial diseases due to partial IRF8 deficiency,ORPHA_254854__ORPHA_319600
ORPHA_52416,Mantle cell lymphoma,ORPHA_98908,Neutral lipid storage myopathy,ORPHA_52416__ORPHA_98908
ORPHA_49566,Acquired purpura fulminans,ORPHA_99000,Adult-onset foveomacular vitelliform dystrophy,ORPHA_49566__ORPHA_99000
ORPHA_724,Idiopathic acute eosinophilic pneumonia,ORPHA_98805,"Primary dystonia, DYT4 type",ORPHA_724__ORPHA_98805
ORPHA_319514,Combined oxidative phosphorylation defect type 13,ORPHA_56425,Cold agglutinin disease,ORPHA_56425__ORPHA_319514
ORPHA_495,Transgrediens et progrediens palmoplantar keratoderma,ORPHA_293381,Epithelial recurrent erosion dystrophy,ORPHA_495__ORPHA_293381
ORPHA_254864,Mitochondrial myopathy with reversible cytochrome C oxidase deficiency,ORPHA_85138,Addison disease,ORPHA_85138__ORPHA_254864
ORPHA_254857,Lethal infantile mitochondrial myopathy,ORPHA_853,Fetal and neonatal alloimmune thrombocytopenia,ORPHA_853__ORPHA_254857
ORPHA_2584,Classic mycosis fungoides,ORPHA_90035,Paroxysmal cold hemoglobinuria,ORPHA_2584__ORPHA_90035
ORPHA_659,Mutilating palmoplantar keratoderma with periorificial keratotic plaques,ORPHA_56425,Cold agglutinin disease,ORPHA_659__ORPHA_56425
ORPHA_254857,Lethal infantile mitochondrial myopathy,ORPHA_391,Classic Hodgkin lymphoma,ORPHA_391__ORPHA_254857
ORPHA_52417,MALT lymphoma,ORPHA_91411,Congenital ptosis,ORPHA_52417__ORPHA_91411
ORPHA_137596,Neurotrophic keratopathy,ORPHA_97279,Insulinoma,ORPHA_97279__ORPHA_137596
ORPHA_314769,Somatomammotropinoma,ORPHA_99947,Autosomal dominant Charcot-Marie-Tooth disease type 2A2,ORPHA_99947__ORPHA_314769
ORPHA_254854,Pure mitochondrial myopathy,ORPHA_464440,"Primary dystonia, DYT27 type",ORPHA_254854__ORPHA_464440
ORPHA_2271,Congenital ichthyosis-microcephalus-tetraplegia syndrome,ORPHA_369840,TRAPPC11-related limb-girdle muscular dystrophy R18,ORPHA_2271__ORPHA_369840
ORPHA_1195,Congenital atransferrinemia,ORPHA_99000,Adult-onset foveomacular vitelliform dystrophy,ORPHA_1195__ORPHA_99000
ORPHA_254864,Mitochondrial myopathy with reversible cytochrome C oxidase deficiency,ORPHA_2032,Idiopathic pulmonary fibrosis,ORPHA_2032__ORPHA_254864
ORPHA_90695,Non-acquired panhypopituitarism,ORPHA_99000,Adult-onset foveomacular vitelliform dystrophy,ORPHA_90695__ORPHA_99000
ORPHA_90035,Paroxysmal cold hemoglobinuria,ORPHA_88621,Ichthyosis-prematurity syndrome,ORPHA_88621__ORPHA_90035
ORPHA_2889,Pili torti,ORPHA_99000,Adult-onset foveomacular vitelliform dystrophy,ORPHA_2889__ORPHA_99000
ORPHA_2571,X-linked immunoneurologic disorder,ORPHA_52417,MALT lymphoma,ORPHA_2571__ORPHA_52417
ORPHA_251639,Subependymoma,ORPHA_721,Gray platelet syndrome,ORPHA_721__ORPHA_251639
ORPHA_98964,Lattice corneal dystrophy type I,ORPHA_99947,Autosomal dominant Charcot-Marie-Tooth disease type 2A2,ORPHA_98964__ORPHA_99947
ORPHA_34516,DNAJB6-related limb-girdle muscular dystrophy D1,ORPHA_97282,VIPoma,ORPHA_34516__ORPHA_97282
ORPHA_293381,Epithelial recurrent erosion dystrophy,ORPHA_384,Huriez syndrome,ORPHA_384__ORPHA_293381
ORPHA_33402,Pediatric hepatocellular carcinoma,ORPHA_88621,Ichthyosis-prematurity syndrome,ORPHA_33402__ORPHA_88621
ORPHA_369840,TRAPPC11-related limb-girdle muscular dystrophy R18,ORPHA_90036,Mixed-type autoimmune hemolytic anemia,ORPHA_90036__ORPHA_369840
ORPHA_166119,Isolated osteopoikilosis,ORPHA_99000,Adult-onset foveomacular vitelliform dystrophy,ORPHA_99000__ORPHA_166119
ORPHA_87503,Mal de Meleda,ORPHA_98969,Macular corneal dystrophy,ORPHA_87503__ORPHA_98969
ORPHA_274,Bernard-Soulier syndrome,ORPHA_33111,Granulomatous slack skin,ORPHA_274__ORPHA_33111
ORPHA_52417,MALT lymphoma,ORPHA_97341,Persistent placoid maculopathy,ORPHA_52417__ORPHA_97341
ORPHA_610,Bethlem myopathy,ORPHA_545,Follicular lymphoma,ORPHA_545__ORPHA_610
ORPHA_158681,Epidermolysis bullosa simplex with circinate migratory erythema,ORPHA_52417,MALT lymphoma,ORPHA_52417__ORPHA_158681
ORPHA_252164,Benign schwannoma,ORPHA_99000,Adult-onset foveomacular vitelliform dystrophy,ORPHA_99000__ORPHA_252164
ORPHA_254857,Lethal infantile mitochondrial myopathy,ORPHA_98806,"Primary dystonia, DYT6 type",ORPHA_98806__ORPHA_254857
ORPHA_274,Bernard-Soulier syndrome,ORPHA_97283,Somatostatinoma,ORPHA_274__ORPHA_97283
ORPHA_319514,Combined oxidative phosphorylation defect type 13,ORPHA_98969,Macular corneal dystrophy,ORPHA_98969__ORPHA_319514
ORPHA_1243,Best vitelliform macular dystrophy,ORPHA_52417,MALT lymphoma,ORPHA_1243__ORPHA_52417
ORPHA_42,Medium chain acyl-CoA dehydrogenase deficiency,ORPHA_52417,MALT lymphoma,ORPHA_42__ORPHA_52417
ORPHA_254864,Mitochondrial myopathy with reversible cytochrome C oxidase deficiency,ORPHA_98806,"Primary dystonia, DYT6 type",ORPHA_98806__ORPHA_254864
ORPHA_178333,\xc3\x85land Islands eye disease,ORPHA_52417,MALT lymphoma,ORPHA_52417__ORPHA_178333
ORPHA_293621,X-linked endothelial corneal dystrophy,ORPHA_52417,MALT lymphoma,ORPHA_52417__ORPHA_293621
ORPHA_545,Follicular lymphoma,ORPHA_100976,Bathing suit ichthyosis,ORPHA_545__ORPHA_100976
ORPHA_329314,Adult-onset multiple mitochondrial DNA deletion syndrome due to DGUOK deficiency,ORPHA_75376,Familial drusen,ORPHA_75376__ORPHA_329314
ORPHA_1598,Monosomy 18p,ORPHA_659,Mutilating palmoplantar keratoderma with periorificial keratotic plaques,ORPHA_659__ORPHA_1598
ORPHA_254854,Pure mitochondrial myopathy,ORPHA_98827,Unclassified myelodysplastic syndrome,ORPHA_98827__ORPHA_254854
ORPHA_610,Bethlem myopathy,ORPHA_724,Idiopathic acute eosinophilic pneumonia,ORPHA_610__ORPHA_724
ORPHA_963,Acromegaly,ORPHA_254864,Mitochondrial myopathy with reversible cytochrome C oxidase deficiency,ORPHA_963__ORPHA_254864
ORPHA_329314,Adult-onset multiple mitochondrial DNA deletion syndrome due to DGUOK deficiency,ORPHA_98962,Granular corneal dystrophy type I,ORPHA_98962__ORPHA_329314
ORPHA_312,Autosomal dominant epidermolytic ichthyosis,ORPHA_52417,MALT lymphoma,ORPHA_312__ORPHA_52417
ORPHA_48918,Focal myositis,ORPHA_99000,Adult-onset foveomacular vitelliform dystrophy,ORPHA_48918__ORPHA_99000
ORPHA_137596,Neurotrophic keratopathy,ORPHA_319600,Mendelian susceptibility to mycobacterial diseases due to partial IRF8 deficiency,ORPHA_137596__ORPHA_319600
ORPHA_75378,Oligocone trichromacy,ORPHA_98806,"Primary dystonia, DYT6 type",ORPHA_75378__ORPHA_98806
ORPHA_721,Gray platelet syndrome,ORPHA_90050,Retinopathy of prematurity,ORPHA_721__ORPHA_90050
ORPHA_314769,Somatomammotropinoma,ORPHA_98912,"Late-onset distal myopathy, Markesbery-Griggs type",ORPHA_98912__ORPHA_314769
ORPHA_52417,MALT lymphoma,ORPHA_79401,PLEC-related intermediate epidermolysis bullosa simplex without extracutaneous involvement,ORPHA_52417__ORPHA_79401
ORPHA_56425,Cold agglutinin disease,ORPHA_101085,Charcot-Marie-Tooth disease type 1F,ORPHA_56425__ORPHA_101085
ORPHA_659,Mutilating palmoplantar keratoderma with periorificial keratotic plaques,ORPHA_98805,"Primary dystonia, DYT4 type",ORPHA_659__ORPHA_98805
ORPHA_545,Follicular lymphoma,ORPHA_79503,Ichthyosis hystrix of Curth-Macklin,ORPHA_545__ORPHA_79503
ORPHA_851,Paris-Trousseau thrombocytopenia,ORPHA_1243,Best vitelliform macular dystrophy,ORPHA_851__ORPHA_1243
ORPHA_263455,Hyperinsulinism due to HNF4A deficiency,ORPHA_52417,MALT lymphoma,ORPHA_52417__ORPHA_263455
ORPHA_42,Medium chain acyl-CoA dehydrogenase deficiency,ORPHA_724,Idiopathic acute eosinophilic pneumonia,ORPHA_42__ORPHA_724
ORPHA_384,Huriez syndrome,ORPHA_98969,Macular corneal dystrophy,ORPHA_384__ORPHA_98969
ORPHA_329314,Adult-onset multiple mitochondrial DNA deletion syndrome due to DGUOK deficiency,ORPHA_97282,VIPoma,ORPHA_97282__ORPHA_329314
ORPHA_91347,TSH-secreting pituitary adenoma,ORPHA_98962,Granular corneal dystrophy type I,ORPHA_91347__ORPHA_98962
ORPHA_399805,Male infertility with azoospermia or oligozoospermia due to single gene mutation,ORPHA_99000,Adult-onset foveomacular vitelliform dystrophy,ORPHA_99000__ORPHA_399805
ORPHA_851,Paris-Trousseau thrombocytopenia,ORPHA_98974,Fuchs endothelial corneal dystrophy,ORPHA_851__ORPHA_98974
ORPHA_721,Gray platelet syndrome,ORPHA_70587,Infant acute respiratory distress syndrome,ORPHA_721__ORPHA_70587
ORPHA_79443,Pseudohypoparathyroidism type 1A,ORPHA_99000,Adult-onset foveomacular vitelliform dystrophy,ORPHA_79443__ORPHA_99000
ORPHA_732,Polymyositis,ORPHA_99000,Adult-onset foveomacular vitelliform dystrophy,ORPHA_732__ORPHA_99000
ORPHA_137596,Neurotrophic keratopathy,ORPHA_90035,Paroxysmal cold hemoglobinuria,ORPHA_90035__ORPHA_137596
ORPHA_721,Gray platelet syndrome,ORPHA_85138,Addison disease,ORPHA_721__ORPHA_85138
ORPHA_2905,POEMS syndrome,ORPHA_99000,Adult-onset foveomacular vitelliform dystrophy,ORPHA_2905__ORPHA_99000
ORPHA_457,Harlequin ichthyosis,ORPHA_724,Idiopathic acute eosinophilic pneumonia,ORPHA_457__ORPHA_724
ORPHA_91347,TSH-secreting pituitary adenoma,ORPHA_99956,Charcot-Marie-Tooth disease type 4B2,ORPHA_91347__ORPHA_99956
ORPHA_399180,Secondary non-traumatic avascular necrosis,ORPHA_99000,Adult-onset foveomacular vitelliform dystrophy,ORPHA_99000__ORPHA_399180
ORPHA_169154,T-B+ severe combined immunodeficiency due to IL-7Ralpha deficiency,ORPHA_721,Gray platelet syndrome,ORPHA_721__ORPHA_169154
ORPHA_75378,Oligocone trichromacy,ORPHA_98805,"Primary dystonia, DYT4 type",ORPHA_75378__ORPHA_98805
ORPHA_2584,Classic mycosis fungoides,ORPHA_99000,Adult-onset foveomacular vitelliform dystrophy,ORPHA_2584__ORPHA_99000
ORPHA_293621,X-linked endothelial corneal dystrophy,ORPHA_99956,Charcot-Marie-Tooth disease type 4B2,ORPHA_99956__ORPHA_293621
ORPHA_52417,MALT lymphoma,ORPHA_98673,"Autosomal dominant optic atrophy, classic form",ORPHA_52417__ORPHA_98673
ORPHA_56425,Cold agglutinin disease,ORPHA_99949,Charcot-Marie-Tooth disease type 4C,ORPHA_56425__ORPHA_99949
ORPHA_256,Early-onset generalized limb-onset dystonia,ORPHA_99725,Pituitary gigantism,ORPHA_256__ORPHA_99725
ORPHA_91347,TSH-secreting pituitary adenoma,ORPHA_98969,Macular corneal dystrophy,ORPHA_91347__ORPHA_98969
ORPHA_254857,Lethal infantile mitochondrial myopathy,ORPHA_99657,"Primary dystonia, DYT2 type",ORPHA_99657__ORPHA_254857
ORPHA_63273,Distal myopathy with posterior leg and anterior hand involvement,ORPHA_52416,Mantle cell lymphoma,ORPHA_52416__ORPHA_63273
ORPHA_52417,MALT lymphoma,ORPHA_97279,Insulinoma,ORPHA_52417__ORPHA_97279
ORPHA_52417,MALT lymphoma,ORPHA_99736,Acetazolamide-responsive myotonia,ORPHA_52417__ORPHA_99736
ORPHA_721,Gray platelet syndrome,ORPHA_91347,TSH-secreting pituitary adenoma,ORPHA_721__ORPHA_91347
ORPHA_52427,Retinitis punctata albescens,ORPHA_99956,Charcot-Marie-Tooth disease type 4B2,ORPHA_52427__ORPHA_99956
ORPHA_66624,PANDAS,ORPHA_52417,MALT lymphoma,ORPHA_52417__ORPHA_66624
ORPHA_97279,Insulinoma,ORPHA_98969,Macular corneal dystrophy,ORPHA_97279__ORPHA_98969
ORPHA_2089,Glycogen storage disease due to hepatic glycogen synthase deficiency,ORPHA_52417,MALT lymphoma,ORPHA_2089__ORPHA_52417
ORPHA_352470,DNA2-related mitochondrial DNA deletion syndrome,ORPHA_79128,Lymphoid interstitial pneumonia,ORPHA_79128__ORPHA_352470
ORPHA_3002,Immune thrombocytopenia,ORPHA_88621,Ichthyosis-prematurity syndrome,ORPHA_3002__ORPHA_88621
ORPHA_274,Bernard-Soulier syndrome,ORPHA_97261,GRFoma,ORPHA_274__ORPHA_97261
ORPHA_254864,Mitochondrial myopathy with reversible cytochrome C oxidase deficiency,ORPHA_101096,Aregenerative anemia,ORPHA_101096__ORPHA_254864
ORPHA_254854,Pure mitochondrial myopathy,ORPHA_420485,Cranio-cervical dystonia with laryngeal and upper-limb involvement,ORPHA_254854__ORPHA_420485
ORPHA_545,Follicular lymphoma,ORPHA_99734,Myotonia fluctuans,ORPHA_545__ORPHA_99734
ORPHA_399805,Male infertility with azoospermia or oligozoospermia due to single gene mutation,ORPHA_52417,MALT lymphoma,ORPHA_52417__ORPHA_399805
ORPHA_466768,Autosomal dominant Charcot-Marie-Tooth disease type 2Z,ORPHA_99000,Adult-onset foveomacular vitelliform dystrophy,ORPHA_99000__ORPHA_466768
ORPHA_52417,MALT lymphoma,ORPHA_93958,Oromandibular dystonia,ORPHA_52417__ORPHA_93958
ORPHA_95434,Autosomal recessive cerebellar ataxia-movement disorder syndrome,ORPHA_99000,Adult-onset foveomacular vitelliform dystrophy,ORPHA_95434__ORPHA_99000
ORPHA_3202,Dehydrated hereditary stomatocytosis,ORPHA_724,Idiopathic acute eosinophilic pneumonia,ORPHA_724__ORPHA_3202
ORPHA_99000,Adult-onset foveomacular vitelliform dystrophy,ORPHA_99978,Klatskin tumor,ORPHA_99000__ORPHA_99978
ORPHA_314769,Somatomammotropinoma,ORPHA_384,Huriez syndrome,ORPHA_384__ORPHA_314769
ORPHA_412217,Dystonia-aphonia syndrome,ORPHA_75378,Oligocone trichromacy,ORPHA_75378__ORPHA_412217
ORPHA_488333,Autosomal dominant Charcot-Marie-Tooth disease type 2W,ORPHA_91347,TSH-secreting pituitary adenoma,ORPHA_91347__ORPHA_488333
ORPHA_250994,1q21.1 microduplication syndrome,ORPHA_254857,Lethal infantile mitochondrial myopathy,ORPHA_250994__ORPHA_254857
ORPHA_163,Hereditary hyperferritinemia-cataract syndrome,ORPHA_34516,DNAJB6-related limb-girdle muscular dystrophy D1,ORPHA_163__ORPHA_34516
ORPHA_300385,Pituitary carcinoma,ORPHA_99000,Adult-onset foveomacular vitelliform dystrophy,ORPHA_99000__ORPHA_300385
ORPHA_254857,Lethal infantile mitochondrial myopathy,ORPHA_261197,Proximal 16p11.2 microdeletion syndrome,ORPHA_254857__ORPHA_261197
ORPHA_755,Leydig cell hypoplasia,ORPHA_99000,Adult-onset foveomacular vitelliform dystrophy,ORPHA_755__ORPHA_99000
ORPHA_276,T-B+ severe combined immunodeficiency due to gamma chain deficiency,ORPHA_721,Gray platelet syndrome,ORPHA_276__ORPHA_721
ORPHA_56425,Cold agglutinin disease,ORPHA_99940,Autosomal dominant Charcot-Marie-Tooth disease type 2F,ORPHA_56425__ORPHA_99940
ORPHA_137596,Neurotrophic keratopathy,ORPHA_56425,Cold agglutinin disease,ORPHA_56425__ORPHA_137596
ORPHA_254864,Mitochondrial myopathy with reversible cytochrome C oxidase deficiency,ORPHA_488333,Autosomal dominant Charcot-Marie-Tooth disease type 2W,ORPHA_254864__ORPHA_488333
ORPHA_52417,MALT lymphoma,ORPHA_45448,Miyoshi myopathy,ORPHA_45448__ORPHA_52417
ORPHA_137596,Neurotrophic keratopathy,ORPHA_99956,Charcot-Marie-Tooth disease type 4B2,ORPHA_99956__ORPHA_137596
ORPHA_254864,Mitochondrial myopathy with reversible cytochrome C oxidase deficiency,ORPHA_79126,Acute interstitial pneumonia,ORPHA_79126__ORPHA_254864
ORPHA_369840,TRAPPC11-related limb-girdle muscular dystrophy R18,ORPHA_42642,PFAPA syndrome,ORPHA_42642__ORPHA_369840
ORPHA_369840,TRAPPC11-related limb-girdle muscular dystrophy R18,ORPHA_33402,Pediatric hepatocellular carcinoma,ORPHA_33402__ORPHA_369840
ORPHA_851,Paris-Trousseau thrombocytopenia,ORPHA_98963,Granular corneal dystrophy type II,ORPHA_851__ORPHA_98963
ORPHA_215,Congenital stationary night blindness,ORPHA_97279,Insulinoma,ORPHA_215__ORPHA_97279
ORPHA_54,X-linked recessive ocular albinism,ORPHA_52417,MALT lymphoma,ORPHA_54__ORPHA_52417
ORPHA_724,Idiopathic acute eosinophilic pneumonia,ORPHA_63273,Distal myopathy with posterior leg and anterior hand involvement,ORPHA_724__ORPHA_63273
ORPHA_254864,Mitochondrial myopathy with reversible cytochrome C oxidase deficiency,ORPHA_52416,Mantle cell lymphoma,ORPHA_52416__ORPHA_254864
ORPHA_2584,Classic mycosis fungoides,ORPHA_98969,Macular corneal dystrophy,ORPHA_2584__ORPHA_98969
ORPHA_69077,Rhabdoid tumor,ORPHA_99000,Adult-onset foveomacular vitelliform dystrophy,ORPHA_69077__ORPHA_99000
ORPHA_274,Bernard-Soulier syndrome,ORPHA_79128,Lymphoid interstitial pneumonia,ORPHA_274__ORPHA_79128
ORPHA_313,Lamellar ichthyosis,ORPHA_52417,MALT lymphoma,ORPHA_313__ORPHA_52417
ORPHA_274,Bernard-Soulier syndrome,ORPHA_913,Zollinger-Ellison syndrome,ORPHA_274__ORPHA_913
ORPHA_163,Hereditary hyperferritinemia-cataract syndrome,ORPHA_254854,Pure mitochondrial myopathy,ORPHA_163__ORPHA_254854
ORPHA_254857,Lethal infantile mitochondrial myopathy,ORPHA_228415,5q35 microduplication syndrome,ORPHA_228415__ORPHA_254857
ORPHA_851,Paris-Trousseau thrombocytopenia,ORPHA_293603,Congenital hereditary endothelial dystrophy type II,ORPHA_851__ORPHA_293603
ORPHA_2085,Glaucoma-sleep apnea syndrome,ORPHA_254857,Lethal infantile mitochondrial myopathy,ORPHA_2085__ORPHA_254857
ORPHA_79148,Elastosis perforans serpiginosa,ORPHA_52417,MALT lymphoma,ORPHA_52417__ORPHA_79148
ORPHA_52417,MALT lymphoma,ORPHA_99832,Resistance to thyrotropin-releasing hormone syndrome,ORPHA_52417__ORPHA_99832
ORPHA_2253,Foveal hypoplasia-presenile cataract syndrome,ORPHA_369840,TRAPPC11-related limb-girdle muscular dystrophy R18,ORPHA_2253__ORPHA_369840
ORPHA_256,Early-onset generalized limb-onset dystonia,ORPHA_52417,MALT lymphoma,ORPHA_256__ORPHA_52417
ORPHA_545,Follicular lymphoma,ORPHA_87503,Mal de Meleda,ORPHA_545__ORPHA_87503
ORPHA_254854,Pure mitochondrial myopathy,ORPHA_42642,PFAPA syndrome,ORPHA_42642__ORPHA_254854
ORPHA_137599,Herpes simplex virus stromal keratitis,ORPHA_52417,MALT lymphoma,ORPHA_52417__ORPHA_137599
ORPHA_140905,Hyperlipidemia due to hepatic triacylglycerol lipase deficiency,ORPHA_99000,Adult-onset foveomacular vitelliform dystrophy,ORPHA_99000__ORPHA_140905
ORPHA_215,Congenital stationary night blindness,ORPHA_851,Paris-Trousseau thrombocytopenia,ORPHA_215__ORPHA_851
ORPHA_457,Harlequin ichthyosis,ORPHA_314769,Somatomammotropinoma,ORPHA_457__ORPHA_314769
ORPHA_293381,Epithelial recurrent erosion dystrophy,ORPHA_93958,Oromandibular dystonia,ORPHA_93958__ORPHA_293381
ORPHA_1243,Best vitelliform macular dystrophy,ORPHA_91350,Pituitary deficiency due to Rathke cleft cysts,ORPHA_1243__ORPHA_91350
ORPHA_254864,Mitochondrial myopathy with reversible cytochrome C oxidase deficiency,ORPHA_3309,Tetrasomy 5p,ORPHA_3309__ORPHA_254864
ORPHA_254864,Mitochondrial myopathy with reversible cytochrome C oxidase deficiency,ORPHA_545,Follicular lymphoma,ORPHA_545__ORPHA_254864
ORPHA_247598,Neonatal intrahepatic cholestasis due to citrin deficiency,ORPHA_52417,MALT lymphoma,ORPHA_52417__ORPHA_247598
ORPHA_329314,Adult-onset multiple mitochondrial DNA deletion syndrome due to DGUOK deficiency,ORPHA_52427,Retinitis punctata albescens,ORPHA_52427__ORPHA_329314
ORPHA_721,Gray platelet syndrome,ORPHA_99931,Idiopathic pulmonary hemosiderosis,ORPHA_721__ORPHA_99931
ORPHA_254854,Pure mitochondrial myopathy,ORPHA_520,Acute promyelocytic leukemia,ORPHA_520__ORPHA_254854
ORPHA_97279,Insulinoma,ORPHA_98964,Lattice corneal dystrophy type I,ORPHA_97279__ORPHA_98964
ORPHA_424019,Squamous cell carcinoma of the anal canal,ORPHA_721,Gray platelet syndrome,ORPHA_721__ORPHA_424019
ORPHA_137596,Neurotrophic keratopathy,ORPHA_329314,Adult-onset multiple mitochondrial DNA deletion syndrome due to DGUOK deficiency,ORPHA_137596__ORPHA_329314
ORPHA_851,Paris-Trousseau thrombocytopenia,ORPHA_67042,Late-onset retinal degeneration,ORPHA_851__ORPHA_67042
ORPHA_67042,Late-onset retinal degeneration,ORPHA_52417,MALT lymphoma,ORPHA_52417__ORPHA_67042
ORPHA_42,Medium chain acyl-CoA dehydrogenase deficiency,ORPHA_545,Follicular lymphoma,ORPHA_42__ORPHA_545
ORPHA_52417,MALT lymphoma,ORPHA_91416,Isolated congenital alacrima,ORPHA_52417__ORPHA_91416
ORPHA_254864,Mitochondrial myopathy with reversible cytochrome C oxidase deficiency,ORPHA_261304,Paternal 20q13.2q13.3 microdeletion syndrome,ORPHA_254864__ORPHA_261304
ORPHA_545,Follicular lymphoma,ORPHA_63273,Distal myopathy with posterior leg and anterior hand involvement,ORPHA_545__ORPHA_63273
ORPHA_2271,Congenital ichthyosis-microcephalus-tetraplegia syndrome,ORPHA_99725,Pituitary gigantism,ORPHA_2271__ORPHA_99725
ORPHA_2302,Asbestos intoxication,ORPHA_659,Mutilating palmoplantar keratoderma with periorificial keratotic plaques,ORPHA_659__ORPHA_2302
ORPHA_3260,Idiopathic hypereosinophilic syndrome,ORPHA_99000,Adult-onset foveomacular vitelliform dystrophy,ORPHA_3260__ORPHA_99000
ORPHA_851,Paris-Trousseau thrombocytopenia,ORPHA_364055,Severe early-childhood-onset retinal dystrophy,ORPHA_851__ORPHA_364055
ORPHA_156,Carnitine palmitoyl transferase 1A deficiency,ORPHA_52417,MALT lymphoma,ORPHA_156__ORPHA_52417
ORPHA_659,Mutilating palmoplantar keratoderma with periorificial keratotic plaques,ORPHA_99956,Charcot-Marie-Tooth disease type 4B2,ORPHA_659__ORPHA_99956
ORPHA_293603,Congenital hereditary endothelial dystrophy type II,ORPHA_52417,MALT lymphoma,ORPHA_52417__ORPHA_293603
ORPHA_137596,Neurotrophic keratopathy,ORPHA_91347,TSH-secreting pituitary adenoma,ORPHA_91347__ORPHA_137596
ORPHA_169189,Autosomal dominant centronuclear myopathy,ORPHA_56425,Cold agglutinin disease,ORPHA_56425__ORPHA_169189
ORPHA_52416,Mantle cell lymphoma,ORPHA_99735,Myotonia permanens,ORPHA_52416__ORPHA_99735
ORPHA_52417,MALT lymphoma,ORPHA_98964,Lattice corneal dystrophy type I,ORPHA_52417__ORPHA_98964
ORPHA_221091,Trigeminal neuralgia,ORPHA_99000,Adult-onset foveomacular vitelliform dystrophy,ORPHA_99000__ORPHA_221091
ORPHA_93958,Oromandibular dystonia,ORPHA_99725,Pituitary gigantism,ORPHA_93958__ORPHA_99725
ORPHA_2221,Acquired hypertrichosis lanuginosa,ORPHA_99000,Adult-onset foveomacular vitelliform dystrophy,ORPHA_2221__ORPHA_99000
ORPHA_254854,Pure mitochondrial myopathy,ORPHA_2965,Prolactinoma,ORPHA_2965__ORPHA_254854
ORPHA_256,Early-onset generalized limb-onset dystonia,ORPHA_721,Gray platelet syndrome,ORPHA_256__ORPHA_721
ORPHA_254854,Pure mitochondrial myopathy,ORPHA_412217,Dystonia-aphonia syndrome,ORPHA_254854__ORPHA_412217
ORPHA_254864,Mitochondrial myopathy with reversible cytochrome C oxidase deficiency,ORPHA_370103,"Primary dystonia, DYT17 type",ORPHA_254864__ORPHA_370103
ORPHA_545,Follicular lymphoma,ORPHA_659,Mutilating palmoplantar keratoderma with periorificial keratotic plaques,ORPHA_545__ORPHA_659
ORPHA_420492,"Adult-onset cervical dystonia, DYT23 type",ORPHA_75378,Oligocone trichromacy,ORPHA_75378__ORPHA_420492
ORPHA_320375,Autosomal recessive spastic paraplegia type 55,ORPHA_99000,Adult-onset foveomacular vitelliform dystrophy,ORPHA_99000__ORPHA_320375
ORPHA_254864,Mitochondrial myopathy with reversible cytochrome C oxidase deficiency,ORPHA_3162,S\xc3\xa9zary syndrome,ORPHA_3162__ORPHA_254864
ORPHA_70594,Dopa-responsive dystonia due to sepiapterin reductase deficiency,ORPHA_99000,Adult-onset foveomacular vitelliform dystrophy,ORPHA_70594__ORPHA_99000
ORPHA_254857,Lethal infantile mitochondrial myopathy,ORPHA_90037,Drug-induced autoimmune hemolytic anemia,ORPHA_90037__ORPHA_254857
ORPHA_56425,Cold agglutinin disease,ORPHA_33111,Granulomatous slack skin,ORPHA_33111__ORPHA_56425
ORPHA_52427,Retinitis punctata albescens,ORPHA_97279,Insulinoma,ORPHA_52427__ORPHA_97279
ORPHA_851,Paris-Trousseau thrombocytopenia,ORPHA_293621,X-linked endothelial corneal dystrophy,ORPHA_851__ORPHA_293621
ORPHA_391,Classic Hodgkin lymphoma,ORPHA_99000,Adult-onset foveomacular vitelliform dystrophy,ORPHA_391__ORPHA_99000
ORPHA_52417,MALT lymphoma,ORPHA_101028,Transaldolase deficiency,ORPHA_52417__ORPHA_101028
ORPHA_314769,Somatomammotropinoma,ORPHA_79394,Congenital non-bullous ichthyosiform erythroderma,ORPHA_79394__ORPHA_314769
ORPHA_254854,Pure mitochondrial myopathy,ORPHA_228415,5q35 microduplication syndrome,ORPHA_228415__ORPHA_254854
ORPHA_254864,Mitochondrial myopathy with reversible cytochrome C oxidase deficiency,ORPHA_261197,Proximal 16p11.2 microdeletion syndrome,ORPHA_254864__ORPHA_261197
ORPHA_254864,Mitochondrial myopathy with reversible cytochrome C oxidase deficiency,ORPHA_90033,"Autoimmune hemolytic anemia, warm type",ORPHA_90033__ORPHA_254864
ORPHA_3204,Stormorken-Sjaastad-Langslet syndrome,ORPHA_52417,MALT lymphoma,ORPHA_3204__ORPHA_52417
ORPHA_254857,Lethal infantile mitochondrial myopathy,ORPHA_101082,Charcot-Marie-Tooth disease type 1B,ORPHA_101082__ORPHA_254857
ORPHA_97279,Insulinoma,ORPHA_99944,Autosomal dominant Charcot-Marie-Tooth disease type 2K,ORPHA_97279__ORPHA_99944
ORPHA_52417,MALT lymphoma,ORPHA_99734,Myotonia fluctuans,ORPHA_52417__ORPHA_99734
ORPHA_137596,Neurotrophic keratopathy,ORPHA_256,Early-onset generalized limb-onset dystonia,ORPHA_256__ORPHA_137596
ORPHA_280397,Familial Alzheimer-like prion disease,ORPHA_52417,MALT lymphoma,ORPHA_52417__ORPHA_280397
ORPHA_314769,Somatomammotropinoma,ORPHA_101085,Charcot-Marie-Tooth disease type 1F,ORPHA_101085__ORPHA_314769
ORPHA_2725,Eye defects-arachnodactyly-cardiopathy syndrome,ORPHA_99000,Adult-onset foveomacular vitelliform dystrophy,ORPHA_2725__ORPHA_99000
ORPHA_137599,Herpes simplex virus stromal keratitis,ORPHA_2584,Classic mycosis fungoides,ORPHA_2584__ORPHA_137599
ORPHA_256,Early-onset generalized limb-onset dystonia,ORPHA_293381,Epithelial recurrent erosion dystrophy,ORPHA_256__ORPHA_293381
ORPHA_254864,Mitochondrial myopathy with reversible cytochrome C oxidase deficiency,ORPHA_97279,Insulinoma,ORPHA_97279__ORPHA_254864
ORPHA_75378,Oligocone trichromacy,ORPHA_99949,Charcot-Marie-Tooth disease type 4C,ORPHA_75378__ORPHA_99949
ORPHA_254864,Mitochondrial myopathy with reversible cytochrome C oxidase deficiency,ORPHA_261349,2p15p16.1 microdeletion syndrome,ORPHA_254864__ORPHA_261349
ORPHA_2271,Congenital ichthyosis-microcephalus-tetraplegia syndrome,ORPHA_97280,Glucagonoma,ORPHA_2271__ORPHA_97280
ORPHA_2850,Alopecia-intellectual disability syndrome,ORPHA_99000,Adult-onset foveomacular vitelliform dystrophy,ORPHA_2850__ORPHA_99000
ORPHA_133,Chronic beryllium disease,ORPHA_659,Mutilating palmoplantar keratoderma with periorificial keratotic plaques,ORPHA_133__ORPHA_659
ORPHA_721,Gray platelet syndrome,ORPHA_88621,Ichthyosis-prematurity syndrome,ORPHA_721__ORPHA_88621
ORPHA_56425,Cold agglutinin disease,ORPHA_101081,Charcot-Marie-Tooth disease type 1A,ORPHA_56425__ORPHA_101081
ORPHA_721,Gray platelet syndrome,ORPHA_90035,Paroxysmal cold hemoglobinuria,ORPHA_721__ORPHA_90035
ORPHA_254854,Pure mitochondrial myopathy,ORPHA_329466,"Autosomal dominant focal dystonia, DYT25 type",ORPHA_254854__ORPHA_329466
ORPHA_851,Paris-Trousseau thrombocytopenia,ORPHA_913,Zollinger-Ellison syndrome,ORPHA_851__ORPHA_913
ORPHA_52417,MALT lymphoma,ORPHA_91495,Persistent hyperplastic primary vitreous,ORPHA_52417__ORPHA_91495
ORPHA_440713,Isolated sedoheptulokinase deficiency,ORPHA_99000,Adult-onset foveomacular vitelliform dystrophy,ORPHA_99000__ORPHA_440713
ORPHA_79138,Bickerstaff brainstem encephalitis,ORPHA_99000,Adult-onset foveomacular vitelliform dystrophy,ORPHA_79138__ORPHA_99000
ORPHA_171929,Trisomy 10p,ORPHA_254864,Mitochondrial myopathy with reversible cytochrome C oxidase deficiency,ORPHA_171929__ORPHA_254864
ORPHA_851,Paris-Trousseau thrombocytopenia,ORPHA_91359,Chronic pneumonitis of infancy,ORPHA_851__ORPHA_91359
ORPHA_256,Early-onset generalized limb-onset dystonia,ORPHA_98964,Lattice corneal dystrophy type I,ORPHA_256__ORPHA_98964
ORPHA_364055,Severe early-childhood-onset retinal dystrophy,ORPHA_466768,Autosomal dominant Charcot-Marie-Tooth disease type 2Z,ORPHA_364055__ORPHA_466768
ORPHA_724,Idiopathic acute eosinophilic pneumonia,ORPHA_97261,GRFoma,ORPHA_724__ORPHA_97261
ORPHA_98962,Granular corneal dystrophy type I,ORPHA_99956,Charcot-Marie-Tooth disease type 4B2,ORPHA_98962__ORPHA_99956
ORPHA_98969,Macular corneal dystrophy,ORPHA_101082,Charcot-Marie-Tooth disease type 1B,ORPHA_98969__ORPHA_101082
ORPHA_352470,DNA2-related mitochondrial DNA deletion syndrome,ORPHA_97279,Insulinoma,ORPHA_97279__ORPHA_352470
ORPHA_97279,Insulinoma,ORPHA_101082,Charcot-Marie-Tooth disease type 1B,ORPHA_97279__ORPHA_101082
ORPHA_853,Fetal and neonatal alloimmune thrombocytopenia,ORPHA_99000,Adult-onset foveomacular vitelliform dystrophy,ORPHA_853__ORPHA_99000
ORPHA_2085,Glaucoma-sleep apnea syndrome,ORPHA_254854,Pure mitochondrial myopathy,ORPHA_2085__ORPHA_254854
ORPHA_254854,Pure mitochondrial myopathy,ORPHA_231445,Paraparetic variant of Guillain-Barr\xc3\xa9 syndrome,ORPHA_231445__ORPHA_254854
ORPHA_721,Gray platelet syndrome,ORPHA_90023,Primary immunodeficiency syndrome due to LAMTOR2 deficiency,ORPHA_721__ORPHA_90023
ORPHA_137599,Herpes simplex virus stromal keratitis,ORPHA_851,Paris-Trousseau thrombocytopenia,ORPHA_851__ORPHA_137599
ORPHA_913,Zollinger-Ellison syndrome,ORPHA_721,Gray platelet syndrome,ORPHA_721__ORPHA_913
ORPHA_254864,Mitochondrial myopathy with reversible cytochrome C oxidase deficiency,ORPHA_319600,Mendelian susceptibility to mycobacterial diseases due to partial IRF8 deficiency,ORPHA_254864__ORPHA_319600
ORPHA_851,Paris-Trousseau thrombocytopenia,ORPHA_79126,Acute interstitial pneumonia,ORPHA_851__ORPHA_79126
ORPHA_724,Idiopathic acute eosinophilic pneumonia,ORPHA_97280,Glucagonoma,ORPHA_724__ORPHA_97280
ORPHA_314769,Somatomammotropinoma,ORPHA_281122,Self-improving collodion baby,ORPHA_281122__ORPHA_314769
ORPHA_824,Primary myelofibrosis,ORPHA_99000,Adult-onset foveomacular vitelliform dystrophy,ORPHA_824__ORPHA_99000
ORPHA_254864,Mitochondrial myopathy with reversible cytochrome C oxidase deficiency,ORPHA_99953,Charcot-Marie-Tooth disease type 4G,ORPHA_99953__ORPHA_254864
ORPHA_724,Idiopathic acute eosinophilic pneumonia,ORPHA_93958,Oromandibular dystonia,ORPHA_724__ORPHA_93958
ORPHA_592,Macrophagic myofasciitis,ORPHA_99000,Adult-onset foveomacular vitelliform dystrophy,ORPHA_592__ORPHA_99000
ORPHA_254864,Mitochondrial myopathy with reversible cytochrome C oxidase deficiency,ORPHA_101081,Charcot-Marie-Tooth disease type 1A,ORPHA_101081__ORPHA_254864
ORPHA_86839,Refractory anemia with excess blasts,ORPHA_99000,Adult-onset foveomacular vitelliform dystrophy,ORPHA_86839__ORPHA_99000
ORPHA_98964,Lattice corneal dystrophy type I,ORPHA_99949,Charcot-Marie-Tooth disease type 4C,ORPHA_98964__ORPHA_99949
ORPHA_91347,TSH-secreting pituitary adenoma,ORPHA_99947,Autosomal dominant Charcot-Marie-Tooth disease type 2A2,ORPHA_91347__ORPHA_99947
ORPHA_254864,Mitochondrial myopathy with reversible cytochrome C oxidase deficiency,ORPHA_412217,Dystonia-aphonia syndrome,ORPHA_254864__ORPHA_412217
ORPHA_2271,Congenital ichthyosis-microcephalus-tetraplegia syndrome,ORPHA_34516,DNAJB6-related limb-girdle muscular dystrophy D1,ORPHA_2271__ORPHA_34516
ORPHA_254864,Mitochondrial myopathy with reversible cytochrome C oxidase deficiency,ORPHA_226313,Congenital hypothyroidism due to maternal intake of antithyroid drugs,ORPHA_226313__ORPHA_254864
ORPHA_254857,Lethal infantile mitochondrial myopathy,ORPHA_261265,17q12 microdeletion syndrome,ORPHA_254857__ORPHA_261265
ORPHA_634,Netherton syndrome,ORPHA_52417,MALT lymphoma,ORPHA_634__ORPHA_52417
ORPHA_75378,Oligocone trichromacy,ORPHA_93958,Oromandibular dystonia,ORPHA_75378__ORPHA_93958
ORPHA_2201,Palmoplantar keratoderma-spastic paralysis syndrome,ORPHA_314769,Somatomammotropinoma,ORPHA_2201__ORPHA_314769
ORPHA_1302,Cryptogenic organizing pneumonia,ORPHA_721,Gray platelet syndrome,ORPHA_721__ORPHA_1302
ORPHA_254864,Mitochondrial myopathy with reversible cytochrome C oxidase deficiency,ORPHA_70578,Adult acute respiratory distress syndrome,ORPHA_70578__ORPHA_254864
ORPHA_34516,DNAJB6-related limb-girdle muscular dystrophy D1,ORPHA_90037,Drug-induced autoimmune hemolytic anemia,ORPHA_34516__ORPHA_90037
ORPHA_86884,Subcutaneous panniculitis-like T-cell lymphoma,ORPHA_99000,Adult-onset foveomacular vitelliform dystrophy,ORPHA_86884__ORPHA_99000
ORPHA_70593,Immunodeficiency due to selective anti-polysaccharide antibody deficiency,ORPHA_52417,MALT lymphoma,ORPHA_52417__ORPHA_70593
ORPHA_2334,Autosomal dominant keratitis,ORPHA_52417,MALT lymphoma,ORPHA_2334__ORPHA_52417
ORPHA_254864,Mitochondrial myopathy with reversible cytochrome C oxidase deficiency,ORPHA_86843,Acute panmyelosis with myelofibrosis,ORPHA_86843__ORPHA_254864
ORPHA_254857,Lethal infantile mitochondrial myopathy,ORPHA_360,Glioblastoma,ORPHA_360__ORPHA_254857
ORPHA_254854,Pure mitochondrial myopathy,ORPHA_98805,"Primary dystonia, DYT4 type",ORPHA_98805__ORPHA_254854
ORPHA_314769,Somatomammotropinoma,ORPHA_79503,Ichthyosis hystrix of Curth-Macklin,ORPHA_79503__ORPHA_314769
ORPHA_254864,Mitochondrial myopathy with reversible cytochrome C oxidase deficiency,ORPHA_98827,Unclassified myelodysplastic syndrome,ORPHA_98827__ORPHA_254864
ORPHA_52417,MALT lymphoma,ORPHA_95512,Adenohypophysitis,ORPHA_52417__ORPHA_95512
ORPHA_254864,Mitochondrial myopathy with reversible cytochrome C oxidase deficiency,ORPHA_96253,Cushing disease,ORPHA_96253__ORPHA_254864
ORPHA_360,Glioblastoma,ORPHA_99000,Adult-onset foveomacular vitelliform dystrophy,ORPHA_360__ORPHA_99000
ORPHA_52417,MALT lymphoma,ORPHA_79501,Punctate palmoplantar keratoderma type 1,ORPHA_52417__ORPHA_79501
ORPHA_52417,MALT lymphoma,ORPHA_99735,Myotonia permanens,ORPHA_52417__ORPHA_99735
ORPHA_329314,Adult-onset multiple mitochondrial DNA deletion syndrome due to DGUOK deficiency,ORPHA_293381,Epithelial recurrent erosion dystrophy,ORPHA_293381__ORPHA_329314
ORPHA_721,Gray platelet syndrome,ORPHA_96253,Cushing disease,ORPHA_721__ORPHA_96253
ORPHA_67042,Late-onset retinal degeneration,ORPHA_97279,Insulinoma,ORPHA_67042__ORPHA_97279
ORPHA_56425,Cold agglutinin disease,ORPHA_99956,Charcot-Marie-Tooth disease type 4B2,ORPHA_56425__ORPHA_99956
ORPHA_399805,Male infertility with azoospermia or oligozoospermia due to single gene mutation,ORPHA_721,Gray platelet syndrome,ORPHA_721__ORPHA_399805
ORPHA_313,Lamellar ichthyosis,ORPHA_99725,Pituitary gigantism,ORPHA_313__ORPHA_99725
ORPHA_314769,Somatomammotropinoma,ORPHA_466768,Autosomal dominant Charcot-Marie-Tooth disease type 2Z,ORPHA_314769__ORPHA_466768
ORPHA_86814,Benign adult familial myoclonic epilepsy,ORPHA_99000,Adult-onset foveomacular vitelliform dystrophy,ORPHA_86814__ORPHA_99000
ORPHA_79395,Keratoderma hereditarium mutilans with ichthyosis,ORPHA_99000,Adult-onset foveomacular vitelliform dystrophy,ORPHA_79395__ORPHA_99000
ORPHA_254854,Pure mitochondrial myopathy,ORPHA_91349,Non-functioning pituitary adenoma,ORPHA_91349__ORPHA_254854
ORPHA_254864,Mitochondrial myopathy with reversible cytochrome C oxidase deficiency,ORPHA_329466,"Autosomal dominant focal dystonia, DYT25 type",ORPHA_254864__ORPHA_329466
ORPHA_256,Early-onset generalized limb-onset dystonia,ORPHA_52416,Mantle cell lymphoma,ORPHA_256__ORPHA_52416
ORPHA_2201,Palmoplantar keratoderma-spastic paralysis syndrome,ORPHA_369840,TRAPPC11-related limb-girdle muscular dystrophy R18,ORPHA_2201__ORPHA_369840
ORPHA_2271,Congenital ichthyosis-microcephalus-tetraplegia syndrome,ORPHA_56425,Cold agglutinin disease,ORPHA_2271__ORPHA_56425
ORPHA_254864,Mitochondrial myopathy with reversible cytochrome C oxidase deficiency,ORPHA_543,Burkitt lymphoma,ORPHA_543__ORPHA_254864
ORPHA_2246,Cerebellar hypoplasia-tapetoretinal degeneration syndrome,ORPHA_254854,Pure mitochondrial myopathy,ORPHA_2246__ORPHA_254854
ORPHA_724,Idiopathic acute eosinophilic pneumonia,ORPHA_99734,Myotonia fluctuans,ORPHA_724__ORPHA_99734
ORPHA_274,Bernard-Soulier syndrome,ORPHA_2302,Asbestos intoxication,ORPHA_274__ORPHA_2302
ORPHA_2020,Congenital fiber-type disproportion myopathy,ORPHA_52417,MALT lymphoma,ORPHA_2020__ORPHA_52417
ORPHA_180229,Polyembryoma,ORPHA_254864,Mitochondrial myopathy with reversible cytochrome C oxidase deficiency,ORPHA_180229__ORPHA_254864
ORPHA_263534,Acral peeling skin syndrome,ORPHA_545,Follicular lymphoma,ORPHA_545__ORPHA_263534
ORPHA_254864,Mitochondrial myopathy with reversible cytochrome C oxidase deficiency,ORPHA_91359,Chronic pneumonitis of infancy,ORPHA_91359__ORPHA_254864
ORPHA_97279,Insulinoma,ORPHA_101081,Charcot-Marie-Tooth disease type 1A,ORPHA_97279__ORPHA_101081
ORPHA_274,Bernard-Soulier syndrome,ORPHA_97280,Glucagonoma,ORPHA_274__ORPHA_97280
ORPHA_56425,Cold agglutinin disease,ORPHA_101082,Charcot-Marie-Tooth disease type 1B,ORPHA_56425__ORPHA_101082
ORPHA_369840,TRAPPC11-related limb-girdle muscular dystrophy R18,ORPHA_97279,Insulinoma,ORPHA_97279__ORPHA_369840
ORPHA_133,Chronic beryllium disease,ORPHA_254864,Mitochondrial myopathy with reversible cytochrome C oxidase deficiency,ORPHA_133__ORPHA_254864
ORPHA_256,Early-onset generalized limb-onset dystonia,ORPHA_724,Idiopathic acute eosinophilic pneumonia,ORPHA_256__ORPHA_724
ORPHA_70595,Sensory ataxic neuropathy-dysarthria-ophthalmoparesis syndrome,ORPHA_99000,Adult-onset foveomacular vitelliform dystrophy,ORPHA_70595__ORPHA_99000
ORPHA_352470,DNA2-related mitochondrial DNA deletion syndrome,ORPHA_56425,Cold agglutinin disease,ORPHA_56425__ORPHA_352470
ORPHA_179,Birdshot chorioretinopathy,ORPHA_52417,MALT lymphoma,ORPHA_179__ORPHA_52417
ORPHA_52416,Mantle cell lymphoma,ORPHA_88621,Ichthyosis-prematurity syndrome,ORPHA_52416__ORPHA_88621
ORPHA_254864,Mitochondrial myopathy with reversible cytochrome C oxidase deficiency,ORPHA_79128,Lymphoid interstitial pneumonia,ORPHA_79128__ORPHA_254864
ORPHA_399808,Male infertility with teratozoospermia due to single gene mutation,ORPHA_721,Gray platelet syndrome,ORPHA_721__ORPHA_399808
ORPHA_137596,Neurotrophic keratopathy,ORPHA_2584,Classic mycosis fungoides,ORPHA_2584__ORPHA_137596
ORPHA_52417,MALT lymphoma,ORPHA_88621,Ichthyosis-prematurity syndrome,ORPHA_52417__ORPHA_88621
ORPHA_851,Paris-Trousseau thrombocytopenia,ORPHA_98960,Thiel-Behnke corneal dystrophy,ORPHA_851__ORPHA_98960
ORPHA_83313,Boutonneuse fever,ORPHA_99000,Adult-onset foveomacular vitelliform dystrophy,ORPHA_83313__ORPHA_99000
ORPHA_256,Early-onset generalized limb-onset dystonia,ORPHA_659,Mutilating palmoplantar keratoderma with periorificial keratotic plaques,ORPHA_256__ORPHA_659
ORPHA_319552,Mendelian susceptibility to mycobacterial diseases due to complete IL12RB1 deficiency,ORPHA_724,Idiopathic acute eosinophilic pneumonia,ORPHA_724__ORPHA_319552
ORPHA_329314,Adult-onset multiple mitochondrial DNA deletion syndrome due to DGUOK deficiency,ORPHA_91347,TSH-secreting pituitary adenoma,ORPHA_91347__ORPHA_329314
ORPHA_457260,X-linked intellectual disability-hypotonia-movement disorder syndrome,ORPHA_99000,Adult-onset foveomacular vitelliform dystrophy,ORPHA_99000__ORPHA_457260
ORPHA_254864,Mitochondrial myopathy with reversible cytochrome C oxidase deficiency,ORPHA_99931,Idiopathic pulmonary hemosiderosis,ORPHA_99931__ORPHA_254864
ORPHA_88621,Ichthyosis-prematurity syndrome,ORPHA_91359,Chronic pneumonitis of infancy,ORPHA_88621__ORPHA_91359
ORPHA_254854,Pure mitochondrial myopathy,ORPHA_96253,Cushing disease,ORPHA_96253__ORPHA_254854
ORPHA_314769,Somatomammotropinoma,ORPHA_99949,Charcot-Marie-Tooth disease type 4C,ORPHA_99949__ORPHA_314769
ORPHA_851,Paris-Trousseau thrombocytopenia,ORPHA_79127,Respiratory bronchiolitis-interstitial lung disease syndrome,ORPHA_851__ORPHA_79127
ORPHA_34516,DNAJB6-related limb-girdle muscular dystrophy D1,ORPHA_97279,Insulinoma,ORPHA_34516__ORPHA_97279
ORPHA_79148,Elastosis perforans serpiginosa,ORPHA_99000,Adult-onset foveomacular vitelliform dystrophy,ORPHA_79148__ORPHA_99000
ORPHA_88621,Ichthyosis-prematurity syndrome,ORPHA_97280,Glucagonoma,ORPHA_88621__ORPHA_97280
ORPHA_435387,Autosomal dominant Charcot-Marie-Tooth disease type 2Y,ORPHA_56425,Cold agglutinin disease,ORPHA_56425__ORPHA_435387
ORPHA_274,Bernard-Soulier syndrome,ORPHA_52417,MALT lymphoma,ORPHA_274__ORPHA_52417
ORPHA_254864,Mitochondrial myopathy with reversible cytochrome C oxidase deficiency,ORPHA_99950,Charcot-Marie-Tooth disease type 4D,ORPHA_99950__ORPHA_254864
ORPHA_329314,Adult-onset multiple mitochondrial DNA deletion syndrome due to DGUOK deficiency,ORPHA_98964,Lattice corneal dystrophy type I,ORPHA_98964__ORPHA_329314
ORPHA_314769,Somatomammotropinoma,ORPHA_63273,Distal myopathy with posterior leg and anterior hand involvement,ORPHA_63273__ORPHA_314769
ORPHA_52417,MALT lymphoma,ORPHA_90050,Retinopathy of prematurity,ORPHA_52417__ORPHA_90050
ORPHA_274,Bernard-Soulier syndrome,ORPHA_33402,Pediatric hepatocellular carcinoma,ORPHA_274__ORPHA_33402
ORPHA_314769,Somatomammotropinoma,ORPHA_399808,Male infertility with teratozoospermia due to single gene mutation,ORPHA_314769__ORPHA_399808
ORPHA_254854,Pure mitochondrial myopathy,ORPHA_391,Classic Hodgkin lymphoma,ORPHA_391__ORPHA_254854
ORPHA_97279,Insulinoma,ORPHA_99000,Adult-onset foveomacular vitelliform dystrophy,ORPHA_97279__ORPHA_99000
ORPHA_495,Transgrediens et progrediens palmoplantar keratoderma,ORPHA_98969,Macular corneal dystrophy,ORPHA_495__ORPHA_98969
ORPHA_2253,Foveal hypoplasia-presenile cataract syndrome,ORPHA_52417,MALT lymphoma,ORPHA_2253__ORPHA_52417
ORPHA_721,Gray platelet syndrome,ORPHA_42642,PFAPA syndrome,ORPHA_721__ORPHA_42642
ORPHA_79127,Respiratory bronchiolitis-interstitial lung disease syndrome,ORPHA_88621,Ichthyosis-prematurity syndrome,ORPHA_79127__ORPHA_88621
ORPHA_163,Hereditary hyperferritinemia-cataract syndrome,ORPHA_659,Mutilating palmoplantar keratoderma with periorificial keratotic plaques,ORPHA_163__ORPHA_659
ORPHA_52417,MALT lymphoma,ORPHA_98962,Granular corneal dystrophy type I,ORPHA_52417__ORPHA_98962
ORPHA_75378,Oligocone trichromacy,ORPHA_91347,TSH-secreting pituitary adenoma,ORPHA_75378__ORPHA_91347
ORPHA_3002,Immune thrombocytopenia,ORPHA_33111,Granulomatous slack skin,ORPHA_3002__ORPHA_33111
ORPHA_254864,Mitochondrial myopathy with reversible cytochrome C oxidase deficiency,ORPHA_420492,"Adult-onset cervical dystonia, DYT23 type",ORPHA_254864__ORPHA_420492
ORPHA_851,Paris-Trousseau thrombocytopenia,ORPHA_33111,Granulomatous slack skin,ORPHA_851__ORPHA_33111
ORPHA_2200,Focal palmoplantar and gingival keratoderma,ORPHA_314769,Somatomammotropinoma,ORPHA_2200__ORPHA_314769
ORPHA_466768,Autosomal dominant Charcot-Marie-Tooth disease type 2Z,ORPHA_91347,TSH-secreting pituitary adenoma,ORPHA_91347__ORPHA_466768
ORPHA_254864,Mitochondrial myopathy with reversible cytochrome C oxidase deficiency,ORPHA_97261,GRFoma,ORPHA_97261__ORPHA_254864
ORPHA_2271,Congenital ichthyosis-microcephalus-tetraplegia syndrome,ORPHA_254854,Pure mitochondrial myopathy,ORPHA_2271__ORPHA_254854
ORPHA_247598,Neonatal intrahepatic cholestasis due to citrin deficiency,ORPHA_545,Follicular lymphoma,ORPHA_545__ORPHA_247598
ORPHA_254857,Lethal infantile mitochondrial myopathy,ORPHA_369840,TRAPPC11-related limb-girdle muscular dystrophy R18,ORPHA_254857__ORPHA_369840
ORPHA_254857,Lethal infantile mitochondrial myopathy,ORPHA_33226,Waldenstr\xc3\xb6m macroglobulinemia,ORPHA_33226__ORPHA_254857
ORPHA_659,Mutilating palmoplantar keratoderma with periorificial keratotic plaques,ORPHA_97280,Glucagonoma,ORPHA_659__ORPHA_97280
ORPHA_254864,Mitochondrial myopathy with reversible cytochrome C oxidase deficiency,ORPHA_724,Idiopathic acute eosinophilic pneumonia,ORPHA_724__ORPHA_254864
ORPHA_545,Follicular lymphoma,ORPHA_99735,Myotonia permanens,ORPHA_545__ORPHA_99735
ORPHA_440713,Isolated sedoheptulokinase deficiency,ORPHA_52417,MALT lymphoma,ORPHA_52417__ORPHA_440713
ORPHA_254864,Mitochondrial myopathy with reversible cytochrome C oxidase deficiency,ORPHA_306734,"Primary dystonia, DYT21 type",ORPHA_254864__ORPHA_306734
ORPHA_254854,Pure mitochondrial myopathy,ORPHA_90036,Mixed-type autoimmune hemolytic anemia,ORPHA_90036__ORPHA_254854
ORPHA_97279,Insulinoma,ORPHA_98962,Granular corneal dystrophy type I,ORPHA_97279__ORPHA_98962
ORPHA_3162,S\xc3\xa9zary syndrome,ORPHA_721,Gray platelet syndrome,ORPHA_721__ORPHA_3162
ORPHA_254854,Pure mitochondrial myopathy,ORPHA_98806,"Primary dystonia, DYT6 type",ORPHA_98806__ORPHA_254854
ORPHA_2126,Solitary fibrous tumor/hemangiopericytoma,ORPHA_99000,Adult-onset foveomacular vitelliform dystrophy,ORPHA_2126__ORPHA_99000
ORPHA_851,Paris-Trousseau thrombocytopenia,ORPHA_545,Follicular lymphoma,ORPHA_545__ORPHA_851
ORPHA_254864,Mitochondrial myopathy with reversible cytochrome C oxidase deficiency,ORPHA_79127,Respiratory bronchiolitis-interstitial lung disease syndrome,ORPHA_79127__ORPHA_254864
ORPHA_163,Hereditary hyperferritinemia-cataract syndrome,ORPHA_721,Gray platelet syndrome,ORPHA_163__ORPHA_721
ORPHA_610,Bethlem myopathy,ORPHA_314769,Somatomammotropinoma,ORPHA_610__ORPHA_314769
ORPHA_274,Bernard-Soulier syndrome,ORPHA_70587,Infant acute respiratory distress syndrome,ORPHA_274__ORPHA_70587
ORPHA_163,Hereditary hyperferritinemia-cataract syndrome,ORPHA_52416,Mantle cell lymphoma,ORPHA_163__ORPHA_52416
ORPHA_2118,Hawkinsinuria,ORPHA_99000,Adult-onset foveomacular vitelliform dystrophy,ORPHA_2118__ORPHA_99000
ORPHA_721,Gray platelet syndrome,ORPHA_100078,Ileal neuroendocrine tumor,ORPHA_721__ORPHA_100078
ORPHA_314769,Somatomammotropinoma,ORPHA_99735,Myotonia permanens,ORPHA_99735__ORPHA_314769
ORPHA_721,Gray platelet syndrome,ORPHA_86788,X-linked severe congenital neutropenia,ORPHA_721__ORPHA_86788
ORPHA_391,Classic Hodgkin lymphoma,ORPHA_369840,TRAPPC11-related limb-girdle muscular dystrophy R18,ORPHA_391__ORPHA_369840
ORPHA_254854,Pure mitochondrial myopathy,ORPHA_306734,"Primary dystonia, DYT21 type",ORPHA_254854__ORPHA_306734
ORPHA_369840,TRAPPC11-related limb-girdle muscular dystrophy R18,ORPHA_90037,Drug-induced autoimmune hemolytic anemia,ORPHA_90037__ORPHA_369840
ORPHA_75378,Oligocone trichromacy,ORPHA_52417,MALT lymphoma,ORPHA_52417__ORPHA_75378
ORPHA_329314,Adult-onset multiple mitochondrial DNA deletion syndrome due to DGUOK deficiency,ORPHA_98969,Macular corneal dystrophy,ORPHA_98969__ORPHA_329314
ORPHA_851,Paris-Trousseau thrombocytopenia,ORPHA_91348,Functioning gonadotropic adenoma,ORPHA_851__ORPHA_91348
ORPHA_274,Bernard-Soulier syndrome,ORPHA_1302,Cryptogenic organizing pneumonia,ORPHA_274__ORPHA_1302
ORPHA_254864,Mitochondrial myopathy with reversible cytochrome C oxidase deficiency,ORPHA_1302,Cryptogenic organizing pneumonia,ORPHA_1302__ORPHA_254864
ORPHA_314769,Somatomammotropinoma,ORPHA_399805,Male infertility with azoospermia or oligozoospermia due to single gene mutation,ORPHA_314769__ORPHA_399805
ORPHA_254857,Lethal infantile mitochondrial myopathy,ORPHA_466768,Autosomal dominant Charcot-Marie-Tooth disease type 2Z,ORPHA_254857__ORPHA_466768
ORPHA_314769,Somatomammotropinoma,ORPHA_87503,Mal de Meleda,ORPHA_87503__ORPHA_314769
ORPHA_724,Idiopathic acute eosinophilic pneumonia,ORPHA_99735,Myotonia permanens,ORPHA_724__ORPHA_99735
ORPHA_274,Bernard-Soulier syndrome,ORPHA_545,Follicular lymphoma,ORPHA_274__ORPHA_545
ORPHA_254854,Pure mitochondrial myopathy,ORPHA_370103,"Primary dystonia, DYT17 type",ORPHA_254854__ORPHA_370103
ORPHA_329314,Adult-onset multiple mitochondrial DNA deletion syndrome due to DGUOK deficiency,ORPHA_364055,Severe early-childhood-onset retinal dystrophy,ORPHA_329314__ORPHA_364055
ORPHA_70476,Vernal keratoconjunctivitis,ORPHA_52417,MALT lymphoma,ORPHA_52417__ORPHA_70476
ORPHA_56425,Cold agglutinin disease,ORPHA_99947,Autosomal dominant Charcot-Marie-Tooth disease type 2A2,ORPHA_56425__ORPHA_99947
ORPHA_247525,Citrullinemia type I,ORPHA_52417,MALT lymphoma,ORPHA_52417__ORPHA_247525
ORPHA_281127,Acral self-healing collodion baby,ORPHA_545,Follicular lymphoma,ORPHA_545__ORPHA_281127
ORPHA_97279,Insulinoma,ORPHA_99940,Autosomal dominant Charcot-Marie-Tooth disease type 2F,ORPHA_97279__ORPHA_99940
ORPHA_721,Gray platelet syndrome,ORPHA_97283,Somatostatinoma,ORPHA_721__ORPHA_97283
ORPHA_313,Lamellar ichthyosis,ORPHA_545,Follicular lymphoma,ORPHA_313__ORPHA_545
ORPHA_254864,Mitochondrial myopathy with reversible cytochrome C oxidase deficiency,ORPHA_99944,Autosomal dominant Charcot-Marie-Tooth disease type 2K,ORPHA_99944__ORPHA_254864
ORPHA_2032,Idiopathic pulmonary fibrosis,ORPHA_88621,Ichthyosis-prematurity syndrome,ORPHA_2032__ORPHA_88621
ORPHA_721,Gray platelet syndrome,ORPHA_97261,GRFoma,ORPHA_721__ORPHA_97261
ORPHA_254930,Combined oxidative phosphorylation defect type 7,ORPHA_99000,Adult-onset foveomacular vitelliform dystrophy,ORPHA_99000__ORPHA_254930
ORPHA_2822,Autosomal recessive spastic paraplegia type 11,ORPHA_99000,Adult-onset foveomacular vitelliform dystrophy,ORPHA_2822__ORPHA_99000
ORPHA_720,Pili bifurcati,ORPHA_99000,Adult-onset foveomacular vitelliform dystrophy,ORPHA_720__ORPHA_99000
ORPHA_20,3-hydroxy-3-methylglutaric aciduria,ORPHA_52417,MALT lymphoma,ORPHA_20__ORPHA_52417
ORPHA_75378,Oligocone trichromacy,ORPHA_99657,"Primary dystonia, DYT2 type",ORPHA_75378__ORPHA_99657
ORPHA_26,Methylmalonic acidemia with homocystinuria,ORPHA_99000,Adult-onset foveomacular vitelliform dystrophy,ORPHA_26__ORPHA_99000
ORPHA_256,Early-onset generalized limb-onset dystonia,ORPHA_545,Follicular lymphoma,ORPHA_256__ORPHA_545
ORPHA_99000,Adult-onset foveomacular vitelliform dystrophy,ORPHA_570422,Galactose mutarotase deficiency,ORPHA_99000__ORPHA_570422
ORPHA_52417,MALT lymphoma,ORPHA_79396,"Autosomal dominant generalized epidermolysis bullosa simplex, severe form",ORPHA_52417__ORPHA_79396
ORPHA_254864,Mitochondrial myopathy with reversible cytochrome C oxidase deficiency,ORPHA_98805,"Primary dystonia, DYT4 type",ORPHA_98805__ORPHA_254864
ORPHA_254864,Mitochondrial myopathy with reversible cytochrome C oxidase deficiency,ORPHA_97282,VIPoma,ORPHA_97282__ORPHA_254864
ORPHA_91349,Non-functioning pituitary adenoma,ORPHA_99000,Adult-onset foveomacular vitelliform dystrophy,ORPHA_91349__ORPHA_99000
ORPHA_42,Medium chain acyl-CoA dehydrogenase deficiency,ORPHA_52416,Mantle cell lymphoma,ORPHA_42__ORPHA_52416
ORPHA_75378,Oligocone trichromacy,ORPHA_99956,Charcot-Marie-Tooth disease type 4B2,ORPHA_75378__ORPHA_99956
ORPHA_52417,MALT lymphoma,ORPHA_98969,Macular corneal dystrophy,ORPHA_52417__ORPHA_98969
ORPHA_2584,Classic mycosis fungoides,ORPHA_851,Paris-Trousseau thrombocytopenia,ORPHA_851__ORPHA_2584
ORPHA_254857,Lethal infantile mitochondrial myopathy,ORPHA_464321,Multifocal lymphangioendotheliomatosis-thrombocytopenia syndrome,ORPHA_254857__ORPHA_464321
ORPHA_743,Severe hereditary thrombophilia due to congenital protein S deficiency,ORPHA_99000,Adult-onset foveomacular vitelliform dystrophy,ORPHA_743__ORPHA_99000
ORPHA_251912,Pineocytoma,ORPHA_99000,Adult-onset foveomacular vitelliform dystrophy,ORPHA_99000__ORPHA_251912
ORPHA_2571,X-linked immunoneurologic disorder,ORPHA_99000,Adult-onset foveomacular vitelliform dystrophy,ORPHA_2571__ORPHA_99000
ORPHA_721,Gray platelet syndrome,ORPHA_97282,VIPoma,ORPHA_721__ORPHA_97282
ORPHA_97279,Insulinoma,ORPHA_99939,Autosomal dominant Charcot-Marie-Tooth disease type 2E,ORPHA_97279__ORPHA_99939
ORPHA_293381,Epithelial recurrent erosion dystrophy,ORPHA_97279,Insulinoma,ORPHA_97279__ORPHA_293381
ORPHA_70587,Infant acute respiratory distress syndrome,ORPHA_88621,Ichthyosis-prematurity syndrome,ORPHA_70587__ORPHA_88621
ORPHA_331206,Severe combined immunodeficiency due to complete RAG1/2 deficiency,ORPHA_721,Gray platelet syndrome,ORPHA_721__ORPHA_331206
ORPHA_254857,Lethal infantile mitochondrial myopathy,ORPHA_3260,Idiopathic hypereosinophilic syndrome,ORPHA_3260__ORPHA_254857
ORPHA_486,Autosomal dominant severe congenital neutropenia,ORPHA_721,Gray platelet syndrome,ORPHA_486__ORPHA_721
ORPHA_2337,Non-epidermolytic palmoplantar keratoderma,ORPHA_545,Follicular lymphoma,ORPHA_545__ORPHA_2337
ORPHA_425,Apolipoprotein A-I deficiency,ORPHA_99000,Adult-onset foveomacular vitelliform dystrophy,ORPHA_425__ORPHA_99000
ORPHA_455,Superficial epidermolytic ichthyosis,ORPHA_545,Follicular lymphoma,ORPHA_455__ORPHA_545
ORPHA_209959,Phacoanaphylactic uveitis,ORPHA_52417,MALT lymphoma,ORPHA_52417__ORPHA_209959
ORPHA_466768,Autosomal dominant Charcot-Marie-Tooth disease type 2Z,ORPHA_75378,Oligocone trichromacy,ORPHA_75378__ORPHA_466768
ORPHA_3260,Idiopathic hypereosinophilic syndrome,ORPHA_369840,TRAPPC11-related limb-girdle muscular dystrophy R18,ORPHA_3260__ORPHA_369840
ORPHA_254864,Mitochondrial myopathy with reversible cytochrome C oxidase deficiency,ORPHA_33226,Waldenstr\xc3\xb6m macroglobulinemia,ORPHA_33226__ORPHA_254864
ORPHA_254857,Lethal infantile mitochondrial myopathy,ORPHA_79138,Bickerstaff brainstem encephalitis,ORPHA_79138__ORPHA_254857
ORPHA_435387,Autosomal dominant Charcot-Marie-Tooth disease type 2Y,ORPHA_97279,Insulinoma,ORPHA_97279__ORPHA_435387
ORPHA_254864,Mitochondrial myopathy with reversible cytochrome C oxidase deficiency,ORPHA_360,Glioblastoma,ORPHA_360__ORPHA_254864
ORPHA_589,Myasthenia gravis,ORPHA_52417,MALT lymphoma,ORPHA_589__ORPHA_52417
ORPHA_851,Paris-Trousseau thrombocytopenia,ORPHA_52417,MALT lymphoma,ORPHA_851__ORPHA_52417
ORPHA_254854,Pure mitochondrial myopathy,ORPHA_97279,Insulinoma,ORPHA_97279__ORPHA_254854
ORPHA_913,Zollinger-Ellison syndrome,ORPHA_52417,MALT lymphoma,ORPHA_913__ORPHA_52417
ORPHA_96253,Cushing disease,ORPHA_99000,Adult-onset foveomacular vitelliform dystrophy,ORPHA_96253__ORPHA_99000
ORPHA_254864,Mitochondrial myopathy with reversible cytochrome C oxidase deficiency,ORPHA_747,Autoimmune pulmonary alveolar proteinosis,ORPHA_747__ORPHA_254864
ORPHA_851,Paris-Trousseau thrombocytopenia,ORPHA_79128,Lymphoid interstitial pneumonia,ORPHA_851__ORPHA_79128
ORPHA_35701,3-hydroxy-3-methylglutaryl-CoA synthase deficiency,ORPHA_52417,MALT lymphoma,ORPHA_35701__ORPHA_52417
ORPHA_98964,Lattice corneal dystrophy type I,ORPHA_99956,Charcot-Marie-Tooth disease type 4B2,ORPHA_98964__ORPHA_99956
ORPHA_254864,Mitochondrial myopathy with reversible cytochrome C oxidase deficiency,ORPHA_33402,Pediatric hepatocellular carcinoma,ORPHA_33402__ORPHA_254864
ORPHA_293381,Epithelial recurrent erosion dystrophy,ORPHA_99956,Charcot-Marie-Tooth disease type 4B2,ORPHA_99956__ORPHA_293381
ORPHA_56425,Cold agglutinin disease,ORPHA_34516,DNAJB6-related limb-girdle muscular dystrophy D1,ORPHA_34516__ORPHA_56425
ORPHA_319552,Mendelian susceptibility to mycobacterial diseases due to complete IL12RB1 deficiency,ORPHA_52417,MALT lymphoma,ORPHA_52417__ORPHA_319552
ORPHA_40923,Eales disease,ORPHA_52417,MALT lymphoma,ORPHA_40923__ORPHA_52417
ORPHA_314769,Somatomammotropinoma,ORPHA_98805,"Primary dystonia, DYT4 type",ORPHA_98805__ORPHA_314769
ORPHA_851,Paris-Trousseau thrombocytopenia,ORPHA_99725,Pituitary gigantism,ORPHA_851__ORPHA_99725
ORPHA_206549,Anoctamin-5-related limb-girdle muscular dystrophy R12,ORPHA_56425,Cold agglutinin disease,ORPHA_56425__ORPHA_206549
ORPHA_721,Gray platelet syndrome,ORPHA_93126,Pauci-immune glomerulonephritis,ORPHA_721__ORPHA_93126
ORPHA_251636,Ependymoma,ORPHA_254864,Mitochondrial myopathy with reversible cytochrome C oxidase deficiency,ORPHA_251636__ORPHA_254864
ORPHA_254854,Pure mitochondrial myopathy,ORPHA_90037,Drug-induced autoimmune hemolytic anemia,ORPHA_90037__ORPHA_254854
ORPHA_466768,Autosomal dominant Charcot-Marie-Tooth disease type 2Z,ORPHA_56425,Cold agglutinin disease,ORPHA_56425__ORPHA_466768
ORPHA_721,Gray platelet syndrome,ORPHA_97280,Glucagonoma,ORPHA_721__ORPHA_97280
ORPHA_721,Gray platelet syndrome,ORPHA_86884,Subcutaneous panniculitis-like T-cell lymphoma,ORPHA_721__ORPHA_86884
ORPHA_254864,Mitochondrial myopathy with reversible cytochrome C oxidase deficiency,ORPHA_99947,Autosomal dominant Charcot-Marie-Tooth disease type 2A2,ORPHA_99947__ORPHA_254864
ORPHA_319600,Mendelian susceptibility to mycobacterial diseases due to partial IRF8 deficiency,ORPHA_721,Gray platelet syndrome,ORPHA_721__ORPHA_319600
ORPHA_229717,Isolated agammaglobulinemia,ORPHA_99000,Adult-onset foveomacular vitelliform dystrophy,ORPHA_99000__ORPHA_229717
ORPHA_33226,Waldenstr\xc3\xb6m macroglobulinemia,ORPHA_99000,Adult-onset foveomacular vitelliform dystrophy,ORPHA_33226__ORPHA_99000
ORPHA_56425,Cold agglutinin disease,ORPHA_88621,Ichthyosis-prematurity syndrome,ORPHA_56425__ORPHA_88621
ORPHA_851,Paris-Trousseau thrombocytopenia,ORPHA_70587,Infant acute respiratory distress syndrome,ORPHA_851__ORPHA_70587
ORPHA_163,Hereditary hyperferritinemia-cataract syndrome,ORPHA_52417,MALT lymphoma,ORPHA_163__ORPHA_52417
ORPHA_3208,Isolated succinate-CoQ reductase deficiency,ORPHA_99000,Adult-onset foveomacular vitelliform dystrophy,ORPHA_3208__ORPHA_99000
ORPHA_2968,Leukocyte adhesion deficiency,ORPHA_52417,MALT lymphoma,ORPHA_2968__ORPHA_52417
ORPHA_274,Bernard-Soulier syndrome,ORPHA_2584,Classic mycosis fungoides,ORPHA_274__ORPHA_2584
ORPHA_2085,Glaucoma-sleep apnea syndrome,ORPHA_254864,Mitochondrial myopathy with reversible cytochrome C oxidase deficiency,ORPHA_2085__ORPHA_254864
ORPHA_95613,Pituitary apoplexy,ORPHA_99000,Adult-onset foveomacular vitelliform dystrophy,ORPHA_95613__ORPHA_99000
ORPHA_851,Paris-Trousseau thrombocytopenia,ORPHA_724,Idiopathic acute eosinophilic pneumonia,ORPHA_724__ORPHA_851
ORPHA_851,Paris-Trousseau thrombocytopenia,ORPHA_659,Mutilating palmoplantar keratoderma with periorificial keratotic plaques,ORPHA_659__ORPHA_851
ORPHA_851,Paris-Trousseau thrombocytopenia,ORPHA_98964,Lattice corneal dystrophy type I,ORPHA_851__ORPHA_98964
ORPHA_97279,Insulinoma,ORPHA_99949,Charcot-Marie-Tooth disease type 4C,ORPHA_97279__ORPHA_99949
ORPHA_851,Paris-Trousseau thrombocytopenia,ORPHA_97282,VIPoma,ORPHA_851__ORPHA_97282
ORPHA_851,Paris-Trousseau thrombocytopenia,ORPHA_293381,Epithelial recurrent erosion dystrophy,ORPHA_851__ORPHA_293381
ORPHA_158681,Epidermolysis bullosa simplex with circinate migratory erythema,ORPHA_99000,Adult-onset foveomacular vitelliform dystrophy,ORPHA_99000__ORPHA_158681
ORPHA_851,Paris-Trousseau thrombocytopenia,ORPHA_97278,PPoma,ORPHA_851__ORPHA_97278
ORPHA_133,Chronic beryllium disease,ORPHA_851,Paris-Trousseau thrombocytopenia,ORPHA_133__ORPHA_851
ORPHA_256,Early-onset generalized limb-onset dystonia,ORPHA_75378,Oligocone trichromacy,ORPHA_256__ORPHA_75378
ORPHA_1959,Evans syndrome,ORPHA_254864,Mitochondrial myopathy with reversible cytochrome C oxidase deficiency,ORPHA_1959__ORPHA_254864
ORPHA_721,Gray platelet syndrome,ORPHA_52417,MALT lymphoma,ORPHA_721__ORPHA_52417
ORPHA_3002,Immune thrombocytopenia,ORPHA_2584,Classic mycosis fungoides,ORPHA_2584__ORPHA_3002
ORPHA_395,Homocystinuria due to methylene tetrahydrofolate reductase deficiency,ORPHA_99000,Adult-onset foveomacular vitelliform dystrophy,ORPHA_395__ORPHA_99000
ORPHA_724,Idiopathic acute eosinophilic pneumonia,ORPHA_90117,"Hereditary motor and sensory neuropathy, Okinawa type",ORPHA_724__ORPHA_90117
ORPHA_851,Paris-Trousseau thrombocytopenia,ORPHA_97261,GRFoma,ORPHA_851__ORPHA_97261
ORPHA_97279,Insulinoma,ORPHA_101085,Charcot-Marie-Tooth disease type 1F,ORPHA_97279__ORPHA_101085
ORPHA_254854,Pure mitochondrial myopathy,ORPHA_93958,Oromandibular dystonia,ORPHA_93958__ORPHA_254854
ORPHA_251639,Subependymoma,ORPHA_254864,Mitochondrial myopathy with reversible cytochrome C oxidase deficiency,ORPHA_251639__ORPHA_254864
ORPHA_3260,Idiopathic hypereosinophilic syndrome,ORPHA_34516,DNAJB6-related limb-girdle muscular dystrophy D1,ORPHA_3260__ORPHA_34516
ORPHA_168,Loose anagen syndrome,ORPHA_99000,Adult-onset foveomacular vitelliform dystrophy,ORPHA_168__ORPHA_99000
ORPHA_251636,Ependymoma,ORPHA_254854,Pure mitochondrial myopathy,ORPHA_251636__ORPHA_254854
ORPHA_254864,Mitochondrial myopathy with reversible cytochrome C oxidase deficiency,ORPHA_435387,Autosomal dominant Charcot-Marie-Tooth disease type 2Y,ORPHA_254864__ORPHA_435387
ORPHA_851,Paris-Trousseau thrombocytopenia,ORPHA_1302,Cryptogenic organizing pneumonia,ORPHA_851__ORPHA_1302
ORPHA_851,Paris-Trousseau thrombocytopenia,ORPHA_52416,Mantle cell lymphoma,ORPHA_851__ORPHA_52416
ORPHA_721,Gray platelet syndrome,ORPHA_33355,Reticular dysgenesis,ORPHA_721__ORPHA_33355
ORPHA_254864,Mitochondrial myopathy with reversible cytochrome C oxidase deficiency,ORPHA_99948,Charcot-Marie-Tooth disease type 4A,ORPHA_99948__ORPHA_254864
ORPHA_274,Bernard-Soulier syndrome,ORPHA_52416,Mantle cell lymphoma,ORPHA_274__ORPHA_52416
ORPHA_73256,Central neurocytoma,ORPHA_99000,Adult-onset foveomacular vitelliform dystrophy,ORPHA_73256__ORPHA_99000
ORPHA_851,Paris-Trousseau thrombocytopenia,ORPHA_97280,Glucagonoma,ORPHA_851__ORPHA_97280
ORPHA_488333,Autosomal dominant Charcot-Marie-Tooth disease type 2W,ORPHA_56425,Cold agglutinin disease,ORPHA_56425__ORPHA_488333
ORPHA_391665,Homozygous familial hypercholesterolemia,ORPHA_99000,Adult-onset foveomacular vitelliform dystrophy,ORPHA_99000__ORPHA_391665
ORPHA_254864,Mitochondrial myopathy with reversible cytochrome C oxidase deficiency,ORPHA_99940,Autosomal dominant Charcot-Marie-Tooth disease type 2F,ORPHA_99940__ORPHA_254864
ORPHA_254864,Mitochondrial myopathy with reversible cytochrome C oxidase deficiency,ORPHA_99949,Charcot-Marie-Tooth disease type 4C,ORPHA_99949__ORPHA_254864
ORPHA_254864,Mitochondrial myopathy with reversible cytochrome C oxidase deficiency,ORPHA_391,Classic Hodgkin lymphoma,ORPHA_391__ORPHA_254864
ORPHA_95494,"Combined pituitary hormone deficiencies, genetic forms",ORPHA_99000,Adult-onset foveomacular vitelliform dystrophy,ORPHA_95494__ORPHA_99000
ORPHA_93126,Pauci-immune glomerulonephritis,ORPHA_99000,Adult-onset foveomacular vitelliform dystrophy,ORPHA_93126__ORPHA_99000
ORPHA_851,Paris-Trousseau thrombocytopenia,ORPHA_99000,Adult-onset foveomacular vitelliform dystrophy,ORPHA_851__ORPHA_99000
ORPHA_251639,Subependymoma,ORPHA_254854,Pure mitochondrial myopathy,ORPHA_251639__ORPHA_254854
ORPHA_2302,Asbestos intoxication,ORPHA_254864,Mitochondrial myopathy with reversible cytochrome C oxidase deficiency,ORPHA_2302__ORPHA_254864
ORPHA_88628,Posterior column ataxia-retinitis pigmentosa syndrome,ORPHA_99000,Adult-onset foveomacular vitelliform dystrophy,ORPHA_88628__ORPHA_99000
ORPHA_79138,Bickerstaff brainstem encephalitis,ORPHA_52417,MALT lymphoma,ORPHA_52417__ORPHA_79138
ORPHA_721,Gray platelet syndrome,ORPHA_97278,PPoma,ORPHA_721__ORPHA_97278
ORPHA_488333,Autosomal dominant Charcot-Marie-Tooth disease type 2W,ORPHA_97279,Insulinoma,ORPHA_97279__ORPHA_488333
ORPHA_2271,Congenital ichthyosis-microcephalus-tetraplegia syndrome,ORPHA_360,Glioblastoma,ORPHA_360__ORPHA_2271
ORPHA_137596,Neurotrophic keratopathy,ORPHA_52417,MALT lymphoma,ORPHA_52417__ORPHA_137596
ORPHA_369840,TRAPPC11-related limb-girdle muscular dystrophy R18,ORPHA_464321,Multifocal lymphangioendotheliomatosis-thrombocytopenia syndrome,ORPHA_369840__ORPHA_464321
ORPHA_851,Paris-Trousseau thrombocytopenia,ORPHA_98962,Granular corneal dystrophy type I,ORPHA_851__ORPHA_98962
ORPHA_99000,Adult-onset foveomacular vitelliform dystrophy,ORPHA_99956,Charcot-Marie-Tooth disease type 4B2,ORPHA_99000__ORPHA_99956
ORPHA_79128,Lymphoid interstitial pneumonia,ORPHA_88621,Ichthyosis-prematurity syndrome,ORPHA_79128__ORPHA_88621
ORPHA_254854,Pure mitochondrial myopathy,ORPHA_93323,Fibular hemimelia,ORPHA_93323__ORPHA_254854
ORPHA_2302,Asbestos intoxication,ORPHA_88621,Ichthyosis-prematurity syndrome,ORPHA_2302__ORPHA_88621
ORPHA_254864,Mitochondrial myopathy with reversible cytochrome C oxidase deficiency,ORPHA_42642,PFAPA syndrome,ORPHA_42642__ORPHA_254864
ORPHA_2971,Peroxisomal acyl-CoA oxidase deficiency,ORPHA_99000,Adult-onset foveomacular vitelliform dystrophy,ORPHA_2971__ORPHA_99000
ORPHA_851,Paris-Trousseau thrombocytopenia,ORPHA_33402,Pediatric hepatocellular carcinoma,ORPHA_851__ORPHA_33402
ORPHA_79401,PLEC-related intermediate epidermolysis bullosa simplex without extracutaneous involvement,ORPHA_99000,Adult-onset foveomacular vitelliform dystrophy,ORPHA_79401__ORPHA_99000
ORPHA_91347,TSH-secreting pituitary adenoma,ORPHA_99000,Adult-onset foveomacular vitelliform dystrophy,ORPHA_91347__ORPHA_99000
ORPHA_254854,Pure mitochondrial myopathy,ORPHA_98807,"Primary dystonia, DYT13 type",ORPHA_98807__ORPHA_254854
ORPHA_251915,Papillary tumor of the pineal region,ORPHA_99000,Adult-onset foveomacular vitelliform dystrophy,ORPHA_99000__ORPHA_251915
ORPHA_254864,Mitochondrial myopathy with reversible cytochrome C oxidase deficiency,ORPHA_99939,Autosomal dominant Charcot-Marie-Tooth disease type 2E,ORPHA_99939__ORPHA_254864
ORPHA_360,Glioblastoma,ORPHA_75378,Oligocone trichromacy,ORPHA_360__ORPHA_75378
ORPHA_2271,Congenital ichthyosis-microcephalus-tetraplegia syndrome,ORPHA_314769,Somatomammotropinoma,ORPHA_2271__ORPHA_314769
ORPHA_183707,Neutrophil immunodeficiency syndrome,ORPHA_52417,MALT lymphoma,ORPHA_52417__ORPHA_183707
ORPHA_2387,Leukonychia totalis,ORPHA_99000,Adult-onset foveomacular vitelliform dystrophy,ORPHA_2387__ORPHA_99000
ORPHA_254854,Pure mitochondrial myopathy,ORPHA_99657,"Primary dystonia, DYT2 type",ORPHA_99657__ORPHA_254854
ORPHA_2302,Asbestos intoxication,ORPHA_851,Paris-Trousseau thrombocytopenia,ORPHA_851__ORPHA_2302
ORPHA_98969,Macular corneal dystrophy,ORPHA_99956,Charcot-Marie-Tooth disease type 4B2,ORPHA_98969__ORPHA_99956
ORPHA_91350,Pituitary deficiency due to Rathke cleft cysts,ORPHA_99000,Adult-onset foveomacular vitelliform dystrophy,ORPHA_91350__ORPHA_99000
ORPHA_293978,Deficiency in anterior pituitary function-variable immunodeficiency syndrome,ORPHA_52417,MALT lymphoma,ORPHA_52417__ORPHA_293978
ORPHA_2584,Classic mycosis fungoides,ORPHA_721,Gray platelet syndrome,ORPHA_721__ORPHA_2584
ORPHA_251623,Pituicytoma,ORPHA_851,Paris-Trousseau thrombocytopenia,ORPHA_851__ORPHA_251623
ORPHA_163,Hereditary hyperferritinemia-cataract syndrome,ORPHA_254864,Mitochondrial myopathy with reversible cytochrome C oxidase deficiency,ORPHA_163__ORPHA_254864
ORPHA_2045,FLOTCH syndrome,ORPHA_99000,Adult-onset foveomacular vitelliform dystrophy,ORPHA_2045__ORPHA_99000
ORPHA_254864,Mitochondrial myopathy with reversible cytochrome C oxidase deficiency,ORPHA_851,Paris-Trousseau thrombocytopenia,ORPHA_851__ORPHA_254864
ORPHA_254854,Pure mitochondrial myopathy,ORPHA_851,Paris-Trousseau thrombocytopenia,ORPHA_851__ORPHA_254854
ORPHA_589,Myasthenia gravis,ORPHA_254864,Mitochondrial myopathy with reversible cytochrome C oxidase deficiency,ORPHA_589__ORPHA_254864
ORPHA_52417,MALT lymphoma,ORPHA_97283,Somatostatinoma,ORPHA_52417__ORPHA_97283
ORPHA_545,Follicular lymphoma,ORPHA_88621,Ichthyosis-prematurity syndrome,ORPHA_545__ORPHA_88621
ORPHA_329314,Adult-onset multiple mitochondrial DNA deletion syndrome due to DGUOK deficiency,ORPHA_99000,Adult-onset foveomacular vitelliform dystrophy,ORPHA_99000__ORPHA_329314
ORPHA_1302,Cryptogenic organizing pneumonia,ORPHA_88621,Ichthyosis-prematurity syndrome,ORPHA_1302__ORPHA_88621
ORPHA_314769,Somatomammotropinoma,ORPHA_100976,Bathing suit ichthyosis,ORPHA_100976__ORPHA_314769
ORPHA_52417,MALT lymphoma,ORPHA_97278,PPoma,ORPHA_52417__ORPHA_97278
ORPHA_247598,Neonatal intrahepatic cholestasis due to citrin deficiency,ORPHA_52416,Mantle cell lymphoma,ORPHA_52416__ORPHA_247598
ORPHA_254864,Mitochondrial myopathy with reversible cytochrome C oxidase deficiency,ORPHA_464321,Multifocal lymphangioendotheliomatosis-thrombocytopenia syndrome,ORPHA_254864__ORPHA_464321
ORPHA_97279,Insulinoma,ORPHA_99956,Charcot-Marie-Tooth disease type 4B2,ORPHA_97279__ORPHA_99956
ORPHA_314769,Somatomammotropinoma,ORPHA_659,Mutilating palmoplantar keratoderma with periorificial keratotic plaques,ORPHA_659__ORPHA_314769
ORPHA_2386,Leukoencephalopathy-palmoplantar keratoderma syndrome,ORPHA_254854,Pure mitochondrial myopathy,ORPHA_2386__ORPHA_254854
ORPHA_721,Gray platelet syndrome,ORPHA_56425,Cold agglutinin disease,ORPHA_721__ORPHA_56425
ORPHA_851,Paris-Trousseau thrombocytopenia,ORPHA_34516,DNAJB6-related limb-girdle muscular dystrophy D1,ORPHA_851__ORPHA_34516
ORPHA_163,Hereditary hyperferritinemia-cataract syndrome,ORPHA_369840,TRAPPC11-related limb-girdle muscular dystrophy R18,ORPHA_163__ORPHA_369840
ORPHA_254864,Mitochondrial myopathy with reversible cytochrome C oxidase deficiency,ORPHA_101085,Charcot-Marie-Tooth disease type 1F,ORPHA_101085__ORPHA_254864
ORPHA_329314,Adult-onset multiple mitochondrial DNA deletion syndrome due to DGUOK deficiency,ORPHA_56425,Cold agglutinin disease,ORPHA_56425__ORPHA_329314
ORPHA_721,Gray platelet syndrome,ORPHA_33402,Pediatric hepatocellular carcinoma,ORPHA_721__ORPHA_33402
ORPHA_254854,Pure mitochondrial myopathy,ORPHA_56425,Cold agglutinin disease,ORPHA_56425__ORPHA_254854
ORPHA_254864,Mitochondrial myopathy with reversible cytochrome C oxidase deficiency,ORPHA_93958,Oromandibular dystonia,ORPHA_93958__ORPHA_254864
ORPHA_256,Early-onset generalized limb-onset dystonia,ORPHA_314769,Somatomammotropinoma,ORPHA_256__ORPHA_314769
ORPHA_254864,Mitochondrial myopathy with reversible cytochrome C oxidase deficiency,ORPHA_56425,Cold agglutinin disease,ORPHA_56425__ORPHA_254864
ORPHA_2807,Papilloma of choroid plexus,ORPHA_99000,Adult-onset foveomacular vitelliform dystrophy,ORPHA_2807__ORPHA_99000
ORPHA_254864,Mitochondrial myopathy with reversible cytochrome C oxidase deficiency,ORPHA_90037,Drug-induced autoimmune hemolytic anemia,ORPHA_90037__ORPHA_254864
ORPHA_52417,MALT lymphoma,ORPHA_97261,GRFoma,ORPHA_52417__ORPHA_97261
ORPHA_52417,MALT lymphoma,ORPHA_99000,Adult-onset foveomacular vitelliform dystrophy,ORPHA_52417__ORPHA_99000
ORPHA_183675,Recurrent infections associated with rare immunoglobulin isotypes deficiency,ORPHA_52417,MALT lymphoma,ORPHA_52417__ORPHA_183675
ORPHA_545,Follicular lymphoma,ORPHA_721,Gray platelet syndrome,ORPHA_545__ORPHA_721
ORPHA_66631,CEDNIK syndrome,ORPHA_99000,Adult-onset foveomacular vitelliform dystrophy,ORPHA_66631__ORPHA_99000
ORPHA_52417,MALT lymphoma,ORPHA_85138,Addison disease,ORPHA_52417__ORPHA_85138
ORPHA_2201,Palmoplantar keratoderma-spastic paralysis syndrome,ORPHA_34516,DNAJB6-related limb-girdle muscular dystrophy D1,ORPHA_2201__ORPHA_34516
ORPHA_254864,Mitochondrial myopathy with reversible cytochrome C oxidase deficiency,ORPHA_99956,Charcot-Marie-Tooth disease type 4B2,ORPHA_99956__ORPHA_254864
ORPHA_254864,Mitochondrial myopathy with reversible cytochrome C oxidase deficiency,ORPHA_101082,Charcot-Marie-Tooth disease type 1B,ORPHA_101082__ORPHA_254864
ORPHA_254864,Mitochondrial myopathy with reversible cytochrome C oxidase deficiency,ORPHA_79138,Bickerstaff brainstem encephalitis,ORPHA_79138__ORPHA_254864
ORPHA_97279,Insulinoma,ORPHA_99947,Autosomal dominant Charcot-Marie-Tooth disease type 2A2,ORPHA_97279__ORPHA_99947
ORPHA_319600,Mendelian susceptibility to mycobacterial diseases due to partial IRF8 deficiency,ORPHA_724,Idiopathic acute eosinophilic pneumonia,ORPHA_724__ORPHA_319600
ORPHA_466768,Autosomal dominant Charcot-Marie-Tooth disease type 2Z,ORPHA_97279,Insulinoma,ORPHA_97279__ORPHA_466768
ORPHA_851,Paris-Trousseau thrombocytopenia,ORPHA_98969,Macular corneal dystrophy,ORPHA_851__ORPHA_98969
ORPHA_319514,Combined oxidative phosphorylation defect type 13,ORPHA_369840,TRAPPC11-related limb-girdle muscular dystrophy R18,ORPHA_319514__ORPHA_369840
ORPHA_75378,Oligocone trichromacy,ORPHA_97279,Insulinoma,ORPHA_75378__ORPHA_97279
ORPHA_170,Woolly hair,ORPHA_99000,Adult-onset foveomacular vitelliform dystrophy,ORPHA_170__ORPHA_99000
ORPHA_464321,Multifocal lymphangioendotheliomatosis-thrombocytopenia syndrome,ORPHA_99000,Adult-onset foveomacular vitelliform dystrophy,ORPHA_99000__ORPHA_464321
ORPHA_52417,MALT lymphoma,ORPHA_97282,VIPoma,ORPHA_52417__ORPHA_97282
ORPHA_360,Glioblastoma,ORPHA_319514,Combined oxidative phosphorylation defect type 13,ORPHA_360__ORPHA_319514
ORPHA_254857,Lethal infantile mitochondrial myopathy,ORPHA_256,Early-onset generalized limb-onset dystonia,ORPHA_256__ORPHA_254857
ORPHA_589,Myasthenia gravis,ORPHA_254854,Pure mitochondrial myopathy,ORPHA_589__ORPHA_254854
ORPHA_52417,MALT lymphoma,ORPHA_83471,Thymic aplasia,ORPHA_52417__ORPHA_83471
ORPHA_52417,MALT lymphoma,ORPHA_97280,Glucagonoma,ORPHA_52417__ORPHA_97280
ORPHA_254857,Lethal infantile mitochondrial myopathy,ORPHA_851,Paris-Trousseau thrombocytopenia,ORPHA_851__ORPHA_254857
ORPHA_169189,Autosomal dominant centronuclear myopathy,ORPHA_254864,Mitochondrial myopathy with reversible cytochrome C oxidase deficiency,ORPHA_169189__ORPHA_254864
ORPHA_329314,Adult-onset multiple mitochondrial DNA deletion syndrome due to DGUOK deficiency,ORPHA_75378,Oligocone trichromacy,ORPHA_75378__ORPHA_329314
ORPHA_2201,Palmoplantar keratoderma-spastic paralysis syndrome,ORPHA_254854,Pure mitochondrial myopathy,ORPHA_2201__ORPHA_254854
ORPHA_180229,Polyembryoma,ORPHA_721,Gray platelet syndrome,ORPHA_721__ORPHA_180229
ORPHA_254864,Mitochondrial myopathy with reversible cytochrome C oxidase deficiency,ORPHA_3260,Idiopathic hypereosinophilic syndrome,ORPHA_3260__ORPHA_254864
ORPHA_254864,Mitochondrial myopathy with reversible cytochrome C oxidase deficiency,ORPHA_206549,Anoctamin-5-related limb-girdle muscular dystrophy R12,ORPHA_206549__ORPHA_254864
ORPHA_724,Idiopathic acute eosinophilic pneumonia,ORPHA_52417,MALT lymphoma,ORPHA_724__ORPHA_52417
ORPHA_180,Choroideremia,ORPHA_52417,MALT lymphoma,ORPHA_180__ORPHA_52417
ORPHA_314769,Somatomammotropinoma,ORPHA_93958,Oromandibular dystonia,ORPHA_93958__ORPHA_314769
ORPHA_1766,Dysequilibrium syndrome,ORPHA_99000,Adult-onset foveomacular vitelliform dystrophy,ORPHA_1766__ORPHA_99000
ORPHA_851,Paris-Trousseau thrombocytopenia,ORPHA_314769,Somatomammotropinoma,ORPHA_851__ORPHA_314769
ORPHA_133,Chronic beryllium disease,ORPHA_88621,Ichthyosis-prematurity syndrome,ORPHA_133__ORPHA_88621
ORPHA_851,Paris-Trousseau thrombocytopenia,ORPHA_75378,Oligocone trichromacy,ORPHA_851__ORPHA_75378
ORPHA_329314,Adult-onset multiple mitochondrial DNA deletion syndrome due to DGUOK deficiency,ORPHA_97279,Insulinoma,ORPHA_97279__ORPHA_329314
ORPHA_1598,Monosomy 18p,ORPHA_314769,Somatomammotropinoma,ORPHA_1598__ORPHA_314769
ORPHA_331235,Selective IgM deficiency,ORPHA_52417,MALT lymphoma,ORPHA_52417__ORPHA_331235
ORPHA_313,Lamellar ichthyosis,ORPHA_314769,Somatomammotropinoma,ORPHA_313__ORPHA_314769
ORPHA_851,Paris-Trousseau thrombocytopenia,ORPHA_369840,TRAPPC11-related limb-girdle muscular dystrophy R18,ORPHA_851__ORPHA_369840
ORPHA_851,Paris-Trousseau thrombocytopenia,ORPHA_90035,Paroxysmal cold hemoglobinuria,ORPHA_851__ORPHA_90035
ORPHA_254864,Mitochondrial myopathy with reversible cytochrome C oxidase deficiency,ORPHA_466768,Autosomal dominant Charcot-Marie-Tooth disease type 2Z,ORPHA_254864__ORPHA_466768
ORPHA_721,Gray platelet syndrome,ORPHA_52416,Mantle cell lymphoma,ORPHA_721__ORPHA_52416
ORPHA_319600,Mendelian susceptibility to mycobacterial diseases due to partial IRF8 deficiency,ORPHA_52416,Mantle cell lymphoma,ORPHA_52416__ORPHA_319600
ORPHA_251909,Pineoblastoma,ORPHA_99000,Adult-onset foveomacular vitelliform dystrophy,ORPHA_99000__ORPHA_251909
ORPHA_254864,Mitochondrial myopathy with reversible cytochrome C oxidase deficiency,ORPHA_34516,DNAJB6-related limb-girdle muscular dystrophy D1,ORPHA_34516__ORPHA_254864
ORPHA_543,Burkitt lymphoma,ORPHA_721,Gray platelet syndrome,ORPHA_543__ORPHA_721
ORPHA_2584,Classic mycosis fungoides,ORPHA_56425,Cold agglutinin disease,ORPHA_2584__ORPHA_56425
ORPHA_721,Gray platelet syndrome,ORPHA_33226,Waldenstr\xc3\xb6m macroglobulinemia,ORPHA_721__ORPHA_33226
ORPHA_254854,Pure mitochondrial myopathy,ORPHA_99944,Autosomal dominant Charcot-Marie-Tooth disease type 2K,ORPHA_99944__ORPHA_254854
ORPHA_851,Paris-Trousseau thrombocytopenia,ORPHA_360,Glioblastoma,ORPHA_360__ORPHA_851
ORPHA_229717,Isolated agammaglobulinemia,ORPHA_52417,MALT lymphoma,ORPHA_52417__ORPHA_229717
ORPHA_319600,Mendelian susceptibility to mycobacterial diseases due to partial IRF8 deficiency,ORPHA_52417,MALT lymphoma,ORPHA_52417__ORPHA_319600
ORPHA_851,Paris-Trousseau thrombocytopenia,ORPHA_91347,TSH-secreting pituitary adenoma,ORPHA_851__ORPHA_91347
ORPHA_52417,MALT lymphoma,ORPHA_42642,PFAPA syndrome,ORPHA_42642__ORPHA_52417
ORPHA_851,Paris-Trousseau thrombocytopenia,ORPHA_56425,Cold agglutinin disease,ORPHA_851__ORPHA_56425
ORPHA_254854,Pure mitochondrial myopathy,ORPHA_79138,Bickerstaff brainstem encephalitis,ORPHA_79138__ORPHA_254854
ORPHA_254864,Mitochondrial myopathy with reversible cytochrome C oxidase deficiency,ORPHA_369840,TRAPPC11-related limb-girdle muscular dystrophy R18,ORPHA_254864__ORPHA_369840
ORPHA_254854,Pure mitochondrial myopathy,ORPHA_99953,Charcot-Marie-Tooth disease type 4G,ORPHA_99953__ORPHA_254854
ORPHA_254854,Pure mitochondrial myopathy,ORPHA_101081,Charcot-Marie-Tooth disease type 1A,ORPHA_101081__ORPHA_254854
ORPHA_319600,Mendelian susceptibility to mycobacterial diseases due to partial IRF8 deficiency,ORPHA_545,Follicular lymphoma,ORPHA_545__ORPHA_319600
ORPHA_254854,Pure mitochondrial myopathy,ORPHA_488333,Autosomal dominant Charcot-Marie-Tooth disease type 2W,ORPHA_254854__ORPHA_488333
ORPHA_254854,Pure mitochondrial myopathy,ORPHA_369840,TRAPPC11-related limb-girdle muscular dystrophy R18,ORPHA_254854__ORPHA_369840
ORPHA_169189,Autosomal dominant centronuclear myopathy,ORPHA_254854,Pure mitochondrial myopathy,ORPHA_169189__ORPHA_254854
ORPHA_254854,Pure mitochondrial myopathy,ORPHA_99950,Charcot-Marie-Tooth disease type 4D,ORPHA_99950__ORPHA_254854
ORPHA_254854,Pure mitochondrial myopathy,ORPHA_101082,Charcot-Marie-Tooth disease type 1B,ORPHA_101082__ORPHA_254854
ORPHA_254854,Pure mitochondrial myopathy,ORPHA_99956,Charcot-Marie-Tooth disease type 4B2,ORPHA_99956__ORPHA_254854
ORPHA_254854,Pure mitochondrial myopathy,ORPHA_34516,DNAJB6-related limb-girdle muscular dystrophy D1,ORPHA_34516__ORPHA_254854
ORPHA_254864,Mitochondrial myopathy with reversible cytochrome C oxidase deficiency,ORPHA_256,Early-onset generalized limb-onset dystonia,ORPHA_256__ORPHA_254864
ORPHA_851,Paris-Trousseau thrombocytopenia,ORPHA_97279,Insulinoma,ORPHA_851__ORPHA_97279
ORPHA_254854,Pure mitochondrial myopathy,ORPHA_99940,Autosomal dominant Charcot-Marie-Tooth disease type 2F,ORPHA_99940__ORPHA_254854
ORPHA_254854,Pure mitochondrial myopathy,ORPHA_206549,Anoctamin-5-related limb-girdle muscular dystrophy R12,ORPHA_206549__ORPHA_254854
ORPHA_254854,Pure mitochondrial myopathy,ORPHA_99949,Charcot-Marie-Tooth disease type 4C,ORPHA_99949__ORPHA_254854
ORPHA_254854,Pure mitochondrial myopathy,ORPHA_99939,Autosomal dominant Charcot-Marie-Tooth disease type 2E,ORPHA_99939__ORPHA_254854
ORPHA_254854,Pure mitochondrial myopathy,ORPHA_101085,Charcot-Marie-Tooth disease type 1F,ORPHA_101085__ORPHA_254854
ORPHA_254854,Pure mitochondrial myopathy,ORPHA_99948,Charcot-Marie-Tooth disease type 4A,ORPHA_99948__ORPHA_254854
ORPHA_254854,Pure mitochondrial myopathy,ORPHA_99947,Autosomal dominant Charcot-Marie-Tooth disease type 2A2,ORPHA_99947__ORPHA_254854
ORPHA_254854,Pure mitochondrial myopathy,ORPHA_435387,Autosomal dominant Charcot-Marie-Tooth disease type 2Y,ORPHA_254854__ORPHA_435387
ORPHA_254854,Pure mitochondrial myopathy,ORPHA_256,Early-onset generalized limb-onset dystonia,ORPHA_256__ORPHA_254854
ORPHA_254854,Pure mitochondrial myopathy,ORPHA_466768,Autosomal dominant Charcot-Marie-Tooth disease type 2Z,ORPHA_254854__ORPHA_466768
